OBJECTID,ULAND,UREGBEZ,UKREIS,UGEMEINDE,UJAHR,UMONAT,USTUNDE,UWOCHENTAG,UKATEGORIE,UART,UTYP1,ULICHTVERH,STRZUSTAND,IstRad,IstPKW,IstFuss,IstKrad,IstGkfz,IstSonstig,LINREFX,LINREFY,XGCSWGS84,YGCSWGS84,Teilnehmer,color,symbol
62272,9,1,62,0,2016,1,7,6,3,6,4,0,2,0,1,1,0,0,0,690818.9668,5329706.5253,11.562701611,48.092034983,2,#fc8d62,car
62273,9,1,78,120,2016,1,13,2,3,2,6,0,0,0,1,0,0,0,0,694357.6719,5354792.0025,11.621663597,48.316420948,2,#fc8d62,car
62277,9,7,61,0,2016,1,14,2,3,6,2,0,1,0,1,1,0,0,0,636978362.0,5360155308.0,10.849933856,48.379683966,2,#fc8d62,car
62279,9,1,74,113,2016,1,14,1,3,3,6,0,1,0,1,0,0,0,0,674346305.0,5344831174.0,11.347874392,48.232715599,2,#fc8d62,car
62290,9,7,72,125,2016,1,12,6,3,1,5,0,1,0,1,0,0,0,0,636183.3532,5348139.6648,10.835320898,48.271810883,2,#fc8d62,car
62292,9,7,71,122,2016,1,18,1,3,3,6,2,1,0,1,0,0,0,0,653212.1051,5361891.7706,11.069667747,48.391562917,2,#fc8d62,car
62298,9,7,73,182,2016,1,4,7,3,9,1,2,2,0,0,0,0,0,1,622703.7207,5379793.2696,10.663001477,48.559219497,6,#ffd92f,circle
62304,9,1,82,120,2016,1,17,6,3,5,3,2,0,0,1,0,0,0,0,701200489.0,5304857004.0,11.690333292,47.865513717,2,#fc8d62,car
62309,9,1,84,148,2016,1,20,6,3,9,1,2,2,0,1,0,0,0,0,696519.1885,5326470.5173,11.637684734,48.061219316,2,#fc8d62,car
62314,9,7,71,156,2016,1,11,7,3,5,3,0,1,0,1,0,0,0,0,652724.5197,5381436.8928,11.070226588,48.567403045,2,#fc8d62,car
62318,9,1,63,0,2016,1,18,6,3,2,6,2,0,0,1,0,0,0,0,733518.6248,5302762.1092,12.120724515,47.835761454,2,#fc8d62,car
62325,9,1,81,123,2016,1,4,7,3,8,1,2,2,0,0,0,0,1,0,653695.4744,5326253.7674,11.063266047,48.071025927,5,#a6d854,bus
62326,9,1,81,130,2016,1,7,2,2,5,3,1,0,0,1,0,0,0,0,637387.2689,5322460.3866,10.843244687,48.040636122,2,#fc8d62,car
62328,9,7,72,148,2016,1,17,3,2,9,1,2,1,0,1,0,0,0,0,626680.4552,5349553.1884,10.707736918,48.286494644,2,#fc8d62,car
62335,9,1,74,146,2016,1,18,3,2,3,2,2,1,0,1,0,1,0,0,667189.5634,5351683.7936,11.254284191,48.296246417,2,#fc8d62,car
62342,9,1,62,0,2016,1,7,6,3,5,3,1,1,1,1,0,0,0,0,681146.4416,5335922.3638,11.435565544,48.150730919,1,#66c2a5,bicycle
62344,9,1,75,135,2016,1,13,2,3,5,3,0,0,0,1,0,0,0,0,707921695.0,5338871421.0,11.796591576,48.169044114,2,#fc8d62,car
62357,9,1,63,0,2016,1,19,7,3,1,6,2,1,0,1,0,0,0,0,733586.1206,5303158.6797,12.121839068,47.839299764,2,#fc8d62,car
62358,9,7,62,0,2016,1,14,5,3,2,6,0,0,0,1,0,0,0,0,622284.9663,5307149.5923,10.636359676,47.906009419,2,#fc8d62,car
62369,9,7,72,147,2016,1,6,7,3,3,6,2,2,0,1,0,0,0,1,638491.9165,5364070.5852,10.871654951,48.414558776,2,#fc8d62,car
62372,9,1,75,135,2016,1,18,1,2,1,5,2,1,0,1,0,0,0,0,709116.7184,5338745.9628,11.812583168,48.167524751,2,#fc8d62,car
62375,9,7,72,111,2016,1,0,6,1,2,6,2,1,0,1,0,0,1,0,626296.2332,5364165.2655,10.706944149,48.417972664,2,#fc8d62,car
62382,9,7,71,130,2016,1,18,3,3,9,7,2,0,0,1,0,0,0,0,645249.8128,5362927.3079,10.96253465,48.402757851,2,#fc8d62,car
62384,9,7,72,130,2016,1,20,5,3,4,6,2,0,0,1,0,0,0,0,632735825.0,5358400773.0,10.792112847,48.364813707,2,#fc8d62,car
62386,9,1,82,120,2016,1,12,3,3,5,2,0,1,0,1,0,0,0,0,703659202.0,5307868159.0,11.724591103,47.891800855,2,#fc8d62,car
62391,9,1,90,157,2016,1,5,3,2,9,1,2,1,0,1,0,0,0,0,655031839.0,5303321.2517,11.072922823,47.864508915,2,#fc8d62,car
62392,9,1,86,152,2016,1,18,6,3,2,6,2,1,0,1,0,0,0,0,691254766.0,5380780.78,11.591713319,48.550936758,2,#fc8d62,car
62395,9,7,71,113,2016,1,6,3,3,5,3,1,1,0,1,0,0,1,0,658854.7094,5369670.5798,11.148783594,48.460099934,2,#fc8d62,car
62397,9,7,72,125,2016,1,6,5,3,2,6,2,1,0,1,0,0,0,0,637023.0659,5346989.7798,10.84625891,48.261289884,2,#fc8d62,car
62398,9,1,81,130,2016,1,21,2,2,2,6,2,1,0,1,0,0,0,0,639497.8905,5325236.5287,10.872451257,48.065142327,2,#fc8d62,car
62401,9,7,77,164,2016,1,13,2,2,8,1,0,0,0,1,0,0,0,0,622601.3481,5313080.7241,10.642280109,47.959291228,2,#fc8d62,car
62402,9,1,62,0,2016,1,11,2,3,0,2,0,0,1,1,0,0,0,0,687087579.0,5335119466.0,11.51501443,48.141794526,1,#66c2a5,bicycle
62405,9,1,82,137,2016,1,18,1,3,2,6,2,0,0,1,0,0,0,0,710355.2314,5305175858.0,11.812750997,47.865446993,2,#fc8d62,car
62408,9,1,84,132,2016,1,8,7,3,8,1,0,2,0,1,0,0,0,0,684085.7756,5325889.4422,11.470719354,48.05970477,2,#fc8d62,car
62409,9,7,61,0,2016,1,18,5,3,2,6,2,1,0,1,0,0,0,0,641048.5724,5355556.1167,10.903330485,48.337432845,2,#fc8d62,car
62410,9,1,62,0,2016,1,8,6,3,1,6,2,0,0,1,0,0,0,0,688689.1535,5336340.2948,11.537063663,48.152294546,2,#fc8d62,car
62415,9,1,84,132,2016,1,11,6,3,2,1,0,0,0,1,0,0,0,0,683957.7316,5329348.0709,11.470491155,48.090830275,2,#fc8d62,car
62416,9,1,84,147,2016,1,14,2,3,8,1,0,0,0,0,0,0,0,1,699567.0307,5341416.3331,11.68554548,48.194593157,6,#ffd92f,circle
62420,9,7,71,146,2016,1,10,2,3,4,6,0,0,0,1,0,0,0,0,647413.4633,5348563.0729,10.986723986,48.273103529,2,#fc8d62,car
62423,9,1,81,130,2016,1,12,1,2,4,2,0,0,0,1,0,0,0,0,641975841.0,5322112067.0,10.904656707,48.036500057,2,#fc8d62,car
62426,9,1,74,135,2016,1,5,7,3,8,1,2,2,0,1,0,0,0,0,663111728.0,5353410.7525,11.200011161,48.312836175,2,#fc8d62,car
62432,9,1,85,166,2016,1,19,6,3,2,6,2,1,0,1,0,0,0,0,672153.4147,5382862.5073,11.333966267,48.575183184,2,#fc8d62,car
62435,9,7,72,159,2016,1,15,6,3,9,1,0,1,0,1,0,0,0,0,627262525.0,5362811564.0,10.719587248,48.405605091,2,#fc8d62,car
62443,9,1,62,0,2016,1,16,7,3,5,2,1,1,0,1,0,0,0,0,680301.1673,5335019.0639,11.423828596,48.142851426,2,#fc8d62,car
62449,9,1,79,123,2016,1,7,6,3,8,1,1,1,0,1,0,0,0,0,676075.3437,5331850.7967,11.36576161,48.115554496,2,#fc8d62,car
62453,9,7,72,130,2016,1,11,3,2,5,3,0,0,0,1,0,0,0,0,630351298.0,5355772736.0,10.759120533,48.341678311,2,#fc8d62,car
62459,9,7,71,113,2016,1,17,7,3,5,3,1,1,0,1,0,0,0,0,657733735.0,5369787872.0,11.13367568,48.461436444,2,#fc8d62,car
62464,9,1,79,142,2016,1,5,6,3,4,2,2,1,0,1,0,0,0,0,670978095.0,5341133203.0,11.301063094,48.200389402,2,#fc8d62,car
62470,9,7,71,129,2016,1,7,7,3,8,1,1,1,0,1,0,0,0,0,660418865.0,5355439.9325,11.164489677,48.331767826,2,#fc8d62,car
62471,9,1,81,132,2016,1,14,2,3,0,1,0,0,0,0,0,0,0,1,646088.7672,5327911.2761,10.961781145,48.08771773,6,#ffd92f,circle
62475,9,7,73,182,2016,1,5,2,3,5,2,2,1,0,1,0,0,0,0,622309.4634,5379925.0289,10.657699174,48.560481386,2,#fc8d62,car
62480,9,1,74,113,2016,1,6,6,3,5,3,2,2,0,1,0,0,0,0,678217.8241,5350253.0819,11.402247466,48.280376379,2,#fc8d62,car
62487,9,1,62,0,2016,1,19,6,3,2,6,2,0,0,1,0,0,0,0,700540.2113,5332679.5888,11.694509219,48.115769777,2,#fc8d62,car
62488,9,1,78,123,2016,1,16,2,2,4,6,0,1,0,1,0,0,0,0,687337.2757,5360254.1009,11.529493411,48.367632348,2,#fc8d62,car
62492,9,7,71,156,2016,1,8,2,1,4,1,0,0,0,1,0,0,0,0,651453.6322,5378884.2622,11.052082148,48.544761905,2,#fc8d62,car
62494,9,1,84,129,2016,1,10,1,3,8,6,0,0,0,1,0,0,0,0,701233.7586,5326404.9895,11.70086096,48.05916099,2,#fc8d62,car
62497,9,1,73,126,2016,1,9,2,2,5,3,0,0,0,1,0,0,1,0,685051743.0,5303867453.0,11.474195597,47.861473692,2,#fc8d62,car
62506,9,7,71,113,2016,1,16,1,3,0,7,0,1,1,0,0,0,0,0,658540959.0,5370425346.0,11.144828682,48.466964532,1,#66c2a5,bicycle
62516,9,1,90,159,2016,1,14,3,3,2,6,0,0,0,1,0,0,0,0,663256.6509,5306209.9496,11.183907518,47.888443205,2,#fc8d62,car
62517,9,1,75,132,2016,1,10,6,3,9,6,0,0,0,1,0,0,0,0,705010.6471,5336290.8294,11.75624132,48.146799095,2,#fc8d62,car
62522,9,1,84,112,2016,1,12,6,3,2,6,0,0,0,1,0,0,1,0,703411.0423,5339014.4273,11.736063306,48.171788645,2,#fc8d62,car
62525,9,7,61,0,2016,1,10,3,3,2,6,0,0,0,1,0,0,0,0,639968735.0,5355359.8955,10.888702067,48.335908603,2,#fc8d62,car
62529,9,1,63,0,2016,1,18,3,3,2,6,2,0,0,1,0,0,0,0,733595.3102,5303297.6665,12.122036685,47.840545093,2,#fc8d62,car
62530,9,1,84,114,2016,1,17,6,3,2,6,2,0,0,1,0,0,0,0,699215.2616,5323543.7586,11.672468821,48.034079579,2,#fc8d62,car
62538,9,7,71,130,2016,1,13,3,3,2,6,0,0,0,1,0,0,1,0,647489.8401,5358853.6572,10.99135192,48.365611007,2,#fc8d62,car
62546,9,1,84,118,2016,1,10,3,3,2,6,0,0,0,1,0,0,0,0,704232.7465,5336021.3694,11.745666155,48.144627768,2,#fc8d62,car
62553,9,1,62,0,2016,1,19,6,3,2,2,2,2,0,1,0,0,0,0,684577.2651,5335407.3737,11.481426186,48.145115594,2,#fc8d62,car
62554,9,7,72,148,2016,1,10,6,3,5,3,0,1,0,1,0,0,0,0,628466.0394,5354785.3059,10.733389606,48.333185002,2,#fc8d62,car
62556,9,1,62,0,2016,1,19,1,3,4,2,2,1,0,1,0,0,0,0,682475374.0,5335538207.0,11.453251811,48.146897984,2,#fc8d62,car
62560,9,1,78,145,2016,1,6,7,3,0,1,2,2,0,1,0,0,0,0,692864.1974,5358208.1591,11.60310331,48.34758046,2,#fc8d62,car
62561,9,1,74,136,2016,1,18,2,2,6,4,2,1,0,1,1,0,0,0,682918.6513,5364630416.0,11.471795294,48.408263424,2,#fc8d62,car
62565,9,7,72,160,2016,1,22,2,3,2,6,2,1,0,1,0,0,1,0,637806748.0,5340343.2198,10.854650858,48.201353376,2,#fc8d62,car
62576,9,1,77,124,2016,1,0,6,2,8,1,2,0,0,1,0,0,0,0,725769.0826,5364088.9935,12.049773291,48.389512849,2,#fc8d62,car
62580,9,2,74,126,2016,1,13,6,3,2,6,0,0,0,1,0,0,0,0,733366.1983,5382649.1513,12.162592715,48.553470153,2,#fc8d62,car
62581,9,7,72,151,2016,1,3,7,3,8,1,2,1,0,1,0,0,0,0,632466.7437,5343555.1902,10.783823471,48.231373686,2,#fc8d62,car
62582,9,1,62,0,2016,1,9,4,3,3,2,0,0,1,0,0,0,0,0,684650.7459,5329120.3241,11.479690612,48.088582758,1,#66c2a5,bicycle
62583,9,7,72,209,2016,1,13,7,3,2,7,0,0,0,1,0,0,0,0,636528.5349,5336208.1303,10.836128539,48.164445709,2,#fc8d62,car
62594,9,1,84,114,2016,1,11,7,3,2,6,0,0,0,1,0,0,0,0,700229.4042,5317719.4111,11.683339518,47.981417362,2,#fc8d62,car
62601,9,2,61,0,2016,2,7,2,3,4,6,0,1,1,0,0,0,0,0,733458.2206,5381245.0507,12.16305094,48.540823436,1,#66c2a5,bicycle
62605,9,1,87,150,2016,1,18,5,3,2,6,2,1,0,1,0,0,0,0,729330634.0,5303366.9235,12.065160431,47.84270238,2,#fc8d62,car
62617,9,1,88,139,2016,1,11,5,3,5,3,0,0,1,1,0,0,0,0,675180.5399,5320409.9369,11.349062635,48.012953664,1,#66c2a5,bicycle
62619,9,1,84,114,2016,1,18,7,3,5,2,2,1,0,1,0,0,0,0,700962.46,5322850744.0,11.695555633,48.027303969,2,#fc8d62,car
62620,9,1,62,0,2016,1,12,6,3,2,6,0,1,0,1,0,0,0,0,700007.6843,5332903.9916,11.687467474,48.117953971,2,#fc8d62,car
62625,9,1,74,115,2016,1,10,7,3,4,2,0,0,0,1,0,0,0,0,683263.3579,5348444.8748,11.469409177,48.262683283,2,#fc8d62,car
62626,9,7,72,163,2016,1,9,6,3,2,6,0,0,0,1,0,0,0,0,638894.4655,5349440.5084,10.872265547,48.282919199,2,#fc8d62,car
62631,9,1,88,120,2016,1,17,6,3,5,3,2,0,0,1,0,0,0,0,678470.8866,5327782.7688,11.396218495,48.078319528,2,#fc8d62,car
62633,9,7,71,130,2016,1,17,5,2,2,6,2,1,0,1,0,0,0,0,644199.9961,5362048.3389,10.94805679,48.39509574,2,#fc8d62,car
62637,9,1,77,126,2016,1,19,5,1,8,1,2,1,0,1,0,0,0,0,717578.6958,5369798.3296,11.942249907,48.443687488,2,#fc8d62,car
62640,9,7,61,0,2016,1,14,4,3,0,7,0,0,1,0,0,0,0,0,642822.8049,5360220.1823,10.928841288,48.378971351,1,#66c2a5,bicycle
62641,9,1,63,0,2016,1,23,4,3,4,3,2,0,0,1,0,0,0,0,734285758.0,5304535447.0,12.131920417,47.85141411,2,#fc8d62,car
62643,9,1,84,145,2016,1,18,6,3,2,6,2,0,0,1,0,0,0,0,698053.0143,5322922.1364,11.656607344,48.028854251,2,#fc8d62,car
62644,9,7,77,121,2016,1,16,1,3,3,6,2,1,0,1,0,0,0,0,627066.3889,5320323877.0,10.704207715,48.023559894,2,#fc8d62,car
62647,9,1,62,0,2016,1,8,5,3,3,6,0,0,0,1,0,0,0,0,686304756.0,5330756.2956,11.502594533,48.102806329,2,#fc8d62,car
62649,9,1,84,135,2016,1,18,5,3,6,4,2,1,0,1,1,0,0,0,689797.4005,5348163.4714,11.557237345,48.258230467,2,#fc8d62,car
62650,9,1,77,135,2016,2,18,2,3,5,3,2,0,0,1,0,0,0,1,719147.9486,5344333.0483,11.950202877,48.214345943,2,#fc8d62,car
62658,9,7,72,130,2016,1,9,7,3,1,6,0,0,0,1,0,0,0,0,631488.9153,5357091.0955,10.774877045,48.353297666,2,#fc8d62,car
62659,9,7,72,160,2016,2,19,2,3,8,7,2,0,0,1,0,0,1,0,637872.5153,5340586.1925,10.855614432,48.203523942,2,#fc8d62,car
62664,9,1,86,146,2016,1,7,6,2,4,6,0,0,0,1,0,0,0,0,681571.0423,5368509.3623,11.455282191,48.44351799,2,#fc8d62,car
62669,9,1,87,176,2016,1,13,7,3,2,2,0,0,0,1,0,0,0,0,737775261.0,5331941345.0,12.193654579,48.096328406,2,#fc8d62,car
62683,9,2,74,121,2016,1,16,1,3,5,3,1,1,0,1,0,0,0,0,725122.6275,5368533.4628,12.04343745,48.429672303,2,#fc8d62,car
62690,9,1,81,141,2016,1,16,6,3,5,3,0,0,0,1,0,0,0,0,643799.5542,5318839.4549,10.928010177,48.006664457,2,#fc8d62,car
62692,9,7,72,163,2016,1,7,5,3,2,6,0,0,0,1,0,0,0,0,639099.0089,5350286.8201,10.875299885,48.290484248,2,#fc8d62,car
62702,9,1,87,150,2016,1,18,5,2,6,4,2,1,0,1,1,0,0,0,727974959.0,5303250304.0,12.04700606,47.842136664,2,#fc8d62,car
62703,9,1,79,123,2016,1,17,1,3,5,2,2,1,0,1,0,0,0,0,676445.3191,5334504.1263,11.371826788,48.139303595,2,#fc8d62,car
62704,9,1,78,143,2016,1,9,7,3,2,3,0,1,0,1,0,0,0,0,721780.6493,5374273.5254,12.001362995,48.482427174,2,#fc8d62,car
62705,9,7,61,0,2016,1,9,6,3,5,3,0,1,1,1,0,0,0,0,639467.9767,5360890.3273,10.883782063,48.385747621,1,#66c2a5,bicycle
62709,9,1,62,0,2016,1,7,6,3,1,6,0,1,0,1,0,0,0,0,685074.3673,5342613.8943,11.49124074,48.209746295,2,#fc8d62,car
62716,9,1,62,0,2016,1,10,4,3,2,6,0,0,0,1,0,0,0,0,687921.3661,5335004.4648,11.526160989,48.140515155,2,#fc8d62,car
62717,9,7,72,115,2016,1,8,7,2,9,1,0,2,0,1,0,0,0,0,619850.5618,5370475.1414,10.621671612,48.475975738,2,#fc8d62,car
62719,9,1,81,141,2016,1,18,5,3,8,1,2,1,0,1,0,0,0,0,643477.5477,5321343.1381,10.924533353,48.029250137,2,#fc8d62,car
62720,9,7,77,155,2016,1,5,7,3,8,1,2,2,0,1,0,0,0,0,633567.3083,5311498167.0,10.788609894,47.942865692,2,#fc8d62,car
62721,9,1,62,0,2016,1,12,7,3,3,6,0,0,0,1,0,0,0,1,688356.9716,5340194.9325,11.534309331,48.187038933,2,#fc8d62,car
62722,9,1,84,140,2016,1,17,6,3,5,3,1,0,1,1,0,0,0,0,701224965.0,5328235.1162,11.701604338,48.075611242,1,#66c2a5,bicycle
62724,9,1,87,130,2016,1,13,4,3,1,6,0,0,0,1,1,0,0,0,712496.7169,5310144.0043,11.84379433,47.909387421,2,#fc8d62,car
62728,9,1,75,121,2016,2,15,2,3,6,4,0,0,0,1,1,0,0,0,713712365.0,5318979.1562,11.864429452,47.988376509,2,#fc8d62,car
62731,9,2,61,0,2016,1,5,5,3,2,6,1,1,0,1,0,0,0,0,732755.3089,5382085.8504,12.15401219,48.548637178,2,#fc8d62,car
62735,9,7,77,172,2016,1,18,4,2,6,4,2,0,0,1,1,0,0,0,626221.9161,5306141.2901,10.688723744,47.896178666,2,#fc8d62,car
62736,9,7,72,209,2016,1,4,7,3,6,7,2,0,0,0,1,0,0,1,633800.7609,5337131.3982,10.799753112,48.1733282,3,#8da0cb,toilet
62738,9,7,71,156,2016,2,12,2,3,0,1,0,0,0,0,0,0,0,1,652728.0794,5381440.0653,11.070275973,48.5674307,6,#ffd92f,circle
62741,9,1,86,149,2016,1,19,4,3,2,6,2,0,0,1,0,0,0,0,688738.4452,5385873.1417,11.559961055,48.597465583,2,#fc8d62,car
62748,9,1,63,0,2016,1,21,6,3,2,3,2,0,0,1,0,0,0,0,733957.0996,5304246.8164,12.127377644,47.84894075,2,#fc8d62,car
62755,9,7,78,116,2016,1,19,3,3,4,7,2,0,0,0,1,0,0,1,619973.1819,5319346.5794,10.608840441,48.016142098,3,#8da0cb,toilet
62761,9,1,73,118,2016,1,15,1,2,9,1,0,2,0,1,0,0,0,0,695823.2431,5307313.1375,11.619624025,47.889250974,2,#fc8d62,car
62762,9,1,88,117,2016,1,8,7,3,8,1,0,2,0,1,0,0,0,0,665527.3603,5315958.1269,11.218006185,47.975503177,2,#fc8d62,car
62763,9,7,72,163,2016,1,12,6,3,2,6,0,0,0,1,0,0,0,0,638921594.0,5349558071.0,10.872669685,48.283970361,2,#fc8d62,car
62769,9,1,82,120,2016,1,19,7,3,2,7,2,1,0,1,0,0,0,0,701975076.0,5306161.3901,11.701288334,47.87699368,2,#fc8d62,car
62777,9,1,86,162,2016,1,11,5,2,8,1,0,1,0,1,0,0,0,0,696954.7528,5383896.3073,11.67034287,48.577170683,2,#fc8d62,car
62779,9,1,62,0,2016,1,23,7,2,3,6,2,1,0,1,0,1,0,0,688689266.0,5336278167.0,11.53703763,48.1517361,2,#fc8d62,car
62780,9,1,77,135,2016,1,17,7,1,4,2,2,0,0,1,0,0,0,1,719011.9705,5344512256.0,11.948467363,48.216003045,2,#fc8d62,car
62784,9,1,73,118,2016,1,17,6,3,4,2,2,0,0,1,0,0,0,0,693363.8736,5304626.8668,11.585556359,47.865851803,2,#fc8d62,car
62786,9,1,75,131,2016,1,21,6,3,2,7,2,1,0,1,0,0,0,1,707846.7821,5323846.3529,11.788268219,48.034048334,2,#fc8d62,car
62787,9,1,88,121,2016,2,17,2,2,4,6,1,1,0,1,0,0,0,0,671973.9862,5329995.7187,11.309954651,48.09999873,2,#fc8d62,car
62791,9,1,88,144,2016,1,13,6,3,5,2,0,0,1,1,0,0,0,0,667756.2182,5327298.1367,11.252287889,48.076871723,1,#66c2a5,bicycle
62793,9,7,72,117,2016,1,17,5,2,4,1,1,1,0,1,0,0,0,1,628968553.0,5362950.1193,10.742670872,48.406504282,2,#fc8d62,car
62795,9,7,72,147,2016,1,14,1,3,2,6,0,1,0,1,0,0,0,0,638586.0922,5363821.4391,10.872844681,48.412297818,2,#fc8d62,car
62797,9,1,75,133,2016,1,14,5,3,8,1,0,1,0,1,0,0,0,0,711281.4989,5343156.3428,11.843855522,48.20643982,2,#fc8d62,car
62798,9,7,73,182,2016,1,1,7,2,9,1,2,1,0,1,0,0,0,0,628534.0961,5376173.3101,10.740866312,48.52550001,2,#fc8d62,car
62801,9,7,71,130,2016,1,15,4,3,2,6,0,0,0,1,0,0,0,0,644236354.0,5362202021.0,10.948600454,48.396469235,2,#fc8d62,car
62804,9,1,84,114,2016,1,18,6,2,6,4,2,0,0,1,1,0,0,0,699603.5098,5319499.5843,11.675788687,47.997612019,2,#fc8d62,car
62806,9,1,62,0,2016,1,19,1,3,6,2,2,1,0,1,1,0,0,0,681881.7977,5335695.3632,11.445346296,48.148480614,2,#fc8d62,car
62812,9,7,71,142,2016,1,20,4,3,5,3,2,1,0,1,0,0,0,0,645719.5794,5351197.4414,10.964817799,48.297182344,2,#fc8d62,car
62813,9,7,61,0,2016,1,22,7,3,6,4,2,1,0,1,1,0,0,0,637415272.0,5359482.9104,10.855611438,48.373542844,2,#fc8d62,car
62820,9,7,72,156,2016,1,8,7,3,8,1,0,2,0,1,0,0,0,0,630267.9372,5367923.9845,10.761765842,48.450963358,2,#fc8d62,car
62824,9,1,85,143,2016,1,17,4,3,4,6,2,1,0,1,0,0,0,1,664768.9816,5383829.8219,11.234316471,48.585863949,2,#fc8d62,car
62834,9,7,78,116,2016,1,19,3,3,4,7,2,0,0,1,1,0,0,0,619979.9067,5319576.9188,10.608995053,48.018212418,2,#fc8d62,car
62843,9,1,86,125,2016,1,15,4,2,8,6,0,0,0,1,0,0,0,1,675132.7211,5377150766.0,11.371920373,48.523017118,2,#fc8d62,car
62849,9,1,87,117,2016,1,15,7,3,2,6,0,0,0,1,0,0,0,0,723763.6357,5307255.1384,11.992871843,47.87959992,2,#fc8d62,car
62853,9,1,81,132,2016,1,15,6,3,2,6,0,0,0,1,0,0,0,0,647535.8037,5324865.0112,10.98014936,48.059993363,2,#fc8d62,car
62854,9,1,82,120,2016,2,6,2,3,0,7,2,1,0,1,0,0,0,0,701081.19,5307256.1366,11.689856497,47.887113175,2,#fc8d62,car
62855,9,7,72,147,2016,1,22,5,3,2,6,2,1,0,1,0,0,0,0,639169.6068,5364062.9058,10.880805956,48.41434042,2,#fc8d62,car
62859,9,1,79,142,2016,1,18,5,3,3,6,2,1,1,1,0,0,0,0,672806.8926,5341764.0104,11.325911391,48.205564909,1,#66c2a5,bicycle
62860,9,7,62,0,2016,1,15,7,3,8,1,0,0,0,1,0,0,0,0,622693.8867,5305784.1017,10.641440988,47.893650586,2,#fc8d62,car
62861,9,1,62,0,2016,1,22,7,3,5,3,2,1,0,1,0,0,0,0,694915458.0,5332751509.0,11.619049536,48.11816257,2,#fc8d62,car
62866,9,1,78,150,2016,1,9,7,3,2,6,0,0,0,1,0,0,0,0,691146.1224,5371856.9652,11.586155489,48.470769814,2,#fc8d62,car
62867,9,7,72,209,2016,1,18,6,2,8,1,2,0,0,0,0,1,0,0,632596491.0,5336397.8327,10.783333865,48.166983997,4,#e78ac3,marker
62871,9,1,74,113,2016,1,17,6,2,1,6,2,0,0,1,0,0,0,0,675729.1825,5345642.8937,11.366817504,48.239630596,2,#fc8d62,car
62877,9,1,75,121,2016,1,7,5,3,6,4,0,0,0,1,1,0,0,0,713194.8598,5318591.2949,11.857309636,47.985063859,2,#fc8d62,car
62879,9,1,62,0,2016,2,10,2,3,5,3,0,0,0,1,0,0,0,1,694546.5823,5336718.0486,11.615909887,48.15392501,2,#fc8d62,car
62882,9,1,62,0,2016,1,17,4,3,2,6,2,0,0,1,0,0,0,1,686588.1601,5333286.1007,11.507504471,48.125462257,2,#fc8d62,car
62884,9,1,82,123,2016,1,11,6,3,2,6,0,0,0,1,0,0,0,1,715685.1706,5301821.6057,11.882255835,47.833538444,2,#fc8d62,car
62885,9,1,84,145,2016,1,13,6,3,5,3,0,0,0,1,0,0,0,0,695022.26,5324784513.0,11.616846298,48.046525299,2,#fc8d62,car
62888,9,1,62,0,2016,1,19,4,3,2,6,2,0,0,1,0,0,0,0,685752.4497,5333219.7041,11.496255743,48.125109849,2,#fc8d62,car
62891,9,1,77,130,2016,2,16,2,3,4,2,0,0,0,1,0,0,0,0,711249.4491,5352319.2851,11.847996154,48.288785832,2,#fc8d62,car
62899,9,7,72,216,2016,1,7,7,2,9,1,0,2,0,1,0,0,0,0,623293.4892,5366519.3747,10.667071414,48.439737227,2,#fc8d62,car
62900,9,7,61,0,2016,2,13,2,2,6,4,0,0,0,1,1,0,0,0,644380.6975,5357610.4202,10.948972359,48.355151369,2,#fc8d62,car
62901,9,2,74,124,2016,1,23,7,3,9,1,2,1,0,1,0,0,0,0,722834.8223,5374673.3687,12.015821772,48.485646659,2,#fc8d62,car
62903,9,1,81,124,2016,1,9,4,3,5,3,0,0,0,1,0,0,1,0,646410.3822,5319368.5656,10.963174705,48.010829471,2,#fc8d62,car
62913,9,1,84,132,2016,1,12,4,3,2,6,0,0,0,1,0,0,0,0,683521.0727,5325474.2197,11.462969294,48.056135098,2,#fc8d62,car
62919,9,1,74,111,2016,1,7,4,3,7,7,2,1,0,1,0,0,0,1,662640.7409,5363261.4773,11.197470487,48.40151561,2,#fc8d62,car
62922,9,1,88,139,2016,1,16,4,3,2,6,0,0,0,1,0,0,0,0,680441.5351,5321587.2376,11.420040604,48.022072895,2,#fc8d62,car
62923,9,1,86,152,2016,1,3,7,3,8,7,2,1,0,1,0,0,0,0,696225.9649,5375487.7927,11.65651331,48.501834981,2,#fc8d62,car
62924,9,7,72,163,2016,1,14,6,2,2,6,0,0,0,1,0,0,0,0,638520.7896,5347071.4464,10.86645503,48.261698523,2,#fc8d62,car
62928,9,1,88,144,2016,1,15,6,2,5,2,0,0,0,1,0,0,0,0,668854.4911,5327925.0556,11.267269085,48.082217853,2,#fc8d62,car
62934,9,1,62,0,2016,1,14,7,2,2,6,0,0,0,1,0,0,0,0,694586.9155,5331233.4477,11.613947218,48.104619266,2,#fc8d62,car
62941,9,1,78,123,2016,1,11,1,1,9,1,0,1,0,1,0,0,0,0,690988454.0,5357985.8706,11.577712205,48.346152529,2,#fc8d62,car
62942,9,1,78,124,2016,1,18,7,2,5,3,2,0,0,1,0,1,0,0,703550475.0,5367548824.0,11.751693543,48.428164948,2,#fc8d62,car
62947,9,1,77,120,2016,1,19,6,3,8,1,2,0,0,1,0,0,0,0,724603.3805,5362200112.0,12.03304032,48.372959309,2,#fc8d62,car