OBJECTID,ULAND,UREGBEZ,UKREIS,UGEMEINDE,UJAHR,UMONAT,USTUNDE,UWOCHENTAG,UKATEGORIE,UART,UTYP1,ULICHTVERH,STRZUSTAND,IstRad,IstPKW,IstFuss,IstKrad,IstGkfz,IstSonstig,LINREFX,LINREFY,XGCSWGS84,YGCSWGS84,Teilnehmer,color,symbol
62948,9,1,62,0,2016,2,5,2,3,9,1,2,1,0,1,0,0,0,0,680685826.0,5339137621.0,11.430744242,48.179763323,2,#fc8d62,car
62956,9,7,72,130,2016,1,10,5,3,4,2,0,1,0,1,0,0,0,0,632590.7423,5358161.7714,10.790079696,48.362695044,2,#fc8d62,car
62958,9,7,72,147,2016,1,17,1,3,2,6,2,1,0,1,0,0,0,1,637324.8104,5364171.6096,10.855923764,48.415722592,2,#fc8d62,car
62960,9,1,75,135,2016,1,20,5,3,9,1,2,1,0,1,0,0,0,0,707707183.0,5338325391.0,11.793443229,48.164207495,2,#fc8d62,car
62962,9,1,84,123,2016,1,12,7,3,2,6,0,0,0,1,0,0,0,0,702141.2926,5332178.0878,11.715759118,48.110756673,2,#fc8d62,car
62967,9,1,84,147,2016,1,16,1,3,2,6,1,1,0,1,0,0,0,0,695546.0843,5339903.8984,11.630799726,48.182251101,2,#fc8d62,car
62974,9,7,72,185,2016,1,19,7,2,8,1,2,1,0,0,0,1,0,0,635631.6651,5384483.9267,10.839654425,48.598732862,4,#e78ac3,marker
62982,9,1,88,120,2016,2,22,3,3,7,7,2,1,0,1,0,0,0,0,672103.8542,5325653.0262,11.30994824,48.060924012,2,#fc8d62,car
62989,9,7,61,0,2016,2,13,5,3,2,6,0,1,0,1,0,0,0,0,644153.4837,5357595.6463,10.945902016,48.355070441,2,#fc8d62,car
62992,9,1,81,113,2016,2,7,4,3,2,7,0,1,0,1,0,0,1,0,640984.8133,5306369.5638,10.886206288,47.895157611,2,#fc8d62,car
62995,9,7,72,200,2016,2,16,2,3,2,6,0,0,0,1,0,0,0,0,632121.0053,5336623.4024,10.777012194,48.169111468,2,#fc8d62,car
62996,9,1,78,145,2016,2,8,3,3,8,1,0,0,0,1,0,0,0,0,696041.3278,5356245425.0,11.645024878,48.328963304,2,#fc8d62,car
63001,9,1,62,0,2016,2,5,6,3,5,3,2,1,1,1,0,0,0,0,684238.1133,5343355.3771,11.480317156,48.216654328,1,#66c2a5,bicycle
63003,9,1,88,137,2016,2,6,5,3,8,1,2,1,0,1,0,0,0,0,673047709.0,5314901.9138,11.318267324,47.964018575,2,#fc8d62,car
63005,9,1,79,121,2016,2,9,4,3,6,2,0,1,0,1,1,0,0,0,667704.9765,5338394.7681,11.255967235,48.176644127,2,#fc8d62,car
63014,9,1,62,0,2016,2,7,4,3,5,3,0,1,0,1,0,0,0,0,689040.6735,5329543.5477,11.538771374,48.09110003,2,#fc8d62,car
63015,9,1,62,0,2016,2,7,2,3,2,6,0,0,0,1,0,0,0,0,695092.3506,5343543.5489,11.62637462,48.215101642,2,#fc8d62,car
63016,9,1,82,123,2016,2,8,2,2,2,6,0,0,0,1,0,0,1,0,716277.1695,5301360.2532,11.889926108,47.829193943,2,#fc8d62,car
63017,9,1,78,150,2016,2,13,7,3,2,6,0,0,0,1,0,0,0,0,691219.4574,5371566.1812,11.587013709,48.46813417,2,#fc8d62,car
63019,9,1,78,143,2016,2,9,1,3,9,1,0,1,0,1,0,0,0,0,721146828.0,5373966.5051,11.992635269,48.47989209,2,#fc8d62,car
63021,9,1,90,152,2016,2,21,2,3,7,7,2,1,0,1,0,0,0,0,670284.3993,5301565.1053,11.276013654,47.844858819,2,#fc8d62,car
63022,9,1,88,141,2016,2,17,7,2,0,6,1,0,0,1,0,0,0,0,665015.0709,5308650.7117,11.20834565,47.909937603,2,#fc8d62,car
63024,9,1,81,130,2016,2,15,4,3,3,6,0,0,1,1,0,0,0,0,639914.1003,5323447.3134,10.877449618,48.048962081,1,#66c2a5,bicycle
63025,9,1,62,0,2016,2,19,5,3,1,5,2,1,0,1,0,0,0,0,686387.4015,5335209.3785,11.505650667,48.142808191,2,#fc8d62,car
63030,9,7,71,146,2016,2,19,6,2,4,2,2,0,0,1,0,0,0,0,646781.4677,5348718.4579,10.978265679,48.274647455,2,#fc8d62,car
63035,9,1,86,151,2016,2,12,3,2,4,2,0,0,0,1,0,0,0,0,678800265.0,5376410.2045,11.421228812,48.515326947,2,#fc8d62,car
63040,9,2,61,0,2016,2,5,6,3,5,3,2,1,1,1,0,0,0,0,732219.2615,5382602.2014,12.147047668,48.553474067,1,#66c2a5,bicycle
63045,9,2,61,0,2016,2,13,5,3,8,1,0,0,0,1,0,0,0,0,736804.5852,5381566.9448,12.208499156,48.542460978,2,#fc8d62,car
63056,9,1,77,116,2016,2,17,3,3,2,6,2,0,0,1,0,0,1,0,710741.8323,5364111.3814,11.847060745,48.394913529,2,#fc8d62,car
63061,9,1,87,179,2016,2,14,6,2,4,6,0,0,0,1,0,0,0,0,723314.8926,5309108.0528,11.987836537,47.896404784,2,#fc8d62,car
63066,9,1,62,0,2016,2,4,4,3,2,6,2,0,0,1,0,0,1,0,695498.9121,5344245.4912,11.632165439,48.221285128,2,#fc8d62,car
63070,9,1,77,135,2016,2,7,3,3,5,2,1,0,0,1,0,0,0,0,718999.4217,5344527.8338,11.948306699,48.216147341,2,#fc8d62,car
63072,9,1,62,0,2016,2,8,3,3,2,6,0,0,0,1,0,0,0,0,683633759.0,5331992.4192,11.467282399,48.114692891,2,#fc8d62,car
63074,9,1,75,124,2016,2,11,3,3,1,6,0,0,0,1,0,0,0,0,714280.4539,5329021.2428,11.877056694,48.078422647,2,#fc8d62,car
63075,9,7,62,0,2016,2,14,2,3,0,1,0,0,0,0,0,1,0,0,622707994.0,5305819.3433,10.641639661,47.89396484,4,#e78ac3,marker
63076,9,1,62,0,2016,2,14,2,3,5,3,0,0,1,1,0,0,0,0,695622.2435,5333951.1094,11.629086664,48.128727263,1,#66c2a5,bicycle
63080,9,1,77,135,2016,2,5,6,1,9,1,2,1,0,1,0,0,0,0,716892.8834,5342291.2296,11.918842484,48.196774467,2,#fc8d62,car
63082,9,1,88,124,2016,2,17,5,2,6,4,2,1,0,1,1,0,0,0,662401.6984,5318414.9285,11.177084204,47.998392458,2,#fc8d62,car
63083,9,2,74,182,2016,2,6,2,3,5,6,0,0,0,1,0,0,1,0,728600.0341,5377909.7915,12.095501855,48.512650695,2,#fc8d62,car
63084,9,1,84,132,2016,2,18,3,3,3,6,2,1,0,1,0,0,0,0,683562.2797,5329610.6413,11.465298348,48.093304454,2,#fc8d62,car
63087,9,1,81,143,2016,2,7,4,3,2,6,0,1,0,1,0,0,0,0,638336.0041,5316099.1404,10.85391424,47.983228078,2,#fc8d62,car
63097,9,1,84,120,2016,2,8,4,3,2,6,0,1,0,1,0,0,0,0,683406325.0,5333009334.0,11.464667001,48.123899139,2,#fc8d62,car
63101,9,1,74,111,2016,2,7,5,3,5,2,0,1,0,1,0,0,0,1,670325.1139,5363539.1515,11.301323035,48.401982648,2,#fc8d62,car
63103,9,1,62,0,2016,2,22,7,3,2,6,2,0,0,1,0,0,0,1,696616.3598,5343083.0757,11.646655095,48.210492947,2,#fc8d62,car
63104,9,1,84,127,2016,2,7,7,3,5,3,0,0,1,1,0,0,0,0,702205.88,5322000712.0,11.711813603,48.019272319,1,#66c2a5,bicycle
63105,9,1,87,177,2016,2,12,1,3,0,1,0,1,1,0,0,0,0,0,735206.2421,5305183.9163,12.144558837,47.856903729,1,#66c2a5,bicycle
63116,9,1,74,146,2016,2,16,3,2,0,7,0,0,0,1,0,0,1,0,668820.4664,5349716.5529,11.275470233,48.278128659,2,#fc8d62,car
63119,9,1,62,0,2016,2,7,4,3,5,3,0,1,1,0,0,0,0,1,688712.9312,5336283.1465,11.537357707,48.151773836,1,#66c2a5,bicycle
63120,9,1,75,132,2016,2,15,2,3,5,2,0,0,0,1,0,0,0,0,707237.1152,5336757293.0,11.786365363,48.15026951,2,#fc8d62,car
63123,9,1,77,115,2016,2,9,7,3,2,6,0,1,0,1,0,0,0,0,732034.1478,5353039.6147,12.128189822,48.287980889,2,#fc8d62,car
63134,9,1,62,0,2016,2,8,3,3,2,6,0,0,0,1,0,0,0,0,689318.2872,5340959.1108,11.547571059,48.193621595,2,#fc8d62,car
63135,9,7,61,0,2016,2,17,4,3,0,6,2,1,0,1,0,0,1,0,640741.8143,5363942.9843,10.902001191,48.412912954,2,#fc8d62,car
63137,9,1,75,135,2016,2,18,3,3,5,2,2,0,0,1,0,0,0,0,708749.5226,5339403.9902,11.80797366,48.173558533,2,#fc8d62,car
63139,9,1,84,149,2016,2,18,2,3,6,4,1,0,1,0,1,0,0,0,690275.5664,5350444.1496,11.564699336,48.278585223,1,#66c2a5,bicycle
63142,9,1,87,124,2016,2,15,4,2,5,3,0,1,0,1,0,0,1,0,735917.9599,5328249242.0,12.166709851,48.063851332,2,#fc8d62,car
63143,9,1,81,146,2016,2,18,6,3,2,7,2,1,0,1,0,0,0,0,649889.3489,5325560.4982,11.011961179,48.065698278,2,#fc8d62,car
63150,9,7,71,130,2016,2,10,5,3,8,6,0,1,0,1,0,0,0,0,646708.8716,5362837.9706,10.982205207,48.401616747,2,#fc8d62,car
63154,9,7,74,198,2016,2,19,3,3,2,6,2,0,0,1,0,0,0,0,613995.6752,5349092.2732,10.536680713,48.284761188,2,#fc8d62,car
63157,9,1,84,127,2016,2,12,2,3,4,7,0,0,0,1,0,0,1,1,701087.1888,5321646.5023,11.696661797,48.01644199,2,#fc8d62,car
63166,9,1,88,141,2016,2,5,5,3,9,1,2,2,0,1,0,0,0,0,669415.1045,5306551.0252,11.266358427,47.889913689,2,#fc8d62,car
63176,9,1,62,0,2016,2,18,4,2,6,2,2,1,0,1,1,0,0,0,682948.1216,5339410.0371,11.461266952,48.181564624,2,#fc8d62,car
63177,9,1,78,120,2016,2,7,2,3,3,6,2,0,0,1,0,0,1,0,694833.2406,5353620.1282,11.627530349,48.305742714,2,#fc8d62,car
63179,9,1,77,126,2016,2,14,7,3,3,6,0,0,0,1,0,0,0,0,718740.2461,5369652.4516,11.957859304,48.441974401,2,#fc8d62,car
63180,9,1,62,0,2016,2,8,7,3,2,6,0,0,0,1,0,0,0,0,693901.2786,5331659.6604,11.604940424,48.108658988,2,#fc8d62,car
63181,9,1,84,135,2016,2,14,1,3,4,6,0,0,0,1,0,0,0,0,688047.4195,5347578.2965,11.533422989,48.253492665,2,#fc8d62,car
63186,9,2,74,146,2016,2,17,3,3,4,7,2,0,0,1,0,0,0,0,734475.1827,5376942.1965,12.174388967,48.50179375,2,#fc8d62,car
63188,9,1,62,0,2016,2,16,5,3,2,6,0,1,0,1,0,0,0,0,694178.9342,5340246153.0,11.612582962,48.18574642,2,#fc8d62,car
63191,9,2,61,0,2016,2,16,3,3,4,6,1,0,0,1,0,0,0,0,728968.9183,5380851.1369,12.102104174,48.538938942,2,#fc8d62,car
63199,9,1,88,139,2016,2,15,2,3,6,4,0,0,0,1,1,0,0,0,674616529.0,5319165.9432,11.340999744,48.001924941,2,#fc8d62,car
63200,9,1,62,0,2016,2,17,2,3,5,3,1,0,1,1,0,0,0,0,687423655.0,5332808143.0,11.518511073,48.120920809,1,#66c2a5,bicycle
63201,9,7,71,155,2016,2,9,7,3,5,3,0,0,0,1,0,0,0,0,648900.4465,5374265.8927,11.015861772,48.503850389,2,#fc8d62,car
63212,9,7,61,0,2016,2,20,3,3,5,3,2,0,0,1,0,0,0,0,640856.1364,5360490.7101,10.902387164,48.381845963,2,#fc8d62,car
63215,9,1,77,116,2016,2,13,3,3,5,3,0,0,0,1,0,0,0,0,714681272.0,5361160.5291,11.89870417,48.367071382,2,#fc8d62,car
63222,9,1,74,115,2016,2,10,3,3,2,6,0,0,0,1,0,0,0,1,681273.8747,5347110.0764,11.442055231,48.251257667,2,#fc8d62,car
63226,9,1,73,126,2016,2,21,4,2,4,1,2,2,0,1,0,0,0,0,684039.7329,5305563.3125,11.461399815,47.877008596,2,#fc8d62,car
63227,9,1,82,120,2016,2,16,6,2,0,1,0,1,1,0,0,0,0,0,701734.9627,5306599.2093,11.698285114,47.881004006,1,#66c2a5,bicycle
63233,9,1,82,133,2016,2,8,7,3,2,6,0,0,0,1,0,0,0,0,706021.7847,5306803164.0,11.755652464,47.881475829,2,#fc8d62,car
63235,9,7,72,147,2016,2,17,2,3,2,6,2,1,0,1,0,0,0,0,638682.2164,5365288.7755,10.874628185,48.425470533,2,#fc8d62,car
63236,9,1,62,0,2016,2,16,2,3,2,4,0,0,0,1,1,0,0,0,688563.3132,5334978.2293,11.534770098,48.14008943,2,#fc8d62,car
63239,9,1,62,0,2016,2,7,4,3,2,6,1,1,0,1,0,0,0,0,684530.0094,5332973.0492,11.479737066,48.123248288,2,#fc8d62,car
63242,9,1,84,147,2016,2,15,2,3,6,4,0,0,0,1,1,0,0,0,696411.7847,5341351.9779,11.643103277,48.194998419,2,#fc8d62,car
63246,9,1,62,0,2016,2,18,6,3,8,7,2,0,0,1,0,0,0,0,700216.65,5335479.2207,11.691482028,48.141032018,2,#fc8d62,car
63248,9,1,81,133,2016,2,10,5,2,4,1,0,2,0,1,0,0,0,1,644309.3921,5315211.2302,10.933622282,47.973924306,2,#fc8d62,car
63249,9,2,61,0,2016,2,15,2,3,1,3,0,0,0,1,0,0,0,0,732044936.0,5379521.5651,12.142973599,48.525865895,2,#fc8d62,car
63251,9,1,86,143,2016,2,19,7,3,5,3,2,0,0,1,0,0,0,0,686650919.0,5380923038.0,11.529454003,48.553602239,2,#fc8d62,car
63260,9,1,84,119,2016,2,10,4,3,2,6,0,1,0,1,0,0,0,0,693937.2754,5347432.3631,11.6126214,48.250406242,2,#fc8d62,car
63261,9,1,84,135,2016,2,8,2,2,2,6,0,0,0,1,0,0,0,0,693064.6093,5344986953.0,11.599763311,48.228694438,2,#fc8d62,car
63264,9,1,62,0,2016,2,8,6,2,2,6,0,1,0,1,0,0,0,0,690766.6843,5332041588.0,11.563043993,48.113038217,2,#fc8d62,car
63268,9,1,74,137,2016,2,13,7,3,1,6,0,0,0,1,0,0,0,0,661029201.0,5351720724.0,11.17129879,48.298176111,2,#fc8d62,car
63269,9,1,77,126,2016,2,13,1,3,0,7,0,0,0,0,0,1,0,1,720808.6564,5369380.2,11.985646047,48.438806514,4,#e78ac3,marker
63271,9,1,84,130,2016,2,15,5,3,2,6,0,1,0,1,0,0,0,0,698686.4482,5345298634.0,11.675527321,48.229759641,2,#fc8d62,car
63288,9,7,61,0,2016,2,10,5,3,9,1,0,1,0,1,0,0,0,0,639877861.0,5354112.36,10.887062456,48.32471116,2,#fc8d62,car
63289,9,1,78,130,2016,2,9,7,3,8,6,0,0,0,1,0,0,0,0,701135.9633,5353496.8889,11.712373019,48.302662863,2,#fc8d62,car
63291,9,1,78,133,2016,2,11,1,3,8,7,0,0,0,1,0,0,0,0,686295.3406,5368584.4927,11.519136161,48.442813072,2,#fc8d62,car
63295,9,1,87,181,2016,2,7,3,3,5,3,0,1,0,1,0,0,0,0,737564.7388,5314540824.0,12.181190946,47.940093963,2,#fc8d62,car
63303,9,1,75,121,2016,2,17,3,3,1,6,0,0,0,1,0,0,0,0,716617.2164,5318768.9524,11.903206325,47.985510696,2,#fc8d62,car
63308,9,1,81,132,2016,2,17,6,3,2,6,2,0,0,1,0,0,0,0,646110.0837,5324617.2144,10.960941105,48.058093321,2,#fc8d62,car
63314,9,1,73,147,2016,2,13,5,3,5,3,0,1,0,0,0,0,1,1,680555558.0,5307914.4739,11.41582796,47.89913316,5,#a6d854,bus
63318,9,7,62,0,2016,2,10,2,3,5,3,0,0,1,1,0,0,0,0,620477245.0,5305601049.0,10.611747142,47.892424262,1,#66c2a5,bicycle
63319,9,1,62,0,2016,2,17,2,3,2,6,1,0,0,1,0,0,0,0,680489.6055,5335063.4523,11.426378273,48.143196998,2,#fc8d62,car
63322,9,1,85,131,2016,2,14,4,3,0,3,0,1,0,1,0,0,0,0,665377751.0,5374882851.0,11.239012643,48.505275257,2,#fc8d62,car
63323,9,1,75,137,2016,2,20,6,3,6,4,2,0,0,1,1,0,0,0,725702826.0,5330382346.0,12.030922472,48.086711446,2,#fc8d62,car
63324,9,1,87,179,2016,2,14,3,3,2,6,0,0,0,1,0,0,0,0,721595.95,5315162658.0,11.967983188,47.951402643,2,#fc8d62,car
63329,9,1,75,115,2016,2,11,6,3,1,6,0,0,0,1,0,0,0,1,721024.9968,5329324.0841,11.967645579,48.078841889,2,#fc8d62,car
63337,9,1,62,0,2016,2,11,4,3,9,7,0,1,0,0,0,0,0,1,678530.6475,5336499.8626,11.400669982,48.156661693,6,#ffd92f,circle
63338,9,1,88,139,2016,2,8,3,3,0,1,0,0,1,0,0,0,0,0,674321272.0,5319838.2534,11.337317974,48.00804937,1,#66c2a5,bicycle
63341,9,1,62,0,2016,2,15,4,3,5,2,0,0,0,1,0,0,0,0,687373.1744,5335072501.0,11.518829173,48.141288351,2,#fc8d62,car
63342,9,1,79,121,2016,2,10,2,3,3,3,0,0,0,1,0,0,1,0,664844.2901,5336237.9618,11.216679311,48.158002608,2,#fc8d62,car
63344,9,1,75,132,2016,2,12,7,3,3,3,0,0,0,1,0,0,0,0,707090.5486,5336545.2151,11.784293974,48.148411444,2,#fc8d62,car
63345,9,1,84,135,2016,2,7,7,2,9,7,0,0,0,1,0,0,0,0,689684.3318,5347823.7422,11.555563209,48.255210897,2,#fc8d62,car
63346,9,1,84,129,2016,2,10,1,3,2,6,0,0,0,1,0,0,0,0,699921.6053,5324472.5104,11.682367224,48.042205798,2,#fc8d62,car
63348,9,1,73,126,2016,2,14,7,3,2,2,0,0,0,1,0,0,0,0,684606.6646,5303267.9773,11.467994571,47.856213011,2,#fc8d62,car
63350,9,1,75,132,2016,2,9,3,3,2,6,0,0,0,1,0,0,0,0,708722658.0,5336900.5063,11.806384391,48.151070742,2,#fc8d62,car
63356,9,1,84,118,2016,2,18,3,3,2,6,2,0,0,1,0,0,0,0,704247425.0,5335978726.0,11.7458428,48.144239836,2,#fc8d62,car
63361,9,1,62,0,2016,2,1,4,3,9,7,2,0,0,1,0,0,0,0,686548074.0,5335194.7304,11.507802063,48.142629438,2,#fc8d62,car
63365,9,1,84,145,2016,2,11,2,3,5,3,0,0,0,1,0,0,0,0,695187.52,5324420391.0,11.618895374,48.043202171,2,#fc8d62,car
63366,9,7,71,130,2016,2,14,7,3,5,3,0,0,0,1,0,0,0,0,646994735.0,5357947.0819,10.984354625,48.357575281,2,#fc8d62,car
63368,9,1,78,120,2016,2,13,3,3,7,7,0,0,0,1,0,0,0,0,694748.4146,5355168012.0,11.627102135,48.31968002,2,#fc8d62,car
63371,9,1,62,0,2016,2,7,3,3,1,6,0,0,0,1,0,0,0,0,695275.8703,5344165.6497,11.629128955,48.220636246,2,#fc8d62,car
63376,9,7,72,202,2016,2,7,4,3,6,4,2,1,0,1,1,0,0,0,636550.7421,5358152.9521,10.843511597,48.361771598,2,#fc8d62,car
63378,9,1,77,126,2016,2,18,3,1,0,7,2,0,0,1,0,0,0,0,717070.2005,5366872.7537,11.933868222,48.417577586,2,#fc8d62,car
63380,9,1,62,0,2016,2,13,2,3,5,3,0,0,0,1,0,0,0,1,693507238.0,5331529221.0,11.599593231,48.107606454,2,#fc8d62,car
63383,9,1,87,182,2016,2,10,4,3,2,2,0,1,0,1,0,0,0,0,737649.3438,5327674.9205,12.189593859,48.058049653,2,#fc8d62,car
63384,9,1,81,139,2016,2,7,6,3,4,2,1,1,0,1,0,0,0,0,655837.1058,5324250.0678,11.091266266,48.052490787,2,#fc8d62,car
63386,9,1,62,0,2016,2,9,3,3,2,6,0,0,0,1,0,0,0,0,681103.3823,5340837.5585,11.437081076,48.194924755,2,#fc8d62,car
63390,9,7,71,122,2016,2,20,1,3,9,7,2,1,0,1,0,0,0,0,654230.5415,5360919.1551,11.08305884,48.382570262,2,#fc8d62,car
63395,9,1,74,131,2016,2,21,6,3,0,1,2,0,1,0,0,0,0,0,676346.2883,5358581.6526,11.380525655,48.355765285,1,#66c2a5,bicycle
63400,9,1,79,123,2016,2,6,4,3,6,7,2,1,0,1,1,0,0,0,677442425.0,5331967.4646,11.384161937,48.116223795,2,#fc8d62,car
63401,9,1,82,137,2016,2,16,7,3,2,6,0,0,0,1,0,0,0,0,710354.1109,5305175.6392,11.812735927,47.865445394,2,#fc8d62,car
63409,9,1,81,127,2016,2,15,5,3,2,6,0,0,0,1,0,0,0,0,634526.1565,5322720.9797,10.804960649,48.04358885,2,#fc8d62,car
63410,9,7,78,204,2016,2,18,6,2,4,6,2,0,0,1,0,0,0,0,616451.4119,5329410.0546,10.564372492,48.107301935,2,#fc8d62,car
63415,9,1,87,177,2016,2,6,5,3,5,3,1,1,0,1,0,0,0,0,736731784.0,5303446743.0,12.163972012,47.840737418,2,#fc8d62,car
63417,9,1,79,123,2016,2,5,4,3,5,2,2,1,0,1,0,0,0,0,677442.3669,5331967.6681,11.384161242,48.116225641,2,#fc8d62,car
63419,9,1,87,130,2016,2,13,7,2,5,3,0,1,0,1,0,0,0,0,712363.2007,5310158.6143,11.842016982,47.909562925,2,#fc8d62,car
63425,9,1,62,0,2016,2,21,4,3,5,3,2,1,0,1,0,0,0,0,692256516.0,5331174.87,11.582649011,48.104800296,2,#fc8d62,car
63429,9,1,79,145,2016,2,11,5,2,0,5,0,0,0,1,0,0,0,1,676237.45,5339431624.0,11.371076575,48.183655598,2,#fc8d62,car
63430,9,2,61,0,2016,2,7,3,3,4,2,0,0,0,1,0,0,0,0,731514.64,5381766262.0,12.137048887,48.546225432,2,#fc8d62,car
63434,9,1,62,0,2016,2,12,6,3,4,2,0,0,1,1,0,0,0,0,687381.0822,5335071.1046,11.518934755,48.141273471,1,#66c2a5,bicycle
63435,9,1,84,147,2016,2,18,7,2,8,6,2,1,0,0,0,1,0,0,695949.2374,5339593.4248,11.636074474,48.179336556,4,#e78ac3,marker
63436,9,1,81,140,2016,2,11,2,3,2,2,0,0,0,1,0,0,1,0,643369312.0,5323347313.0,10.923753423,48.047296086,2,#fc8d62,car
63441,9,1,62,0,2016,2,18,6,3,2,6,1,0,0,1,0,0,0,0,694538307.0,5334820256.0,11.61493161,48.136870989,2,#fc8d62,car
63443,9,1,88,145,2016,2,6,4,3,2,6,2,0,0,1,0,0,0,0,662274.3393,5327932179.0,11.178985337,48.083990766,2,#fc8d62,car
63451,9,1,78,155,2016,2,17,4,3,2,6,1,1,0,1,0,0,0,0,715799.1448,5375979.9957,11.921407552,48.499840644,2,#fc8d62,car
63454,9,1,87,179,2016,2,16,3,3,4,1,0,1,0,1,0,0,0,0,724927295.0,5313220.25,12.011524035,47.932789364,2,#fc8d62,car
63458,9,1,77,135,2016,2,8,2,3,4,6,0,1,0,1,0,0,0,0,718784.0671,5345140.9756,11.945727749,48.221730657,2,#fc8d62,car
63463,9,1,74,135,2016,2,12,6,3,2,6,0,0,0,1,0,0,0,0,663580.7939,5352961.8014,11.206158873,48.308678943,2,#fc8d62,car
63464,9,1,62,0,2016,2,7,4,3,2,6,1,0,0,1,0,0,0,0,685409.2169,5333081.52,11.491587588,48.12396784,2,#fc8d62,car
63468,9,1,62,0,2016,2,7,6,3,9,7,0,0,0,1,0,0,0,0,685291.7074,5329902.5072,11.48862916,48.095427453,2,#fc8d62,car
63470,9,1,85,158,2016,2,9,4,2,4,6,0,1,0,1,0,1,0,0,667141.4987,5382242.0775,11.265824193,48.570962816,2,#fc8d62,car
63472,9,7,61,0,2016,2,17,4,3,5,3,1,0,0,1,0,0,0,0,641090287.0,5355541811.0,10.903888274,48.337294899,2,#fc8d62,car
63477,9,7,71,122,2016,2,16,4,3,3,6,0,0,0,1,0,0,0,0,649665.8869,5362513.5784,11.022016609,48.398005108,2,#fc8d62,car
63478,9,1,78,145,2016,2,5,3,3,9,6,2,0,0,1,0,0,1,0,693990.8706,5355535.4073,11.617063188,48.323214766,2,#fc8d62,car
63487,9,1,78,145,2016,2,18,6,3,6,7,1,0,1,0,1,0,0,0,696835.8308,5354581.79,11.654955988,48.313765305,1,#66c2a5,bicycle
63492,9,1,74,115,2016,2,22,4,3,2,6,2,1,0,1,0,0,0,0,680940.7059,5348605.1528,11.43821044,48.264791552,2,#fc8d62,car
63493,9,1,84,114,2016,2,13,7,3,2,6,0,0,0,1,0,0,0,1,698564.5764,5321822.2991,11.662952032,48.018810741,2,#fc8d62,car
63498,9,1,84,135,2016,2,17,4,3,2,6,1,0,0,1,0,0,0,0,688007.8399,5347260.7826,11.532749276,48.250650595,2,#fc8d62,car
63499,9,1,62,0,2016,2,7,2,3,9,7,0,0,0,1,0,0,0,0,687613.6233,5333300.8537,11.521278069,48.12529348,2,#fc8d62,car
63509,9,1,86,143,2016,2,16,5,3,5,3,0,0,0,1,0,0,0,0,684673.8408,5377296.4656,11.501080674,48.521592779,2,#fc8d62,car
63512,9,1,87,122,2016,2,10,5,3,5,3,0,0,0,1,0,0,0,1,717703.7539,5306928.2489,11.91176505,47.878745619,2,#fc8d62,car
63514,9,1,62,0,2016,2,9,4,3,2,6,0,1,0,1,0,0,0,0,694354.0222,5341087.0182,11.615320902,48.193250162,2,#fc8d62,car
63516,9,1,86,152,2016,2,9,7,3,2,6,0,0,0,1,0,0,0,0,691444548.0,5380113.7377,11.593975723,48.54488409,2,#fc8d62,car
63518,9,1,81,128,2016,2,16,4,3,2,6,0,0,0,1,0,0,0,0,638536.8382,5327107.9401,10.860164962,48.082180117,2,#fc8d62,car
63525,9,1,74,115,2016,2,7,4,3,5,3,0,0,0,1,0,0,0,0,683263.3579,5348444.8748,11.469409177,48.262683283,2,#fc8d62,car
63527,9,1,78,124,2016,2,14,6,3,2,6,0,0,0,1,0,0,0,0,702749.9728,5362221.8232,11.738312094,48.380553307,2,#fc8d62,car
63529,9,1,86,151,2016,2,17,4,3,2,6,2,1,0,1,0,0,0,0,678653.3183,5376384708.0,11.41922986,48.515139596,2,#fc8d62,car
63531,9,1,81,130,2016,2,11,5,3,9,1,0,0,0,1,0,0,0,0,640598.5981,5323538.1961,10.886659324,48.049628897,2,#fc8d62,car
63539,9,1,62,0,2016,2,13,6,3,2,6,0,0,0,1,0,0,0,0,686169.8014,5335223159.0,11.502734338,48.142995765,2,#fc8d62,car
63540,9,1,84,148,2016,2,7,2,3,3,7,0,0,0,1,0,0,0,0,693456328.0,5327072.0934,11.596891197,48.067562189,2,#fc8d62,car
63541,9,7,71,130,2016,2,12,2,3,5,3,0,0,0,1,0,0,0,1,644848611.0,5357685352.0,10.955310621,48.35571795,2,#fc8d62,car
63543,9,1,79,123,2016,2,2,1,2,5,3,2,1,0,1,0,0,0,0,675954.0656,5333556.9464,11.364837827,48.130925147,2,#fc8d62,car
63545,9,1,86,162,2016,2,2,4,3,3,7,2,1,0,1,0,0,1,0,690021.6491,5384538.6283,11.576737245,48.58508405,2,#fc8d62,car
63549,9,1,62,0,2016,2,7,3,3,4,3,1,0,0,1,0,1,0,0,685946094.0,5340778.9353,11.502159393,48.192998403,2,#fc8d62,car
63555,9,7,72,125,2016,2,19,7,2,6,4,2,1,0,1,1,0,0,0,635926122.0,5347805.3537,10.831748602,48.268859967,2,#fc8d62,car
63557,9,1,84,119,2016,2,16,5,3,2,6,0,0,0,1,0,0,0,1,696089.4342,5346947.6528,11.641357849,48.24538792,2,#fc8d62,car
63561,9,2,74,113,2016,2,18,5,2,5,3,2,0,0,1,0,0,0,0,726627.1218,5385078.9347,12.072726423,48.577768838,2,#fc8d62,car
63564,9,1,81,120,2016,2,18,2,2,4,1,2,0,0,1,0,0,0,0,649321.6258,5321919.3779,11.003074993,48.033091929,2,#fc8d62,car