OBJECTID,ULAND,UREGBEZ,UKREIS,UGEMEINDE,UJAHR,UMONAT,USTUNDE,UWOCHENTAG,UKATEGORIE,UART,UTYP1,ULICHTVERH,STRZUSTAND,IstRad,IstPKW,IstFuss,IstKrad,IstGkfz,IstSonstig,LINREFX,LINREFY,XGCSWGS84,YGCSWGS84,Teilnehmer,color,symbol
63571,9,7,61,0,2016,2,11,4,3,6,4,0,1,0,1,1,0,0,0,641528.2612,5353490.1483,10.909106023,48.318749077,2,#fc8d62,car
63575,9,1,62,0,2016,2,15,3,3,3,6,0,0,0,1,0,0,1,0,694560.0056,5334701.4206,11.615168685,48.135796311,2,#fc8d62,car
63576,9,7,71,113,2016,2,8,4,3,8,1,0,0,0,1,0,0,0,0,661323.9494,5365279.6823,11.180468454,48.419997632,2,#fc8d62,car
63577,9,1,77,130,2016,2,18,3,3,5,3,2,0,0,1,0,0,1,0,712226146.0,5351915.9533,11.860944059,48.284835015,2,#fc8d62,car
63579,9,2,74,182,2016,2,7,2,3,1,6,0,0,0,1,0,0,0,0,728644.9096,5377930.3949,12.096119883,48.512819447,2,#fc8d62,car
63580,9,2,61,0,2016,2,18,3,3,3,6,1,0,0,1,0,0,0,0,732549.4,5382834.4467,12.151644375,48.555437949,2,#fc8d62,car
63595,9,1,88,124,2016,2,15,6,3,5,2,0,0,1,1,0,0,0,0,662232893.0,5318525.4519,11.174864747,47.999428993,1,#66c2a5,bicycle
63601,9,1,62,0,2016,2,9,3,3,5,3,0,1,0,1,0,0,1,0,682792.3676,5340468.2152,11.459628875,48.191120989,2,#fc8d62,car
63602,9,1,62,0,2016,2,10,2,3,2,6,0,0,0,1,0,0,1,0,692252.0628,5331176.9458,11.582590188,48.104820297,2,#fc8d62,car
63608,9,1,87,179,2016,2,14,4,3,9,1,0,0,0,1,0,0,0,0,723389.3116,5310513.3738,11.989558421,47.90900581,2,#fc8d62,car
63610,9,1,81,127,2016,2,15,5,3,0,7,0,0,0,1,0,0,0,0,631519.4578,5322091.3559,10.764445881,48.038553299,2,#fc8d62,car
63617,9,1,87,164,2016,2,15,5,3,5,3,0,0,0,1,0,0,0,0,733879.2496,5322992.5401,12.13651633,48.017377661,2,#fc8d62,car
63619,9,1,62,0,2016,2,17,3,3,3,6,2,0,0,1,0,0,1,0,692032.6895,5331508.0173,11.579795374,48.107862094,2,#fc8d62,car
63620,9,1,82,120,2016,2,15,7,3,6,7,0,0,0,1,1,0,0,0,701822.2752,5306474.4519,11.699393323,47.879855326,2,#fc8d62,car
63622,9,1,83,119,2016,2,10,1,3,4,1,0,0,0,1,0,0,0,0,737098219.0,5336342554.0,12.187022216,48.136117039,2,#fc8d62,car
63623,9,1,62,0,2016,2,6,5,3,0,1,2,0,0,0,0,1,0,0,690058863.0,5339312.4848,11.556789691,48.178600659,4,#e78ac3,marker
63625,9,1,74,143,2016,2,17,5,3,2,6,1,0,0,1,0,0,0,0,674660.8622,5352681.0802,11.355348771,48.303193155,2,#fc8d62,car
63634,9,1,62,0,2016,2,13,6,3,6,7,0,0,0,0,1,0,1,0,682689256.0,5335988.1,11.456317648,48.150880538,3,#8da0cb,toilet
63636,9,7,61,0,2016,2,11,2,3,5,3,0,0,1,1,0,0,0,0,642852.5319,5360036.3108,10.929180029,48.377311343,1,#66c2a5,bicycle
63639,9,1,62,0,2016,2,19,7,3,5,2,2,1,0,1,1,0,0,0,692033.4919,5341287.0398,11.584218355,48.195753772,2,#fc8d62,car
63643,9,7,61,0,2016,2,15,4,3,3,6,0,0,0,1,0,0,1,0,642525.7347,5363547.8481,10.925960992,48.408959174,2,#fc8d62,car
63645,9,1,86,162,2016,2,13,1,2,8,1,0,0,0,1,0,0,0,0,690927.4903,5384126.7151,11.588818431,48.581106749,2,#fc8d62,car
63651,9,1,78,123,2016,2,13,4,3,5,6,0,0,1,1,0,0,0,0,689945.0592,5358374.3407,11.56381976,48.349958533,1,#66c2a5,bicycle
63654,9,1,82,133,2016,2,12,3,3,6,7,0,1,0,1,1,0,0,0,705848.3101,5311135.2362,11.755401646,47.920463516,2,#fc8d62,car
63660,9,1,78,124,2016,2,16,2,3,2,6,0,0,0,1,0,0,0,0,702498.9069,5362270.7058,11.734948803,48.381073202,2,#fc8d62,car
63667,9,1,81,130,2016,2,15,4,2,8,7,0,1,0,1,0,0,0,0,637645267.0,5324494203.0,10.847358429,48.058869497,2,#fc8d62,car
63672,9,1,62,0,2016,2,0,3,3,6,2,2,1,0,1,1,0,0,0,692192.0427,5342934.2264,11.587095629,48.210510209,2,#fc8d62,car
63674,9,1,62,0,2016,2,6,2,3,5,2,1,1,0,1,0,0,1,0,693505852.0,5331528.7313,11.599574409,48.107602474,2,#fc8d62,car
63681,9,1,81,130,2016,2,15,3,2,6,4,0,1,0,1,1,0,0,0,639588.0351,5323207.2936,10.872998423,48.046875148,2,#fc8d62,car
63685,9,7,61,0,2016,2,16,1,3,5,2,0,1,0,1,0,0,0,0,641391892.0,5355229016.0,10.907850847,48.334414932,2,#fc8d62,car
63690,9,1,78,145,2016,2,19,6,3,4,2,2,0,0,1,0,0,0,0,699727825.0,5356432701.0,11.694795843,48.329492293,2,#fc8d62,car
63695,9,1,62,0,2016,2,20,3,3,6,4,2,1,0,1,1,0,0,0,682922.3314,5335494.3086,11.459236238,48.146375029,2,#fc8d62,car
63696,9,1,62,0,2016,2,18,7,3,2,6,2,1,0,1,0,0,0,0,694648.8703,5331730.0773,11.615005147,48.109063868,2,#fc8d62,car
63699,9,1,73,147,2016,2,18,3,3,5,3,2,0,0,1,0,0,0,0,681404.5948,5309520.8331,11.427853119,47.913333651,2,#fc8d62,car
63704,9,1,62,0,2016,2,13,5,3,3,6,0,0,0,1,0,0,1,0,683362.3841,5342559.8095,11.468195078,48.209757019,2,#fc8d62,car
63718,9,1,84,144,2016,2,12,3,3,2,6,0,0,0,1,0,0,0,0,687568.4416,5319246.1101,11.514507636,47.998977225,2,#fc8d62,car
63724,9,2,74,165,2016,2,12,4,3,8,1,0,1,0,1,0,0,0,0,717800.7428,5385392.5614,11.953387202,48.583716284,2,#fc8d62,car
63726,9,1,84,135,2016,2,14,4,3,5,2,0,1,1,1,0,0,0,0,689798.6035,5349045.7243,11.557649347,48.266159621,1,#66c2a5,bicycle
63728,9,1,88,139,2016,2,7,4,2,2,6,0,1,0,1,0,0,0,1,670997.6149,5318804.6162,11.29237936,47.999654793,2,#fc8d62,car
63730,9,1,74,115,2016,2,16,5,3,2,6,0,0,0,1,0,0,0,0,683273.7713,5348482.0769,11.469565476,48.263014658,2,#fc8d62,car
63738,9,1,84,127,2016,2,22,3,3,7,7,2,1,0,1,0,0,0,0,706101.9836,5321536.7948,11.763779468,48.013858533,2,#fc8d62,car
63740,9,1,84,121,2016,2,17,6,3,2,6,0,0,0,1,0,0,0,0,703182.0812,5330557.0128,11.728953852,48.09585725,2,#fc8d62,car
63742,9,7,72,147,2016,2,9,2,3,3,6,0,0,0,1,0,0,1,0,638491.3843,5364055.2808,10.87164271,48.41442128,2,#fc8d62,car
63744,9,1,88,141,2016,2,19,1,2,8,1,2,1,0,1,0,0,0,0,667036.1314,5306623.1742,11.234586737,47.891185886,2,#fc8d62,car
63745,9,7,61,0,2016,2,15,5,3,2,6,0,0,0,1,0,0,0,0,642977.7818,5360446.5259,10.931010036,48.380971413,2,#fc8d62,car
63750,9,1,77,126,2016,2,15,4,3,5,3,0,1,0,1,0,0,0,0,720907.0866,5369488.4924,11.987032172,48.439744921,2,#fc8d62,car
63756,9,7,72,147,2016,2,18,7,3,9,7,2,1,0,1,0,0,0,0,634107.6494,5364499.0232,10.812571924,48.419359633,2,#fc8d62,car
63757,9,1,84,137,2016,2,0,1,2,0,1,2,1,0,1,0,0,0,0,705804835.0,5313202804.0,11.755808122,47.93905846,2,#fc8d62,car
63762,9,1,88,139,2016,2,12,6,3,6,4,0,0,0,1,1,0,0,0,675558.1004,5319042.0526,11.35356125,48.000553363,2,#fc8d62,car
63764,9,1,62,0,2016,2,10,6,2,6,4,0,0,0,1,1,0,0,0,694443.7095,5331868.1818,11.61231484,48.110367762,2,#fc8d62,car
63765,9,1,62,0,2016,2,18,7,3,0,3,2,0,1,1,0,0,0,0,684288.2922,5335411.6292,11.477546895,48.14523762,1,#66c2a5,bicycle
63766,9,1,88,120,2016,2,17,2,2,6,2,2,0,0,1,1,0,0,0,677354229.0,5326451884.0,11.380687066,48.066667376,2,#fc8d62,car
63771,9,1,85,131,2016,2,23,4,2,8,1,2,1,0,1,0,0,0,0,666590.2853,5371712.4943,11.254151482,48.476455143,2,#fc8d62,car
63773,9,7,71,130,2016,2,14,4,3,1,6,0,1,0,1,0,0,0,0,645369.2962,5358121.0854,10.962485594,48.359516124,2,#fc8d62,car
63776,9,7,77,145,2016,2,21,3,3,8,1,2,1,0,1,0,0,0,0,629360.0024,5326945.9715,10.736957273,48.082651831,2,#fc8d62,car
63778,9,7,61,0,2016,2,14,4,3,6,4,0,0,0,1,1,0,0,0,642657.2205,5358943.0127,10.926173019,48.36752513,2,#fc8d62,car
63779,9,1,75,133,2016,2,13,3,3,8,6,0,1,0,0,0,0,1,1,709761797.0,5342391.0064,11.823047926,48.200066493,5,#a6d854,bus
63799,9,1,62,0,2016,2,18,2,3,6,7,2,0,0,1,1,0,0,0,678929536.0,5338757687.0,11.406978868,48.176845118,2,#fc8d62,car
63801,9,1,83,123,2016,2,19,3,3,5,3,2,0,0,1,0,0,0,0,737444.7478,5339861.8678,12.193635756,48.167601736,2,#fc8d62,car
63813,9,1,86,143,2016,2,10,7,3,8,1,0,1,0,1,0,0,0,0,684436.3262,5382585.4526,11.500208976,48.569198754,2,#fc8d62,car
63817,9,7,73,182,2016,2,9,5,3,2,2,0,0,0,1,0,0,0,1,630383.0007,5376795.5558,10.76609019,48.530713969,2,#fc8d62,car
63820,9,1,88,113,2016,2,14,1,2,9,7,0,0,0,1,0,0,0,0,680264307.0,5315925.8413,11.415288107,47.971231608,2,#fc8d62,car
63821,9,1,62,0,2016,2,23,5,3,2,6,2,0,0,1,0,0,0,0,688690.0282,5331696.8163,11.535019056,48.110557973,2,#fc8d62,car
63825,9,1,74,115,2016,2,10,5,2,4,1,0,0,0,1,0,0,0,0,681094.2019,5348714.6878,11.440323777,48.265732259,2,#fc8d62,car
63834,9,1,84,138,2016,2,19,6,3,5,3,2,0,1,1,0,0,0,0,680652.7425,5330472468.0,11.426623721,48.101882754,1,#66c2a5,bicycle
63836,9,7,61,0,2016,2,7,2,3,2,6,0,0,0,1,0,0,0,0,637390.3099,5359472.1812,10.855271035,48.373451803,2,#fc8d62,car
63838,9,1,74,113,2016,2,19,1,3,5,3,2,1,0,1,0,0,0,0,679197626.0,5343323.32,11.41250906,48.217809586,2,#fc8d62,car
63851,9,1,75,139,2016,2,9,4,3,9,7,0,1,0,1,0,0,0,0,710998045.0,5328390.9388,11.832730222,48.073853203,2,#fc8d62,car
63854,9,1,87,177,2016,2,11,3,3,8,1,0,1,0,1,0,0,0,0,736284531.0,5305415.6437,12.15907886,47.858589993,2,#fc8d62,car
63860,9,1,75,132,2016,2,12,2,3,5,2,0,0,0,1,0,0,0,0,707237.2477,5336756.6403,11.786366824,48.150263601,2,#fc8d62,car
63863,9,1,87,182,2016,2,13,6,3,2,2,0,0,0,1,0,0,0,0,738521134.0,5328444435.0,12.201704694,48.064637014,2,#fc8d62,car
63870,9,7,62,0,2016,2,16,3,3,2,6,0,0,0,1,0,0,0,0,618306.5003,5303347.4882,10.582101011,47.87255976,2,#fc8d62,car
63872,9,1,75,122,2016,2,15,3,3,5,6,0,1,0,1,0,0,0,0,720941.7772,5326246.3106,11.964939739,48.051216874,2,#fc8d62,car
63874,9,2,61,0,2016,2,13,2,3,1,6,0,0,0,1,0,0,0,0,732820.7592,5378439.3275,12.152861344,48.515857247,2,#fc8d62,car
63883,9,7,61,0,2016,2,14,4,3,0,6,0,0,0,1,0,0,0,1,637241.9126,5359490.6061,10.853274235,48.373649769,2,#fc8d62,car
63884,9,1,78,143,2016,2,18,4,3,5,3,2,0,0,1,0,0,0,0,717481164.0,5372123729.0,11.942140742,48.464613976,2,#fc8d62,car
63890,9,1,79,126,2016,2,10,1,3,2,6,0,0,1,1,0,0,0,0,675876.3415,5340589.8678,11.366702184,48.194167363,1,#66c2a5,bicycle
63894,9,1,87,177,2016,2,14,7,3,1,6,0,1,0,1,0,0,0,0,735050558.0,5305095196.0,12.142432468,47.856163633,2,#fc8d62,car
63895,9,1,87,134,2016,2,14,5,2,4,6,0,2,0,1,0,1,0,0,736033333.0,5320585.0186,12.164034568,47.994957964,2,#fc8d62,car
63898,9,7,73,122,2016,2,6,5,3,4,6,1,1,0,1,0,0,0,0,626887.5931,5383852.4622,10.720918054,48.594887857,2,#fc8d62,car
63901,9,1,84,127,2016,2,6,5,3,8,1,2,2,0,1,0,0,0,0,702177.9139,5320866.6635,11.710904316,48.009089383,2,#fc8d62,car
63909,9,7,71,111,2016,2,6,2,2,8,7,2,0,0,1,0,0,1,0,658643.9975,5357090.4522,11.141180938,48.347054621,2,#fc8d62,car
63923,9,1,79,123,2016,2,23,6,3,3,6,2,0,0,1,0,0,0,0,676316.8446,5334931.8142,11.370278413,48.143183806,2,#fc8d62,car
63924,9,1,78,120,2016,2,7,2,3,2,6,0,0,0,1,0,0,0,0,695286.5033,5355511.1394,11.634511737,48.32259781,2,#fc8d62,car
63926,9,1,74,113,2016,2,19,7,3,2,6,2,1,0,1,0,0,0,0,678584.6877,5349908.6743,11.407042472,48.277177201,2,#fc8d62,car
63927,9,1,62,0,2016,2,7,4,3,4,2,0,0,0,1,0,0,0,0,689446.4801,5340680.3873,11.549169983,48.191078211,2,#fc8d62,car
63929,9,1,78,124,2016,2,7,5,3,1,6,0,1,0,1,0,0,0,0,703334.7808,5361054.0009,11.745636264,48.369870783,2,#fc8d62,car
63934,9,2,74,126,2016,2,7,4,3,4,6,0,1,0,1,0,0,1,0,733645.3246,5385885.9474,12.168186923,48.58244088,2,#fc8d62,car
63936,9,1,79,145,2016,2,7,5,3,2,6,0,1,0,1,0,0,0,0,673852.4635,5335532757.0,11.337423231,48.149264171,2,#fc8d62,car
63941,9,1,82,127,2016,2,16,6,3,2,6,0,0,0,1,0,0,0,0,702658.2987,5311005.1516,11.712690199,47.920310578,2,#fc8d62,car
63943,9,1,79,118,2016,2,14,3,3,5,3,0,0,1,1,0,0,0,0,672800209.0,5337430.1172,11.32405855,48.166607288,1,#66c2a5,bicycle
63947,9,1,88,120,2016,2,8,6,3,0,7,0,0,0,1,0,0,0,0,672928.1051,5322698.0684,11.319807939,48.034136883,2,#fc8d62,car
63952,9,1,62,0,2016,2,13,6,3,2,6,0,0,0,1,0,0,0,0,694149.0552,5336788.2437,11.610602449,48.154677371,2,#fc8d62,car
63953,9,7,77,124,2016,2,6,4,3,8,1,2,2,0,0,0,0,0,1,614345.6454,5307001.3423,10.530120682,47.906140602,6,#ffd92f,circle
63956,9,7,72,147,2016,2,15,3,3,2,6,0,1,0,1,0,0,0,0,638746.8635,5365280.2028,10.875498724,48.425379214,2,#fc8d62,car
63961,9,1,84,138,2016,2,14,2,3,4,2,0,0,1,1,0,0,0,0,680422.4592,5330902324.0,11.423715056,48.105811968,1,#66c2a5,bicycle
63965,9,1,79,114,2016,2,20,6,3,2,2,2,1,0,1,0,0,0,0,651856.77,5344224.1406,11.045011505,48.233042111,2,#fc8d62,car
63971,9,1,79,136,2016,2,18,6,2,5,3,2,1,0,1,0,0,0,0,661840.5925,5343137.4696,11.178947984,48.220803446,2,#fc8d62,car
63979,9,1,77,113,2016,2,16,4,1,4,6,0,1,0,1,0,0,0,0,719950.2796,5356274.8764,11.967198928,48.321362324,2,#fc8d62,car
63985,9,1,62,0,2016,2,15,7,3,8,1,0,1,0,1,0,0,0,0,688918.8795,5340123.5489,11.541830246,48.186230478,2,#fc8d62,car
63988,9,1,81,123,2016,2,16,6,2,9,1,0,0,0,1,0,0,0,0,655386.7819,5326598.1574,11.086080487,48.073712547,2,#fc8d62,car
63990,9,1,82,133,2016,2,6,5,3,8,1,1,2,0,1,0,0,0,0,709355.5029,5311801.7622,11.802613659,47.925317818,2,#fc8d62,car
63993,9,7,72,157,2016,2,6,5,3,8,1,1,2,0,1,0,0,0,0,626879.9114,5335799.2559,10.70630728,48.16276792,2,#fc8d62,car
64000,9,7,78,203,2016,2,6,5,3,5,3,2,2,0,1,0,0,0,0,620720.2704,5322071.96,10.619622746,48.040512216,2,#fc8d62,car
64003,9,1,84,119,2016,2,21,6,3,2,6,2,0,0,1,0,0,1,0,696475.4987,5348392.1757,11.647222914,48.25825058,2,#fc8d62,car
64011,9,1,81,120,2016,2,6,6,3,9,1,2,1,0,1,0,0,0,0,651825.8751,5318584.1505,11.035465225,48.002512868,2,#fc8d62,car
64012,9,1,75,118,2016,2,21,6,3,5,3,2,0,0,1,0,0,0,0,715138.1083,5342143.1738,11.895183949,48.196040988,2,#fc8d62,car
64014,9,1,74,113,2016,2,9,5,3,2,6,0,1,0,1,0,0,0,0,673654.8275,5345481967.0,11.338837286,48.238755492,2,#fc8d62,car
64016,9,2,74,128,2016,2,18,6,3,5,2,2,0,0,1,0,0,0,0,735126.2183,5386216.7727,12.18842236,48.584858562,2,#fc8d62,car
64025,9,1,62,0,2016,2,10,5,3,3,2,0,0,1,1,0,0,0,0,688654.9783,5336268.5738,11.536572828,48.151660046,1,#66c2a5,bicycle
64033,9,1,84,148,2016,2,23,5,3,5,3,2,0,0,1,0,0,0,0,697136.8716,5326628.6175,11.646039012,48.062449699,2,#fc8d62,car
64034,9,1,88,139,2016,2,12,2,3,1,5,0,0,0,1,0,0,0,0,674076.7242,5320007.4429,11.334110537,48.009636978,2,#fc8d62,car
64037,9,1,73,118,2016,2,9,4,3,5,3,0,1,0,1,0,0,0,1,694148.69,5302762.8477,11.595202602,47.848860983,2,#fc8d62,car
64038,9,1,79,138,2016,2,7,5,3,9,1,0,2,0,1,0,0,0,0,657471.9004,5334226.2141,11.116869514,48.141784006,2,#fc8d62,car
64044,9,7,61,0,2016,2,13,7,3,3,1,0,1,0,1,0,0,0,0,639930.9448,5353998.3424,10.887740349,48.323674189,2,#fc8d62,car
64045,9,1,74,126,2016,2,14,3,3,1,6,0,0,0,1,0,0,0,0,683567478.0,5344047271.0,11.471596953,48.223067739,2,#fc8d62,car
64049,9,1,84,123,2016,2,16,5,2,6,3,0,0,0,1,1,0,0,0,702632.6751,5331980.8646,11.722259424,48.108828131,2,#fc8d62,car
64050,9,7,71,114,2016,2,23,1,1,8,7,2,0,0,1,0,0,0,0,648212.4925,5371931.7229,11.005725744,48.483026813,2,#fc8d62,car
64055,9,7,72,147,2016,2,18,4,3,2,6,0,0,0,1,0,0,0,0,638420.7772,5364071.5555,10.87069439,48.414583131,2,#fc8d62,car
64056,9,1,84,131,2016,2,13,4,3,2,6,0,0,0,1,0,0,1,0,704256.0086,5337802.0911,11.746833101,48.160622933,2,#fc8d62,car
64057,9,1,73,147,2016,2,23,6,3,4,2,2,0,0,1,0,0,0,0,681948.9775,5308440.1165,11.434676202,47.903464664,2,#fc8d62,car
64059,9,1,84,122,2016,2,14,5,3,4,1,0,2,0,1,0,0,0,0,687791582.0,5324037569.0,11.5195951,48.041979532,2,#fc8d62,car
64061,9,1,77,133,2016,2,13,7,3,5,3,0,1,0,1,0,0,0,0,711127.5841,5355476.5905,11.847934382,48.31719674,2,#fc8d62,car
64062,9,1,84,121,2016,2,8,4,3,8,1,0,1,0,1,0,0,0,0,706170.7558,5328229.4213,11.767923396,48.073980441,2,#fc8d62,car
64064,9,1,77,117,2016,2,6,5,3,5,3,2,1,0,1,0,0,0,1,716722.6915,5354276.7342,11.922690714,48.304523516,2,#fc8d62,car
64070,9,1,77,135,2016,2,18,3,3,4,6,0,1,0,1,0,0,0,0,719016.4891,5344506.6466,11.948525215,48.215951086,2,#fc8d62,car
64075,9,1,84,132,2016,2,11,5,3,1,5,0,0,0,1,0,0,0,0,683480.9218,5329659.1465,11.464227578,48.093763881,2,#fc8d62,car
64078,9,1,73,118,2016,2,9,5,3,8,1,0,2,0,0,0,0,0,1,689720557.0,5305711983.0,11.537366163,47.876691743,6,#ffd92f,circle
64079,9,2,74,194,2016,2,8,6,3,8,1,0,0,0,1,0,0,0,0,722734105.0,5381262.1981,12.01797753,48.544875718,2,#fc8d62,car
64080,9,7,62,0,2016,2,5,5,3,0,1,2,2,1,0,0,0,0,0,622588912.0,5306547.2839,10.640254028,47.900534449,1,#66c2a5,bicycle
64081,9,7,72,223,2016,2,12,6,3,2,6,0,0,0,0,0,0,1,1,615172.7214,5362158.2817,10.556115011,48.402055076,5,#a6d854,bus
64083,9,1,62,0,2016,2,8,3,3,5,3,0,0,0,1,0,0,0,0,688563.2831,5334979.1665,11.534770109,48.140097863,2,#fc8d62,car
64090,9,1,62,0,2016,2,19,7,3,2,6,2,0,0,1,0,0,0,0,688908388.0,5340118003.0,11.541686765,48.186183751,2,#fc8d62,car
64091,9,7,71,122,2016,2,9,2,2,8,6,0,0,0,1,0,0,1,0,655393.6843,5359877.3727,11.09837237,48.372918638,2,#fc8d62,car
64092,9,1,62,0,2016,2,7,5,3,5,3,0,0,0,1,0,0,0,0,681937.8271,5335413.2249,11.445978304,48.14592852,2,#fc8d62,car
64093,9,1,62,0,2016,2,13,5,3,1,6,0,0,0,1,0,0,0,0,692981669.0,5331302049.0,11.592437445,48.105724112,2,#fc8d62,car
64097,9,1,81,122,2016,2,2,1,3,7,7,2,0,0,1,0,0,0,0,647271.5567,5334334.6233,10.979873288,48.145201914,2,#fc8d62,car
64098,9,1,62,0,2016,2,12,2,3,2,6,0,0,0,1,0,0,0,1,693937692.0,5331667827.0,11.605432803,48.108721302,2,#fc8d62,car
64103,9,1,63,0,2016,2,7,5,3,0,1,0,1,0,0,0,1,0,0,734721.7319,5303725112.0,12.137299971,47.843975082,4,#e78ac3,marker
64108,9,1,75,132,2016,2,12,6,3,0,3,0,0,0,1,0,0,0,0,707797.2662,5333560.4553,11.792328145,48.121359122,2,#fc8d62,car
64117,9,1,81,130,2016,2,8,5,3,8,1,0,2,0,1,0,0,0,0,638684.5774,5319396.8687,10.859648858,48.012807254,2,#fc8d62,car
64122,9,1,86,128,2016,2,18,7,3,4,6,2,1,0,1,0,0,0,0,677277.4961,5384557.9046,11.404096093,48.588993462,2,#fc8d62,car
64125,9,1,84,132,2016,2,22,6,3,9,6,2,0,0,1,0,0,0,0,683601.2943,5325535.6063,11.464071231,48.056663813,2,#fc8d62,car
64127,9,2,61,0,2016,2,20,2,2,6,4,2,0,0,1,1,0,0,0,731217.2945,5382023697.0,12.133168994,48.548647582,2,#fc8d62,car
64133,9,1,78,155,2016,2,6,2,3,2,6,1,0,0,1,0,0,0,0,721121.7448,5374102.7784,11.992368391,48.48112521,2,#fc8d62,car
64135,9,1,88,120,2016,2,10,7,3,5,3,0,1,0,1,0,0,0,0,677216.4098,5326528.3001,11.378870397,48.067392607,2,#fc8d62,car
64136,9,1,62,0,2016,2,12,4,3,4,2,0,0,0,1,0,0,0,0,685721.6406,5335287.9167,11.496743769,48.143708815,2,#fc8d62,car
64137,9,1,84,148,2016,2,17,4,3,2,6,1,0,0,1,0,0,0,0,693475.2168,5328223.8185,11.597665781,48.077907955,2,#fc8d62,car
64138,9,1,77,116,2016,2,8,5,3,2,6,0,1,0,1,0,0,0,0,709184.2908,5363756.2272,11.82586867,48.392240764,2,#fc8d62,car
64146,9,1,78,120,2016,2,16,3,3,5,3,0,1,0,1,0,0,0,0,692726229.0,5355560141.0,11.600031972,48.323823819,2,#fc8d62,car
64152,9,1,88,139,2016,2,10,3,3,2,6,0,0,0,1,0,0,0,0,676258.3182,5318850.8532,11.362861705,47.998641924,2,#fc8d62,car
64161,9,1,62,0,2016,2,10,6,3,2,6,0,0,0,1,0,0,0,1,688356.9324,5334064.9654,11.531594802,48.131941977,2,#fc8d62,car
64162,9,1,62,0,2016,2,14,4,3,2,6,0,0,0,1,0,0,0,0,691502.4584,5331944568.0,11.572875604,48.111945403,2,#fc8d62,car
64164,9,1,77,115,2016,2,9,5,3,4,6,0,1,0,1,0,0,1,0,736598.1427,5353081.6036,12.189645154,48.286668993,2,#fc8d62,car
64169,9,7,61,0,2016,2,18,6,3,2,6,2,1,0,1,0,0,0,0,643240.1147,5360575.2433,10.93459479,48.382069263,2,#fc8d62,car
64172,9,1,84,114,2016,2,7,2,3,4,6,1,0,0,1,0,0,0,0,703306066.0,5318111.0703,11.724708325,47.983967055,2,#fc8d62,car
64180,9,1,73,130,2016,2,5,6,3,9,6,2,1,0,1,0,0,0,0,680080.8132,5314242.4686,11.412126786,47.956150988,2,#fc8d62,car
64181,9,7,77,121,2016,2,8,5,3,9,1,0,2,0,1,0,0,0,0,630405.7436,5321545.8772,10.74934559,48.033876296,2,#fc8d62,car
64182,9,7,72,223,2016,2,13,6,3,1,6,0,0,0,1,0,0,0,0,618240.1368,5362340.2295,10.597594007,48.403123468,2,#fc8d62,car
64191,9,7,61,0,2016,2,7,4,3,2,6,0,1,0,1,0,0,0,0,642131.4795,5362750.8284,10.920366602,48.401881811,2,#fc8d62,car
64192,9,1,78,129,2016,2,18,4,3,5,3,2,0,1,1,0,0,0,0,710739099.0,5371380016.0,11.850677244,48.460225899,1,#66c2a5,bicycle
64198,9,1,62,0,2016,2,15,1,3,8,7,0,0,0,1,0,0,0,0,694708726.0,5342298642.0,11.620644492,48.204030936,2,#fc8d62,car
64202,9,1,87,177,2016,2,19,7,3,5,2,2,1,1,1,0,0,0,0,736336.7582,5305688.7468,12.159925268,47.861024268,1,#66c2a5,bicycle
64203,9,1,63,0,2016,2,19,5,3,2,6,2,1,0,1,0,0,0,0,733756.6619,5303288.8039,12.124185077,47.84040684,2,#fc8d62,car
64205,9,1,90,158,2016,2,13,6,3,4,2,0,1,0,1,0,0,0,0,653859.7452,5303952.5484,11.057486042,47.87046708,2,#fc8d62,car
64206,9,1,74,135,2016,2,18,5,3,2,6,2,0,0,1,0,0,0,0,661500926.0,5354591.2016,11.178753515,48.323862021,2,#fc8d62,car
64211,9,1,90,157,2016,2,3,3,3,4,7,2,0,0,1,0,0,0,0,654893.4705,5303693.0295,11.071207185,47.867885138,2,#fc8d62,car
64216,9,1,74,136,2016,2,9,6,3,4,2,0,0,0,1,0,0,0,0,682412888.0,5364856882.0,11.465065898,48.410445508,2,#fc8d62,car
64222,9,1,62,0,2016,2,13,7,3,1,6,0,0,0,1,0,0,0,1,687389.9,5332685.8396,11.518004187,48.119831445,2,#fc8d62,car
64225,9,7,77,182,2016,2,12,5,3,2,2,0,0,0,0,0,0,1,1,627492.1448,5308436563.0,10.706388927,47.916569701,5,#a6d854,bus
64227,9,1,74,113,2016,2,9,5,3,2,6,0,1,0,1,0,0,0,0,674281.7007,5344986445.0,11.34706901,48.234129127,2,#fc8d62,car
64231,9,1,90,159,2016,2,14,2,3,4,6,0,0,0,0,0,0,1,0,664124.9093,5305782.2274,11.195350951,47.884376232,5,#a6d854,bus
64237,9,7,77,140,2016,2,12,5,3,4,1,0,0,0,1,0,0,0,0,629261744.0,5314174.9105,10.731785896,47.967821312,2,#fc8d62,car
64238,9,1,62,0,2016,2,16,1,3,5,3,0,0,0,1,0,0,0,0,694925521.0,5331726.7685,11.618716269,48.108949533,2,#fc8d62,car
64242,9,1,78,124,2016,2,17,7,3,4,2,2,1,0,1,0,0,0,0,703009.61,5363868579.0,11.742610172,48.395268007,2,#fc8d62,car
64243,9,1,62,0,2016,2,13,4,3,5,2,0,0,1,1,0,0,0,0,689192.8669,5330626.5168,11.541293152,48.100788792,1,#66c2a5,bicycle
64245,9,1,77,117,2016,2,6,5,3,9,1,1,2,0,1,0,0,0,0,716598.2726,5350846404.0,11.919256382,48.273744485,2,#fc8d62,car