OBJECTID,ULAND,UREGBEZ,UKREIS,UGEMEINDE,UJAHR,UMONAT,USTUNDE,UWOCHENTAG,UKATEGORIE,UART,UTYP1,ULICHTVERH,STRZUSTAND,IstRad,IstPKW,IstFuss,IstKrad,IstGkfz,IstSonstig,LINREFX,LINREFY,XGCSWGS84,YGCSWGS84,Teilnehmer,color,symbol
64878,9,1,62,0,2016,3,19,4,3,6,4,2,1,0,1,1,0,0,0,687195565.0,5329350467.0,11.513932215,48.089909121,2,#fc8d62,car
64879,9,7,72,202,2016,3,8,3,3,2,6,0,2,0,1,0,0,0,0,636852.1449,5359422.0588,10.847991466,48.373118046,2,#fc8d62,car
64881,9,1,62,0,2016,3,19,4,3,2,6,2,1,0,1,0,0,0,0,695136.1911,5343738.9786,11.62705408,48.216844565,2,#fc8d62,car
64882,9,1,75,112,2016,3,0,5,2,0,1,2,1,0,1,0,0,0,0,724888.2538,5319918.0958,12.014504522,47.992981823,2,#fc8d62,car
64883,9,1,81,146,2016,3,3,3,3,8,1,2,2,0,1,0,0,0,0,648577.1983,5323359.1415,10.993594754,48.046211444,2,#fc8d62,car
64885,9,2,74,126,2016,3,16,4,3,2,6,0,1,0,1,0,0,0,0,733414.2282,5382635.0299,12.16323467,48.553325436,2,#fc8d62,car
64894,9,1,77,122,2016,3,7,3,3,1,1,0,2,0,1,0,0,0,0,727658704.0,5358589.8208,12.072285524,48.339431114,2,#fc8d62,car
64901,9,1,75,124,2016,3,7,3,3,4,1,0,2,0,1,0,0,1,0,716395.7497,5328326.6738,11.905068618,48.071467345,2,#fc8d62,car
64909,9,1,84,120,2016,3,5,3,3,9,6,2,2,0,1,0,0,0,0,682630.2914,5333078.2694,11.454277918,48.12474187,2,#fc8d62,car
64911,9,1,62,0,2016,3,19,4,3,6,4,2,1,0,0,1,1,0,1,694285.8256,5340625.3729,11.614193023,48.189121985,3,#8da0cb,toilet
64922,9,1,88,120,2016,3,15,6,3,4,6,0,0,0,1,0,0,0,0,672122.7354,5325504.5855,11.31014171,48.05958447,2,#fc8d62,car
64923,9,1,79,121,2016,2,23,7,2,5,3,2,0,0,1,0,0,0,0,667481.8249,5339065.5157,11.253232173,48.182732962,2,#fc8d62,car
64924,9,2,61,0,2016,3,19,5,3,2,6,1,0,0,1,0,0,0,0,734537501.0,5381766219.0,12.177943743,48.545102389,2,#fc8d62,car
64940,9,1,84,134,2016,3,17,5,3,2,6,1,0,0,1,0,0,0,0,693543.1947,5323305.8893,11.596352805,48.03368575,2,#fc8d62,car
64942,9,1,86,143,2016,3,15,5,2,0,3,0,0,0,1,0,0,0,0,687877002.0,5377488.5044,11.544504153,48.522368437,2,#fc8d62,car
64946,9,1,82,137,2016,3,8,2,2,4,2,0,1,0,1,0,0,0,1,709104874.0,5305235344.0,11.796081348,47.866389753,2,#fc8d62,car
64952,9,1,90,138,2016,3,16,6,3,8,6,0,0,0,1,0,0,0,0,660962.2411,5308089693.0,11.153938643,47.905923441,2,#fc8d62,car
64957,9,7,61,0,2016,3,8,5,3,5,3,0,0,0,1,0,0,0,0,640616.2072,5352377.8885,10.896439365,48.308951407,2,#fc8d62,car
64959,9,1,77,135,2016,3,16,7,1,4,6,0,0,0,1,0,0,0,0,718430.5482,5346147.9154,11.941493287,48.230899765,2,#fc8d62,car
64960,9,1,62,0,2016,3,16,4,3,5,3,0,0,0,1,0,0,0,0,685946094.0,5340778.9353,11.502159393,48.192998403,2,#fc8d62,car
64961,9,1,75,111,2016,3,3,2,3,8,6,2,0,0,1,0,0,1,0,710812.6673,5337936.6109,11.834963411,48.159691873,2,#fc8d62,car
64970,9,1,73,118,2016,3,13,4,3,5,3,0,0,0,1,0,0,0,0,689192.2023,5303401.6051,11.529295767,47.856080521,2,#fc8d62,car
64976,9,1,81,131,2016,3,14,7,3,0,1,0,0,0,0,0,1,0,0,634357649.0,5334204.5306,10.806315444,48.146890971,4,#e78ac3,marker
64992,9,1,88,121,2016,3,5,6,3,5,2,1,0,1,1,0,0,0,0,670070039.0,5329288892.0,11.284120404,48.0941555,1,#66c2a5,bicycle
65001,9,1,86,149,2016,3,8,6,3,8,1,0,0,0,1,0,0,0,0,688763.4488,5385843.7516,11.560286483,48.59719391,2,#fc8d62,car
65002,9,1,84,148,2016,3,5,6,3,5,3,2,1,0,1,0,0,0,0,697136.9655,5326628.6903,11.646040305,48.062450324,2,#fc8d62,car
65003,9,1,84,119,2016,3,8,3,3,2,6,0,0,0,1,0,0,0,0,696432.4515,5346695.9945,11.645856506,48.243020029,2,#fc8d62,car
65009,9,7,61,0,2016,3,6,4,3,5,3,1,0,0,1,0,1,0,0,643149554.0,5359562968.0,10.933027674,48.372987979,2,#fc8d62,car
65010,9,1,79,121,2016,3,11,3,3,2,2,0,0,0,1,0,0,0,1,668285.2611,5338225.7728,11.2637,48.174971468,2,#fc8d62,car
65015,9,1,62,0,2016,3,2,1,3,8,7,2,1,0,1,0,0,0,0,698931.8132,5335031.0984,11.674020433,48.137407664,2,#fc8d62,car
65022,9,1,84,145,2016,3,23,5,3,5,3,2,1,0,1,0,0,0,0,698558.1151,5324559.7848,11.664134181,48.043415643,2,#fc8d62,car
65027,9,1,84,130,2016,3,21,1,2,6,7,2,0,0,1,1,0,0,0,699754.5201,5344706.6743,11.689614692,48.224104313,2,#fc8d62,car
65029,9,1,84,141,2016,3,18,2,3,3,6,1,0,0,1,0,0,0,0,700497.1933,5316629.8678,11.686415794,47.971541431,2,#fc8d62,car
65037,9,1,62,0,2016,3,11,2,3,3,2,0,0,0,1,0,0,0,0,683868.1896,5335418.8973,11.47190769,48.145424508,2,#fc8d62,car
65043,9,1,62,0,2016,3,10,7,3,3,6,0,0,0,1,0,0,0,0,685436.8389,5340933.4954,11.495380919,48.194536535,2,#fc8d62,car
65044,9,2,61,0,2016,3,18,7,3,6,4,2,0,0,1,1,0,0,0,732250.2107,5382608.5997,12.147470002,48.553520083,2,#fc8d62,car
65053,9,1,88,139,2016,3,17,5,3,2,6,0,0,0,1,0,0,0,0,674812.3452,5319142.7826,11.343613248,48.001663224,2,#fc8d62,car
65065,9,1,81,130,2016,3,18,7,3,0,6,2,0,0,1,0,0,0,0,637488677.0,5324116.1576,10.845136428,48.055503715,2,#fc8d62,car
65068,9,2,61,0,2016,3,6,5,3,5,3,1,0,1,1,0,0,0,0,732272.8273,5381590.7141,12.147208416,48.544368311,1,#66c2a5,bicycle
65069,9,1,75,113,2016,3,4,7,2,9,1,2,1,0,1,0,0,0,0,716783.9048,5318263.8259,11.905182477,47.980915356,2,#fc8d62,car
65072,9,1,82,123,2016,3,13,7,3,2,6,0,0,0,1,0,0,0,0,714846.8842,5302534.1953,11.871421747,47.840222433,2,#fc8d62,car
65073,9,1,87,170,2016,3,20,7,3,9,1,2,1,0,1,0,0,0,0,730360.6127,5331857.5413,12.094173228,48.098298619,2,#fc8d62,car
65076,9,7,72,177,2016,3,15,5,3,5,3,0,0,0,1,0,0,0,0,635865039.0,5378882553.0,10.840988064,48.548316775,2,#fc8d62,car
65078,9,1,62,0,2016,3,8,6,3,2,6,0,0,0,1,0,0,0,0,692135.0,5331255.1094,11.581054492,48.105558138,2,#fc8d62,car
65079,9,1,78,120,2016,3,3,5,3,1,6,2,0,0,1,0,0,0,1,694483.3312,5352640.9608,11.622365505,48.297050329,2,#fc8d62,car
65080,9,1,81,113,2016,3,13,2,3,6,4,0,0,0,1,1,0,0,0,638066.0371,5308837.6212,10.847967947,47.917986657,2,#fc8d62,car
65083,9,1,78,120,2016,3,17,2,2,0,1,0,0,1,0,0,0,1,0,694579.2852,5352688.3577,11.623679758,48.297446802,1,#66c2a5,bicycle
65090,9,1,82,127,2016,3,6,6,2,9,7,1,1,0,1,0,0,0,0,698424.2354,5309251.7058,11.655271736,47.905875468,2,#fc8d62,car
65091,9,1,84,114,2016,3,9,7,3,2,6,0,0,0,1,0,0,0,0,699391.9363,5320036.5727,11.673205126,48.002504143,2,#fc8d62,car
65092,9,1,74,135,2016,3,17,7,3,8,7,0,0,0,1,0,0,0,0,664175.7905,5352618.1122,11.214043463,48.305435028,2,#fc8d62,car
65093,9,1,75,122,2016,3,18,4,3,6,4,1,0,0,1,1,0,0,0,721213384.0,5325654634.0,11.968273746,48.04580658,2,#fc8d62,car
65094,9,7,71,145,2016,3,15,7,3,3,6,0,1,0,1,0,0,0,0,650983.6342,5344182.6638,11.033246165,48.232877666,2,#fc8d62,car
65100,9,7,78,116,2016,3,13,2,3,0,6,0,0,0,1,0,0,1,0,616818756.0,5319840693.0,10.566690855,48.021170575,2,#fc8d62,car
65106,9,1,75,115,2016,3,16,2,3,5,3,0,0,1,1,0,0,0,0,721351.4632,5328941.1171,11.971824509,48.075287719,1,#66c2a5,bicycle
65117,9,1,88,139,2016,3,22,6,3,0,3,2,0,1,1,0,0,0,0,674882.6827,5319210.6891,11.344583084,48.002254443,1,#66c2a5,bicycle
65118,9,1,84,137,2016,3,3,6,3,8,1,2,0,0,1,0,0,0,0,703665.1473,5317986972.0,11.729456244,47.98273758,2,#fc8d62,car
65119,9,1,84,127,2016,3,8,3,3,6,4,0,2,0,1,1,0,0,0,702235552.0,5322017761.0,11.712219119,48.01941615,2,#fc8d62,car
65126,9,1,62,0,2016,3,9,3,3,1,6,0,0,0,1,0,0,0,0,694475.6911,5341433.5473,11.617115075,48.196327344,2,#fc8d62,car
65128,9,7,61,0,2016,3,9,2,3,2,6,0,0,0,1,0,0,0,0,642195.7918,5357570.4455,10.919482495,48.355287727,2,#fc8d62,car
65131,9,1,84,129,2016,3,11,7,3,5,3,0,0,0,1,0,0,0,0,700291.1732,5325023.5591,11.687577909,48.047042364,2,#fc8d62,car
65138,9,1,62,0,2016,3,15,5,3,6,4,0,0,0,1,1,0,0,0,692090.2633,5341862.3918,11.585241857,48.200907698,2,#fc8d62,car
65147,9,1,75,132,2016,3,11,6,3,2,6,0,0,0,1,0,0,0,0,706208.6954,5330762447.0,11.769654885,48.096731297,2,#fc8d62,car
65156,9,1,62,0,2016,3,8,2,3,2,6,0,0,0,1,0,0,0,0,687902.2722,5343593.1114,11.52970203,48.217716746,2,#fc8d62,car
65162,9,1,84,136,2016,3,14,7,3,1,6,0,0,0,1,0,1,0,0,697629.9612,5326706.7621,11.652686198,48.062999477,2,#fc8d62,car
65163,9,1,82,133,2016,3,7,7,3,2,6,0,0,0,1,0,0,0,0,705988.5391,5306801.1029,11.755207335,47.881467973,2,#fc8d62,car
65170,9,1,62,0,2016,3,11,6,3,2,2,0,0,0,1,0,0,0,0,684235.1274,5343359.3335,11.480278716,48.216690757,2,#fc8d62,car
65171,9,1,84,114,2016,3,18,5,3,1,6,1,0,0,1,0,0,0,0,699143.0458,5323474594.0,11.671468984,48.033480494,2,#fc8d62,car
65172,9,1,86,152,2016,3,8,2,3,2,7,0,0,0,1,0,0,1,0,692471.1536,5375743.3567,11.605853653,48.505293192,2,#fc8d62,car
65174,9,1,81,126,2016,3,0,1,2,8,7,2,1,0,1,0,0,0,0,636309.7684,5332166.8511,10.831893893,48.128152063,2,#fc8d62,car
65179,9,1,90,157,2016,3,7,4,2,9,6,0,1,0,1,0,0,1,0,658457.1936,5301485.5396,11.118018454,47.847167761,2,#fc8d62,car
65181,9,1,90,159,2016,3,10,2,2,8,7,0,0,0,0,0,0,1,0,662508.4836,5304629.9698,11.173312128,47.87442764,5,#a6d854,bus
65183,9,1,63,0,2016,3,21,1,3,2,6,2,0,0,1,0,0,0,0,731004001.0,5303254745.0,12.087432815,47.841095555,2,#fc8d62,car
65190,9,7,62,0,2016,3,17,7,2,4,6,0,1,0,1,0,0,0,0,622996.1086,5304558.8568,10.645133397,47.882573305,2,#fc8d62,car
65191,9,2,74,182,2016,3,12,6,3,3,2,0,0,0,1,0,1,0,0,729093.9813,5375671.2,12.10095215,48.492361024,2,#fc8d62,car
65193,9,1,87,150,2016,3,13,7,3,4,2,0,0,0,1,0,0,0,0,727978.6784,5303251.6319,12.047056399,47.842147276,2,#fc8d62,car
65195,9,7,61,0,2016,3,6,5,3,4,2,0,0,1,1,0,0,0,0,640721.7448,5355571.7035,10.898927953,48.337645871,1,#66c2a5,bicycle
65198,9,1,84,148,2016,3,12,4,3,1,6,0,0,0,1,0,0,0,0,694926575.0,5326536.7278,11.616362008,48.062302927,2,#fc8d62,car
65199,9,1,79,121,2016,3,17,2,3,2,6,0,0,0,1,0,0,0,0,666467.6005,5339301.0272,11.239690345,48.185116778,2,#fc8d62,car
65201,9,1,83,126,2016,3,8,2,3,2,6,0,0,0,1,0,0,0,0,728854.5912,5337312.5587,12.0769031,48.147849181,2,#fc8d62,car
65208,9,1,77,139,2016,3,3,7,3,5,3,2,0,0,1,0,0,0,0,732928.9966,5359560.0528,12.143835292,48.34622635,2,#fc8d62,car
65209,9,1,62,0,2016,3,15,3,3,8,7,0,0,0,1,0,0,0,0,689953.9284,5328058.6047,11.550363294,48.077481658,2,#fc8d62,car
65210,9,7,71,155,2016,3,21,7,3,8,1,2,1,0,1,0,0,0,0,650838.6435,5375100.0105,11.042385899,48.510887274,2,#fc8d62,car
65215,9,1,87,124,2016,3,11,6,3,0,2,0,0,0,1,0,0,0,0,733001.3008,5329596.7964,12.128354942,48.077029008,2,#fc8d62,car
65217,9,1,79,117,2016,3,14,7,3,5,2,0,0,0,1,0,0,0,1,660740.8493,5349583.7651,11.166600403,48.279037547,2,#fc8d62,car
65222,9,7,71,165,2016,3,6,1,3,8,1,1,1,0,1,0,0,0,0,658434.6373,5362526.0233,11.140405296,48.395974712,2,#fc8d62,car
65229,9,7,77,130,2016,3,8,6,3,5,3,0,1,0,1,0,0,0,0,624257.1602,5308992.6184,10.663270479,47.922205694,2,#fc8d62,car
65232,9,1,88,132,2016,3,11,6,3,2,6,0,0,0,1,0,0,0,0,666457.0699,5325079.3204,11.233995534,48.05726451,2,#fc8d62,car
65240,9,1,90,138,2016,3,18,3,3,2,6,2,1,0,1,0,0,0,0,661307452.0,5309531917.0,11.159094318,47.91880366,2,#fc8d62,car
65242,9,1,75,121,2016,3,8,3,3,0,1,0,2,0,1,0,0,0,0,712628.4783,5320200.7937,11.850525611,47.999715384,2,#fc8d62,car
65248,9,7,61,0,2016,3,16,4,3,3,3,0,0,0,1,0,0,1,0,638407.1224,5356745.0308,10.868096986,48.348707536,2,#fc8d62,car
65249,9,1,79,136,2016,3,23,3,3,8,1,2,0,0,1,0,0,0,0,663111.5172,5341868.9012,11.195558262,48.209073255,2,#fc8d62,car
65254,9,1,84,112,2016,3,4,1,2,4,7,2,1,0,1,0,0,0,0,701248.2227,5340909.5381,11.707902776,48.189508188,2,#fc8d62,car
65262,9,1,77,139,2016,3,13,6,2,4,6,0,0,0,1,0,0,0,0,729950.8777,5358998.2746,12.10339473,48.342270567,2,#fc8d62,car
65268,9,1,62,0,2016,3,1,1,3,5,3,2,0,0,1,0,0,0,0,686182.1506,5335258.9923,11.502915855,48.143314234,2,#fc8d62,car
65269,9,1,73,147,2016,3,13,1,3,2,6,0,0,0,1,0,0,0,0,681602.2672,5308846.0438,11.430212062,47.907211875,2,#fc8d62,car
65273,9,1,84,129,2016,3,11,2,3,3,6,0,0,0,1,0,0,1,0,700055.3466,5323875.5031,11.683880706,48.036798459,2,#fc8d62,car
65279,9,1,87,122,2016,3,22,7,3,1,1,2,1,0,1,0,0,0,0,717512885.0,5307017433.0,11.909260507,47.879611684,2,#fc8d62,car
65286,9,1,62,0,2016,3,23,7,3,4,2,2,0,0,1,0,0,0,0,692104.7878,5341866.4906,11.585438983,48.200940143,2,#fc8d62,car
65294,9,1,84,136,2016,3,19,5,3,0,6,2,0,0,1,0,0,0,1,698586.1728,5326315.0712,11.665324727,48.059182313,2,#fc8d62,car
65296,9,1,88,139,2016,3,8,5,2,5,3,0,0,1,1,0,0,0,0,675283.1632,5319139.3346,11.349918348,48.001503322,1,#66c2a5,bicycle
65305,9,7,72,149,2016,3,11,7,3,1,6,0,0,0,1,0,0,0,0,635163.6048,5338630.5104,10.818552064,48.186520356,2,#fc8d62,car
65311,9,2,61,0,2016,3,23,5,3,6,4,2,0,0,1,1,0,0,0,732426.0479,5382715369.0,12.149908802,48.554414031,2,#fc8d62,car
65313,9,1,84,134,2016,3,8,4,3,4,2,0,1,0,1,0,0,0,0,694283.5366,5323348.6015,11.606293127,48.033844858,2,#fc8d62,car
65314,9,1,75,118,2016,3,4,2,2,5,3,2,0,0,0,0,0,1,0,717883.6319,5339353.1423,11.930650897,48.170036305,5,#a6d854,bus
65321,9,1,75,133,2016,3,8,5,3,5,3,0,0,0,1,0,0,0,0,710533045.0,5342160979.0,11.833300433,48.197744267,2,#fc8d62,car
65325,9,1,79,138,2016,3,10,2,3,8,7,0,0,0,1,0,0,0,0,653853.5363,5334639.3143,11.068410972,48.146383568,2,#fc8d62,car
65334,9,1,85,131,2016,3,18,7,3,9,1,2,1,0,1,0,0,0,0,665382.5953,5377073.6947,11.239946617,48.524968564,2,#fc8d62,car
65335,9,1,88,121,2016,3,19,7,3,2,7,2,1,0,1,0,0,0,0,672007.5313,5329829.9719,11.310338052,48.09849966,2,#fc8d62,car
65336,9,1,75,135,2016,3,9,4,3,3,7,0,1,0,1,0,0,0,0,707477826.0,5338041.7766,11.790224083,48.161733752,2,#fc8d62,car
65337,9,7,78,216,2016,3,17,7,3,5,3,2,1,0,1,0,0,0,0,624923.1958,5322071.1156,10.675985749,48.039696037,2,#fc8d62,car
65353,9,1,81,114,2016,3,12,6,2,6,4,0,0,0,1,1,0,0,0,656471386.0,5312789509.0,11.095592857,47.949292001,2,#fc8d62,car
65354,9,7,62,0,2016,3,11,3,3,2,6,0,0,0,1,0,0,0,1,622325.5235,5307068.3078,10.636879108,47.90527064,2,#fc8d62,car
65360,9,1,88,139,2016,3,20,7,3,6,4,2,1,0,1,1,0,0,0,675226.7795,5319194.8955,11.349185792,48.002018249,2,#fc8d62,car
65361,9,1,84,120,2016,3,17,6,3,2,6,1,0,0,1,0,1,0,0,682131619.0,5331991929.0,11.447118774,48.115119855,2,#fc8d62,car
65362,9,1,84,122,2016,3,15,3,3,2,6,0,0,0,1,0,0,0,0,687948.1448,5323385.1959,11.521407269,48.036069672,2,#fc8d62,car
65368,9,7,61,0,2016,3,17,4,3,4,2,0,0,0,1,0,0,0,0,641358.4473,5352524.4185,10.906493036,48.310103508,2,#fc8d62,car
65369,9,1,84,129,2016,3,9,3,3,2,6,0,2,0,1,0,0,0,0,701886.9098,5326875.7896,11.709839305,48.063185772,2,#fc8d62,car
65371,9,7,61,0,2016,3,9,2,3,2,6,0,0,0,1,0,0,1,0,638336282.0,5362229.2914,10.868945856,48.398036499,2,#fc8d62,car
65374,9,1,62,0,2016,3,21,7,3,5,3,2,0,0,1,0,0,0,0,694994.8414,5332996.0632,11.620226885,48.120336217,2,#fc8d62,car
65381,9,1,62,0,2016,3,15,5,3,2,6,0,0,0,1,0,0,0,1,694841.1625,5332015.2573,11.617715953,48.111568167,2,#fc8d62,car
65383,9,1,87,122,2016,3,16,5,2,5,2,0,0,0,1,0,0,0,1,718090.0918,5308184.5915,11.917559771,47.889903642,2,#fc8d62,car
65384,9,1,84,132,2016,3,17,2,2,8,6,0,0,0,1,0,0,0,0,681903.0455,5323919.2129,11.440613934,48.042620513,2,#fc8d62,car
65387,9,1,84,148,2016,3,17,2,3,2,6,0,0,0,1,0,0,0,0,693343.6767,5328878.3281,11.596197734,48.083830462,2,#fc8d62,car
65396,9,1,73,137,2016,3,15,7,3,8,7,0,0,0,1,0,0,0,0,678923576.0,5304265.7517,11.3925002,47.866790084,2,#fc8d62,car
65398,9,1,84,123,2016,3,11,2,3,2,6,0,1,0,1,0,0,0,0,702118795.0,5332181395.0,11.715458783,48.110793533,2,#fc8d62,car
65404,9,1,84,129,2016,3,17,7,3,0,7,0,0,0,1,0,0,0,0,701272.3718,5325159.9189,11.700792978,48.047959246,2,#fc8d62,car
65413,9,1,84,114,2016,3,18,5,3,2,6,1,0,0,1,0,0,0,0,699142.5698,5323474.1622,11.671462405,48.033476762,2,#fc8d62,car
65416,9,1,62,0,2016,3,6,1,2,8,1,1,1,0,1,0,0,0,0,681152.1252,5340451.3705,11.437571638,48.191439513,2,#fc8d62,car
65418,9,1,73,147,2016,3,18,7,2,1,5,2,1,1,1,0,0,0,0,680843.7718,5309313.6016,11.420267291,47.911629175,1,#66c2a5,bicycle
65420,9,2,74,146,2016,3,6,4,3,9,1,0,1,0,1,0,0,0,0,737063.3444,5378561.5005,12.210290799,48.51536774,2,#fc8d62,car
65425,9,1,81,130,2016,3,9,7,3,2,6,0,0,0,1,0,0,0,0,642244.9734,5324573.5033,10.909083232,48.058573675,2,#fc8d62,car
65426,9,1,74,135,2016,3,20,7,3,2,7,2,1,0,1,0,0,0,0,664036.1451,5352520.1784,11.212123627,48.30459083,2,#fc8d62,car
65432,9,1,74,118,2016,3,12,7,3,2,6,0,0,0,1,0,0,0,0,670031489.0,5356487915.0,11.294508151,48.338675708,2,#fc8d62,car
65433,9,1,82,120,2016,3,14,7,3,2,6,0,1,1,1,0,0,0,0,701797.3806,5306510.4071,11.699077534,47.880186293,1,#66c2a5,bicycle
65435,9,7,72,147,2016,3,16,5,3,8,7,0,0,0,1,0,0,0,0,638851978.0,5368826.2108,10.878094254,48.457240541,2,#fc8d62,car
65438,9,1,77,133,2016,3,19,5,3,5,3,2,0,0,1,0,1,0,0,710509.0702,5357675.1607,11.84069962,48.337158411,2,#fc8d62,car
65439,9,1,81,130,2016,3,8,2,3,6,4,0,0,0,1,1,0,0,0,639841189.0,5323373.9433,10.87644782,48.048318296,2,#fc8d62,car
65442,9,1,78,138,2016,3,11,2,3,2,6,0,0,0,1,0,0,0,0,710015.8952,5368307.4855,11.839366338,48.432859705,2,#fc8d62,car
65448,9,1,75,132,2016,3,15,7,3,2,6,0,0,0,1,0,0,0,0,707171.1661,5336588.9734,11.785397828,48.14877842,2,#fc8d62,car
65449,9,1,84,114,2016,3,10,7,3,2,6,0,0,0,1,0,0,0,0,699321.8458,5323652.2308,11.673947508,48.035021199,2,#fc8d62,car
65450,9,1,75,122,2016,3,14,4,3,5,3,0,0,0,1,0,0,0,0,721065898.0,5327517114.0,11.967259665,48.062592098,2,#fc8d62,car
65451,9,7,61,0,2016,3,18,7,3,5,3,2,1,0,1,0,0,0,0,641528.2324,5353490.4414,10.909105733,48.318751719,2,#fc8d62,car
65456,9,1,79,113,2016,3,13,3,3,3,6,0,0,0,1,0,0,0,1,670113.9848,5336659.1196,11.287652196,48.160400763,2,#fc8d62,car
65461,9,1,75,124,2016,3,14,2,3,2,6,0,0,0,1,0,0,0,0,716554.1498,5328266.4926,11.907161787,48.070872833,2,#fc8d62,car
65463,9,7,71,158,2016,3,16,1,3,2,7,0,0,0,0,0,1,0,0,641440.1038,5372422.9431,10.914297365,48.489003813,4,#e78ac3,marker
65473,9,1,79,142,2016,3,9,6,3,2,6,0,0,0,1,0,0,0,0,675009.3802,5340902.6682,11.355175,48.197218715,2,#fc8d62,car
65474,9,1,62,0,2016,3,16,6,3,1,6,0,0,0,1,0,0,0,0,694845702.0,5332521.2667,11.618008046,48.116114592,2,#fc8d62,car
65475,9,1,84,118,2016,3,8,3,3,2,6,0,2,0,1,0,0,1,0,704794.5553,5336911.7521,11.753638305,48.152448648,2,#fc8d62,car
65479,9,1,73,123,2016,3,11,7,3,2,2,0,0,0,1,0,1,0,0,680041.8151,5303409.0679,11.407082523,47.858776524,2,#fc8d62,car
65482,9,1,78,157,2016,3,8,3,3,5,3,0,0,0,1,0,0,0,0,704472.2156,5369941.9959,11.765306844,48.449371517,2,#fc8d62,car
65488,9,1,84,119,2016,3,0,7,3,5,3,2,0,0,1,0,0,1,0,696172.3262,5346553.5112,11.64229061,48.241820036,2,#fc8d62,car
65489,9,2,74,126,2016,3,9,7,3,5,6,0,0,0,1,0,0,0,0,732346.3623,5385463275.0,12.150364885,48.57912714,2,#fc8d62,car
65496,9,1,79,137,2016,3,1,1,3,8,1,2,0,0,1,0,0,0,0,656029.6664,5345256.9334,11.101548405,48.241314764,2,#fc8d62,car
65504,9,1,75,124,2016,3,18,6,3,5,3,2,0,0,1,0,1,0,0,715044.7212,5328658.6911,11.887122301,48.074907633,2,#fc8d62,car
65509,9,2,61,0,2016,3,16,1,3,1,6,0,1,0,1,0,0,0,0,730947.0518,5384711.5107,12.131003931,48.57289139,2,#fc8d62,car
65511,9,1,90,159,2016,3,18,7,3,4,6,2,1,0,1,0,0,0,1,664275.0412,5305780.2848,11.197356864,47.884320365,2,#fc8d62,car
65513,9,1,84,140,2016,3,8,2,3,0,2,0,0,0,0,0,0,0,1,700940.0298,5328101.5561,11.697720465,48.074500766,6,#ffd92f,circle
65519,9,1,78,150,2016,3,9,7,3,2,6,0,0,0,1,0,0,0,0,691291.7798,5371325.8137,11.587881213,48.465951935,2,#fc8d62,car
65524,9,7,62,0,2016,3,13,5,3,1,6,0,0,0,1,0,0,0,0,623183.7649,5306265.1543,10.648129276,47.897883138,2,#fc8d62,car
65527,9,1,75,132,2016,3,22,5,3,5,2,2,0,0,1,0,0,0,0,707238.2025,5336751.9376,11.786377357,48.15022103,2,#fc8d62,car
65530,9,1,62,0,2016,3,13,7,3,5,3,0,0,0,1,0,0,0,0,694998.5025,5333475.0273,11.620495116,48.124639821,2,#fc8d62,car
65531,9,1,81,127,2016,3,11,2,3,2,6,0,0,0,1,0,0,0,1,632613.6696,5322263.7712,10.779171765,48.039877453,2,#fc8d62,car
65533,9,7,73,116,2016,3,9,5,3,5,3,0,0,0,1,0,0,1,0,620631.0082,5380332.7573,10.635078461,48.564473154,2,#fc8d62,car
65538,9,1,62,0,2016,3,17,4,3,5,2,0,0,0,1,0,0,0,1,688517.2945,5334976.1387,11.534151192,48.140084275,2,#fc8d62,car
65541,9,1,79,123,2016,3,8,4,3,5,2,0,1,0,1,0,0,0,0,676631307.0,5334050.9399,11.37413673,48.135178193,2,#fc8d62,car
65548,9,1,78,157,2016,3,9,6,3,2,6,0,0,0,0,0,0,1,1,704463.8031,5370173228.0,11.765306115,48.451452099,5,#a6d854,bus
65562,9,1,84,129,2016,3,11,5,2,4,2,0,0,0,0,0,1,1,0,701760562.0,5326524.32,11.707979567,48.060067071,4,#e78ac3,marker
65569,9,1,73,130,2016,3,18,3,3,2,6,2,1,0,1,0,0,0,0,680091.4741,5313971.5567,11.41215604,47.953712689,2,#fc8d62,car
65570,9,1,87,117,2016,3,9,5,3,5,3,0,0,0,1,0,0,0,0,725872.9578,5308030.8203,12.021449587,47.88583087,2,#fc8d62,car
65572,9,2,74,126,2016,3,15,4,3,3,2,0,0,1,0,0,0,1,0,732807.0155,5383067.9665,12.155260788,48.557440013,1,#66c2a5,bicycle
65575,9,1,62,0,2016,3,17,4,3,1,5,0,0,0,1,0,0,0,0,697771.9804,5330072.8386,11.656148162,48.093207716,2,#fc8d62,car
65579,9,1,88,113,2016,3,17,5,3,2,6,0,0,1,1,0,0,0,0,675896.8642,5315350.4327,11.356586938,47.967274113,1,#66c2a5,bicycle
65582,9,7,61,0,2016,3,15,5,3,5,3,0,0,0,1,0,1,0,0,638430.7173,5355695.2177,10.868070173,48.339262595,2,#fc8d62,car
65583,9,7,77,158,2016,3,7,4,3,9,1,0,2,0,1,0,0,0,0,622128149.0,5308899511.0,10.634757868,47.921777466,2,#fc8d62,car
65591,9,1,62,0,2016,3,19,4,3,3,1,2,0,0,1,0,0,0,0,687740.2709,5344315.4783,11.527843081,48.224257383,2,#fc8d62,car
65595,9,7,72,130,2016,3,14,2,3,1,6,0,0,0,1,0,0,0,0,630870.0834,5359347.5609,10.767230011,48.373717104,2,#fc8d62,car
65602,9,7,71,130,2016,3,16,2,3,6,4,0,0,0,1,1,0,0,0,644937.9979,5357687.3227,10.956517202,48.355715159,2,#fc8d62,car