OBJECTID,ULAND,UREGBEZ,UKREIS,UGEMEINDE,UJAHR,UMONAT,USTUNDE,UWOCHENTAG,UKATEGORIE,UART,UTYP1,ULICHTVERH,STRZUSTAND,IstRad,IstPKW,IstFuss,IstKrad,IstGkfz,IstSonstig,LINREFX,LINREFY,XGCSWGS84,YGCSWGS84,Teilnehmer,color,symbol
65607,9,1,74,115,2016,3,16,6,3,5,3,0,0,0,1,0,0,0,0,681148.0448,5347297.3069,11.440441822,48.252976586,2,#fc8d62,car
65616,9,1,82,120,2016,3,10,3,3,3,1,0,2,0,1,0,0,1,0,703408.4972,5308640.17,11.721604876,47.898818564,2,#fc8d62,car
65617,9,1,63,0,2016,3,12,3,3,5,6,0,1,1,1,0,0,0,0,732720479.0,5307405199.0,12.112572477,47.877764874,1,#66c2a5,bicycle
65619,9,1,75,124,2016,3,17,6,3,5,2,0,0,0,1,0,0,0,1,715454.6364,5328559.5683,11.892568468,48.073878615,2,#fc8d62,car
65621,9,7,72,163,2016,3,22,3,3,8,1,2,1,0,1,0,0,0,0,639146.0904,5350530.0814,10.876014423,48.29266128,2,#fc8d62,car
65627,9,1,62,0,2016,3,11,5,3,6,2,0,0,0,1,1,0,0,0,694634196.0,5334166.31,11.615920374,48.130964272,2,#fc8d62,car
65631,9,1,77,117,2016,3,22,5,3,8,1,2,0,0,0,0,1,0,0,716428.6914,5354269.2957,11.918727407,48.304557317,4,#e78ac3,marker
65637,9,7,61,0,2016,3,15,5,3,4,2,0,0,0,1,0,1,0,0,640206.2288,5360554.7925,10.893635963,48.382566943,2,#fc8d62,car
65641,9,1,86,162,2016,3,11,3,3,8,1,0,1,0,1,0,0,0,0,691650.1515,5384470.4122,11.598765083,48.583974936,2,#fc8d62,car
65643,9,1,85,158,2016,3,14,3,3,9,1,0,1,0,1,0,0,0,0,669566.9036,5380462161.0,11.297951119,48.554311561,2,#fc8d62,car
65647,9,1,62,0,2016,3,8,4,3,1,6,0,0,0,1,0,0,0,0,688836729.0,5331704312.0,11.536991272,48.11058187,2,#fc8d62,car
65655,9,1,87,177,2016,3,6,4,3,1,6,0,0,0,1,0,0,0,0,736046777.0,5304269318.0,12.155279691,47.84837905,2,#fc8d62,car
65658,9,1,78,144,2016,3,18,6,3,6,4,1,0,0,1,1,0,0,0,707089.5447,5379761.0833,11.805527375,48.536746664,2,#fc8d62,car
65672,9,1,84,123,2016,3,14,5,3,1,3,0,0,0,1,0,0,1,0,702635.9339,5331979.5495,11.722302528,48.108815276,2,#fc8d62,car
65673,9,7,61,0,2016,3,16,3,3,2,6,0,1,0,1,0,0,0,0,641131.8952,5356586.9957,10.90479966,48.346683565,2,#fc8d62,car
65674,9,1,88,145,2016,3,5,3,3,0,1,2,0,0,1,0,0,0,0,664466.9286,5328191.5422,11.208504306,48.085760647,2,#fc8d62,car
65676,9,7,62,0,2016,3,19,3,3,2,6,1,1,0,1,0,0,0,0,623183.5727,5306264.7407,10.648126587,47.897879455,2,#fc8d62,car
65677,9,1,88,141,2016,3,11,3,3,9,1,0,2,0,1,0,0,0,0,666888.6854,5309592.9318,11.233764783,47.917923834,2,#fc8d62,car
65678,9,1,87,182,2016,3,14,5,3,2,6,0,0,0,1,0,0,0,0,737464.5938,5327690.4446,12.187126843,48.058257875,2,#fc8d62,car
65679,9,1,62,0,2016,3,20,5,3,0,1,2,0,0,0,0,1,0,0,691540.7947,5331949.5134,11.573392342,48.111978324,4,#e78ac3,marker
65682,9,1,79,145,2016,3,19,3,3,5,3,2,1,0,1,0,0,0,0,673604808.0,5336458954.0,11.334474247,48.157657834,2,#fc8d62,car
65683,9,1,62,0,2016,3,16,4,3,2,6,0,0,0,1,0,0,0,0,686966.4209,5335136.3703,11.513394752,48.141982081,2,#fc8d62,car
65688,9,1,79,142,2016,3,15,5,3,2,6,0,0,0,1,0,0,0,1,676310.9934,5343305.8441,11.373674426,48.218461124,2,#fc8d62,car
65691,9,7,71,130,2016,3,17,5,3,2,6,0,0,0,1,0,0,0,0,645840.1111,5357811.7209,10.968730481,48.356625955,2,#fc8d62,car
65692,9,7,77,158,2016,3,7,4,3,8,1,0,2,0,1,0,0,0,0,618474.7638,5312241.6213,10.586794522,47.952521463,2,#fc8d62,car
65696,9,1,79,126,2016,3,10,3,3,0,1,0,1,1,0,0,0,0,0,676125.6447,5340492.1323,11.370013448,48.193219711,1,#66c2a5,bicycle
65700,9,1,84,130,2016,3,7,4,3,2,6,0,0,0,1,0,0,0,0,697637.3505,5342287.2558,11.660012679,48.203023716,2,#fc8d62,car
65705,9,1,81,114,2016,3,12,3,3,4,6,0,2,0,1,0,0,0,0,652766.3296,5311960.4969,11.04571057,47.942732366,2,#fc8d62,car
65711,9,1,74,113,2016,3,16,3,3,9,1,0,1,0,1,0,0,0,0,679942.1108,5343988.4091,11.422804913,48.223577254,2,#fc8d62,car
65713,9,1,77,115,2016,3,15,3,3,0,1,0,1,1,1,0,0,0,0,733548.5032,5351280.5617,12.147601966,48.271622237,1,#66c2a5,bicycle
65722,9,1,84,139,2016,3,12,2,2,2,6,0,0,0,1,0,0,1,0,687062.5289,5325662.8104,11.51053351,48.056801975,2,#fc8d62,car
65725,9,1,78,124,2016,3,7,6,2,5,3,0,0,0,1,0,0,0,0,701388849.0,5365560317.0,11.721551398,48.410990262,2,#fc8d62,car
65728,9,7,61,0,2016,3,11,3,3,3,3,0,1,0,1,0,0,1,0,640001.5293,5355848.8254,10.88930683,48.340297677,2,#fc8d62,car
65729,9,1,62,0,2016,3,8,2,3,2,6,0,0,0,1,0,0,0,0,688691.2513,5337391.1752,11.537557873,48.16173935,2,#fc8d62,car
65731,9,7,78,137,2016,3,19,5,3,9,6,2,0,0,1,0,0,0,0,623062.7766,5329199087.0,10.653089374,48.104161557,2,#fc8d62,car
65732,9,2,61,0,2016,3,18,4,3,2,6,2,0,0,1,0,0,0,0,731815.6949,5379814.6669,12.140036389,48.528583459,2,#fc8d62,car
65733,9,1,62,0,2016,3,14,5,3,6,4,0,0,0,1,1,0,0,0,684575.4462,5342933.6413,11.484670566,48.212765581,2,#fc8d62,car
65736,9,1,84,119,2016,3,13,2,3,5,3,0,0,1,1,0,0,0,0,696961205.0,5347637401.0,11.653408576,48.251316546,1,#66c2a5,bicycle
65737,9,1,88,126,2016,3,9,5,3,6,5,0,0,0,0,1,0,0,1,659907.8571,5326473.9762,11.146686305,48.071478447,3,#8da0cb,toilet
65742,9,7,61,0,2016,3,13,5,3,5,3,0,0,1,1,0,0,0,0,639732.3662,5360836363.0,10.887333189,48.385203878,1,#66c2a5,bicycle
65747,9,1,84,123,2016,3,11,2,3,5,2,0,0,0,1,0,0,0,0,703692.8577,5331715.6347,11.736358975,48.106106458,2,#fc8d62,car
65754,9,1,62,0,2016,3,15,4,3,5,2,0,0,0,1,0,0,0,0,681137.4428,5335220.9826,11.435146224,48.144428893,2,#fc8d62,car
65757,9,1,86,126,2016,3,13,4,2,8,1,0,0,0,1,0,0,0,0,689034.2839,5376997.0457,11.559938788,48.517604148,2,#fc8d62,car
65762,9,1,87,176,2016,3,8,4,3,2,2,0,1,0,1,0,0,0,0,738631.3247,5329995243.0,12.204046971,48.078526716,2,#fc8d62,car
65765,9,1,84,112,2016,3,0,6,3,9,1,2,0,0,1,0,0,0,0,703389.0528,5339012.4016,11.735766908,48.171777478,2,#fc8d62,car
65772,9,1,75,121,2016,3,17,4,3,5,2,0,0,0,1,0,0,0,0,713691.6349,5318998381.0,11.864161528,47.988556187,2,#fc8d62,car
65779,9,1,75,115,2016,3,8,6,3,2,6,0,0,0,1,0,0,0,0,720988.2815,5329416.8482,11.967201268,48.079688097,2,#fc8d62,car
65780,9,7,71,129,2016,3,14,3,3,8,7,0,2,0,1,0,0,0,0,653761.9921,5356940.3827,11.075280501,48.346912683,2,#fc8d62,car
65786,9,1,62,0,2016,3,18,5,3,3,6,1,0,0,1,0,0,0,0,692069.4468,5331394.5326,11.580237569,48.106831024,2,#fc8d62,car
65790,9,1,77,117,2016,3,18,5,3,1,6,2,0,0,1,0,0,0,0,715957.5855,5352995.8433,11.911731367,48.293276214,2,#fc8d62,car
65793,9,1,86,152,2016,3,12,4,3,2,6,0,0,0,1,0,0,0,0,691566.0962,5379331.3821,11.595261169,48.537815883,2,#fc8d62,car
65800,9,1,73,147,2016,3,16,2,3,0,7,0,0,1,0,0,0,0,0,681410.3804,5309521.6316,11.427930816,47.913339193,1,#66c2a5,bicycle
65804,9,1,74,113,2016,3,7,2,3,2,6,0,0,0,1,0,0,0,0,671387.8981,5347038.0929,11.308961379,48.253361063,2,#fc8d62,car
65805,9,1,77,124,2016,3,10,3,2,0,1,0,0,1,0,0,0,0,0,728712.1234,5366417.5932,12.090737416,48.409371655,1,#66c2a5,bicycle
65810,9,1,78,150,2016,3,11,7,3,2,6,0,0,0,1,0,0,0,0,691050251.0,5372396.7248,11.585106329,48.47564991,2,#fc8d62,car
65811,9,7,71,122,2016,3,15,6,2,3,6,0,0,0,1,0,0,0,1,653039.6346,5362028.99,11.067389503,48.392838492,2,#fc8d62,car
65814,9,1,62,0,2016,3,0,6,3,0,7,2,0,0,1,0,0,1,0,680642.4608,5339475.4946,11.430305038,48.182812731,2,#fc8d62,car
65826,9,1,75,121,2016,3,16,7,2,9,1,0,0,0,0,0,1,0,0,714705128.0,5320059.9889,11.878258814,47.997756274,4,#e78ac3,marker
65837,9,1,62,0,2016,3,15,6,3,5,3,0,0,1,1,0,0,0,0,684990.2601,5331972.5788,11.485481871,48.114121971,1,#66c2a5,bicycle
65840,9,1,86,151,2016,3,16,1,2,0,7,0,0,1,0,0,0,0,0,679186.2861,5376499.5236,11.426489611,48.516019749,1,#66c2a5,bicycle
65843,9,1,87,164,2016,3,13,1,3,5,3,0,0,1,1,0,0,0,0,736550.7955,5322495.4224,12.172013249,48.011928694,1,#66c2a5,bicycle
65846,9,1,62,0,2016,3,16,7,2,0,6,0,0,0,1,0,1,0,0,684518.2875,5332098.7755,11.479201333,48.115393219,2,#fc8d62,car
65847,9,1,79,121,2016,3,20,3,3,5,3,2,0,0,1,0,0,0,0,667656.9591,5338517932.0,11.255370411,48.177764033,2,#fc8d62,car
65849,9,7,71,130,2016,3,9,7,3,2,6,0,0,0,1,0,0,0,0,651945.0754,5356536.7857,11.050628906,48.343723669,2,#fc8d62,car
65851,9,1,75,124,2016,3,22,1,2,1,5,2,0,0,1,1,0,0,0,715065.6951,5328651.7277,11.887400016,48.07483799,2,#fc8d62,car
65854,9,7,73,122,2016,3,19,7,2,4,6,2,0,0,1,0,1,0,0,625564.1676,5382989.8931,10.702716645,48.587398177,2,#fc8d62,car
65862,9,1,74,115,2016,3,9,2,2,8,1,0,0,0,0,0,1,0,0,682677.9376,5350819.6358,11.462554507,48.284197748,4,#e78ac3,marker
65869,9,1,78,124,2016,3,15,7,3,2,6,0,0,0,1,0,1,0,0,697374.2147,5361544.7977,11.665472837,48.376173447,2,#fc8d62,car
65870,9,7,72,200,2016,3,16,6,3,4,2,0,0,0,1,0,1,0,0,624401194.0,5341538475.0,10.674669064,48.214870889,2,#fc8d62,car
65873,9,1,88,144,2016,3,13,6,3,2,6,0,0,0,1,0,0,0,0,668437.2552,5329008.1576,11.262098403,48.092065342,2,#fc8d62,car
65880,9,1,74,135,2016,3,12,6,3,2,6,0,0,0,1,0,0,0,1,663162.4648,5353363.5612,11.20067671,48.312398835,2,#fc8d62,car
65883,9,7,71,176,2016,3,14,1,2,0,7,0,0,0,0,0,1,0,0,643466.1355,5383781.3871,10.945613309,48.59067016,4,#e78ac3,marker
65890,9,1,62,0,2016,3,7,6,3,5,3,0,0,1,1,0,0,0,0,694984884.0,5332997.2736,11.620093782,48.120350145,1,#66c2a5,bicycle
65901,9,1,78,155,2016,3,15,1,3,0,1,0,0,0,0,0,1,0,0,718318.1288,5376276.8725,11.955616833,48.501637848,4,#e78ac3,marker
65910,9,1,84,114,2016,3,6,6,3,9,7,0,0,0,1,0,0,0,0,698322.9849,5322136.6932,11.659861114,48.021711368,2,#fc8d62,car
65911,9,1,78,120,2016,3,15,1,3,2,6,0,0,1,1,0,1,0,0,694404.5641,5352603.2458,11.621287221,48.296735576,1,#66c2a5,bicycle
65914,9,7,71,111,2016,3,11,7,3,3,1,0,0,0,1,0,0,0,0,657990.7927,5357824.3882,11.132646585,48.353816714,2,#fc8d62,car
65917,9,1,87,179,2016,3,12,7,3,0,1,0,0,0,0,0,1,0,0,723473.3395,5312445.7828,11.991683043,47.926339321,4,#e78ac3,marker
65918,9,7,78,203,2016,3,12,6,3,1,6,0,0,0,1,0,0,0,0,620756832.0,5322159406.0,10.620137731,48.041291749,2,#fc8d62,car
65923,9,1,74,113,2016,3,8,6,3,2,6,0,0,0,1,0,0,0,0,679252.1737,5341960.3841,11.412666837,48.205542931,2,#fc8d62,car
65924,9,1,63,0,2016,3,6,6,3,5,2,0,0,0,1,0,1,0,0,734285758.0,5304535447.0,12.131920417,47.85141411,2,#fc8d62,car
65927,9,7,78,209,2016,3,9,2,3,0,7,0,0,0,0,0,1,0,0,618421.2242,5325818.4729,10.58982768,48.074637579,4,#e78ac3,marker
65929,9,1,74,146,2016,3,9,2,3,3,6,0,0,0,1,0,0,0,0,667815.9108,5350378722.0,11.262204141,48.28434841,2,#fc8d62,car
65930,9,1,75,132,2016,3,7,3,3,5,2,0,0,0,1,0,0,0,1,707239.4724,5336745.6836,11.786391365,48.150164416,2,#fc8d62,car
65932,9,7,61,0,2016,3,1,7,3,2,6,2,0,1,0,0,0,0,0,641046.3002,5360586.9306,10.904986315,48.382668653,1,#66c2a5,bicycle
65935,9,1,74,135,2016,3,20,7,3,2,1,2,0,0,1,0,0,1,0,663438.0572,5353101.1274,11.20428928,48.309968387,2,#fc8d62,car
65939,9,1,74,135,2016,3,16,6,3,3,6,0,0,0,1,0,1,0,0,662247.8472,5354089.1968,11.188629184,48.319157689,2,#fc8d62,car
65945,9,1,62,0,2016,3,15,6,3,2,6,0,0,0,1,0,0,0,0,687598934.0,5333266.5866,11.521065781,48.124989807,2,#fc8d62,car
65950,9,1,63,0,2016,3,12,7,2,0,1,0,0,1,0,0,0,0,0,733788.7423,5303915.2167,12.12495149,47.846022895,1,#66c2a5,bicycle
65952,9,1,77,131,2016,3,15,7,2,0,2,0,0,0,0,0,1,0,1,709540.0227,5347163.88,11.822425583,48.243028372,4,#e78ac3,marker
65956,9,2,74,128,2016,3,14,3,3,5,7,0,0,0,1,0,0,0,0,735124.9647,5386295.8099,12.188450091,48.58556897,2,#fc8d62,car
65959,9,2,61,0,2016,3,10,1,3,5,3,0,0,0,1,0,0,0,0,732795116.0,5383060.9456,12.155095842,48.557381363,2,#fc8d62,car
65961,9,1,75,132,2016,3,14,1,3,5,3,0,0,0,1,0,0,0,0,707240.7515,5336739.3842,11.786405475,48.150107391,2,#fc8d62,car
65964,9,1,85,131,2016,3,14,1,3,8,7,0,0,0,1,0,0,0,0,665337.6919,5377618.3378,11.239554909,48.52987645,2,#fc8d62,car
65970,9,1,62,0,2016,3,14,7,3,4,2,0,0,0,1,0,0,0,0,687777.4569,5335018.7197,11.524234702,48.140685768,2,#fc8d62,car
65971,9,1,79,145,2016,3,10,3,3,5,2,0,0,0,1,0,0,0,0,673192.7508,5335617.9246,11.328595749,48.150209761,2,#fc8d62,car
65973,9,7,71,122,2016,3,16,7,3,0,1,0,0,1,0,0,0,0,0,648396.1718,5359600.9161,11.003844787,48.372117269,1,#66c2a5,bicycle
65976,9,1,86,152,2016,3,9,7,3,2,6,0,0,0,1,0,0,0,0,691444.6714,5380112.8498,11.593976985,48.544876073,2,#fc8d62,car
65988,9,1,81,139,2016,3,18,2,3,5,3,0,0,0,1,0,1,0,0,655256.3434,5323595.9856,11.083240737,48.046751385,2,#fc8d62,car
65989,9,1,62,0,2016,3,17,2,3,2,6,1,0,0,1,0,0,0,0,694991.3706,5333027.6624,11.620194749,48.12062128,2,#fc8d62,car
65995,9,1,86,152,2016,3,11,7,3,2,6,0,0,0,1,0,0,0,0,691522.7167,5373815.2288,11.592142404,48.488254602,2,#fc8d62,car
65996,9,7,72,126,2016,3,16,6,2,0,1,0,0,0,0,0,1,0,0,627013.2613,5366265.2859,10.717266858,48.436712898,4,#e78ac3,marker
65999,9,1,81,128,2016,3,7,6,3,5,3,0,0,1,1,0,0,0,0,639258.7252,5327930.4965,10.87012077,48.089419469,1,#66c2a5,bicycle
66004,9,1,81,141,2016,3,7,6,3,9,1,0,1,0,0,0,1,0,0,642135.7269,5318890.7442,10.90573206,48.007497814,4,#e78ac3,marker
66007,9,7,61,0,2016,3,16,1,3,6,4,0,0,0,0,1,1,0,0,641467.51,5358575453.0,10.909995117,48.36448795,3,#8da0cb,toilet
66013,9,1,82,133,2016,3,14,7,2,5,3,0,0,0,1,0,1,0,0,705884.9316,5311161.2896,11.755903704,47.920685898,2,#fc8d62,car
66014,9,1,62,0,2016,3,9,6,3,2,6,0,0,0,1,0,0,0,0,687009.6235,5331327.0953,11.512303629,48.10773038,2,#fc8d62,car
66015,9,1,84,139,2016,3,11,6,3,4,2,0,0,0,1,0,1,0,0,687463.7949,5326616.9889,11.516331661,48.065260767,2,#fc8d62,car
66019,9,1,90,159,2016,3,8,3,3,2,6,0,0,0,1,0,0,0,0,662444.4887,5304554593.0,11.172428587,47.873766125,2,#fc8d62,car
66026,9,1,78,124,2016,3,19,1,3,2,6,2,0,0,1,0,0,0,0,700470.0559,5357190.5405,11.70515918,48.336067762,2,#fc8d62,car
66029,9,1,82,120,2016,3,16,1,2,8,1,0,0,0,1,0,0,0,0,703222.6264,5305760.4568,11.717765603,47.872996816,2,#fc8d62,car
66034,9,1,78,123,2016,3,18,1,3,2,3,1,0,1,1,0,0,0,0,689256897.0,5358810763.0,11.554736973,48.35408752,1,#66c2a5,bicycle
66035,9,1,86,162,2016,3,6,3,3,2,6,1,0,0,1,0,0,0,0,689207.3408,5384784.7266,11.565818637,48.587542255,2,#fc8d62,car
66047,9,1,77,116,2016,3,0,2,3,3,6,2,0,0,1,0,0,1,0,711129.5418,5364218.9691,11.852345923,48.395750582,2,#fc8d62,car
66052,9,1,63,0,2016,3,17,7,3,5,3,0,0,0,1,0,0,0,0,732650.6021,5307191.3218,12.111524159,47.875868696,2,#fc8d62,car
66054,9,1,84,145,2016,3,19,7,3,4,7,2,0,0,1,0,0,0,0,698109.0285,5324410.9171,11.65804645,48.04221721,2,#fc8d62,car
66056,9,1,79,128,2016,3,23,3,2,8,1,2,0,0,1,0,0,0,0,657806.9166,5343172.9466,11.124692878,48.222138538,2,#fc8d62,car
66058,9,7,72,125,2016,3,13,7,3,3,6,0,0,0,1,0,1,0,0,637202.5897,5347001.4503,10.848680305,48.261355972,2,#fc8d62,car
66061,9,1,86,125,2016,3,20,7,3,2,7,2,0,0,1,0,0,0,0,676110.0858,5376981.6342,11.385074039,48.521223468,2,#fc8d62,car
66065,9,1,74,150,2016,3,11,6,3,5,2,0,0,1,1,0,0,0,0,680973.8419,5359207.2712,11.443204454,48.360079462,1,#66c2a5,bicycle
66072,9,1,62,0,2016,3,12,6,3,0,6,0,0,0,1,0,0,0,1,693428.4055,5331501.3701,11.598522691,48.107380079,2,#fc8d62,car
66076,9,1,77,119,2016,3,16,7,2,5,3,0,0,0,1,0,1,0,0,721162.3754,5340941.0386,11.975516659,48.18317097,2,#fc8d62,car
66077,9,7,61,0,2016,3,6,6,3,2,6,0,1,0,1,0,0,0,0,642773.6984,5357573003.0,10.927279869,48.355180322,2,#fc8d62,car
66085,9,1,78,145,2016,3,17,1,3,1,6,0,0,0,1,0,0,0,0,697710.0593,5356638.7417,11.667698938,48.331978287,2,#fc8d62,car
66094,9,1,74,135,2016,3,12,6,2,2,6,0,0,0,1,0,0,1,0,663184.7304,5353342.8579,11.200968782,48.312206966,2,#fc8d62,car
66095,9,1,62,0,2016,3,20,7,3,5,3,2,0,0,1,0,0,0,0,694822.6763,5332436.9315,11.617660472,48.115363665,2,#fc8d62,car
66098,9,7,71,122,2016,3,13,7,3,2,6,0,0,0,1,0,0,0,0,652266.3591,5362369.5406,11.057073934,48.39608748,2,#fc8d62,car
66107,9,1,74,135,2016,3,19,6,3,5,3,2,0,0,1,0,0,0,0,662321.6636,5353362.3327,11.189344439,48.312604152,2,#fc8d62,car
66110,9,1,81,127,2016,3,16,5,3,2,6,0,0,0,1,0,0,0,0,631802.7857,5322188.9599,10.768275138,48.039372608,2,#fc8d62,car
66112,9,7,61,0,2016,3,12,7,3,2,6,0,0,0,1,0,0,0,0,640587.5619,5360234.7032,10.898676262,48.379603949,2,#fc8d62,car
66114,9,1,62,0,2016,3,15,2,3,3,6,0,0,1,0,0,0,0,0,698579.7301,5333110.5199,11.668398151,48.12025698,1,#66c2a5,bicycle
66115,9,1,88,126,2016,3,17,2,3,2,6,0,0,0,1,0,0,0,0,658880.9373,5327262.0923,11.133203338,48.078820917,2,#fc8d62,car
66117,9,1,79,142,2016,3,16,7,3,3,6,0,0,0,1,0,1,0,0,672808.6523,5341767.3486,11.325936415,48.205594439,2,#fc8d62,car
66120,9,1,78,143,2016,3,7,3,3,8,1,0,0,0,1,0,0,0,0,712803.2149,5373926.7645,11.879857785,48.482413991,2,#fc8d62,car
66122,9,1,87,179,2016,3,15,6,3,5,3,0,1,0,1,0,0,0,0,727259.5257,5315394.4874,12.043852272,47.951501338,2,#fc8d62,car
66125,9,1,62,0,2016,3,12,4,3,2,6,0,0,0,1,0,0,0,0,699699.0978,5332944.4215,11.683344706,48.118414165,2,#fc8d62,car
66126,9,7,71,156,2016,3,13,3,3,5,3,0,0,1,1,0,0,0,0,654446.1604,5383259.4048,11.094224703,48.583366074,1,#66c2a5,bicycle
66130,9,7,72,159,2016,3,14,1,3,4,6,0,0,0,1,0,0,0,0,625949275.0,5361252.3442,10.70138288,48.391847448,2,#fc8d62,car
66134,9,1,77,144,2016,3,12,2,3,0,1,0,0,1,0,0,0,0,0,718039.7984,5347542.5845,11.936956195,48.243565275,1,#66c2a5,bicycle
66136,9,7,61,0,2016,3,10,6,3,0,7,0,0,0,1,0,0,0,0,639674.6626,5352490.6184,10.883785574,48.310173686,2,#fc8d62,car
66140,9,1,79,121,2016,3,23,6,3,5,3,2,1,0,1,0,0,0,0,666122.6126,5338494.8575,11.234737281,48.177959583,2,#fc8d62,car
66143,9,7,61,0,2016,3,19,4,2,5,2,2,0,0,1,0,0,0,0,641386.4838,5357502.8451,10.908541362,48.354861617,2,#fc8d62,car
66155,9,1,81,141,2016,3,14,1,3,4,6,0,0,0,1,0,0,0,0,643879.5579,5320122.1084,10.929512589,48.018180152,2,#fc8d62,car
66158,9,1,84,114,2016,3,12,3,3,2,6,0,0,0,1,0,0,0,1,701072.94,5314722.7602,11.693229546,47.954221093,2,#fc8d62,car
66160,9,1,63,0,2016,3,15,5,3,0,1,0,0,1,0,0,0,0,0,732650.1206,5307190.6373,12.111517361,47.875862721,1,#66c2a5,bicycle
66162,9,7,72,147,2016,3,11,7,3,2,6,0,0,0,1,0,0,0,0,638131.5753,5365111398.0,10.867130609,48.423996592,2,#fc8d62,car
66164,9,1,84,137,2016,3,7,2,3,4,7,0,1,0,1,0,0,0,1,707718.8917,5315688.9845,11.782607018,47.960783312,2,#fc8d62,car
66165,9,1,85,113,2016,3,18,2,2,3,6,0,0,1,0,0,0,0,0,669351266.0,5376525.4125,11.29343144,48.518981914,1,#66c2a5,bicycle
66167,9,1,86,152,2016,3,18,7,2,7,7,1,0,0,0,0,1,0,0,690885.8125,5373890.6945,11.583565912,48.489126559,4,#e78ac3,marker
66179,9,1,81,130,2016,3,16,5,3,5,2,0,0,0,1,0,0,0,1,641905.6479,5323602.3881,10.904209611,48.049916845,2,#fc8d62,car
66180,9,1,78,145,2016,3,13,5,3,1,6,0,0,0,1,0,0,0,0,698301.4037,5356729.4431,11.675711586,48.332608158,2,#fc8d62,car
66181,9,1,90,144,2016,3,12,1,3,3,2,0,0,1,0,0,1,0,0,657644.4199,5309526.8417,11.110097716,47.919669132,1,#66c2a5,bicycle
66185,9,1,79,123,2016,3,10,2,3,5,2,0,0,0,1,0,0,0,0,676846.6573,5333345.9172,11.376736074,48.128780775,2,#fc8d62,car
66187,9,1,77,118,2016,3,15,7,3,0,1,0,0,0,0,0,1,0,0,707966.9109,5344294.5017,11.799854729,48.21776188,4,#e78ac3,marker
66192,9,7,73,182,2016,3,19,5,2,9,7,2,0,0,1,0,0,0,0,622555.6041,5379830.8572,10.661006004,48.559586476,2,#fc8d62,car
66196,9,1,62,0,2016,3,16,3,3,1,6,0,0,0,1,0,0,0,1,685568.6631,5342895.3843,11.498010908,48.212132095,2,#fc8d62,car
66201,9,1,74,141,2016,3,14,5,3,4,6,0,0,0,1,0,0,0,0,683632772.0,5355655329.0,11.477517533,48.327386141,2,#fc8d62,car
66202,9,1,78,113,2016,3,7,5,3,5,3,0,0,1,1,0,0,0,0,691869.7489,5367360.2049,11.593875027,48.430136022,1,#66c2a5,bicycle
66209,9,1,62,0,2016,3,22,1,3,1,6,2,1,0,1,0,0,0,0,679055754.0,5334707906.0,11.40697077,48.140406151,2,#fc8d62,car
66211,9,7,71,130,2016,3,7,6,3,5,3,0,0,0,1,0,0,0,0,645049452.0,5358495684.0,10.95829947,48.362957836,2,#fc8d62,car
66214,9,1,84,149,2016,3,16,5,3,4,2,0,0,0,1,0,0,0,0,691164401.0,5352534449.0,11.577613109,48.297104345,2,#fc8d62,car
66219,9,1,73,130,2016,3,13,4,3,5,6,0,0,0,1,0,0,0,0,679412093.0,5310721.4585,11.40171033,47.924687058,2,#fc8d62,car
66222,9,1,84,132,2016,3,14,4,3,3,7,0,1,0,1,0,0,0,0,683145.7515,5325145.7548,11.457796453,48.053290414,2,#fc8d62,car
66228,9,1,78,120,2016,3,23,1,3,5,3,2,1,0,1,0,0,0,0,694414.2405,5353171479.0,11.621679207,48.301839479,2,#fc8d62,car
66232,9,1,87,134,2016,3,18,3,3,5,3,0,0,0,1,0,1,0,0,737168592.0,5319845785.0,12.17882027,47.987897248,2,#fc8d62,car
66242,9,1,77,115,2016,3,15,3,3,2,2,0,0,0,1,0,0,0,0,733566.0337,5351327.1389,12.147863583,48.272034184,2,#fc8d62,car
66247,9,1,88,139,2016,3,5,3,3,8,1,2,0,0,1,0,0,0,0,674157.7992,5317501451.0,11.334179742,47.987086748,2,#fc8d62,car
66250,9,7,78,111,2016,3,10,5,2,5,3,0,0,1,1,0,0,0,0,624591069.0,5324700826.0,10.672297605,48.063410637,1,#66c2a5,bicycle
66253,9,1,79,126,2016,3,12,5,3,4,2,0,0,0,1,0,1,0,0,676326.0726,5340416.2825,11.372676588,48.19248227,2,#fc8d62,car
66254,9,1,75,139,2016,3,17,5,3,2,3,1,0,0,1,0,0,0,0,710111.0105,5330697274.0,11.821970756,48.094871068,2,#fc8d62,car
66260,9,7,61,0,2016,3,9,7,3,5,2,0,1,0,1,0,0,0,0,641898.7442,5357635.6539,10.915497007,48.355940876,2,#fc8d62,car
66262,9,1,84,123,2016,3,11,2,2,8,7,0,0,0,1,0,0,0,0,703806.9332,5334444.5774,11.739193956,48.130594198,2,#fc8d62,car
66263,9,1,86,144,2016,3,14,2,2,2,1,0,0,0,1,0,0,0,0,683304.7479,5385630.6885,11.486227307,48.596900647,2,#fc8d62,car
66268,9,1,78,116,2016,3,20,3,3,0,1,2,0,0,1,0,0,0,0,701376.8729,5381064.0225,11.728857987,48.550314175,2,#fc8d62,car
66273,9,1,62,0,2016,3,22,4,3,5,3,2,0,0,1,0,1,0,0,686184937.0,5335220728.0,11.502936546,48.142969485,2,#fc8d62,car