OBJECTID,ULAND,UREGBEZ,UKREIS,UGEMEINDE,UJAHR,UMONAT,USTUNDE,UWOCHENTAG,UKATEGORIE,UART,UTYP1,ULICHTVERH,STRZUSTAND,IstRad,IstPKW,IstFuss,IstKrad,IstGkfz,IstSonstig,LINREFX,LINREFY,XGCSWGS84,YGCSWGS84,Teilnehmer,color,symbol
66275,9,1,74,113,2016,3,22,1,3,9,1,2,1,0,1,0,0,0,0,673728.6893,5345413.7758,11.339803251,48.238122268,2,#fc8d62,car
66281,9,1,62,0,2016,3,6,5,3,3,2,0,0,0,1,0,0,0,0,691256.9294,5331935.9653,11.569576455,48.111941858,2,#fc8d62,car
66283,9,1,78,113,2016,3,11,2,3,2,6,0,0,0,1,0,0,0,0,691603.6437,5365980435.0,11.589650947,48.417816592,2,#fc8d62,car
66285,9,1,84,147,2016,3,17,6,3,2,6,0,1,0,1,0,0,0,0,695784.0766,5340326.8968,11.634192992,48.185979458,2,#fc8d62,car
66289,9,1,81,145,2016,3,20,6,2,9,1,2,1,0,1,0,0,0,0,647558.7709,5330107.1601,10.982268334,48.107123722,2,#fc8d62,car
66292,9,7,72,207,2016,3,9,4,3,4,6,0,0,0,1,0,0,0,0,639467.5877,5380817308.0,10.890423987,48.564922237,2,#fc8d62,car
66300,9,1,82,133,2016,3,10,4,3,2,6,0,0,0,1,0,0,0,0,703929.5187,5307975.1838,11.728253772,47.892676875,2,#fc8d62,car
66302,9,1,88,141,2016,3,14,1,3,2,6,0,0,0,1,0,0,0,0,670739.8665,5309453.2485,11.28521464,47.915654155,2,#fc8d62,car
66305,9,1,84,114,2016,3,10,3,3,2,6,0,1,0,1,0,0,0,1,700641222.0,5315894.5155,11.688000202,47.96488745,2,#fc8d62,car
66309,9,7,72,200,2016,3,10,7,2,4,2,0,0,0,1,0,0,0,0,631008.8607,5339679.1359,10.763003694,48.196820793,2,#fc8d62,car
66311,9,1,62,0,2016,3,1,2,3,2,6,2,1,0,1,0,0,0,1,688696.5146,5337007.8202,11.537458544,48.158292154,2,#fc8d62,car
66314,9,1,86,152,2016,3,15,7,3,4,6,0,0,0,1,0,0,0,0,696045.3638,5375655.2998,11.654149709,48.503396698,2,#fc8d62,car
66317,9,1,62,0,2016,3,9,3,3,9,1,0,1,0,1,0,0,0,0,698848.1059,5335048.3811,11.672904587,48.137589148,2,#fc8d62,car
66329,9,1,62,0,2016,3,14,5,3,2,6,0,0,0,1,0,0,0,0,687328.5789,5333159.6793,11.517389243,48.124108502,2,#fc8d62,car
66330,9,1,78,120,2016,3,6,5,3,3,6,0,1,0,1,0,0,1,0,694820.7213,5353613.7957,11.627358775,48.305689658,2,#fc8d62,car
66333,9,1,81,145,2016,3,9,4,2,5,3,0,1,0,1,0,0,0,0,642299.5764,5334468.6226,10.913115643,48.147538532,2,#fc8d62,car
66334,9,1,84,148,2016,3,13,2,3,0,7,0,0,1,0,0,1,0,0,695046.0348,5327154.7877,11.618245599,48.067821345,1,#66c2a5,bicycle
66335,9,1,88,144,2016,3,15,2,2,8,1,0,0,0,0,0,1,0,0,668931.8158,5325462.3715,11.267333257,48.060057791,4,#e78ac3,marker
66337,9,1,78,113,2016,3,15,7,3,2,6,0,0,0,1,0,0,0,0,691522.5005,5369462.0624,11.590146394,48.449131717,2,#fc8d62,car
66341,9,1,87,150,2016,3,19,6,3,9,1,2,1,0,1,0,0,0,0,728984.9909,5304332.5501,12.061058413,47.851501305,2,#fc8d62,car
66342,9,7,73,182,2016,3,15,5,3,5,2,0,0,0,1,0,0,0,0,624762.6579,5379617.2991,10.690840909,48.557230758,2,#fc8d62,car
66346,9,1,79,121,2016,3,17,4,3,5,3,0,1,1,1,0,0,0,0,667584.6247,5338492.8134,11.254388224,48.1775573,1,#66c2a5,bicycle
66349,9,1,74,126,2016,3,17,5,3,5,3,0,0,1,1,0,0,0,0,683259374.0,5344316.9277,11.467569134,48.225580614,1,#66c2a5,bicycle
66350,9,1,78,157,2016,3,7,5,3,8,1,0,1,0,1,0,0,0,0,704265.0266,5372132.6552,11.763577312,48.46912403,2,#fc8d62,car
66353,9,1,75,118,2016,3,19,4,3,3,6,2,0,0,1,0,0,1,0,716064.1141,5340331.0142,11.906707225,48.179443845,2,#fc8d62,car
66355,9,1,75,124,2016,3,18,4,3,5,3,0,0,0,1,0,1,0,0,715044.7212,5328658.6911,11.887122301,48.074907633,2,#fc8d62,car
66357,9,1,75,115,2016,3,16,2,3,1,2,0,0,0,1,0,0,0,1,723115.9428,5329900.4025,11.995981502,48.083291862,2,#fc8d62,car
66359,9,7,72,157,2016,3,13,6,2,9,6,0,1,0,1,0,0,0,0,627092.2849,5334739.6618,10.708845442,48.15319664,2,#fc8d62,car
66363,9,1,84,130,2016,3,17,6,3,3,1,1,1,0,1,0,0,0,0,696705.8091,5342980.9934,11.64781051,48.209547795,2,#fc8d62,car
66366,9,7,71,155,2016,3,8,4,2,8,1,0,1,0,1,0,0,0,0,647619.7291,5378768352.0,11.000127989,48.544633718,2,#fc8d62,car
66367,9,1,62,0,2016,3,10,3,3,5,3,0,0,0,1,0,0,0,0,688686.0412,5336971.0808,11.537301555,48.157965044,2,#fc8d62,car
66376,9,1,62,0,2016,3,1,1,2,8,1,2,1,0,1,0,0,0,0,685216.3375,5342670.4255,11.493174568,48.210213006,2,#fc8d62,car
66377,9,1,84,123,2016,3,16,3,2,1,2,0,0,1,1,0,0,0,0,702121.2642,5332181177.0,11.715491815,48.110790791,1,#66c2a5,bicycle
66386,9,1,62,0,2016,3,8,3,3,2,6,0,0,0,1,0,1,0,0,686202.8143,5335218.4775,11.503175653,48.142944025,2,#fc8d62,car
66389,9,1,84,114,2016,3,10,7,3,2,6,0,0,0,1,0,0,0,0,699458.8428,5319904.1303,11.674039554,48.001292966,2,#fc8d62,car
66396,9,1,81,133,2016,3,13,5,2,3,6,0,0,0,1,0,0,1,0,645983.0335,5311891.7891,10.954907406,47.94369626,2,#fc8d62,car
66397,9,1,77,117,2016,3,8,5,3,1,6,0,0,0,1,0,0,0,0,716328.4374,5354869.6544,11.917684937,48.309985842,2,#fc8d62,car
66400,9,1,62,0,2016,3,8,3,3,2,6,0,0,0,1,0,0,0,0,685157.9786,5328921.6431,11.486409509,48.086649765,2,#fc8d62,car
66402,9,1,62,0,2016,3,8,2,3,8,1,0,1,0,1,0,0,0,0,695449.2723,5344285.9519,11.63151648,48.221664055,2,#fc8d62,car
66404,9,1,77,117,2016,3,8,7,3,5,3,0,1,0,1,0,0,0,0,714725.9547,5355300.9951,11.896320097,48.314407499,2,#fc8d62,car
66408,9,7,61,0,2016,3,15,7,3,3,2,0,0,1,1,0,0,0,0,642148.2439,5359002.4023,10.919324853,48.368173966,1,#66c2a5,bicycle
66409,9,1,62,0,2016,3,10,3,3,0,7,0,0,1,0,0,0,0,0,699727.9959,5332953.0377,11.683736602,48.118482537,1,#66c2a5,bicycle
66410,9,1,62,0,2016,3,19,2,3,5,3,0,0,0,1,0,0,0,0,688869.2778,5340135.2046,11.541168738,48.186349989,2,#fc8d62,car
66411,9,1,86,143,2016,3,16,2,3,2,7,0,0,0,1,0,0,0,0,684528.2493,5383572.8265,11.501891922,48.578045921,2,#fc8d62,car
66416,9,1,75,139,2016,3,17,3,3,2,6,0,1,0,1,0,0,0,0,709222.2435,5329327.2194,11.80937762,48.082851839,2,#fc8d62,car
66418,9,1,63,0,2016,3,12,6,3,5,2,0,0,0,1,0,0,0,0,733759.7941,5303290.9335,12.124228025,47.840424834,2,#fc8d62,car
66419,9,7,62,0,2016,3,16,5,2,2,6,0,0,0,1,0,1,0,0,622573.1037,5306573.9395,10.640050175,47.900777201,2,#fc8d62,car
66421,9,1,77,117,2016,3,8,5,2,4,6,0,1,0,1,0,0,0,0,718256.9787,5351194.7362,11.941761324,48.276304826,2,#fc8d62,car
66423,9,1,86,152,2016,3,13,1,3,0,7,0,0,0,1,0,1,0,0,696340.0351,5377989.2919,11.659232818,48.52427953,2,#fc8d62,car
66429,9,1,62,0,2016,3,11,5,3,2,6,0,0,0,1,0,0,0,0,701516.2638,5332282.0086,11.707420714,48.111888649,2,#fc8d62,car
66433,9,1,81,127,2016,3,12,6,2,8,7,0,1,0,1,0,0,0,0,635016016.0,5322968.0226,10.811607704,48.045706991,2,#fc8d62,car
66434,9,7,71,130,2016,3,9,5,3,2,6,0,0,0,1,0,0,0,0,647386.8504,5362803.4673,10.991347622,48.401148388,2,#fc8d62,car
66436,9,7,61,0,2016,3,13,4,3,2,6,0,0,0,1,0,0,1,0,639710.1785,5352635.3148,10.884312224,48.311466926,2,#fc8d62,car
66437,9,7,77,114,2016,3,22,3,3,8,1,2,0,0,1,0,0,0,0,614237.5139,5315240845.0,10.530861252,47.980266499,2,#fc8d62,car
66443,9,1,62,0,2016,3,15,7,3,2,6,0,0,0,1,0,1,0,0,694744.0545,5332232.6489,11.616511962,48.113551698,2,#fc8d62,car
66444,9,7,77,182,2016,3,18,3,2,5,3,1,0,1,1,0,0,0,0,627381814.0,5310198225.0,10.705433762,47.932434814,1,#66c2a5,bicycle
66445,9,1,90,115,2016,3,14,2,3,8,1,0,0,0,0,0,1,0,0,670250.7315,5301746.3446,11.275635325,47.846497137,4,#e78ac3,marker
66449,9,1,87,181,2016,3,14,3,3,4,6,0,0,0,1,0,0,0,0,737675.7625,5314390.0388,12.182592051,47.938698236,2,#fc8d62,car
66450,9,7,72,157,2016,3,6,3,3,5,3,1,0,0,1,0,0,1,0,627754.2099,5335705.7488,10.718031473,48.161751917,2,#fc8d62,car
66457,9,7,61,0,2016,3,18,3,3,3,2,1,0,0,1,0,1,0,0,638470.8616,5356011.6931,10.868715651,48.342099501,2,#fc8d62,car
66458,9,1,84,136,2016,3,11,2,3,5,3,0,0,0,1,0,0,0,1,697666.9414,5326715835.0,11.653186206,48.063069563,2,#fc8d62,car
66461,9,1,86,162,2016,3,11,7,2,8,1,0,0,0,1,0,1,0,0,691214.3149,5383694807.0,11.592504759,48.577137701,2,#fc8d62,car
66463,9,7,61,0,2016,3,11,2,3,5,3,0,0,0,1,0,0,0,0,640427.1508,5352401.9483,10.893899087,48.309209751,2,#fc8d62,car
66464,9,1,74,136,2016,3,8,3,3,6,2,0,0,0,1,1,0,0,0,682814.3937,5364712387.0,11.470423522,48.409030438,2,#fc8d62,car
66470,9,1,79,130,2016,3,14,5,3,8,2,0,0,0,1,0,0,1,0,659277.3141,5337129459.0,11.142208655,48.167436639,2,#fc8d62,car
66471,9,1,75,135,2016,3,10,5,3,5,3,0,1,0,1,0,0,0,0,709569.9,5339045512.0,11.81881836,48.170067276,2,#fc8d62,car
66473,9,1,82,123,2016,3,9,1,3,5,6,0,0,0,1,0,0,0,0,718343.8742,5302511.9928,11.918085547,47.838845063,2,#fc8d62,car
66474,9,7,72,202,2016,3,14,4,3,2,3,0,0,0,1,0,0,0,0,636109.9518,5359667.2053,10.83805396,48.375482912,2,#fc8d62,car
66486,9,7,73,122,2016,4,14,6,2,0,7,0,0,1,0,0,0,0,0,626423.1601,5382357.9951,10.7141674,48.581543206,1,#66c2a5,bicycle
66487,9,1,62,0,2016,3,17,3,3,1,6,0,0,0,1,0,0,0,0,690354.7244,5339045.5807,11.560646141,48.176113189,2,#fc8d62,car
66489,9,1,62,0,2016,3,4,5,3,3,6,2,1,0,1,0,0,1,0,690673.3094,5344719522.0,11.567476092,48.227014134,2,#fc8d62,car
66500,9,7,61,0,2016,3,14,5,3,3,6,0,0,0,1,0,0,0,0,637492.4757,5359866.3926,10.856778823,48.376974249,2,#fc8d62,car
66506,9,1,84,148,2016,3,19,5,3,2,6,0,0,0,1,0,0,0,0,693410.6399,5328480.9996,11.59691608,48.08023904,2,#fc8d62,car
66507,9,1,75,122,2016,3,16,5,3,2,6,0,0,0,1,0,0,0,0,721171.8383,5325707.2916,11.967744258,48.046294104,2,#fc8d62,car
66509,9,1,75,114,2016,3,10,4,3,4,2,0,0,0,1,0,0,1,0,717682.4439,5323436648.0,11.919832146,48.027090692,2,#fc8d62,car
66510,9,1,77,117,2016,4,19,1,3,4,2,0,0,0,1,0,1,0,0,716502136.0,5354200552.0,11.919681277,48.303914527,2,#fc8d62,car
66520,9,1,82,120,2016,3,7,5,2,4,6,0,0,0,1,0,0,0,0,702891.2946,5308104212.0,11.714440791,47.894165517,2,#fc8d62,car
66521,9,1,84,119,2016,3,18,3,3,5,6,0,0,0,1,0,0,0,0,695586.2143,5347222.2423,11.634713681,48.248011178,2,#fc8d62,car
66525,9,1,87,117,2016,4,12,7,3,5,3,0,0,1,1,0,0,0,0,725442061.0,5306634352.0,12.014965105,47.873435185,1,#66c2a5,bicycle
66526,9,7,72,177,2016,3,16,4,3,1,5,0,1,0,0,0,0,1,0,635682.3944,5375786.7552,10.837506616,48.520519789,5,#a6d854,bus
66539,9,7,72,151,2016,4,15,7,2,8,1,0,0,0,0,0,1,0,0,622580.5254,5342823.0245,10.65054157,48.22677731,4,#e78ac3,marker
66540,9,1,62,0,2016,3,7,5,3,5,2,0,0,1,1,0,0,0,0,696110.4874,5333797.9467,11.635570801,48.127200491,1,#66c2a5,bicycle
66541,9,7,61,0,2016,3,10,5,3,3,6,0,0,0,1,0,0,1,0,641369.2349,5357478.8658,10.908300603,48.354649866,2,#fc8d62,car
66543,9,1,78,120,2016,4,22,7,3,5,3,2,0,0,1,0,0,0,0,695173025.0,5353066002.0,11.63185147,48.300657933,2,#fc8d62,car
66549,9,2,61,0,2016,4,21,7,3,0,1,2,0,1,0,0,0,0,0,734423.2547,5381709.2224,12.176366133,48.544633112,1,#66c2a5,bicycle
66550,9,1,78,143,2016,4,7,6,3,2,6,1,0,0,1,0,0,1,0,718330764.0,5372271.95,11.95369582,48.465651427,2,#fc8d62,car
66554,9,7,62,0,2016,3,17,5,3,5,3,0,0,0,1,0,0,0,0,622224.9834,5304622.5893,10.634841615,47.883293785,2,#fc8d62,car
66560,9,1,62,0,2016,3,16,5,3,2,6,0,0,0,1,0,0,0,0,694636.5239,5342010.0106,11.619541397,48.201459013,2,#fc8d62,car
66562,9,1,79,121,2016,3,7,4,3,5,3,0,1,0,1,0,0,0,0,666677862.0,5338371.06,11.242152205,48.176701235,2,#fc8d62,car
66567,9,1,79,121,2016,3,22,5,2,0,7,2,0,0,0,0,1,0,0,668011.5288,5338406.0528,11.260092111,48.176664597,4,#e78ac3,marker
66569,9,1,63,0,2016,3,14,4,3,2,6,0,0,0,1,0,0,0,1,732909.0526,5307940.5844,12.115379385,47.882506451,2,#fc8d62,car
66577,9,7,72,214,2016,3,20,5,3,0,7,2,0,0,0,0,1,0,0,618385.4229,5343014.1717,10.594131196,48.229293261,4,#e78ac3,marker
66583,9,1,84,134,2016,3,14,4,3,4,2,0,0,0,1,0,0,0,0,694270.9034,5323342.6361,11.60612113,48.033795085,2,#fc8d62,car
66584,9,1,84,135,2016,3,10,3,3,4,2,0,0,0,1,0,0,0,0,692026.3177,5345069.6838,11.585834224,48.229753156,2,#fc8d62,car
66586,9,1,84,134,2016,3,17,3,3,5,3,0,0,0,1,0,0,0,0,694283.5366,5323348.6015,11.606293127,48.033844858,2,#fc8d62,car
66587,9,1,84,137,2016,4,15,7,3,5,3,0,0,0,1,0,0,0,0,706318.7135,5316870.1304,11.764439663,47.971850669,2,#fc8d62,car
66589,9,1,78,113,2016,4,20,1,3,1,6,2,0,0,1,0,0,0,0,691506.2188,5369422.8886,11.58990852,48.448784605,2,#fc8d62,car
66600,9,7,71,130,2016,3,18,4,3,1,6,0,1,0,1,0,0,0,0,646940.4276,5358138.8321,10.983688919,48.359311991,2,#fc8d62,car
66610,9,7,61,0,2016,4,13,7,3,5,3,0,0,0,1,0,0,0,0,642181.3035,5362407.6747,10.920923175,48.398785111,2,#fc8d62,car
66611,9,1,84,135,2016,3,13,5,3,5,3,0,0,1,1,0,0,0,0,690597.3244,5347485.2198,11.567698462,48.251894424,1,#66c2a5,bicycle
66614,9,1,84,135,2016,4,7,6,3,0,1,0,0,0,0,0,1,0,0,693147.6061,5347249.7458,11.601911487,48.249006086,4,#e78ac3,marker
66615,9,7,61,0,2016,3,22,3,3,0,1,2,1,0,0,0,1,0,0,636971.4785,5360164.2132,10.849843845,48.379765535,4,#e78ac3,marker
66620,9,1,84,146,2016,3,10,4,2,8,1,0,1,0,1,0,0,0,0,694891.3809,5329225.9266,11.617116341,48.086483331,2,#fc8d62,car
66627,9,1,84,114,2016,4,13,6,3,3,6,0,0,0,1,0,0,0,1,701417935.0,5313999.0939,11.697506477,47.947608897,2,#fc8d62,car
66636,9,7,61,0,2016,3,18,3,3,5,3,2,0,1,1,0,0,0,0,641011364.0,5352323971.0,10.901747635,48.308378618,1,#66c2a5,bicycle
66638,9,1,74,136,2016,3,5,5,3,8,1,1,1,0,1,0,0,0,0,683868.9772,5364620.7918,11.484620383,48.407900438,2,#fc8d62,car
66648,9,1,82,137,2016,3,14,5,2,8,1,0,0,0,1,0,0,0,0,711934.3372,5304130.2274,11.833326851,47.855531582,2,#fc8d62,car
66651,9,7,73,116,2016,3,6,5,3,2,2,1,1,0,1,0,0,0,1,619650.0059,5381610.2433,10.622154669,48.576149202,2,#fc8d62,car
66657,9,1,82,137,2016,3,11,5,3,2,6,0,0,0,1,0,0,0,0,711831.2273,5305056.6778,11.832403933,47.863891032,2,#fc8d62,car
66658,9,1,78,124,2016,3,8,5,3,5,3,0,1,0,1,0,0,0,0,703009.61,5363868579.0,11.742610172,48.395268007,2,#fc8d62,car
66660,9,1,75,132,2016,3,16,4,3,2,6,0,0,0,1,0,0,0,0,707730.9902,5336790.7374,11.793013807,48.150408959,2,#fc8d62,car
66661,9,1,78,123,2016,4,11,1,3,6,7,0,0,1,0,1,0,0,0,690055.8021,5358181.5117,11.565225938,48.348192149,1,#66c2a5,bicycle
66672,9,1,82,137,2016,4,20,7,3,2,6,2,0,0,1,0,0,0,0,709548.9746,5304257.8494,11.80153867,47.857460664,2,#fc8d62,car
66673,9,7,72,207,2016,3,18,4,3,8,7,1,1,0,1,0,0,0,0,640656.8844,5381706659.0,10.906835865,48.572652929,2,#fc8d62,car
66679,9,7,71,112,2016,4,20,7,3,8,1,1,0,0,0,0,1,0,0,646646.6822,5369939.5875,10.983850611,48.465482655,4,#e78ac3,marker
66680,9,1,62,0,2016,3,8,5,3,2,6,0,0,0,1,0,0,1,0,689856.0737,5339026.6382,11.55393677,48.176092103,2,#fc8d62,car
66687,9,1,79,142,2016,3,7,5,3,3,6,0,0,1,1,0,0,0,0,673227285.0,5338925.04,11.330406729,48.179929608,1,#66c2a5,bicycle
66690,9,1,84,148,2016,3,18,5,3,5,3,0,0,1,1,0,0,0,0,694041.4576,5327723.2922,11.605032947,48.073237297,1,#66c2a5,bicycle
66691,9,7,61,0,2016,3,11,5,3,0,2,0,0,1,1,0,0,0,0,643924.5283,5357569458.0,10.942804281,48.354887196,1,#66c2a5,bicycle
66693,9,1,75,135,2016,4,16,7,3,5,3,0,0,0,1,0,1,0,0,707584355.0,5338736884.0,11.7919942,48.167945381,2,#fc8d62,car
66695,9,7,61,0,2016,3,7,4,3,2,6,0,1,0,1,0,0,0,0,641350.1811,5355661.1914,10.907433353,48.338310241,2,#fc8d62,car
66697,9,1,82,120,2016,3,12,4,3,2,6,0,0,0,1,0,0,0,0,703236.9906,5305606.1048,11.717884886,47.87160507,2,#fc8d62,car
66710,9,1,84,135,2016,3,17,5,3,2,6,0,0,0,1,0,0,0,0,688003.6847,5347417.2227,11.532762837,48.25205791,2,#fc8d62,car
66712,9,1,81,121,2016,3,16,4,2,4,2,0,0,0,1,0,0,0,0,636875667.0,5309989974.0,10.832409773,47.928604652,2,#fc8d62,car
66714,9,1,74,111,2016,4,13,1,3,0,1,0,0,0,0,0,1,0,0,667436.2009,5359009.1524,11.260517035,48.362033752,4,#e78ac3,marker
66716,9,1,87,124,2016,3,17,4,1,5,3,0,0,0,1,0,0,0,0,732994.4465,5329598201.0,12.128263822,48.077044131,2,#fc8d62,car
66724,9,7,61,0,2016,3,14,5,3,2,6,0,0,0,1,0,0,0,0,637450.6067,5359319.9863,10.856035064,48.372070155,2,#fc8d62,car
66731,9,1,75,123,2016,3,9,5,3,2,6,0,0,0,1,0,0,0,0,725596888.0,5336317.5889,12.032640956,48.140073568,2,#fc8d62,car
66733,9,1,62,0,2016,3,9,3,3,5,3,0,1,0,1,0,0,0,0,687334.7986,5332457.8949,11.517164365,48.117798821,2,#fc8d62,car
66734,9,1,62,0,2016,4,17,7,3,5,2,0,0,1,1,0,0,0,0,686265267.0,5331795.1307,11.502518155,48.112155369,1,#66c2a5,bicycle
66736,9,7,77,139,2016,3,19,4,2,9,1,0,0,0,1,0,0,0,0,619595.4809,5307983.7105,10.600616307,47.914018446,2,#fc8d62,car
66748,9,7,72,184,2016,3,6,4,3,2,6,1,1,0,1,0,1,0,0,635158.4178,5362382.0093,10.826084503,48.400098976,2,#fc8d62,car
66755,9,7,72,163,2016,4,12,7,2,4,6,0,0,1,0,0,0,0,0,641260.5858,5347483.7366,10.903488293,48.264800773,1,#66c2a5,bicycle
66756,9,1,84,145,2016,3,17,5,3,5,3,0,0,0,1,0,1,0,0,696587.4084,5321746.1182,11.636430499,48.018737384,2,#fc8d62,car
66757,9,7,61,0,2016,3,6,5,3,4,2,1,0,0,1,0,1,0,0,639942.1371,5360653.5279,10.890104022,48.38351338,2,#fc8d62,car
66759,9,1,62,0,2016,4,7,6,3,3,6,2,0,0,1,0,0,1,0,688530.9746,5334408.1569,11.5340835,48.134975111,2,#fc8d62,car
66761,9,1,86,143,2016,3,16,5,3,1,7,0,0,0,1,0,0,0,0,687025.2492,5381785.6456,11.534909234,48.561243408,2,#fc8d62,car
66767,9,2,61,0,2016,4,17,7,3,6,4,0,0,0,0,1,0,0,1,735806.6969,5382430.0462,12.195489121,48.55058941,3,#8da0cb,toilet
66768,9,1,77,116,2016,4,5,6,3,2,6,2,0,0,1,0,0,0,0,711474139.0,5364474163.0,11.857123889,48.397928141,2,#fc8d62,car
66779,9,7,71,142,2016,4,15,6,3,2,6,0,0,0,1,0,0,0,0,645760.17,5350963.4208,10.965283981,48.295068817,2,#fc8d62,car
66789,9,1,79,147,2016,3,9,5,3,9,1,0,0,0,0,0,1,0,0,663314.7258,5334142.3243,11.195322769,48.139556819,4,#e78ac3,marker
66791,9,1,86,152,2016,3,7,4,2,8,1,0,1,0,1,0,0,0,0,695056.2961,5377613.9663,11.641689619,48.521306707,2,#fc8d62,car
66803,9,1,84,135,2016,3,14,3,3,2,6,0,0,0,1,0,0,1,0,692204.0257,5344018.3407,11.587748038,48.220250235,2,#fc8d62,car
66805,9,1,75,135,2016,3,18,5,3,2,4,0,0,0,1,1,0,0,0,709241.6415,5339116.6271,11.814443649,48.170814457,2,#fc8d62,car
66807,9,1,74,115,2016,3,21,4,3,4,1,2,1,0,1,0,0,0,0,681938.2464,5350392.1216,11.45240869,48.280568046,2,#fc8d62,car
66808,9,1,78,113,2016,4,20,1,3,9,1,2,0,0,1,0,0,1,0,691506.1783,5369422.1842,11.589907651,48.448778286,2,#fc8d62,car
66817,9,1,75,121,2016,4,13,6,2,5,3,0,0,0,1,0,0,0,1,712229.7371,5318858.9152,11.844523521,47.987789599,2,#fc8d62,car
66818,9,7,71,130,2016,3,5,5,2,5,3,2,1,1,1,0,0,0,0,644705.3177,5357658.1599,10.953368125,48.355506309,1,#66c2a5,bicycle
66821,9,1,62,0,2016,4,15,7,3,0,2,0,0,1,1,0,0,0,0,699218.0662,5333034.7091,11.676930622,48.119376265,1,#66c2a5,bicycle
66823,9,7,72,159,2016,3,12,4,3,4,6,0,1,0,1,0,0,0,0,626591.2708,5361764.0557,10.710205509,48.396320496,2,#fc8d62,car
66829,9,7,61,0,2016,4,18,7,3,0,7,0,0,0,1,0,0,0,0,644043.6193,5357584.2613,10.944415968,48.354993144,2,#fc8d62,car
66830,9,1,84,130,2016,3,8,5,2,2,6,0,1,0,1,0,1,0,0,698426.7277,5346213.5288,11.672462297,48.238063119,2,#fc8d62,car
66834,9,1,62,0,2016,4,21,6,3,4,6,2,0,1,0,0,0,0,0,689624.5813,5340188.5788,11.551344467,48.18660471,1,#66c2a5,bicycle
66840,9,1,87,134,2016,3,18,4,3,2,2,0,0,0,1,0,0,0,0,737095.5814,5318797.3463,12.177264627,47.978505804,2,#fc8d62,car
66841,9,1,85,158,2016,3,10,4,3,2,6,0,0,0,1,0,0,0,0,666650.1889,5381068.0777,11.258699005,48.560540211,2,#fc8d62,car
66843,9,1,78,143,2016,4,6,2,3,2,6,0,0,0,1,0,0,0,1,719642.8062,5371209.1976,11.970863343,48.455646621,2,#fc8d62,car
66847,9,1,84,136,2016,4,7,3,2,3,2,0,0,1,0,0,0,0,1,698233.7109,5326970.7613,11.660903351,48.065184839,1,#66c2a5,bicycle
66849,9,1,88,139,2016,4,16,3,3,5,3,0,0,1,1,0,0,0,0,675305.3081,5319118.6615,11.350206527,48.001311408,1,#66c2a5,bicycle
66851,9,7,71,113,2016,4,5,4,2,5,3,1,1,0,1,0,0,0,0,657731.0803,5369788.8428,11.133640162,48.461445838,2,#fc8d62,car
66852,9,1,84,131,2016,4,5,4,2,5,3,2,0,0,1,0,0,0,0,704865.4106,5336965.6479,11.754615816,48.152910167,2,#fc8d62,car
66857,9,1,88,120,2016,4,8,4,3,2,6,0,1,0,1,0,0,0,0,676316505.0,5325443.5626,11.36635399,48.057890838,2,#fc8d62,car
66865,9,2,61,0,2016,4,18,5,3,6,4,0,0,0,1,1,0,0,0,731709.0324,5381357.6845,12.139451581,48.542483499,2,#fc8d62,car
66895,9,7,72,151,2016,4,15,1,3,0,1,0,0,0,0,0,1,0,0,632621.2237,5343831.4939,10.785989171,48.233826045,4,#e78ac3,marker
66897,9,1,85,158,2016,4,11,5,2,4,6,0,0,0,1,0,1,0,0,670254.4125,5380088.5587,11.307107537,48.550766974,2,#fc8d62,car
66899,9,1,88,120,2016,4,17,2,2,5,3,0,0,1,1,0,0,0,0,677185.5156,5326574.3923,11.37847516,48.067815527,1,#66c2a5,bicycle
66904,9,1,75,124,2016,4,14,4,3,2,6,0,1,0,1,0,0,0,0,714968.1287,5328681833.0,11.886106986,48.075141398,2,#fc8d62,car
66906,9,1,86,128,2016,4,0,3,3,0,6,2,0,0,1,0,0,0,0,675881.2736,5383570.9545,11.384761166,48.580515902,2,#fc8d62,car
66907,9,7,71,160,2016,4,7,4,3,9,1,0,1,0,1,0,0,0,0,656344.0394,5351298.9115,11.108013525,48.295558779,2,#fc8d62,car
66908,9,1,62,0,2016,4,8,4,3,0,1,0,1,0,0,0,1,0,0,684668.2522,5342460.3472,11.485712638,48.208484438,4,#e78ac3,marker
66910,9,7,71,156,2016,4,15,2,2,4,6,0,0,0,1,0,1,1,0,650646.8057,5383525.1537,11.042837948,48.586680478,2,#fc8d62,car
66914,9,1,81,146,2016,4,7,5,3,5,3,0,0,0,1,0,0,0,0,651671.57,5326548862.0,11.036219012,48.07416377,2,#fc8d62,car
66915,9,1,75,122,2016,4,17,3,3,2,6,0,0,0,1,0,0,0,0,720951.1955,5325460.1372,11.96466017,48.044149805,2,#fc8d62,car
66918,9,1,87,150,2016,4,5,4,2,5,3,2,1,0,1,0,1,0,0,728583317.0,5303455.5502,12.055233535,47.843764754,2,#fc8d62,car
66920,9,1,75,135,2016,4,16,2,3,5,3,0,0,1,1,0,0,0,0,707919.7249,5338870.7443,11.796564779,48.169038677,1,#66c2a5,bicycle
66927,9,1,84,118,2016,4,8,3,3,2,6,0,0,0,1,0,0,0,0,703392.0991,5335803.0723,11.734273758,48.142935296,2,#fc8d62,car
66930,9,1,84,134,2016,4,9,4,3,2,6,0,1,0,0,0,0,1,1,694054.5017,5322973.1275,11.603053854,48.03053979,5,#a6d854,bus