OBJECTID,ULAND,UREGBEZ,UKREIS,UGEMEINDE,UJAHR,UMONAT,USTUNDE,UWOCHENTAG,UKATEGORIE,UART,UTYP1,ULICHTVERH,STRZUSTAND,IstRad,IstPKW,IstFuss,IstKrad,IstGkfz,IstSonstig,LINREFX,LINREFY,XGCSWGS84,YGCSWGS84,Teilnehmer,color,symbol
66936,9,1,73,130,2016,4,15,2,3,5,3,0,0,0,1,0,1,0,0,681979.7591,5313954.4269,11.43741703,47.953024935,2,#fc8d62,car
66940,9,1,79,134,2016,4,16,4,3,0,1,0,1,0,0,0,1,0,1,668244.7445,5342906.9661,11.265010492,48.217065404,4,#e78ac3,marker
66949,9,7,72,207,2016,4,9,3,1,4,6,0,0,0,1,0,0,0,0,639438.9413,5380806.4061,10.890032263,48.564830586,2,#fc8d62,car
66954,9,7,77,182,2016,4,16,2,3,8,1,0,0,0,1,0,0,0,0,626958176.0,5308667586.0,10.699313457,47.918753326,2,#fc8d62,car
66961,9,7,72,160,2016,4,19,1,3,0,1,0,0,0,0,0,1,0,0,638159.4578,5341544.7623,10.859786417,48.212081127,4,#e78ac3,marker
66968,9,1,62,0,2016,4,8,5,3,2,6,0,0,0,1,0,0,0,0,686030.8725,5330537.3664,11.498823708,48.100918522,2,#fc8d62,car
66971,9,7,73,182,2016,4,13,4,3,8,1,0,0,0,1,0,0,0,0,622452.6027,5378660.9628,10.659266492,48.549086282,2,#fc8d62,car
66972,9,1,82,127,2016,4,11,2,2,6,2,0,0,0,0,1,0,1,0,699932.51,5309611.3696,11.675599187,47.908639679,3,#8da0cb,toilet
66980,9,1,84,112,2016,4,11,2,3,9,6,0,0,0,1,0,0,0,0,702998421.0,5339574.3008,11.730787075,48.176951964,2,#fc8d62,car
66983,9,2,61,0,2016,4,9,3,3,0,7,0,0,1,0,0,0,0,1,731046.0546,5381946734.0,12.130809486,48.54801932,1,#66c2a5,bicycle
66991,9,7,61,0,2016,4,22,4,3,9,1,2,0,0,1,0,0,0,0,639884773.0,5354118043.0,10.887157537,48.32476073,2,#fc8d62,car
66992,9,1,88,121,2016,4,6,5,3,5,2,1,0,0,1,0,0,0,0,670063.3668,5329281.6747,11.284027992,48.094092398,2,#fc8d62,car
66993,9,1,62,0,2016,4,8,2,3,1,6,0,0,0,1,0,0,0,0,689421.4647,5339032.8839,11.548099215,48.176277931,2,#fc8d62,car
66994,9,7,72,125,2016,4,14,2,3,3,2,0,0,1,1,0,0,0,0,633903094.0,5347639763.0,10.804447868,48.267801868,1,#66c2a5,bicycle
66997,9,1,63,0,2016,4,11,1,3,2,6,0,0,0,1,0,0,0,0,733811.6929,5303963059.0,12.125283634,47.846444366,2,#fc8d62,car
66999,9,1,78,138,2016,4,6,2,3,2,6,1,0,0,1,0,0,0,0,711650277.0,5368605933.0,11.861584943,48.434994277,2,#fc8d62,car
67000,9,1,62,0,2016,4,19,1,3,6,4,0,0,0,1,1,0,0,0,683027.2424,5338916.3299,11.462117739,48.177104107,2,#fc8d62,car
67009,9,1,62,0,2016,4,15,3,3,3,2,0,0,0,1,0,0,0,1,693271.8667,5331424.5536,11.596387187,48.106737182,2,#fc8d62,car
67011,9,1,62,0,2016,4,9,3,3,3,6,0,0,0,1,0,0,1,0,684268.6476,5342566.8804,11.480385297,48.20955813,2,#fc8d62,car
67013,9,7,61,0,2016,4,14,4,3,8,1,0,0,0,0,0,1,0,0,637438.3902,5351884.9563,10.85344433,48.305217506,4,#e78ac3,marker
67014,9,1,62,0,2016,4,18,4,3,2,6,0,0,0,1,0,1,0,0,682733858.0,5336229.5009,11.457020412,48.153037598,2,#fc8d62,car
67019,9,1,81,128,2016,4,20,4,3,5,3,2,0,0,1,0,0,0,0,638626.5453,5327638.0785,10.861540885,48.086927779,2,#fc8d62,car
67027,9,7,61,0,2016,4,16,3,3,2,2,0,0,0,1,0,0,0,0,643456.3753,5360847.3774,10.937606764,48.384466999,2,#fc8d62,car
67028,9,2,74,114,2016,4,16,5,2,2,2,0,1,0,1,0,0,0,0,734543.8935,5371487.5054,12.172258316,48.452770691,2,#fc8d62,car
67031,9,7,62,0,2016,4,7,4,2,5,3,0,1,0,1,0,0,0,0,623807.4391,5305123817.0,10.656142671,47.887498368,2,#fc8d62,car
67049,9,1,85,158,2016,4,16,2,3,5,3,0,0,1,1,0,0,0,0,667573.4567,5380339.1729,11.270908896,48.553741833,1,#66c2a5,bicycle
67055,9,7,72,163,2016,4,13,1,2,9,1,0,0,0,0,0,1,0,0,638494.5628,5346865.8275,10.866034523,48.259855332,4,#e78ac3,marker
67060,9,1,81,128,2016,4,10,2,3,4,2,0,0,0,1,0,0,0,0,638562.8483,5327013.4444,10.860483364,48.081324729,2,#fc8d62,car
67065,9,1,62,0,2016,4,12,4,3,9,1,0,1,0,1,0,0,0,0,688461.9817,5344352.0325,11.537566985,48.224371954,2,#fc8d62,car
67066,9,1,85,158,2016,4,16,3,3,5,3,0,0,0,1,0,1,0,0,666399434.0,5381379592.0,11.255427697,48.563407114,2,#fc8d62,car
67067,9,7,71,122,2016,4,16,4,3,2,6,0,0,0,1,0,0,0,0,652765.9093,5361797.6004,11.063610129,48.390824497,2,#fc8d62,car
67068,9,1,84,130,2016,4,5,5,3,9,7,2,0,0,1,0,0,0,0,697417.5717,5342405813.0,11.657113113,48.204157586,2,#fc8d62,car
67070,9,7,61,0,2016,4,17,2,3,2,6,0,0,0,1,0,0,0,0,642106.4245,5357590.2932,10.918283542,48.355486307,2,#fc8d62,car
67073,9,1,79,125,2016,4,8,4,3,9,7,0,1,0,1,0,0,0,0,660112.2995,5331105.5336,11.151165712,48.11306809,2,#fc8d62,car
67076,9,1,75,123,2016,4,18,2,3,2,2,0,0,0,1,0,0,0,1,724127.8006,5337134.4835,12.013350757,48.147932068,2,#fc8d62,car
67077,9,1,79,142,2016,4,12,5,2,0,1,0,0,1,0,0,0,0,0,672738919.0,5341603155.0,11.324931798,48.204137408,1,#66c2a5,bicycle
67078,9,1,77,117,2016,4,8,3,3,2,6,0,0,0,1,0,0,1,0,715972302.0,5353085.2036,11.911975215,48.294074103,2,#fc8d62,car
67083,9,1,62,0,2016,4,9,2,3,2,6,0,0,0,1,0,0,0,1,694993.3662,5343259.8347,11.624913102,48.21258221,2,#fc8d62,car
67090,9,1,79,149,2016,4,14,3,3,5,3,0,0,0,1,0,0,0,0,656594.0927,5330154.6796,11.103581694,48.105393846,2,#fc8d62,car
67093,9,1,62,0,2016,4,15,4,3,5,3,0,0,0,1,0,0,0,0,684574.5894,5342935.2162,11.484659729,48.212779986,2,#fc8d62,car
67099,9,2,74,113,2016,4,8,2,3,5,3,0,0,1,1,0,0,0,0,728449.0086,5381533.4039,12.095445139,48.545257349,1,#66c2a5,bicycle
67102,9,1,73,120,2016,4,12,1,3,2,6,0,0,0,1,0,0,0,0,691933.6468,5312908.5929,11.570136663,47.940719255,2,#fc8d62,car
67105,9,2,74,126,2016,4,16,5,3,5,3,0,0,0,1,0,0,0,0,733386.1934,5383781.7194,12.163498175,48.563636103,2,#fc8d62,car
67124,9,7,61,0,2016,4,21,1,2,0,1,2,0,0,0,0,1,0,0,638325161.0,5362212.8275,10.868790269,48.3978909,4,#e78ac3,marker
67134,9,7,73,116,2016,4,10,4,3,2,1,0,0,0,1,0,0,0,0,621701898.0,5380175165.0,10.64954137,48.562848992,2,#fc8d62,car
67137,9,1,81,146,2016,4,19,1,3,8,1,0,0,0,1,0,0,0,0,649850.1814,5325563.8595,11.011436949,48.065737703,2,#fc8d62,car
67141,9,1,79,121,2016,4,16,2,3,3,6,0,0,0,1,0,0,1,0,667484.4275,5339059.7038,11.253264868,48.182680027,2,#fc8d62,car
67146,9,1,62,0,2016,4,18,3,3,1,6,0,0,0,1,0,0,0,0,701492316.0,5332288334.0,11.70710233,48.111953071,2,#fc8d62,car
67151,9,1,88,121,2016,4,11,5,2,0,7,0,1,1,0,0,0,0,0,670055.9017,5329274.7823,11.28392507,48.094032428,1,#66c2a5,bicycle
67152,9,1,62,0,2016,4,14,2,3,2,6,0,0,0,1,0,0,1,1,680879.7189,5335157.2264,11.431657631,48.143929127,2,#fc8d62,car
67153,9,7,71,142,2016,4,7,2,3,1,3,0,0,0,1,0,1,0,0,645798.6193,5350739022.0,10.965724597,48.293042295,2,#fc8d62,car
67157,9,1,78,124,2016,4,20,2,3,5,3,2,0,1,1,0,0,0,0,703227623.0,5365129004.0,11.746162019,48.406524243,1,#66c2a5,bicycle
67158,9,1,84,123,2016,4,11,1,2,5,3,0,0,1,1,0,0,0,0,704100.5166,5333368.5265,11.742619814,48.120830019,1,#66c2a5,bicycle
67165,9,1,84,119,2016,4,13,3,3,2,6,0,0,0,1,0,0,0,0,696279.6148,5347589.1802,11.64421419,48.251094607,2,#fc8d62,car
67168,9,1,84,130,2016,4,11,4,3,0,1,0,1,0,0,0,1,0,0,699495.9844,5345789.3302,11.686647183,48.233915408,4,#e78ac3,marker
67169,9,7,78,204,2016,4,15,2,3,8,1,0,0,0,0,0,1,0,0,615446.8099,5329436.0397,10.550889159,48.107718526,4,#e78ac3,marker
67173,9,1,81,126,2016,4,4,1,2,9,1,2,0,0,1,0,0,0,0,636585.8621,5330554.5705,10.835085789,48.113594641,2,#fc8d62,car
67177,9,7,61,0,2016,4,5,4,3,3,2,2,0,1,1,0,0,0,0,642860905.0,5360047069.0,10.929296695,48.377406179,1,#66c2a5,bicycle
67178,9,1,62,0,2016,4,19,4,3,5,3,2,0,0,1,0,0,0,0,701605.4078,5335577.5364,11.710175842,48.141477075,2,#fc8d62,car
67183,9,1,81,130,2016,4,8,4,3,4,1,0,1,0,1,0,0,1,0,637260.0012,5323447.6557,10.84185472,48.049541478,2,#fc8d62,car
67184,9,1,88,126,2016,4,14,1,3,0,7,0,0,1,0,0,0,0,0,659813.0289,5326171.6752,11.14530119,48.0687843,1,#66c2a5,bicycle
67191,9,7,61,0,2016,4,9,3,3,2,6,0,0,0,1,0,0,0,0,643372.4535,5360708.0072,10.936426387,48.38323294,2,#fc8d62,car
67197,9,1,88,121,2016,4,17,1,3,2,6,0,0,0,1,0,0,0,0,671486.6985,5330738.4262,11.303713374,48.106806818,2,#fc8d62,car
67199,9,7,71,122,2016,4,11,1,2,3,6,0,0,0,1,0,0,0,0,651831.1985,5362409.6777,11.051213478,48.396553274,2,#fc8d62,car
67213,9,7,71,146,2016,4,18,1,3,1,6,0,0,0,1,0,0,0,1,644887893.0,5344512.0701,10.951319987,48.237261573,2,#fc8d62,car
67215,9,1,82,120,2016,4,16,3,3,4,6,0,0,0,1,0,0,0,0,700457.2302,5307677.3554,11.681714845,47.891094018,2,#fc8d62,car
67216,9,1,84,120,2016,4,7,5,3,2,6,0,0,0,1,0,0,0,0,682421.6199,5333149.0267,11.451506633,48.125437718,2,#fc8d62,car
67217,9,1,77,112,2016,4,8,3,2,8,1,0,0,0,1,0,0,0,0,716142.2191,5365929.4104,11.920856926,48.409420752,2,#fc8d62,car
67220,9,1,87,177,2016,4,19,4,3,1,6,0,1,0,1,0,0,0,1,735041.1649,5305108.6912,12.142314418,47.856288307,2,#fc8d62,car
67228,9,1,85,158,2016,4,22,3,3,7,1,2,0,1,0,0,0,0,0,666345.7612,5381053.0869,11.254570274,48.560486296,1,#66c2a5,bicycle
67229,9,7,71,122,2016,4,8,4,2,4,1,0,1,0,1,0,0,0,0,648376.7792,5359472.1879,11.003537665,48.370964421,2,#fc8d62,car
67230,9,1,88,120,2016,4,19,5,3,5,3,0,0,1,1,0,0,0,0,677172.0577,5326605.4056,11.378307519,48.068098053,1,#66c2a5,bicycle
67231,9,1,62,0,2016,4,18,2,3,2,6,0,0,0,1,0,0,0,0,692157467.0,5339472192.0,11.58506397,48.179404925,2,#fc8d62,car
67232,9,7,61,0,2016,4,15,2,2,3,2,0,0,1,0,0,0,0,1,638752292.0,5361129058.0,10.874199608,48.388052065,1,#66c2a5,bicycle
67236,9,1,81,114,2016,4,15,1,2,5,3,0,0,0,1,0,1,0,0,654198732.0,5313917.2296,11.06558049,47.959982981,2,#fc8d62,car
67238,9,1,78,138,2016,4,16,2,3,3,6,0,0,0,1,0,0,1,0,713345.2208,5369608.6275,11.884981591,48.443431718,2,#fc8d62,car
67239,9,1,84,142,2016,4,15,1,3,0,1,0,0,0,0,0,1,0,0,683913.9227,5317418.5287,11.464780383,47.98361093,4,#e78ac3,marker
67244,9,7,77,121,2016,4,16,3,3,5,2,0,0,0,1,0,0,0,0,627880508.0,5319523135.0,10.714882677,48.016196263,2,#fc8d62,car
67248,9,7,71,130,2016,4,8,2,3,2,6,0,0,0,1,0,0,0,0,644044626.0,5363194.8963,10.946352482,48.405440362,2,#fc8d62,car
67250,9,1,63,0,2016,4,10,6,3,6,4,0,1,0,1,1,0,0,0,734231.1172,5304578.0064,12.131214148,47.851816375,2,#fc8d62,car
67252,9,1,74,115,2016,4,12,2,3,8,7,0,0,0,1,0,0,0,0,680936.3225,5348090.6748,11.437931383,48.260168357,2,#fc8d62,car
67255,9,1,62,0,2016,4,7,3,3,4,6,1,1,1,0,0,0,0,0,685150.2995,5328902.1094,11.486298023,48.086476415,1,#66c2a5,bicycle
67256,9,1,84,148,2016,4,9,4,3,5,3,0,0,0,1,0,0,0,0,696141328.0,5326328289.0,11.632553416,48.060057294,2,#fc8d62,car
67259,9,1,73,147,2016,4,19,1,3,5,2,0,0,0,1,0,0,0,0,681611.1227,5308840134.0,11.430327968,47.907156244,2,#fc8d62,car
67261,9,1,62,0,2016,4,16,2,3,2,6,0,0,0,1,0,0,0,0,689674.4419,5339037.3743,11.551500772,48.176242835,2,#fc8d62,car
67263,9,1,88,127,2016,4,14,7,3,5,2,0,0,0,1,0,0,0,0,679979344.0,5330004122.0,11.417389141,48.097863368,2,#fc8d62,car
67267,9,1,88,113,2016,4,15,6,3,2,6,0,0,0,1,0,0,0,0,680054.0258,5314418.7329,11.41184209,47.957743009,2,#fc8d62,car
67269,9,1,63,0,2016,4,7,6,3,5,2,1,1,0,1,0,0,0,0,734693.6795,5304883.9476,12.137554091,47.854396211,2,#fc8d62,car
67272,9,1,82,133,2016,4,21,3,2,8,1,2,0,0,0,0,1,0,0,706589.7276,5304900.5019,11.762330297,47.864194286,4,#e78ac3,marker
67284,9,1,85,113,2016,4,16,1,3,5,3,0,0,0,1,0,0,0,1,666949.7901,5378442.8115,11.26170393,48.53686119,2,#fc8d62,car
67287,9,7,72,160,2016,4,18,7,3,8,1,0,1,0,1,0,0,0,0,638070.8521,5341308.8302,10.858517537,48.209978882,2,#fc8d62,car
67293,9,1,82,133,2016,4,6,5,3,2,6,0,1,0,1,0,0,0,1,704623.2846,5307581.7961,11.737337865,47.888920667,2,#fc8d62,car
67294,9,1,85,158,2016,4,11,3,3,5,3,0,1,1,1,0,0,0,0,666028.4008,5381561.2295,11.250475126,48.565138289,1,#66c2a5,bicycle
67297,9,2,74,113,2016,4,19,2,3,2,6,0,0,0,1,0,0,0,1,729748.9455,5381741.1243,12.113146606,48.546648667,2,#fc8d62,car
67300,9,1,74,122,2016,4,22,7,3,8,1,2,1,0,1,0,0,0,0,685559.4924,5354265.2624,11.502874941,48.314329473,2,#fc8d62,car
67308,9,2,74,132,2016,4,7,6,3,4,6,0,1,0,1,0,0,1,0,725075.9187,5386087.7604,12.052271771,48.587390627,2,#fc8d62,car
67310,9,1,82,137,2016,4,6,2,3,0,1,0,1,0,0,0,1,0,0,713680.1213,5304361.5736,11.856750462,47.857032453,4,#e78ac3,marker
67311,9,1,73,137,2016,4,12,4,3,8,7,0,0,0,1,0,0,0,0,679403.2733,5306243.1429,11.399729834,47.88443202,2,#fc8d62,car
67313,9,1,79,123,2016,4,7,3,3,1,5,0,0,0,1,0,0,0,0,677250.3986,5334996.2518,11.382844046,48.143503639,2,#fc8d62,car
67317,9,1,77,139,2016,4,10,7,3,0,2,0,0,0,1,0,0,0,0,731947857.0,5359220131.0,12.13042629,48.34353371,2,#fc8d62,car
67318,9,7,73,125,2016,4,17,2,2,1,6,0,0,0,1,0,1,0,0,613661.9405,5383927.7733,10.541636852,48.598105651,2,#fc8d62,car
67320,9,1,87,177,2016,4,15,6,3,2,2,0,1,0,1,0,0,0,0,735751668.0,5307449.4197,12.153074845,47.877056641,2,#fc8d62,car
67322,9,1,88,126,2016,4,17,2,3,2,6,0,0,0,1,0,0,0,1,660245.3593,5327785.3051,11.151705569,48.083183521,2,#fc8d62,car
67323,9,7,71,130,2016,4,15,3,3,5,3,0,0,1,1,0,0,0,0,646966.7371,5358145.1396,10.984046078,48.35936258,1,#66c2a5,bicycle
67324,9,1,74,118,2016,4,9,4,3,5,3,0,0,0,1,0,0,0,0,671048178.0,5355611.1711,11.307860528,48.330519947,2,#fc8d62,car
67325,9,1,84,120,2016,4,14,4,3,5,6,0,0,1,1,0,0,0,0,681580.5666,5331980.4493,11.439716922,48.115174025,1,#66c2a5,bicycle
67326,9,7,78,204,2016,4,14,1,2,9,1,0,0,0,0,0,1,0,0,615613.1535,5329325.4037,10.553092948,48.106693324,4,#e78ac3,marker
67332,9,1,88,141,2016,4,10,5,3,5,3,0,0,0,1,0,0,1,0,670405.5001,5308821.0731,11.280493233,47.91005972,2,#fc8d62,car
67333,9,1,77,126,2016,4,6,2,3,4,2,0,0,0,1,0,0,0,0,720907.0771,5369488.4823,11.987032038,48.439744834,2,#fc8d62,car
67336,9,1,78,145,2016,4,12,3,3,2,6,0,0,0,0,0,0,1,0,693081.0981,5357746362.0,11.60581597,48.34336388,5,#a6d854,bus
67342,9,7,72,125,2016,4,20,2,2,0,6,0,0,0,1,0,1,0,0,632729.1535,5348203.4352,10.788813107,48.273117716,2,#fc8d62,car
67346,9,1,75,132,2016,4,18,2,3,5,2,0,0,0,1,0,1,0,0,706309992.0,5330711.4057,11.770989117,48.09623983,2,#fc8d62,car
67349,9,1,62,0,2016,4,11,3,3,6,4,0,1,0,1,0,0,0,1,701511263.0,5335190.1143,11.708728421,48.138025173,2,#fc8d62,car
67351,9,7,72,179,2016,4,17,1,3,2,6,0,0,0,1,0,1,0,0,618939385.0,5337103859.0,10.599931067,48.176036086,2,#fc8d62,car
67361,9,1,62,0,2016,4,14,2,3,0,7,0,0,1,0,0,0,0,1,688738.7524,5331676.2748,11.535663904,48.110358906,1,#66c2a5,bicycle
67363,9,1,74,115,2016,4,16,1,3,5,3,0,0,0,1,0,0,0,0,677718.61,5352192.7342,11.396340585,48.297951953,2,#fc8d62,car
67369,9,7,61,0,2016,4,15,2,2,5,3,0,0,1,0,0,1,0,0,641533.9127,5353460.6722,10.909172321,48.318482772,1,#66c2a5,bicycle
67383,9,1,62,0,2016,4,8,2,3,2,6,0,0,0,1,0,0,0,0,688249.5309,5331617.1927,11.529071895,48.109972637,2,#fc8d62,car
67390,9,1,82,127,2016,4,17,5,3,5,3,0,0,0,1,0,0,0,0,699992.8028,5309414.6102,11.676313911,47.906852508,2,#fc8d62,car
67396,9,1,87,122,2016,4,11,3,3,1,6,0,1,0,1,0,0,0,0,722171.0173,5306837.3705,11.971385238,47.876399137,2,#fc8d62,car
67401,9,2,74,194,2016,4,20,2,3,0,2,1,0,1,1,0,0,0,0,720159997.0,5377660962.0,11.981247202,48.513430173,1,#66c2a5,bicycle
67407,9,1,74,113,2016,4,12,5,3,2,6,0,1,0,1,0,0,1,0,674413.9605,5345044.4137,11.348872476,48.234613862,2,#fc8d62,car
67409,9,1,81,114,2016,4,12,3,3,9,1,0,1,0,1,0,0,0,0,652077.0773,5311564.4658,11.036346856,47.939335409,2,#fc8d62,car
67412,9,7,78,203,2016,4,7,6,3,1,6,0,0,0,1,0,0,0,0,620710417.0,5322048.0502,10.619483863,48.040299046,2,#fc8d62,car
67413,9,7,72,163,2016,4,7,2,3,2,6,0,0,0,1,0,0,0,0,638722.1559,5348655.8181,10.869686558,48.275901084,2,#fc8d62,car
67419,9,1,78,113,2016,4,2,7,2,7,1,2,0,0,0,0,0,1,0,691551.4509,5366859.1015,11.589347601,48.425729323,5,#a6d854,bus
67420,9,7,62,0,2016,4,16,2,3,2,6,0,0,0,1,0,1,0,0,619881286.0,5303459667.0,10.60318312,47.87327662,2,#fc8d62,car
67425,9,1,79,121,2016,4,7,4,3,5,3,0,0,0,1,0,0,0,0,666859.4185,5338326.2149,11.244574955,48.17625043,2,#fc8d62,car
67426,9,1,79,121,2016,4,15,5,3,8,1,0,1,0,0,0,0,1,0,668511.8067,5337851.7807,11.266596663,48.171549297,5,#a6d854,bus
67427,9,1,84,129,2016,4,19,1,3,0,7,0,0,0,0,0,1,0,0,700275.2598,5323647945.0,11.686721233,48.034684414,4,#e78ac3,marker
67430,9,1,77,115,2016,4,7,3,3,0,7,0,0,0,1,0,0,0,1,733333.6259,5352252.9044,12.145247147,48.280436155,2,#fc8d62,car
67432,9,7,71,111,2016,4,16,1,3,3,6,0,0,0,1,0,0,0,0,658676.3221,5357068.2904,11.141608547,48.346847259,2,#fc8d62,car
67436,9,7,71,145,2016,4,21,6,3,8,1,2,1,0,1,0,0,0,0,647197.0307,5345305.3848,10.982675521,48.243862747,2,#fc8d62,car
67439,9,7,61,0,2016,4,22,2,3,5,3,2,0,0,1,0,0,0,0,642049.2399,5364849.6088,10.919966658,48.420771499,2,#fc8d62,car
67441,9,1,86,125,2016,4,13,6,2,0,1,0,0,1,0,0,0,0,0,675836.1051,5377074.5554,11.38140601,48.522135488,1,#66c2a5,bicycle
67446,9,1,74,115,2016,4,17,2,2,0,2,0,0,1,1,0,0,0,0,680328.92,5344876461.0,11.428386028,48.231449894,1,#66c2a5,bicycle
67449,9,1,75,135,2016,4,13,4,3,5,2,0,0,1,1,0,0,0,0,708977.8583,5339467.9658,11.81107271,48.174058389,1,#66c2a5,bicycle
67450,9,1,62,0,2016,4,9,4,3,2,6,0,0,0,1,0,0,0,0,682734.6504,5336245.5318,11.45703794,48.153181467,2,#fc8d62,car
67455,9,1,84,138,2016,4,21,2,2,8,1,2,0,0,1,0,0,0,0,680499.3408,5330419.1441,11.424542508,48.101446905,2,#fc8d62,car
67457,9,1,62,0,2016,4,20,7,3,1,6,2,1,0,1,0,0,0,0,694156.1723,5331718.2745,11.608387758,48.109108153,2,#fc8d62,car
67469,9,7,61,0,2016,4,15,4,3,3,6,0,0,0,1,0,0,1,0,643157.0734,5360539.3787,10.933461685,48.381765637,2,#fc8d62,car
67474,9,7,78,173,2016,4,18,3,3,1,6,0,0,0,1,0,0,0,1,613808457.0,5322583.4637,10.527062749,48.046382269,2,#fc8d62,car
67481,9,7,62,0,2016,4,11,5,3,2,6,0,0,0,1,0,0,0,1,621483.6288,5303997.2562,10.624753726,47.877810426,2,#fc8d62,car
67489,9,1,86,152,2016,4,9,3,3,2,6,0,0,0,1,0,0,0,0,691538803.0,5379429.0225,11.594936685,48.538701718,2,#fc8d62,car
67492,9,2,61,0,2016,4,15,2,2,4,2,0,0,0,1,0,0,0,0,732214.1517,5380014.8278,12.145536649,48.530234209,2,#fc8d62,car
67494,9,1,81,141,2016,4,10,7,3,2,1,0,1,0,1,0,0,0,1,643630.12,5317143452.0,10.925172118,47.991451922,2,#fc8d62,car
67504,9,7,71,129,2016,4,7,3,3,2,6,0,1,0,1,0,0,0,0,659417291.0,5356575.4759,11.151415321,48.342230145,2,#fc8d62,car
67508,9,1,77,133,2016,4,6,7,3,0,6,0,0,0,1,0,0,0,0,710931.0594,5360277.3469,11.847690298,48.360399703,2,#fc8d62,car
67512,9,1,74,146,2016,4,7,2,3,2,6,0,0,0,0,0,1,0,1,668737.2912,5349771.3701,11.274371947,48.278643617,4,#e78ac3,marker
67513,9,7,72,209,2016,4,18,3,3,2,6,0,0,0,1,0,0,0,0,635231.4401,5335702.0907,10.818532586,48.160172469,2,#fc8d62,car
67514,9,1,74,115,2016,4,13,4,3,0,3,0,0,0,1,0,1,0,0,683339.5705,5347779.1061,11.470146635,48.256677033,2,#fc8d62,car
67515,9,1,77,116,2016,4,14,5,1,8,1,0,0,0,1,0,0,0,0,714128.8977,5365591564.0,11.893513637,48.407072277,2,#fc8d62,car
67520,9,1,84,139,2016,4,15,2,3,0,7,0,0,1,0,0,0,0,0,687195.94,5323885.7748,11.51154499,48.040790051,1,#66c2a5,bicycle
67522,9,1,79,119,2016,4,14,1,2,4,6,0,0,0,1,0,0,0,0,669520.9239,5340281.6698,11.281128332,48.193125072,2,#fc8d62,car
67526,9,1,88,141,2016,4,16,5,3,8,1,0,1,0,1,0,0,0,0,667008.2003,5306585.9827,11.234198983,47.890858784,2,#fc8d62,car
67527,9,1,77,144,2016,4,16,2,2,4,6,0,0,1,0,0,0,0,0,718049.3437,5347512.5267,11.937069119,48.243291924,1,#66c2a5,bicycle
67530,9,1,74,135,2016,4,19,3,3,0,1,1,0,1,0,0,0,0,0,663738008.0,5352020.5144,11.207912351,48.300176076,1,#66c2a5,bicycle
67536,9,7,72,115,2016,4,0,2,2,9,1,2,0,0,1,0,0,0,0,614806.1384,5368388.8349,10.552870657,48.458154594,2,#fc8d62,car
67538,9,1,81,130,2016,4,4,6,3,5,3,2,1,0,1,0,0,0,0,641884878.0,5324144.3598,10.904110786,48.054794943,2,#fc8d62,car
67540,9,1,74,121,2016,4,7,2,3,3,6,0,0,0,1,0,1,0,0,690714.1872,5354750.7934,11.572550482,48.317159866,2,#fc8d62,car
67543,9,1,84,114,2016,4,21,3,3,5,3,2,0,0,1,0,0,0,0,696850.6009,5320204.8774,11.639248878,48.004804289,2,#fc8d62,car
67545,9,7,72,147,2016,4,14,1,2,9,3,0,0,0,1,0,0,0,0,639279.4423,5364061.9423,10.882289174,48.414307489,2,#fc8d62,car
67556,9,1,81,138,2016,4,17,6,3,5,3,0,0,0,1,0,0,0,0,639967.5963,5334744.2207,10.881872166,48.150534186,2,#fc8d62,car
67563,9,7,61,0,2016,4,7,2,3,5,3,0,0,0,1,0,1,0,0,640807415.0,5354479876.0,10.899718497,48.327809386,2,#fc8d62,car
67565,9,1,74,135,2016,4,17,6,2,8,1,0,1,0,1,0,0,0,0,662128.2065,5352624.5741,11.186453643,48.306021221,2,#fc8d62,car
67578,9,1,62,0,2016,4,7,2,3,6,2,0,0,0,1,1,0,0,0,685856.2647,5328912.8792,11.495773484,48.086367788,2,#fc8d62,car
67594,9,2,74,185,2016,4,7,2,3,2,2,0,0,0,1,0,0,0,0,732570.2767,5371123.2913,12.145404479,48.450231267,2,#fc8d62,car
67602,9,1,79,114,2016,4,14,3,3,9,1,0,0,0,1,0,0,0,0,654334561.0,5344610.5578,11.078497359,48.235918189,2,#fc8d62,car
67606,9,1,84,135,2016,4,7,6,3,5,2,0,1,0,1,0,0,0,0,692578.1633,5349019.6322,11.595054075,48.265086278,2,#fc8d62,car
67607,9,7,72,163,2016,4,19,2,3,3,6,0,0,0,1,0,0,0,0,638647.7364,5348364.7287,10.868588617,48.273299918,2,#fc8d62,car
67609,9,1,74,126,2016,4,15,6,3,2,6,0,0,0,1,0,0,0,0,683343735.0,5344241.6724,11.468671403,48.224879809,2,#fc8d62,car
67610,9,1,74,147,2016,4,9,7,3,0,2,0,1,0,1,0,0,0,0,672393.2504,5368057495.0,11.3310999,48.442036277,2,#fc8d62,car
67614,9,1,87,179,2016,4,0,2,3,9,1,2,0,0,1,0,0,0,0,726613.7921,5315127.0614,12.03507525,47.949327379,2,#fc8d62,car
67615,9,1,81,130,2016,4,16,4,3,2,1,0,0,0,1,0,0,0,0,638633.8348,5326728.3456,10.861343463,48.0787456,2,#fc8d62,car
67616,9,1,88,126,2016,4,16,5,2,8,7,0,0,0,1,0,0,0,0,659607.5005,5323798.0231,11.141658529,48.047494732,2,#fc8d62,car
67617,9,1,62,0,2016,4,18,1,3,5,2,0,0,0,1,0,0,0,0,686389433.0,5329049271.0,11.502985591,48.087438074,2,#fc8d62,car