OBJECTID,ULAND,UREGBEZ,UKREIS,UGEMEINDE,UJAHR,UMONAT,USTUNDE,UWOCHENTAG,UKATEGORIE,UART,UTYP1,ULICHTVERH,STRZUSTAND,IstRad,IstPKW,IstFuss,IstKrad,IstGkfz,IstSonstig,LINREFX,LINREFY,XGCSWGS84,YGCSWGS84,Teilnehmer,color,symbol
68261,9,1,74,135,2016,4,15,3,3,0,6,0,1,0,1,0,0,0,0,662611.1352,5355946763.0,11.194242598,48.335764011,2,#fc8d62,car
68269,9,1,81,146,2016,4,0,5,3,8,7,2,0,0,0,0,0,1,0,652778.3706,5326521.4429,11.051058381,48.073653032,5,#a6d854,bus
68271,9,1,86,152,2016,4,12,6,3,2,6,0,0,0,1,0,0,0,1,691567.15,5379323393.0,11.595271757,48.537743762,2,#fc8d62,car
68273,9,7,77,158,2016,4,16,1,3,9,1,0,1,0,1,0,0,0,0,622008.6316,5308979.4108,10.633181354,47.922518815,2,#fc8d62,car
68276,9,1,77,133,2016,4,9,1,3,4,6,0,0,0,1,0,0,0,0,710931.8063,5360277.5364,11.847700464,48.360401156,2,#fc8d62,car
68278,9,1,81,132,2016,4,15,4,2,8,1,0,1,0,1,0,0,0,0,645233.5748,5327399441.0,10.950129898,48.083310831,2,#fc8d62,car
68282,9,1,74,115,2016,4,18,6,3,2,6,0,0,0,1,0,1,0,0,681203.5708,5347208.4768,11.44115114,48.252162254,2,#fc8d62,car
68286,9,7,78,116,2016,4,6,4,3,5,3,0,1,0,1,0,0,0,0,619837.3261,5319715.3759,10.607122461,48.019484407,2,#fc8d62,car
68294,9,1,78,137,2016,4,19,5,3,5,3,0,0,0,1,0,0,0,0,694314.2579,5366367.1344,11.62642608,48.420461899,2,#fc8d62,car
68300,9,1,84,144,2016,4,18,6,3,9,1,0,0,0,0,0,1,0,0,686992737.0,5316983.6002,11.505812236,47.978809075,4,#e78ac3,marker
68302,9,1,78,136,2016,4,8,4,3,5,3,0,1,0,1,0,0,0,0,697687411.0,5372418.5394,11.674824062,48.473794723,2,#fc8d62,car
68305,9,1,77,115,2016,4,21,6,1,4,6,2,0,0,1,0,0,0,0,737533.3245,5350288.5937,12.200663264,48.261230083,2,#fc8d62,car
68309,9,7,77,177,2016,4,14,4,3,5,3,0,0,0,1,0,0,0,1,632894.8413,5319612.6299,10.782119769,48.015977846,2,#fc8d62,car
68311,9,2,61,0,2016,4,10,1,3,5,3,0,0,0,1,0,0,0,0,730500.4,5380929.1415,12.122864053,48.539079043,2,#fc8d62,car
68316,9,7,71,113,2016,4,8,6,3,2,6,0,0,0,1,0,1,0,0,657099.2223,5370474.9484,11.125356743,48.467772201,2,#fc8d62,car
68319,9,7,72,200,2016,4,7,3,3,5,3,0,1,1,1,0,0,0,0,630501.4749,5337496612.0,10.755508471,48.177298579,1,#66c2a5,bicycle
68324,9,1,77,137,2016,4,16,3,3,2,6,0,1,0,1,0,0,0,1,729495.4872,5345918.8649,12.090155609,48.224935778,2,#fc8d62,car
68334,9,1,62,0,2016,4,8,5,3,3,2,0,0,1,1,0,0,0,0,695454.8412,5331093.6173,11.625529626,48.103096853,1,#66c2a5,bicycle
68336,9,1,88,141,2016,4,16,2,1,4,6,0,1,0,1,0,0,0,0,667783.8585,5306746.2384,11.244629642,47.892097249,2,#fc8d62,car
68337,9,7,61,0,2016,4,17,4,3,4,2,0,0,0,1,0,0,0,0,641358.0544,5352523.2647,10.906487354,48.310093221,2,#fc8d62,car
68347,9,1,74,131,2016,4,13,3,3,6,4,0,1,0,1,1,0,0,0,676433.6838,5358364.4215,11.381613303,48.353788217,2,#fc8d62,car
68352,9,1,90,157,2016,4,18,6,3,4,1,0,0,0,1,0,0,0,0,661413.9326,5302674.1206,11.157954522,47.857118644,2,#fc8d62,car
68353,9,7,78,116,2016,4,7,2,3,2,6,0,0,0,1,0,0,0,0,618085.3615,5322208.1977,10.584323683,48.042230318,2,#fc8d62,car
68359,9,7,72,202,2016,4,18,5,3,5,3,0,0,1,1,0,0,0,0,636755331.0,5359183154.0,10.846607137,48.37099082,1,#66c2a5,bicycle
68363,9,1,87,130,2016,4,14,5,3,4,6,0,0,0,1,0,0,0,0,713274711.0,5309790093.0,11.854017712,47.905948932,2,#fc8d62,car
68367,9,1,84,135,2016,4,19,2,3,3,6,1,0,0,1,0,0,1,0,692562.4084,5344992.6899,11.593010596,48.228898648,2,#fc8d62,car
68372,9,1,86,151,2016,4,13,5,3,5,3,0,0,1,1,0,0,0,0,680997.9065,5375344.0085,11.450497661,48.505114282,1,#66c2a5,bicycle
68373,9,1,85,113,2016,4,15,1,3,0,1,0,0,1,0,0,0,0,0,669081794.0,5378749042.0,11.290686997,48.539043097,1,#66c2a5,bicycle
68374,9,1,77,113,2016,4,6,7,2,8,1,0,0,0,1,0,0,0,0,721275.9292,5352948.7879,11.983313555,48.29101663,2,#fc8d62,car
68379,9,1,62,0,2016,4,17,3,3,3,6,0,1,0,1,0,0,1,0,694992.5344,5343207.3935,11.624877812,48.212111155,2,#fc8d62,car
68386,9,1,81,126,2016,4,19,5,3,5,3,0,0,0,1,0,1,0,0,635667094.0,5331892489.0,10.823174061,48.125822195,2,#fc8d62,car
68390,9,2,61,0,2016,4,15,5,3,2,6,0,0,0,1,0,1,0,0,734440.6263,5381960.6776,12.176742639,48.546885314,2,#fc8d62,car
68395,9,1,62,0,2016,4,10,7,3,5,2,0,1,0,1,0,0,0,0,686891948.0,5335146.3133,11.512398973,48.142093332,2,#fc8d62,car
68397,9,1,81,121,2016,4,7,4,3,9,1,1,2,0,1,0,0,0,0,634884.7459,5311197.6413,10.806148599,47.939887078,2,#fc8d62,car
68400,9,1,78,124,2016,4,14,1,3,2,6,0,0,0,1,0,0,0,0,700863.4927,5357555.9488,11.710636281,48.339226609,2,#fc8d62,car
68403,9,1,74,113,2016,4,1,4,2,8,1,2,2,0,1,0,0,0,0,672451.7405,5346292.3815,11.322977626,48.246368983,2,#fc8d62,car
68409,9,1,79,123,2016,4,16,6,3,6,2,0,0,0,1,1,0,0,0,677520.5072,5334048332.0,11.386076838,48.134907328,2,#fc8d62,car
68412,9,1,62,0,2016,4,16,4,3,2,6,0,1,0,1,0,0,0,0,689626.5419,5339036.4972,11.550856692,48.176249247,2,#fc8d62,car
68416,9,1,62,0,2016,4,10,6,3,5,3,0,0,1,1,0,0,0,0,684396.0627,5335410.3469,11.478993785,48.145194866,1,#66c2a5,bicycle
68418,9,1,62,0,2016,4,20,3,3,6,4,1,1,0,1,1,0,0,0,678039.2626,5339069.0901,11.395144159,48.179894388,2,#fc8d62,car
68422,9,1,84,132,2016,4,11,5,3,6,4,0,0,0,1,1,0,0,0,683464.1627,5329669.1841,11.464007025,48.09385893,2,#fc8d62,car
68424,9,1,74,146,2016,4,10,2,3,2,6,0,0,0,1,0,0,0,0,666514618.0,5351076.7184,11.244951535,48.290966892,2,#fc8d62,car
68425,9,7,72,131,2016,4,6,4,3,5,3,1,1,0,1,0,0,0,0,616609.7788,5356867.9667,10.574055984,48.354214079,2,#fc8d62,car
68429,9,1,75,132,2016,4,15,6,3,0,3,0,0,0,1,0,1,0,0,707426.4519,5336422.3695,11.788744733,48.14719808,2,#fc8d62,car
68442,9,1,86,152,2016,4,14,3,3,2,6,0,0,0,1,0,0,0,0,691335.1667,5373352.3587,11.589394811,48.484151799,2,#fc8d62,car
68443,9,7,62,0,2016,4,9,3,3,2,6,0,0,0,1,0,0,0,0,621873.6134,5303082038.0,10.62970912,47.86950528,2,#fc8d62,car
68453,9,1,88,144,2016,4,12,2,3,6,5,0,0,0,1,1,0,0,0,667492.4144,5327091.8449,11.248668047,48.07508648,2,#fc8d62,car
68460,9,1,74,115,2016,4,11,7,3,4,6,0,0,0,1,0,0,0,0,681074.3281,5348678377.0,11.440040676,48.265411557,2,#fc8d62,car
68470,9,1,88,145,2016,4,18,3,3,2,2,0,0,0,1,0,0,0,0,664510.1052,5328236.4376,11.209100938,48.086153132,2,#fc8d62,car
68471,9,7,61,0,2016,4,16,3,3,0,7,0,1,0,0,0,1,0,0,639887.4466,5354232.1233,10.887231443,48.325785925,4,#e78ac3,marker
68476,9,1,62,0,2016,4,11,2,3,2,6,0,0,0,1,0,0,0,0,687924.7673,5335016.1866,11.526211837,48.140619509,2,#fc8d62,car
68478,9,1,86,128,2016,4,17,5,3,2,1,0,0,0,1,0,0,0,0,677877.8332,5385524.4143,11.412643696,48.59751052,2,#fc8d62,car
68482,9,1,78,137,2016,4,16,2,3,5,3,0,0,0,1,0,0,0,0,691741.3804,5363402.9421,11.590333157,48.394609894,2,#fc8d62,car
68484,9,7,72,111,2016,4,15,5,3,0,1,0,0,0,0,0,1,0,0,628245838.0,5363239.4723,10.732998369,48.409253729,4,#e78ac3,marker
68487,9,1,74,113,2016,4,16,1,3,5,3,0,0,0,1,0,0,0,0,677716813.0,5351087087.0,11.395851121,48.288013961,2,#fc8d62,car
68488,9,1,84,123,2016,4,18,6,3,2,6,0,0,0,1,0,0,0,0,702454.9223,5332076.2738,11.71991948,48.109742078,2,#fc8d62,car
68491,9,1,87,179,2016,4,18,4,3,3,6,0,0,0,1,0,1,0,0,723210.0228,5311394.3235,11.98761842,47.916983621,2,#fc8d62,car
68498,9,1,75,132,2016,4,21,5,2,2,6,2,0,0,1,0,0,0,1,706734.7139,5336280.7232,11.779387252,48.146150363,2,#fc8d62,car
68501,9,1,74,131,2016,4,17,3,3,2,6,0,1,0,0,0,1,1,0,676081.8467,5359520.0064,11.377351778,48.364273814,4,#e78ac3,marker
68507,9,1,73,126,2016,4,13,6,3,2,6,0,0,0,1,0,0,0,1,683479.5143,5306493.4171,11.454309528,47.885529724,2,#fc8d62,car
68509,9,1,81,132,2016,4,6,5,3,3,6,1,0,0,1,0,0,1,0,646554.5827,5324687.2292,10.966927071,48.058620936,2,#fc8d62,car
68516,9,1,77,133,2016,4,21,1,2,8,1,2,0,0,1,0,0,0,0,709052.3004,5354440.3667,11.819462511,48.308574871,2,#fc8d62,car
68518,9,1,79,142,2016,4,15,4,3,2,6,0,1,0,1,0,0,0,0,673377.9356,5343920001.0,11.33447214,48.224790214,2,#fc8d62,car
68522,9,1,81,139,2016,4,7,6,3,2,6,0,0,0,1,0,0,0,0,655811.2669,5323616.0562,11.090688919,48.046796627,2,#fc8d62,car
68525,9,7,74,198,2016,4,6,4,3,8,5,1,2,0,1,0,0,0,0,614324.6695,5349466.5698,10.541215247,48.288068081,2,#fc8d62,car
68528,9,1,87,159,2016,4,12,5,3,1,3,0,0,0,1,0,0,0,0,730013.4133,5323749.9658,12.085157116,48.025585452,2,#fc8d62,car
68530,9,1,62,0,2016,4,5,6,3,3,6,2,0,0,1,0,0,1,0,687321.0721,5332191.6955,11.516863174,48.115410176,2,#fc8d62,car
68531,9,1,73,130,2016,4,6,4,2,9,1,0,1,0,1,0,0,0,0,679430.4233,5312014.0753,11.402493927,47.93630175,2,#fc8d62,car
68535,9,1,84,135,2016,4,13,6,3,6,4,0,0,0,1,1,0,0,0,689123.3457,5347354.9747,11.54780352,48.251165328,2,#fc8d62,car
68537,9,1,74,115,2016,4,10,4,3,5,3,0,0,0,1,0,0,0,0,681345.6679,5347010.7485,11.442978938,48.250344311,2,#fc8d62,car
68540,9,1,75,122,2016,4,11,6,1,4,6,0,0,0,1,0,0,0,0,720719.7339,5323826.0036,11.960716706,48.029547006,2,#fc8d62,car
68543,9,1,87,142,2016,4,16,2,3,8,6,0,0,0,1,0,1,0,0,733563.6771,5316708.1648,12.128872992,47.961035748,2,#fc8d62,car
68547,9,1,63,0,2016,4,16,7,3,6,5,0,0,0,1,1,0,0,0,733621.8287,5303406.8659,12.122449493,47.841516514,2,#fc8d62,car
68550,9,7,72,184,2016,4,13,6,3,2,6,0,0,0,1,0,1,0,0,632860954.0,5358583941.0,10.793859255,48.366434466,2,#fc8d62,car
68551,9,1,63,0,2016,4,11,4,2,5,3,0,0,0,1,0,0,0,0,733576422.0,5303189.8757,12.121726476,47.839583554,2,#fc8d62,car
68553,9,7,73,182,2016,4,10,3,3,2,1,0,1,0,1,0,0,0,0,624920.8176,5379512.4028,10.692951905,48.556255999,2,#fc8d62,car
68558,9,1,77,144,2016,4,8,3,3,5,3,0,0,0,1,0,0,1,0,714270.4322,5346952646.0,11.885952563,48.239549483,2,#fc8d62,car
68564,9,1,84,147,2016,4,12,2,2,2,6,0,0,0,0,0,0,1,1,699033.8889,5341621.9565,11.678475598,48.196608406,5,#a6d854,bus
68565,9,7,77,121,2016,4,8,3,3,2,6,0,0,0,1,0,0,0,0,629437011.0,5321120.3858,10.736228021,48.030246951,2,#fc8d62,car
68572,9,1,84,135,2016,4,6,5,3,3,6,0,0,0,1,0,1,0,0,686586.3302,5347513.3777,11.513729953,48.253341002,2,#fc8d62,car
68574,9,1,74,146,2016,4,10,2,3,2,6,0,1,0,1,0,0,0,0,666145.1416,5351230.0598,11.240034533,48.292442506,2,#fc8d62,car
68575,9,7,72,147,2016,4,7,4,3,2,6,0,0,1,1,0,0,0,1,638035.0637,5365066.9863,10.865812156,48.423618409,1,#66c2a5,bicycle
68585,9,1,79,121,2016,4,14,3,3,5,3,0,1,0,1,0,0,0,1,666106948.0,5339495.9901,11.234918122,48.186963909,2,#fc8d62,car
68590,9,2,74,126,2016,4,20,6,3,5,3,2,0,0,1,0,0,0,0,731900795.0,5383988756.0,12.143510973,48.566046966,2,#fc8d62,car
68591,9,1,62,0,2016,4,11,2,3,6,4,0,1,0,1,1,0,0,0,688217.6822,5334983.3907,11.530130923,48.140238154,2,#fc8d62,car
68596,9,1,84,135,2016,4,20,1,3,1,6,2,1,0,1,0,0,0,0,688144.6907,5347443228.0,11.534672082,48.252249804,2,#fc8d62,car
68597,9,7,72,200,2016,4,18,5,2,3,6,0,0,0,1,0,1,0,0,628699.3061,5339027.2916,10.731740982,48.191431249,2,#fc8d62,car
68600,9,1,62,0,2016,4,15,1,3,2,6,0,0,0,1,0,0,0,0,694390932.0,5341213267.0,11.615874834,48.194373527,2,#fc8d62,car
68603,9,1,74,146,2016,4,11,4,3,2,6,0,0,0,1,0,0,1,0,668282.4523,5350087.7202,11.268372241,48.281608551,2,#fc8d62,car
68606,9,7,73,122,2016,4,12,5,3,4,6,0,0,0,0,0,0,1,1,626134.2369,5384587.3192,10.710928594,48.601648069,5,#a6d854,bus
68611,9,1,62,0,2016,4,10,7,3,9,1,0,0,0,1,0,0,0,0,695230.1934,5344221.6881,11.62854045,48.221153939,2,#fc8d62,car
68616,9,1,84,118,2016,4,14,3,3,2,6,0,1,0,1,0,0,0,0,704767.5254,5336881.9028,11.75326094,48.152189108,2,#fc8d62,car
68618,9,2,74,126,2016,4,20,3,3,0,2,2,1,0,1,0,1,0,0,733718.6078,5382545.1434,12.16730262,48.55240469,2,#fc8d62,car
68624,9,1,79,134,2016,4,11,5,3,0,1,0,0,1,0,0,0,0,0,667805.0269,5342761.1441,11.259037837,48.215870921,1,#66c2a5,bicycle
68626,9,1,86,128,2016,4,17,6,3,2,1,0,0,0,1,0,0,0,0,678575083.0,5386009.4458,11.422300598,48.601671629,2,#fc8d62,car
68629,9,7,77,130,2016,4,6,1,2,8,1,1,2,0,1,0,0,0,0,625257.6267,5312406.3515,10.677649699,47.952712145,2,#fc8d62,car
68632,9,1,84,145,2016,4,19,7,3,5,2,0,1,0,1,0,0,0,0,699238.2469,5324808.7091,11.673365353,48.045440926,2,#fc8d62,car
68634,9,1,81,113,2016,4,5,4,3,2,6,1,2,0,1,0,0,0,0,640061.4726,5308560.5308,10.874571462,47.915062127,2,#fc8d62,car
68637,9,1,75,139,2016,4,17,6,3,2,3,0,0,0,1,0,0,0,0,710372.7793,5328446.3538,11.824373648,48.07455771,2,#fc8d62,car
68649,9,1,75,114,2016,4,7,5,3,8,1,0,1,0,1,0,0,0,0,715682.4055,5321107.6049,11.89186914,48.006841004,2,#fc8d62,car
68654,9,1,84,149,2016,4,10,6,2,5,3,0,0,1,1,0,0,0,0,690118.5281,5350211.0433,11.562479994,48.276537292,1,#66c2a5,bicycle
68655,9,2,74,124,2016,4,8,4,3,8,6,0,1,0,0,0,0,1,1,724271191.0,5377368074.0,12.036679945,48.509344545,5,#a6d854,bus
68656,9,1,75,114,2016,4,10,4,3,5,3,0,1,0,1,0,0,0,0,718045952.0,5324939583.0,11.925466366,48.040471197,2,#fc8d62,car
68659,9,1,62,0,2016,4,20,5,3,5,2,2,0,0,1,0,0,0,0,684376.7289,5332105.3118,11.477304011,48.115492971,2,#fc8d62,car
68663,9,7,72,130,2016,4,12,4,3,5,3,0,0,0,1,0,0,0,0,631640.4626,5357177.1487,10.776948569,48.354039908,2,#fc8d62,car
68665,9,2,61,0,2016,4,13,1,3,1,6,0,0,0,1,0,0,0,0,734773.2483,5381910.6661,12.181214352,48.546311714,2,#fc8d62,car
68666,9,1,87,122,2016,4,10,7,2,5,3,0,0,0,1,0,1,0,0,718083.7685,5308186.2097,11.91747611,47.889920331,2,#fc8d62,car
68672,9,1,87,170,2016,4,7,5,3,2,2,0,0,0,1,0,0,0,0,732212.2472,5322117.8712,12.113721178,48.010127608,2,#fc8d62,car
68674,9,7,78,116,2016,4,16,6,2,4,6,0,0,0,1,0,0,0,0,619243.4953,5322316.4061,10.599885989,48.042988218,2,#fc8d62,car
68683,9,1,62,0,2016,4,16,5,3,3,6,0,0,0,1,0,1,0,0,688554.7073,5334726.6327,11.534543145,48.137830591,2,#fc8d62,car
68685,9,1,88,141,2016,4,4,2,2,8,1,2,2,0,1,0,0,0,0,666928.9271,5309632.0417,11.234318131,47.918264975,2,#fc8d62,car
68687,9,7,62,0,2016,4,17,5,3,1,6,0,0,0,1,0,0,0,0,622168.6674,5307897.3383,10.635015934,47.912756556,2,#fc8d62,car
68691,9,1,79,145,2016,4,10,7,3,2,6,0,0,0,1,0,0,0,0,674731845.0,5335006.2615,11.349020016,48.144290336,2,#fc8d62,car
68697,9,1,74,131,2016,4,17,3,3,4,1,0,1,0,1,0,0,0,0,676436.8753,5360082.6981,11.382376883,48.36923263,2,#fc8d62,car
68704,9,1,74,113,2016,4,17,5,3,2,6,0,0,0,1,0,0,0,0,674062.7775,5345180.4483,11.344203019,48.235933202,2,#fc8d62,car
68707,9,7,71,140,2016,4,14,6,3,8,1,0,0,0,1,0,0,0,0,651313.5235,5374736.3864,11.048679757,48.507503833,2,#fc8d62,car
68709,9,1,81,130,2016,4,15,3,2,3,2,0,1,1,1,0,0,0,0,638877.5047,5322711.6407,10.863308919,48.042573055,1,#66c2a5,bicycle
68710,9,7,72,121,2016,4,16,3,3,5,3,0,1,0,1,0,0,0,0,628355488.0,5371865995.0,10.737123802,48.486804111,2,#fc8d62,car
68715,9,1,62,0,2016,4,16,2,3,5,3,0,1,0,1,0,0,0,0,691313.2712,5331127.6131,11.569970135,48.104659504,2,#fc8d62,car
68721,9,1,86,152,2016,4,10,2,3,2,6,0,0,0,1,0,0,0,0,691523.1761,5373816369.0,11.592149138,48.48826471,2,#fc8d62,car
68723,9,7,61,0,2016,4,18,5,3,9,7,0,0,0,1,0,0,0,0,643242.6926,5357872481.0,10.933708942,48.357766863,2,#fc8d62,car
68725,9,1,79,113,2016,4,16,5,2,5,2,0,0,0,1,0,1,0,0,670376.9306,5336407.9866,11.291084719,48.158072737,2,#fc8d62,car
68726,9,1,79,123,2016,4,1,1,3,5,3,2,1,0,1,0,0,0,0,675955.0083,5333557.1976,11.364850589,48.130927145,2,#fc8d62,car
68733,9,1,90,138,2016,4,7,3,3,1,6,0,0,0,1,0,0,1,0,661701.5916,5308687.7571,11.164049333,47.911114629,2,#fc8d62,car
68736,9,1,81,141,2016,4,17,5,3,4,1,0,0,0,1,0,0,0,0,643906.0057,5319681781.0,10.929719256,48.014214749,2,#fc8d62,car
68738,9,1,88,137,2016,4,7,6,3,3,2,0,0,1,1,0,0,0,0,672631.4951,5316899.5167,11.313498585,47.982089174,1,#66c2a5,bicycle
68744,9,1,62,0,2016,4,16,7,3,5,2,0,0,0,1,0,0,0,0,685475.3636,5335315946.0,11.493448415,48.1440326,2,#fc8d62,car
68748,9,7,71,156,2016,4,11,5,3,1,7,0,0,1,1,0,0,0,0,654983.7882,5383224.0903,11.101496439,48.582915814,1,#66c2a5,bicycle
68750,9,1,75,139,2016,4,14,1,3,4,6,0,0,0,1,0,0,0,0,711613.2865,5329412.2763,11.841485308,48.082827104,2,#fc8d62,car
68751,9,1,87,176,2016,4,11,5,3,2,2,0,0,0,1,0,0,0,1,738348.0192,5331203.3569,12.200923202,48.089485146,2,#fc8d62,car
68753,9,1,62,0,2016,4,16,4,3,2,6,0,1,0,1,0,0,0,0,686686.9614,5333269.0836,11.50882346,48.125280335,2,#fc8d62,car
68757,9,1,82,120,2016,4,15,3,3,2,6,0,1,0,1,0,0,0,0,701797.0847,5306510.7969,11.699073763,47.880189889,2,#fc8d62,car
68758,9,1,81,130,2016,4,6,6,2,6,4,0,0,0,1,1,0,0,0,638476.5415,5323394909.0,10.858153219,48.048804365,2,#fc8d62,car
68760,9,7,72,147,2016,4,21,2,3,8,7,2,0,0,1,0,0,0,0,633958.5464,5364475.9639,10.81055036,48.419184004,2,#fc8d62,car
68766,9,1,84,122,2016,4,15,6,3,3,2,0,0,1,1,0,0,0,0,688153.8617,5323689.4338,11.524297941,48.038743702,1,#66c2a5,bicycle
68767,9,2,74,126,2016,4,14,4,3,2,6,0,1,0,1,0,0,1,0,733915093.0,5382467816.0,12.169917668,48.551636857,2,#fc8d62,car
68768,9,1,84,149,2016,4,15,3,3,2,6,0,1,0,1,0,0,0,0,691155.9892,5352260515.0,11.577375803,48.294644874,2,#fc8d62,car
68775,9,1,88,121,2016,4,17,4,3,2,6,0,1,0,1,0,0,0,0,669923.9359,5329163.0217,11.282109688,48.093062913,2,#fc8d62,car
68778,9,1,77,117,2016,4,16,6,3,0,7,0,0,0,1,0,0,0,0,716446.7822,5351664.7719,11.917636393,48.281149368,2,#fc8d62,car
68781,9,1,82,127,2016,4,8,2,3,2,6,0,1,0,1,0,0,0,0,702822.0059,5310531.8005,11.71465625,47.916004714,2,#fc8d62,car
68788,9,7,61,0,2016,4,16,6,3,1,6,0,0,0,1,0,0,0,0,638503.0397,5356086.0395,10.869174116,48.342760959,2,#fc8d62,car
68796,9,1,78,124,2016,4,7,3,2,0,1,0,0,0,0,0,1,0,0,700970.04,5364567843.0,11.715423085,48.402205132,4,#e78ac3,marker
68802,9,1,74,131,2016,4,16,2,2,4,6,0,0,0,1,0,0,0,0,676998302.0,5355613.8533,11.388072192,48.328905858,2,#fc8d62,car
68807,9,1,74,113,2016,4,17,5,3,3,6,0,0,0,1,0,0,1,0,674603702.0,5345113703.0,11.35145409,48.235184507,2,#fc8d62,car
68808,9,1,86,162,2016,4,10,1,3,3,1,0,0,0,1,0,0,0,1,689137.6741,5385423.5286,11.56516565,48.593304356,2,#fc8d62,car
68809,9,1,84,147,2016,4,19,7,3,3,1,1,1,0,1,0,0,0,0,700325.5681,5341231.5844,11.695654156,48.192694034,2,#fc8d62,car
68813,9,7,73,182,2016,5,16,2,2,4,6,0,0,0,1,0,0,0,0,625662.3947,5380710.9082,10.703359227,48.566885166,2,#fc8d62,car
68819,9,1,75,127,2016,5,21,5,3,0,1,2,0,1,0,0,0,0,0,712744.3079,5341929.4871,11.862904707,48.19492726,1,#66c2a5,bicycle
68822,9,1,78,130,2016,5,20,1,3,0,1,1,1,0,1,0,1,0,0,702297.7311,5356973.5784,11.729688858,48.333535657,2,#fc8d62,car
68829,9,1,81,128,2016,5,17,4,3,2,6,0,0,0,1,0,0,0,1,639646.6619,5328045.6522,10.875365187,48.090370092,2,#fc8d62,car
68837,9,1,62,0,2016,4,13,6,3,2,2,0,0,0,1,0,0,0,1,692462.6647,5331167.4735,11.585412021,48.104671574,2,#fc8d62,car
68852,9,7,72,170,2016,4,17,7,3,0,7,0,0,1,0,0,0,0,0,630742.3312,5334406.1717,10.757796805,48.149457696,1,#66c2a5,bicycle
68856,9,1,81,115,2016,5,17,4,3,5,3,0,0,0,1,0,0,0,0,656256.0079,5326680.0454,11.097771774,48.074236415,2,#fc8d62,car
68859,9,1,62,0,2016,4,18,7,3,1,6,0,0,0,1,0,0,0,0,686703.8514,5331079.8958,11.50809177,48.105598148,2,#fc8d62,car
68865,9,1,87,117,2016,4,17,6,3,5,3,0,0,1,1,0,0,0,0,726054917.0,5305174887.0,12.022386249,47.860106701,1,#66c2a5,bicycle
68872,9,1,84,135,2016,5,7,2,3,1,6,0,0,0,1,0,0,0,0,689279.8627,5346666.5813,11.549602138,48.244931412,2,#fc8d62,car
68873,9,1,62,0,2016,5,23,3,3,5,3,2,0,0,1,0,0,0,0,688679.3923,5336288.2646,11.536909484,48.151829788,2,#fc8d62,car
68875,9,7,61,0,2016,4,14,6,3,2,6,0,0,0,1,0,1,0,0,642670485.0,5358924.1499,10.926345614,48.367352527,2,#fc8d62,car
68876,9,1,62,0,2016,5,0,2,3,2,6,2,1,0,1,0,0,0,0,684656.1716,5342660.6202,11.485637352,48.210288082,2,#fc8d62,car
68879,9,1,62,0,2016,5,13,2,3,2,6,0,0,0,0,0,1,0,1,694722919.0,5334149075.0,11.617103662,48.130782235,4,#e78ac3,marker
68881,9,1,88,144,2016,5,14,5,3,8,7,0,0,1,0,0,0,0,0,668271567.0,5327594.5276,11.259318093,48.07940051,1,#66c2a5,bicycle
68883,9,1,77,144,2016,5,7,4,3,2,6,0,1,0,1,0,0,0,0,718076.6811,5347410.3665,11.937384243,48.242364617,2,#fc8d62,car
68885,9,1,81,129,2016,5,7,2,3,5,3,0,1,0,1,0,0,0,0,642686.2466,5304497.5212,10.908337729,47.877947432,2,#fc8d62,car
68887,9,1,75,118,2016,5,17,3,3,5,3,0,1,0,1,0,0,0,0,715119993.0,5338915799.0,11.893306742,48.167047834,2,#fc8d62,car
68889,9,1,79,134,2016,5,22,5,3,9,1,2,0,0,1,0,0,0,0,666375111.0,5342647568.0,11.239758692,48.215226389,2,#fc8d62,car
68890,9,1,63,0,2016,4,16,6,3,2,6,0,0,0,1,0,1,0,0,733590.9052,5303192.6873,12.121921263,47.839603553,2,#fc8d62,car
68891,9,7,72,147,2016,4,17,6,3,2,6,0,0,0,1,0,0,0,0,633446.8526,5364544.2751,10.803659743,48.419906851,2,#fc8d62,car
68892,9,1,63,0,2016,5,20,1,2,8,1,2,1,0,1,0,0,0,0,730372.5661,5303385.5506,12.079075736,47.842497289,2,#fc8d62,car
68897,9,1,87,181,2016,4,21,7,3,5,3,2,0,0,1,0,0,0,0,737563775.0,5312726525.0,12.180177579,47.923795719,2,#fc8d62,car
68901,9,2,74,128,2016,5,13,2,2,0,6,0,0,0,1,0,0,0,0,735333.9047,5386362.1172,12.191316415,48.586086121,2,#fc8d62,car
68903,9,1,84,145,2016,5,22,1,1,9,1,2,1,0,1,0,0,0,0,697825.4978,5324330383.0,11.654209317,48.041581324,2,#fc8d62,car
68905,9,1,85,158,2016,5,15,5,2,5,2,0,0,0,1,0,0,0,0,666577.7972,5379467.3269,11.257078181,48.546169776,2,#fc8d62,car
68907,9,1,74,111,2016,5,5,5,3,9,1,1,0,0,1,0,0,0,0,663938415.0,5360410767.0,11.213877638,48.375552064,2,#fc8d62,car
68910,9,1,62,0,2016,5,2,3,3,6,4,2,0,1,0,1,0,0,0,695819.2565,5333872.8914,11.631695606,48.127963706,1,#66c2a5,bicycle
68911,9,1,81,133,2016,5,16,1,3,5,3,0,1,0,1,0,0,0,0,643802412.0,5314267949.0,10.926517559,47.965556318,2,#fc8d62,car
68912,9,1,86,152,2016,4,19,6,3,2,6,0,0,0,1,0,0,0,0,691499033.0,5379717638.0,11.594531106,48.541307674,2,#fc8d62,car