OBJECTID,ULAND,UREGBEZ,UKREIS,UGEMEINDE,UJAHR,UMONAT,USTUNDE,UWOCHENTAG,UKATEGORIE,UART,UTYP1,ULICHTVERH,STRZUSTAND,IstRad,IstPKW,IstFuss,IstKrad,IstGkfz,IstSonstig,LINREFX,LINREFY,XGCSWGS84,YGCSWGS84,Teilnehmer,color,symbol
68913,9,1,87,177,2016,5,21,4,3,0,2,2,0,1,1,0,0,0,0,735362.9239,5305305.8072,12.146716633,47.857941418,1,#66c2a5,bicycle
68924,9,1,62,0,2016,4,14,7,3,2,6,0,0,0,1,0,0,0,0,687752.0145,5333518.0259,11.523231663,48.12720468,2,#fc8d62,car
68925,9,7,71,113,2016,4,10,7,3,5,3,0,0,1,1,0,0,0,0,658098.2866,5370091.5273,11.138718162,48.464074859,1,#66c2a5,bicycle
68929,9,1,74,113,2016,4,17,7,3,0,1,0,0,0,1,0,0,0,0,669457.3797,5349238.0458,11.283856063,48.273656943,2,#fc8d62,car
68931,9,7,72,147,2016,5,5,2,2,8,1,1,0,0,1,0,0,0,0,631892.8988,5364500.8342,10.782653573,48.419843458,2,#fc8d62,car
68937,9,1,86,143,2016,4,12,6,3,2,7,0,0,0,1,0,0,0,1,685504.3255,5379415.9658,11.513260023,48.540397375,2,#fc8d62,car
68938,9,1,75,122,2016,5,14,5,3,6,6,0,0,0,1,1,0,0,1,720383378.0,5326747935.0,11.957714961,48.05591705,2,#fc8d62,car
68941,9,1,78,124,2016,5,21,1,3,7,7,2,1,0,0,0,1,0,0,700492.7282,5364701.3654,11.70904512,48.403556984,4,#e78ac3,marker
68945,9,7,62,0,2016,4,1,7,3,8,1,2,0,0,1,0,0,0,0,621867.2396,5303089.7383,10.629626096,47.869575744,2,#fc8d62,car
68948,9,1,88,144,2016,5,6,4,3,2,6,0,0,0,1,0,0,0,0,667442.9294,5326940.3169,11.247944849,48.073737218,2,#fc8d62,car
68961,9,1,73,120,2016,5,15,3,2,4,6,0,0,0,1,0,0,1,0,684907675.0,5316164492.0,11.477545916,47.972052202,2,#fc8d62,car
68964,9,1,84,135,2016,4,19,6,3,4,1,0,0,1,0,0,0,0,0,692388.66,5349553.0604,11.592745822,48.269938064,1,#66c2a5,bicycle
68970,9,1,86,152,2016,4,18,6,2,8,1,0,0,0,0,0,1,0,0,694747.7739,5378289.4842,11.637831303,48.527473231,4,#e78ac3,marker
68971,9,7,72,145,2016,5,17,3,3,1,3,0,0,1,1,0,0,0,0,635133561.0,5368730491.0,10.827795517,48.457189438,1,#66c2a5,bicycle
68975,9,7,61,0,2016,4,17,7,3,2,6,0,0,0,1,0,1,0,0,641949.2165,5357624.9092,10.916174314,48.35583292,2,#fc8d62,car
68978,9,1,74,146,2016,5,7,4,2,5,3,0,0,1,1,0,0,0,0,666167083.0,5352114076.0,11.240678014,48.300383905,1,#66c2a5,bicycle
68983,9,1,73,147,2016,5,22,5,3,5,3,2,0,0,1,0,0,0,0,681427201.0,5308018201.0,11.427523329,47.899819725,2,#fc8d62,car
68984,9,1,85,158,2016,5,15,3,3,8,7,0,0,0,0,0,1,0,0,661078.1236,5383754.1404,11.18427635,48.586143548,4,#e78ac3,marker
68986,9,1,87,177,2016,4,16,6,2,5,3,0,0,0,1,0,1,0,0,738153.8247,5304955.4258,12.183777849,47.853765657,2,#fc8d62,car
69003,9,1,77,131,2016,5,7,4,3,2,6,0,0,0,1,0,0,0,0,710129.5342,5347634.6672,11.830589636,48.247063685,2,#fc8d62,car
69005,9,1,81,113,2016,5,12,2,3,9,1,0,0,0,1,0,0,0,0,638095.6434,5307941.2244,10.848076854,47.909919311,2,#fc8d62,car
69007,9,1,62,0,2016,5,16,2,2,5,2,0,0,1,1,0,0,0,0,694712.7734,5334143.0113,11.61696468,48.13073084,1,#66c2a5,bicycle
69009,9,1,79,134,2016,5,12,5,2,9,1,0,0,0,1,0,0,0,0,665589.6082,5344194.5232,11.229796727,48.229339001,2,#fc8d62,car
69010,9,1,63,0,2016,5,5,1,2,5,3,1,0,0,1,0,0,0,0,733674122.0,5305032325.0,12.124025054,47.856100703,2,#fc8d62,car
69012,9,7,62,0,2016,5,15,4,3,2,6,0,0,0,0,0,1,0,1,620560993.0,5305333.5474,10.612792345,47.89000268,4,#e78ac3,marker
69019,9,2,61,0,2016,5,16,2,3,0,7,0,0,0,0,0,0,0,1,732396.6069,5380576.0171,12.1483171,48.535207719,6,#ffd92f,circle
69027,9,1,62,0,2016,5,18,3,3,1,6,0,1,0,1,0,1,0,0,695247.4597,5331311.9077,11.622846793,48.105122342,2,#fc8d62,car
69030,9,1,77,137,2016,5,18,2,3,5,3,0,0,1,1,0,0,0,0,734543.6356,5348970109.0,12.159711873,48.250499605,1,#66c2a5,bicycle
69033,9,1,88,141,2016,4,9,6,3,6,6,0,0,0,1,1,0,0,0,670416.2006,5308900.1833,11.280667582,47.910768093,2,#fc8d62,car
69035,9,1,81,114,2016,5,19,5,3,6,6,0,0,0,1,1,0,0,0,657030.3529,5312653.9401,11.103024316,47.947936274,2,#fc8d62,car
69038,9,1,88,139,2016,4,7,6,3,6,4,0,0,0,1,1,0,0,0,674441.04,5318581.5479,11.338411527,47.996719316,2,#fc8d62,car
69040,9,7,61,0,2016,5,13,4,3,6,4,0,0,0,1,1,0,0,0,644054.7219,5357586.2777,10.94456644,48.355008742,2,#fc8d62,car
69048,9,1,81,130,2016,4,8,7,3,5,2,0,0,0,1,0,0,0,0,642255.6933,5324567.5349,10.909225037,48.058517616,2,#fc8d62,car
69049,9,2,74,126,2016,5,21,3,3,4,2,2,1,0,1,0,0,0,0,733401965.0,5382638.3107,12.163070582,48.553359469,2,#fc8d62,car
69050,9,7,72,200,2016,5,18,2,2,0,1,0,0,0,0,0,1,0,0,630582.5787,5339781.3169,10.757301398,48.197827483,4,#e78ac3,marker
69052,9,1,75,133,2016,4,13,7,3,5,3,0,0,1,1,0,0,0,0,705901.3086,5340442.4227,11.770211053,48.183819364,1,#66c2a5,bicycle
69058,9,1,88,126,2016,4,16,6,2,5,3,0,0,0,1,0,1,0,0,660072.4231,5325836.2665,11.148655137,48.06570368,2,#fc8d62,car
69059,9,1,62,0,2016,5,13,4,3,4,2,0,0,0,1,0,0,0,0,682479.4679,5335550.36,11.453312007,48.147006049,2,#fc8d62,car
69062,9,1,81,114,2016,4,16,6,2,9,7,0,0,0,1,0,0,0,0,651685.5273,5312080.6318,11.031289213,47.944069395,2,#fc8d62,car
69063,9,1,62,0,2016,5,19,5,3,3,6,0,0,0,1,0,0,0,0,685225337.0,5342659.1844,11.493290682,48.210109341,2,#fc8d62,car
69066,9,1,81,114,2016,5,13,1,3,4,2,0,1,0,1,0,0,0,0,657051.3897,5312655.7846,11.103306527,47.947947701,2,#fc8d62,car
69073,9,1,79,134,2016,5,17,4,3,4,6,0,0,0,1,0,0,0,0,668862262.0,5345722819.0,11.274439108,48.24221514,2,#fc8d62,car
69076,9,2,61,0,2016,4,7,6,3,1,6,1,0,0,1,0,0,0,0,734724.8029,5381808.9545,12.180501657,48.54541622,2,#fc8d62,car
69081,9,1,62,0,2016,4,15,6,3,1,6,0,0,0,1,0,0,0,0,688927665.0,5340128193.0,11.541950396,48.186269607,2,#fc8d62,car
69086,9,1,74,131,2016,4,7,6,3,8,1,0,0,0,1,0,0,0,0,672281993.0,5362098993.0,11.327149775,48.388505179,2,#fc8d62,car
69092,9,1,78,133,2016,5,20,4,2,0,6,1,0,0,1,0,1,0,0,686494.7763,5369264.6538,11.522133128,48.448867154,2,#fc8d62,car
69094,9,1,81,127,2016,5,8,2,3,8,7,0,0,0,0,0,0,1,0,633068.1313,5322323.1622,10.785284312,48.04031698,5,#a6d854,bus
69097,9,1,86,162,2016,5,19,4,3,2,6,0,0,0,1,0,0,0,0,690424.0606,5384352.6981,11.58210309,48.583290887,2,#fc8d62,car
69104,9,1,81,114,2016,5,18,4,3,5,3,0,0,1,1,0,0,0,0,656648.0053,5315332.2439,11.098882915,47.972111085,1,#66c2a5,bicycle
69106,9,2,61,0,2016,4,23,6,3,5,3,2,0,0,1,0,0,0,0,731655.8298,5382219.6411,12.139211172,48.550245937,2,#fc8d62,car
69107,9,2,61,0,2016,4,15,7,3,4,7,0,0,1,0,0,0,0,0,731536.8775,5382163.6536,12.137570623,48.549786925,1,#66c2a5,bicycle
69113,9,1,62,0,2016,4,15,6,3,5,6,0,0,0,1,0,0,1,0,684763.2263,5342530.8899,11.487020499,48.209090865,2,#fc8d62,car
69120,9,1,77,115,2016,5,5,4,3,3,6,0,0,0,1,0,0,0,0,728152062.0,5353375.9127,12.076113768,48.292413018,2,#fc8d62,car
69122,9,7,72,134,2016,4,9,6,3,9,1,0,0,0,1,0,0,0,0,630990001.0,5383797.18,10.776512246,48.593546029,2,#fc8d62,car
69123,9,1,84,121,2016,5,12,2,2,9,1,0,0,0,0,0,0,1,0,705074026.0,5331567.2842,11.754819787,48.104330199,5,#a6d854,bus
69125,9,1,84,149,2016,5,15,2,3,1,6,0,0,0,1,0,0,0,1,692299.3664,5349764.7342,11.591639987,48.271867607,2,#fc8d62,car
69127,9,1,81,134,2016,5,15,5,1,5,2,0,0,1,1,0,0,0,0,642596699.0,5339110776.0,10.918664832,48.189213656,1,#66c2a5,bicycle
69128,9,1,87,179,2016,5,20,1,3,4,6,1,1,0,1,0,0,0,0,720433.9563,5318644.2067,11.954226263,47.983086234,2,#fc8d62,car
69129,9,1,78,144,2016,4,17,6,3,4,2,0,0,0,1,0,0,0,0,707037.62,5379258867.0,11.804575357,48.532251103,2,#fc8d62,car
69134,9,1,84,114,2016,5,17,1,3,2,6,0,1,0,1,0,0,0,0,701203.0643,5314451.5571,11.694843649,47.951742845,2,#fc8d62,car
69135,9,1,62,0,2016,4,19,5,2,0,1,0,0,0,0,0,1,0,0,678272.3321,5339054.0853,11.398270476,48.17969416,4,#e78ac3,marker
69145,9,1,62,0,2016,5,15,1,3,4,6,0,1,0,1,0,0,0,0,695922.7916,5344209.1404,11.637849415,48.22082769,2,#fc8d62,car
69148,9,1,84,149,2016,4,16,5,3,5,3,0,0,0,1,0,0,0,0,690113.8146,5350194.7125,11.562409185,48.27639193,2,#fc8d62,car
69149,9,1,81,115,2016,5,13,5,2,5,3,0,0,0,1,0,1,0,0,656256.0079,5326680.0454,11.097771774,48.074236415,2,#fc8d62,car
69152,9,1,84,119,2016,4,7,5,3,3,6,0,0,0,1,0,0,0,0,696384.3932,5346583.6435,11.645157802,48.242025194,2,#fc8d62,car
69153,9,1,87,142,2016,5,12,4,3,2,2,0,1,0,1,0,0,0,0,734000.9818,5312686.3662,12.13253631,47.924745045,2,#fc8d62,car
69161,9,2,61,0,2016,4,13,6,3,4,2,0,0,0,1,0,0,0,0,733058.2936,5381066.9312,12.157541424,48.5393721,2,#fc8d62,car
69163,9,1,78,140,2016,4,17,7,3,8,1,0,0,0,1,0,0,0,1,707146.4941,5363486.7213,11.798241522,48.390491557,2,#fc8d62,car
69168,9,1,84,118,2016,4,12,7,3,5,3,0,0,1,1,0,0,0,0,703096.8085,5336090165.0,11.730445673,48.145609647,1,#66c2a5,bicycle
69169,9,7,61,0,2016,4,13,7,2,4,2,0,0,0,1,0,1,0,0,639593.7931,5360888.1252,10.885479766,48.385699989,2,#fc8d62,car
69175,9,7,73,139,2016,5,14,2,3,2,6,0,0,0,1,0,0,0,1,617849.6336,5384202.0671,10.598491214,48.599798062,2,#fc8d62,car
69179,9,7,71,176,2016,5,0,1,3,8,1,2,0,0,1,0,0,0,0,644996.2764,5382379.9819,10.965862712,48.577717791,2,#fc8d62,car
69182,9,1,77,130,2016,5,12,5,3,5,3,0,0,1,1,0,0,0,0,709725.4622,5350848.6928,11.826746549,48.276078143,1,#66c2a5,bicycle
69184,9,7,77,140,2016,5,7,3,3,5,2,0,0,0,1,0,0,0,1,629256854.0,5317379343.0,10.732684801,47.996640076,2,#fc8d62,car
69185,9,1,78,124,2016,5,12,1,3,2,6,0,0,0,1,0,0,0,0,700723.1404,5357940.7198,11.708927778,48.342728984,2,#fc8d62,car
69186,9,1,82,137,2016,5,14,4,3,5,3,0,0,1,1,0,0,0,0,709383.0966,5304365.3799,11.799375782,47.858481072,1,#66c2a5,bicycle
69192,9,1,88,124,2016,5,13,4,3,5,3,0,0,0,1,0,0,0,0,661728.1229,5317113.3445,11.167570898,47.986860968,2,#fc8d62,car
69194,9,2,74,113,2016,4,6,6,3,4,2,0,0,0,1,0,0,0,0,728396358.0,5383928.99,12.096046908,48.566796475,2,#fc8d62,car
69206,9,1,75,121,2016,4,14,7,2,5,2,0,0,1,1,0,0,0,0,714158.0094,5318814.7014,11.870312752,47.986749703,1,#66c2a5,bicycle
69213,9,1,62,0,2016,5,19,4,3,2,6,0,0,0,1,0,0,0,0,696967.8635,5329382.2768,11.645042034,48.087250342,2,#fc8d62,car
69214,9,2,74,124,2016,5,21,5,3,2,6,2,0,0,1,0,0,0,1,724980.6829,5377606.6399,12.046401084,48.511234055,2,#fc8d62,car
69215,9,7,72,200,2016,5,18,3,2,9,1,0,0,0,1,0,0,0,0,624431.7666,5341291.7952,10.67500807,48.212646503,2,#fc8d62,car
69216,9,1,85,158,2016,5,13,4,3,5,3,0,0,1,1,0,0,0,0,666243.5493,5381455.8847,11.253346973,48.564134291,1,#66c2a5,bicycle
69219,9,7,61,0,2016,4,12,7,3,1,6,0,0,1,1,0,0,0,0,638359.8383,5355276.2424,10.866976608,48.335510748,1,#66c2a5,bicycle
69223,9,1,74,113,2016,5,21,4,2,5,3,2,0,0,1,0,0,0,0,676982814.0,5346480239.0,11.384036929,48.246808824,2,#fc8d62,car
69229,9,1,86,152,2016,5,17,3,3,2,6,0,0,0,1,0,0,0,0,691393.5789,5380407.5191,11.593420843,48.547539885,2,#fc8d62,car
69240,9,1,84,132,2016,5,17,1,3,9,1,0,1,0,1,0,0,0,0,681077551.0,5322885.7472,11.429111529,48.033565321,2,#fc8d62,car
69241,9,1,62,0,2016,5,17,2,3,1,3,0,0,1,1,0,0,0,0,692175.7878,5331297.3286,11.581620856,48.105925296,1,#66c2a5,bicycle
69242,9,1,84,127,2016,5,17,3,3,5,3,0,1,0,1,0,0,0,0,702285233.0,5321698.7768,11.712734126,48.016533694,2,#fc8d62,car
69246,9,1,73,130,2016,5,10,4,2,8,1,0,0,0,1,0,0,0,0,682474.8376,5315867145.0,11.444853441,47.970077588,2,#fc8d62,car
69248,9,1,77,120,2016,5,17,4,3,5,3,1,0,1,1,0,0,0,0,725012.4892,5358784.1119,12.036730706,48.342124372,1,#66c2a5,bicycle
69251,9,1,81,126,2016,5,19,2,3,5,3,0,0,0,1,0,0,0,0,636423.5511,5332182.1418,10.833427125,48.128265184,2,#fc8d62,car
69253,9,1,75,112,2016,5,17,3,3,2,1,0,1,0,1,0,0,0,1,724206.6373,5319799.6939,12.005319033,47.992157287,2,#fc8d62,car
69255,9,1,79,118,2016,5,22,5,3,0,7,2,0,1,0,0,0,0,0,672661.6227,5337945.3939,11.32240548,48.171277037,1,#66c2a5,bicycle
69257,9,7,61,0,2016,4,21,5,3,4,2,2,0,0,1,0,0,0,0,644941.3647,5355733031.0,10.955889885,48.338142584,2,#fc8d62,car
69267,9,1,62,0,2016,5,17,1,3,2,6,0,1,0,1,0,0,0,0,696886.7606,5333676.4267,11.645935652,48.125868733,2,#fc8d62,car
69269,9,7,71,142,2016,4,13,5,3,2,6,0,0,0,1,0,0,1,0,645751149.0,5351014.7001,10.965180126,48.295531969,2,#fc8d62,car
69270,9,1,74,126,2016,5,21,5,2,8,1,2,0,0,0,0,1,0,0,683463.7085,5344135.5059,11.470239308,48.223890851,4,#e78ac3,marker
69273,9,1,77,126,2016,5,8,2,2,4,2,0,0,0,1,0,0,0,0,720905788.0,5369487115.0,11.987013911,48.439733002,2,#fc8d62,car
69276,9,1,84,145,2016,5,7,2,3,0,7,0,1,1,1,0,0,0,0,695691095.0,5325437562.0,11.626109693,48.052190002,1,#66c2a5,bicycle
69278,9,1,79,138,2016,5,11,5,2,0,7,0,0,1,0,0,0,0,0,650464.8587,5336526.7803,11.02355077,48.164165006,1,#66c2a5,bicycle
69281,9,7,61,0,2016,5,17,4,3,2,6,0,0,0,1,0,0,0,0,640286.7164,5364010686.0,10.895877093,48.413623176,2,#fc8d62,car
69283,9,1,84,148,2016,4,9,7,3,5,3,0,0,1,1,0,0,0,0,695018.4859,5327071.7226,11.617838304,48.067083205,1,#66c2a5,bicycle
69288,9,1,79,142,2016,4,14,7,3,5,3,0,0,0,1,0,1,0,0,672287.5257,5341034.7816,11.31863085,48.199150681,2,#fc8d62,car
69289,9,2,74,124,2016,5,12,3,3,2,6,0,0,0,1,0,0,0,0,724683.3831,5377492.1163,12.042319696,48.510311617,2,#fc8d62,car
69290,9,7,72,163,2016,5,14,2,2,2,6,0,0,0,1,0,0,0,0,638889.5465,5349418.7778,10.872192133,48.282724878,2,#fc8d62,car
69292,9,1,75,132,2016,4,12,7,3,2,6,0,0,0,1,0,1,0,0,705137.5984,5335460.8889,11.757546245,48.139299888,2,#fc8d62,car
69298,9,1,75,123,2016,5,15,5,3,2,6,0,0,0,1,0,0,0,0,721384.2166,5337932.3225,11.976930775,48.156061135,2,#fc8d62,car
69301,9,1,84,134,2016,4,17,7,3,8,1,0,0,0,1,0,0,0,0,692420.1973,5320040.2268,11.579838054,48.004673238,2,#fc8d62,car
69305,9,7,62,0,2016,4,9,7,3,8,6,0,0,0,1,0,1,0,0,618346.6249,5303377.6082,10.582645633,47.872823265,2,#fc8d62,car
69308,9,1,81,114,2016,5,20,4,3,5,3,1,0,0,1,0,1,0,0,657055.4441,5312657.7394,11.103361501,47.947964282,2,#fc8d62,car
69312,9,1,81,120,2016,5,22,1,2,8,1,2,1,0,1,0,0,0,0,652334.2985,5317750.9941,11.041981207,47.994900622,2,#fc8d62,car
69313,9,1,63,0,2016,5,9,4,3,1,6,0,0,0,1,0,0,0,0,734696.2132,5304657.8013,12.137465232,47.852363607,2,#fc8d62,car
69319,9,1,74,146,2016,5,15,4,3,2,6,0,0,0,1,0,0,0,0,666404.0768,5351123.1596,11.243480702,48.291413463,2,#fc8d62,car
69326,9,1,86,125,2016,5,8,2,2,9,1,0,0,0,1,0,0,0,0,673621.7438,5373575.6888,11.349987314,48.49130111,2,#fc8d62,car
69327,9,1,62,0,2016,4,9,6,3,2,6,0,0,0,1,0,0,0,0,692215.3527,5331138.0116,11.582080029,48.104481438,2,#fc8d62,car
69333,9,7,72,185,2016,5,12,3,3,5,3,0,1,0,0,0,1,1,0,635596.9067,5384011.9583,10.83902914,48.594496635,4,#e78ac3,marker
69337,9,1,74,115,2016,5,4,4,3,5,3,2,0,1,1,0,0,0,0,680777.0476,5347719.0419,11.435628557,48.256873344,1,#66c2a5,bicycle
69341,9,1,81,130,2016,5,11,2,2,6,7,0,0,0,0,1,0,0,1,637576.1293,5324426.9169,10.846409378,48.058279344,3,#8da0cb,toilet
69350,9,1,63,0,2016,5,14,3,3,4,6,0,0,1,0,0,0,0,0,733826.0476,5303988.5089,12.125488963,47.846667788,1,#66c2a5,bicycle
69363,9,1,77,115,2016,5,17,4,3,4,2,0,0,0,0,0,1,0,1,734114.7653,5350924.2359,12.155024403,48.268212305,4,#e78ac3,marker
69365,9,7,71,122,2016,4,13,6,3,2,6,0,0,0,1,0,0,0,0,654880.6227,5360340.1536,11.091619494,48.377205437,2,#fc8d62,car
69366,9,1,74,115,2016,5,12,2,3,5,3,0,0,0,1,0,0,0,0,681408957.0,5346924.0386,11.443793568,48.249546799,2,#fc8d62,car
69368,9,1,84,119,2016,5,16,2,3,2,6,0,0,0,1,0,0,0,0,697289.9045,5346382.9377,11.657247317,48.239940319,2,#fc8d62,car
69370,9,1,81,126,2016,5,13,5,3,4,6,0,0,1,0,0,0,0,0,636890.5618,5331782.1576,10.83957155,48.124568116,1,#66c2a5,bicycle
69373,9,7,77,140,2016,5,11,4,3,5,3,0,0,0,1,0,0,1,0,628307.3374,5317447.1642,10.719982795,47.997441248,2,#fc8d62,car
69375,9,1,84,148,2016,4,13,7,3,2,6,0,0,0,1,0,0,0,0,695712.1426,5326316.9909,11.626794123,48.060087533,2,#fc8d62,car
69376,9,7,61,0,2016,4,15,7,2,8,1,0,0,0,1,0,0,0,0,642770.6697,5357572.8507,10.927238957,48.355179637,2,#fc8d62,car
69389,9,1,84,140,2016,5,0,1,3,0,7,2,0,1,0,0,0,0,0,700982.1761,5328122146.0,11.698295331,48.074672529,1,#66c2a5,bicycle
69391,9,1,86,152,2016,5,11,5,2,2,6,0,0,0,1,0,1,0,0,691283.1948,5380684.9321,11.592054125,48.550066694,2,#fc8d62,car
69394,9,1,81,114,2016,5,16,5,2,2,6,0,0,0,0,0,1,0,0,656649148.0,5315329978.0,11.098897389,47.972090433,4,#e78ac3,marker
69399,9,7,61,0,2016,5,16,4,3,2,6,0,0,0,1,0,1,0,0,643396.0988,5360750778.0,10.936760152,48.383612137,2,#fc8d62,car
69404,9,1,85,158,2016,5,9,4,3,2,6,0,0,0,1,0,0,0,0,662111.1436,5379614.8442,11.196660795,48.548666153,2,#fc8d62,car
69408,9,1,81,130,2016,4,14,7,3,9,1,0,0,0,0,0,1,0,0,636842.2263,5323496.7167,10.836267388,48.050072371,4,#e78ac3,marker
69410,9,7,71,130,2016,5,20,2,3,2,6,0,0,0,1,0,0,0,0,645189.6813,5359571061.0,10.960562782,48.372594676,2,#fc8d62,car
69412,9,1,78,138,2016,4,16,7,3,4,1,0,0,0,1,0,1,0,0,711893.0427,5369099.37,11.865112451,48.4393463,2,#fc8d62,car
69418,9,1,62,0,2016,5,18,4,2,0,7,0,0,0,1,0,1,0,0,692053816.0,5341389.7777,11.584538042,48.196671005,2,#fc8d62,car
69422,9,7,61,0,2016,5,19,5,3,0,7,0,0,1,1,0,0,0,0,638426.4848,5355754.9915,10.868032732,48.339801001,1,#66c2a5,bicycle
69423,9,1,73,130,2016,5,14,7,3,2,6,0,0,0,1,0,0,0,0,679169.5627,5310227.9819,11.398261459,47.92031882,2,#fc8d62,car
69424,9,7,77,158,2016,5,14,7,2,2,6,0,0,1,0,0,0,0,0,620433.1835,5309765.4115,10.612321176,47.929885821,1,#66c2a5,bicycle
69426,9,1,75,133,2016,5,12,6,3,5,3,0,0,0,0,0,1,1,0,710640.7311,5342066078.0,11.834700724,48.196855792,4,#e78ac3,marker
69427,9,1,81,130,2016,5,8,6,3,5,2,0,0,1,1,0,0,0,0,640046.6037,5323231.6318,10.879156057,48.046993553,1,#66c2a5,bicycle
69429,9,7,72,149,2016,5,18,7,2,4,6,0,0,0,1,0,0,0,1,635311.4899,5340032.8331,10.820987626,48.199099025,2,#fc8d62,car
69437,9,1,77,137,2016,5,15,6,3,4,6,0,0,0,1,0,0,0,0,732760041.0,5345046878.0,12.133566441,48.215913264,2,#fc8d62,car
69438,9,1,79,134,2016,5,10,6,2,0,7,0,0,0,1,0,0,1,0,663188.5575,5340599.5018,11.196106348,48.197641235,2,#fc8d62,car
69441,9,1,87,177,2016,5,11,7,3,5,3,0,0,1,1,0,0,0,0,736766.8889,5306070.1905,12.165876085,47.864292695,1,#66c2a5,bicycle
69444,9,7,61,0,2016,5,17,6,3,2,6,0,0,0,1,0,0,0,0,637478826.0,5359473453.0,10.85646609,48.373443962,2,#fc8d62,car
69449,9,1,84,135,2016,5,22,6,1,0,6,2,0,0,1,0,0,0,0,688127.8003,5348311.3652,11.53483069,48.260057609,2,#fc8d62,car
69455,9,1,86,146,2016,5,3,7,2,0,7,2,0,0,0,0,1,0,0,686149.1529,5370111.7471,11.517840295,48.456582946,4,#e78ac3,marker
69463,9,1,84,114,2016,5,10,6,3,2,5,0,0,1,1,0,0,0,0,700226.8793,5320552.5183,11.68462711,48.006880175,1,#66c2a5,bicycle
69465,9,7,78,203,2016,5,14,7,3,5,3,0,0,0,1,0,1,0,0,620923.5161,5322598.8686,10.62249727,48.045212507,2,#fc8d62,car
69467,9,1,79,121,2016,5,11,7,3,5,2,0,0,0,1,0,0,0,0,666129509.0,5338492213.0,11.234828947,48.177934005,2,#fc8d62,car
69476,9,1,77,139,2016,5,2,6,2,6,7,2,0,0,1,1,0,0,0,730537.2432,5359114.8698,12.111359956,48.343104337,2,#fc8d62,car
69477,9,1,88,145,2016,5,12,6,3,5,3,0,0,0,1,0,0,0,0,665733692.0,5328413931.0,11.225587777,48.087431893,2,#fc8d62,car
69479,9,7,61,0,2016,5,2,7,2,1,5,2,0,0,1,0,0,0,0,644158.2715,5357595.9088,10.945966696,48.355071708,2,#fc8d62,car
69481,9,1,84,135,2016,5,15,5,3,5,3,0,0,0,1,0,0,0,0,691214457.0,5347499.3352,11.576010043,48.251835411,2,#fc8d62,car
69482,9,1,74,135,2016,5,12,6,3,3,6,0,0,0,1,0,0,1,0,663402.0089,5353136.1141,11.203817021,48.310292232,2,#fc8d62,car
69483,9,7,73,182,2016,5,19,7,2,8,1,0,0,0,1,0,0,0,0,625550.9928,5382941.5278,10.702523456,48.586965903,2,#fc8d62,car
69487,9,1,83,119,2016,5,18,7,3,1,6,0,0,0,1,0,1,0,0,733293.2312,5339625.2327,12.137755639,48.167012879,2,#fc8d62,car
69489,9,1,62,0,2016,5,16,5,3,1,6,0,0,0,1,0,0,0,0,692126.9128,5342272.6873,11.585920309,48.20458422,2,#fc8d62,car
69490,9,1,74,115,2016,5,13,6,3,0,1,0,0,0,0,0,1,0,0,683286568.0,5348141327.0,11.469590117,48.259948157,4,#e78ac3,marker
69494,9,7,72,167,2016,5,21,5,3,4,6,2,0,1,0,0,0,0,0,626317.4247,5359392.2707,10.705794565,48.375046934,1,#66c2a5,bicycle
69495,9,1,87,150,2016,5,9,7,3,0,1,0,0,1,0,0,0,0,0,728972.2404,5304169.2915,12.060801823,47.850039038,1,#66c2a5,bicycle
69499,9,1,82,120,2016,5,16,7,3,2,6,0,0,0,1,0,0,0,0,703085.2935,5309671.1507,11.717770772,47.90818657,2,#fc8d62,car
69502,9,7,73,182,2016,5,14,6,3,2,1,0,0,0,1,0,0,0,0,623964.3197,5379135.6269,10.679882881,48.553057698,2,#fc8d62,car
69508,9,7,62,0,2016,5,17,6,3,1,1,0,0,1,1,0,0,0,0,622718.5203,5304713.3343,10.641465998,47.884015753,1,#66c2a5,bicycle
69511,9,7,72,207,2016,5,13,6,2,2,2,0,0,0,1,0,0,0,0,638191.4684,5380396.2921,10.872996581,48.561419305,2,#fc8d62,car
69516,9,1,74,121,2016,5,9,7,3,5,3,0,0,1,1,0,0,0,0,690751.5342,5353326.9837,11.572410048,48.304351944,1,#66c2a5,bicycle
69518,9,1,84,135,2016,5,18,5,3,5,3,0,0,0,1,0,1,0,0,689120.1838,5347355.1867,11.547761063,48.251168177,2,#fc8d62,car
69534,9,1,84,132,2016,5,16,5,3,0,1,0,0,1,0,0,0,0,0,683745.3977,5325701.9612,11.466074807,48.05811766,1,#66c2a5,bicycle
69535,9,1,81,130,2016,5,13,6,3,2,6,0,0,0,1,0,0,0,0,637488.55,5323356.4532,10.844890606,48.048672151,2,#fc8d62,car
69536,9,7,72,131,2016,5,15,7,2,8,1,0,0,0,0,0,1,0,0,616835.1921,5356601.4824,10.577023552,48.351775859,4,#e78ac3,marker
69542,9,1,84,118,2016,5,10,6,1,9,1,0,0,0,0,0,1,0,0,704386571.0,5335915496.0,11.747680858,48.143626928,4,#e78ac3,marker
69547,9,1,62,0,2016,5,22,5,3,5,3,2,0,0,1,0,0,0,0,686181.0328,5335221.3551,11.502884387,48.142976264,2,#fc8d62,car
69548,9,1,79,123,2016,5,9,6,2,2,2,0,0,0,1,0,1,0,0,674022.4232,5331928.7458,11.338234185,48.116819535,2,#fc8d62,car