OBJECTID,ULAND,UREGBEZ,UKREIS,UGEMEINDE,UJAHR,UMONAT,USTUNDE,UWOCHENTAG,UKATEGORIE,UART,UTYP1,ULICHTVERH,STRZUSTAND,IstRad,IstPKW,IstFuss,IstKrad,IstGkfz,IstSonstig,LINREFX,LINREFY,XGCSWGS84,YGCSWGS84,Teilnehmer,color,symbol
69550,9,7,71,114,2016,5,13,7,3,0,7,0,0,1,0,0,0,0,0,645015.8802,5375124.4948,10.963602201,48.512478924,1,#66c2a5,bicycle
69553,9,7,61,0,2016,5,17,6,3,5,2,0,0,1,1,0,0,0,0,638750.7904,5361130.1038,10.874179681,48.388061799,1,#66c2a5,bicycle
69554,9,1,63,0,2016,5,11,6,3,5,2,0,0,1,1,0,0,0,0,733504468.0,5305130.48,12.121813392,47.85704419,1,#66c2a5,bicycle
69558,9,1,79,123,2016,5,12,7,3,5,3,0,0,0,1,0,0,0,0,675543.7957,5333316.1612,11.35922942,48.128873933,2,#fc8d62,car
69561,9,1,86,152,2016,5,1,7,1,8,1,2,0,0,1,0,0,0,0,690212788.0,5381829447.0,11.57808743,48.560678187,2,#fc8d62,car
69569,9,1,74,126,2016,5,1,7,3,5,6,2,0,0,1,0,1,0,0,683887.2683,5343764.0388,11.475775675,48.22042932,2,#fc8d62,car
69573,9,1,84,127,2016,5,14,5,3,2,6,0,0,0,1,0,1,0,0,705860.1309,5321527.2397,11.760535594,48.013850608,2,#fc8d62,car
69574,9,1,79,123,2016,5,17,6,3,2,6,0,0,0,1,0,0,0,0,677381608.0,5332261.3453,11.383467774,48.118882494,2,#fc8d62,car
69576,9,7,62,0,2016,5,12,6,3,5,3,0,0,0,1,0,0,0,0,622537.3603,5304878.2847,10.639090667,47.885533873,2,#fc8d62,car
69585,9,1,81,128,2016,5,12,6,2,5,2,0,0,0,1,0,0,0,0,638625.8823,5327637.8947,10.861531927,48.086926271,2,#fc8d62,car
69587,9,7,61,0,2016,5,17,7,3,4,2,0,0,0,1,0,0,0,0,643354.4796,5361328.5879,10.936395511,48.388816937,2,#fc8d62,car
69597,9,1,79,121,2016,5,15,6,3,0,7,0,0,1,0,0,0,0,0,667140751.0,5340057.1473,11.249037375,48.191737508,1,#66c2a5,bicycle
69601,9,1,87,177,2016,5,15,7,3,5,3,0,0,1,1,0,0,0,0,736358.7146,5305767.9606,12.160261667,47.861727827,1,#66c2a5,bicycle
69604,9,7,61,0,2016,5,14,6,3,2,6,0,0,0,1,0,0,0,0,638988.7355,5356541.1417,10.875875413,48.346746482,2,#fc8d62,car
69621,9,1,62,0,2016,5,8,6,3,4,2,0,0,0,1,0,0,0,0,700872.9059,5335350.2498,11.700233002,48.139666127,2,#fc8d62,car
69627,9,1,74,115,2016,5,23,7,3,0,1,2,0,1,0,0,0,0,0,683298461.0,5348562586.0,11.469932727,48.263731164,1,#66c2a5,bicycle
69641,9,1,88,137,2016,5,11,6,3,5,3,0,0,0,1,0,1,0,0,672627.7172,5316909.4376,11.313451986,47.982179381,2,#fc8d62,car
69642,9,7,61,0,2016,5,17,7,3,3,3,0,0,0,1,0,0,0,1,640878.7776,5363913.2769,10.90384109,48.412615235,2,#fc8d62,car
69649,9,1,75,132,2016,5,10,6,3,2,6,0,0,0,1,0,0,0,0,705280.5895,5334622.5811,11.759062128,48.131720298,2,#fc8d62,car
69656,9,1,88,121,2016,5,18,6,3,5,3,0,0,0,1,0,1,0,0,671016.3009,5331160.7238,11.297568731,48.11072964,2,#fc8d62,car
69658,9,7,61,0,2016,5,13,7,3,5,3,0,0,0,1,0,0,0,0,638390.8811,5355378.8695,10.867428969,48.33642676,2,#fc8d62,car
69669,9,7,62,0,2016,5,17,6,3,5,3,0,0,0,1,0,0,0,0,622863.5335,5306345.3637,10.643869428,47.898665916,2,#fc8d62,car
69671,9,7,61,0,2016,5,6,6,3,5,3,0,0,0,1,0,0,0,0,636981.14,5360151.3487,10.849970063,48.379647761,2,#fc8d62,car
69675,9,1,74,122,2016,5,16,7,3,4,6,0,0,1,0,0,0,0,0,682805.9181,5350972.3211,11.464344125,48.285533204,1,#66c2a5,bicycle
69676,9,2,74,121,2016,5,14,7,2,0,6,0,0,0,1,0,1,0,0,723210.3561,5371553727.0,12.019232138,48.457486794,2,#fc8d62,car
69685,9,1,74,126,2016,5,12,3,3,1,6,0,0,0,1,0,0,0,0,683457.6349,5344140.4124,11.470159732,48.223936709,2,#fc8d62,car
69696,9,1,84,114,2016,5,11,2,3,5,2,0,0,0,1,0,0,0,0,702663686.0,5318100.33,11.716104111,47.984074335,2,#fc8d62,car
69697,9,1,62,0,2016,5,0,7,3,0,1,2,0,0,0,0,1,0,0,689074.4619,5331351.9992,11.540025776,48.1073447,4,#e78ac3,marker
69699,9,1,87,179,2016,5,13,2,3,8,1,0,0,0,1,0,0,0,0,725313.4409,5313606.9279,12.016888957,47.936127972,2,#fc8d62,car
69708,9,1,62,0,2016,5,17,2,3,3,2,0,0,1,1,0,0,0,0,695607.1385,5338540.2009,11.630992664,48.169976197,1,#66c2a5,bicycle
69710,9,1,62,0,2016,5,9,2,3,2,6,0,0,0,1,0,0,0,0,680829.2524,5339308.1598,11.432744507,48.181255458,2,#fc8d62,car
69712,9,1,86,132,2016,5,21,3,3,7,7,2,0,0,0,0,1,0,0,678573.9182,5366595.5258,11.413975994,48.427172716,4,#e78ac3,marker
69725,9,1,79,138,2016,5,15,2,3,9,1,0,0,0,1,0,0,0,0,657284.4289,5334451.7052,11.114434442,48.143857733,2,#fc8d62,car
69727,9,1,81,130,2016,5,15,3,3,4,2,0,0,0,1,0,0,0,0,642249.5375,5324559.9823,10.909139956,48.058451075,2,#fc8d62,car
69737,9,1,78,124,2016,5,9,2,3,2,6,0,0,0,1,0,0,0,0,703383.5748,5362203.6587,11.746850432,48.380186175,2,#fc8d62,car
69739,9,1,84,149,2016,5,12,3,3,2,6,0,0,0,1,0,0,0,0,690684.3487,5351987.9029,11.570900201,48.29233701,2,#fc8d62,car
69742,9,1,79,125,2016,5,13,1,3,0,7,0,0,1,0,0,0,0,0,660542.6115,5332072692.0,11.157307026,48.12165511,1,#66c2a5,bicycle
69744,9,1,63,0,2016,5,18,2,3,2,6,0,0,0,1,0,0,0,0,734183.2586,5304454.3539,12.130508435,47.85072292,2,#fc8d62,car
69745,9,7,72,162,2016,5,16,2,3,5,3,0,0,1,1,0,0,0,0,636107.6989,5335575.7967,10.830269499,48.1588498,1,#66c2a5,bicycle
69750,9,1,84,138,2016,5,15,2,3,4,6,0,0,1,0,0,0,0,0,681693.7132,5330701.8973,11.440691162,48.103649054,1,#66c2a5,bicycle
69751,9,1,62,0,2016,5,11,7,3,4,2,0,0,1,1,0,0,0,0,698292.0998,5333225.6603,11.664591032,48.121381413,1,#66c2a5,bicycle
69755,9,1,84,122,2016,5,14,2,3,5,3,0,0,0,1,0,0,0,0,687869555.0,5322778845.0,11.520088078,48.03064266,2,#fc8d62,car
69756,9,1,62,0,2016,5,19,7,3,4,2,0,0,1,1,0,0,0,0,691124002.0,5332041754.0,11.567839811,48.112932584,1,#66c2a5,bicycle
69758,9,1,81,114,2016,5,19,1,3,0,1,0,0,1,0,0,0,0,0,657190.0707,5312310.7745,11.105036494,47.94481163,1,#66c2a5,bicycle
69759,9,1,82,120,2016,5,8,2,3,2,6,0,0,0,1,0,0,0,0,701179967.0,5307503782.0,11.691291714,47.889307922,2,#fc8d62,car
69762,9,7,73,143,2016,5,4,1,3,9,1,2,0,0,1,0,0,0,0,625730.0536,5376408.8804,10.702977061,48.528186281,2,#fc8d62,car
69766,9,7,78,216,2016,5,9,2,3,2,6,0,0,0,1,0,0,0,0,624122.4024,5321047.6006,10.664950266,48.030647424,2,#fc8d62,car
69768,9,1,81,130,2016,5,16,2,3,2,6,0,0,0,1,0,0,0,0,638683.7639,5326536033.0,10.86195104,48.077005408,2,#fc8d62,car
69769,9,1,86,143,2016,5,15,2,3,6,7,0,0,0,1,1,0,0,0,685549.8113,5378941.6055,11.513664439,48.536120531,2,#fc8d62,car
69771,9,1,85,158,2016,5,17,2,3,2,6,0,0,0,1,0,0,0,0,667396.4712,5381944192.0,11.269157985,48.568217008,2,#fc8d62,car
69774,9,1,87,177,2016,5,7,3,3,2,6,0,0,0,1,0,0,0,0,736735.9398,5303616.9109,12.164120521,47.842264626,2,#fc8d62,car
69780,9,1,62,0,2016,5,16,2,3,2,6,0,0,0,1,0,0,0,0,684760.9204,5342544.7145,11.486995511,48.209215797,2,#fc8d62,car
69782,9,1,79,121,2016,5,15,3,3,0,7,0,0,1,0,0,0,0,0,667992.0802,5338400.6124,11.259828549,48.176620831,1,#66c2a5,bicycle
69789,9,1,74,143,2016,5,17,1,3,0,1,0,0,1,0,0,0,0,0,673703288.0,5353034954.0,11.342592515,48.306637828,1,#66c2a5,bicycle
69792,9,1,77,117,2016,5,7,2,3,5,3,0,0,1,1,0,0,0,0,715395.3528,5355176.9352,11.905273859,48.313065198,1,#66c2a5,bicycle
69793,9,1,83,119,2016,5,10,1,3,5,3,0,0,0,1,0,0,0,0,737281.29,5338158669.0,12.190490973,48.152362981,2,#fc8d62,car
69794,9,1,62,0,2016,5,9,1,3,1,6,0,0,0,1,0,1,0,0,692257984.0,5331174.3854,11.582668492,48.104795498,2,#fc8d62,car
69796,9,1,75,132,2016,5,13,3,3,5,3,0,0,0,1,0,0,0,0,706317.0171,5330707.8577,11.771081644,48.096205672,2,#fc8d62,car
69798,9,1,77,133,2016,5,16,3,2,5,3,0,1,0,1,0,0,0,0,711331.0034,5361550.2274,11.853722234,48.371703377,2,#fc8d62,car
69799,9,1,62,0,2016,5,10,7,3,2,2,0,0,0,1,0,0,0,0,682451.5505,5335532.9804,11.452929585,48.146857837,2,#fc8d62,car
69801,9,1,84,135,2016,5,7,1,3,9,1,0,0,0,1,0,0,0,0,692165.7141,5344945918.0,11.587653238,48.228598578,2,#fc8d62,car
69803,9,1,87,163,2016,5,7,2,3,2,6,0,0,0,1,0,0,0,0,737460.5452,5307342.21,12.17583523,47.875463985,2,#fc8d62,car
69805,9,1,77,116,2016,5,0,1,3,2,6,2,0,0,1,0,0,0,0,708988.1679,5363711.6425,11.823200415,48.391905153,2,#fc8d62,car
69810,9,1,83,139,2016,5,16,1,2,5,3,0,0,0,1,0,1,0,0,734332.6026,5331167927.0,12.147063293,48.090655477,2,#fc8d62,car
69813,9,1,84,123,2016,5,14,2,3,0,7,0,0,1,0,0,0,0,0,703604.8744,5334830.3541,11.736665817,48.134125723,1,#66c2a5,bicycle
69814,9,1,62,0,2016,5,17,7,3,5,3,0,0,0,1,0,0,0,0,686184937.0,5335220728.0,11.502936546,48.142969485,2,#fc8d62,car
69819,9,7,72,215,2016,5,15,1,2,8,1,0,0,1,0,0,0,0,1,632820.0992,5347211.45,10.789726583,48.26417835,1,#66c2a5,bicycle
69822,9,7,71,146,2016,5,8,2,3,5,3,0,0,1,1,0,0,0,0,647664592.0,5348687488.0,10.990149843,48.274163678,1,#66c2a5,bicycle
69823,9,1,83,126,2016,5,14,1,3,1,6,0,0,0,1,0,0,0,0,727522.2565,5336672.1891,12.058674528,48.142573892,2,#fc8d62,car
69827,9,1,62,0,2016,5,18,2,3,5,3,0,0,0,1,0,0,0,0,694248.4836,5331753.9695,11.609642832,48.109400825,2,#fc8d62,car
69828,9,1,62,0,2016,5,15,2,3,3,6,0,0,0,1,0,0,0,0,683671.2397,5342565.4051,11.472350913,48.209718018,2,#fc8d62,car
69834,9,1,86,152,2016,5,21,1,3,2,6,2,0,0,1,0,0,0,0,691686.5301,5374636.7468,11.594734083,48.495587801,2,#fc8d62,car
69837,9,1,78,145,2016,5,7,2,3,2,6,0,0,0,1,0,0,0,0,700168688.0,5354619.2512,11.699876484,48.313055952,2,#fc8d62,car
69841,9,1,88,132,2016,5,8,2,3,2,1,0,0,0,1,0,0,0,0,664351.6693,5322329.1073,11.204705154,48.033084634,2,#fc8d62,car
69843,9,1,88,141,2016,5,17,3,3,2,6,0,0,0,1,0,0,0,0,669121.7722,5307642.7363,11.262865339,47.89980589,2,#fc8d62,car
69847,9,1,75,132,2016,5,11,1,2,8,1,0,0,1,0,0,0,0,0,705867.2945,5334711.6149,11.766981197,48.132330913,1,#66c2a5,bicycle
69851,9,1,84,132,2016,5,14,1,3,2,6,0,0,0,1,0,0,0,0,683585.1211,5329597.6253,11.465599224,48.093180878,2,#fc8d62,car
69856,9,1,78,145,2016,5,7,3,3,4,6,0,0,0,1,0,0,1,0,696567.1034,5354037.2804,11.651081708,48.308955343,2,#fc8d62,car
69858,9,1,84,131,2016,5,16,3,3,2,6,0,0,0,1,0,0,0,1,704185.6458,5337880.0919,11.745925428,48.161346492,2,#fc8d62,car
69861,9,1,78,124,2016,5,18,1,2,2,6,0,0,0,1,0,1,0,0,703276.4038,5365274.7194,11.746890962,48.407817943,2,#fc8d62,car
69862,9,2,61,0,2016,5,22,3,3,4,2,2,0,0,1,0,0,0,1,733159493.0,5380984504.0,12.158864218,48.538594096,2,#fc8d62,car
69864,9,7,72,223,2016,5,9,2,3,2,7,0,0,0,1,0,0,1,0,615666.6191,5362483.7553,10.562875249,48.404891697,2,#fc8d62,car
69869,9,1,62,0,2016,5,13,2,3,8,7,0,0,0,1,0,0,0,0,692082.5777,5341651.5319,11.585043118,48.199014876,2,#fc8d62,car
69872,9,1,84,130,2016,5,13,2,3,8,1,0,0,0,1,0,0,0,0,697858.6878,5343975.3747,11.663775604,48.218126115,2,#fc8d62,car
69875,9,1,78,124,2016,5,18,1,2,5,3,0,0,0,1,0,1,0,0,704875.4695,5362576.6612,11.767157068,48.383055394,2,#fc8d62,car
69876,9,1,87,134,2016,5,11,3,3,4,6,0,0,0,1,0,0,1,0,736312713.0,5319886786.0,12.167389487,47.98858228,2,#fc8d62,car
69885,9,1,88,113,2016,5,11,2,3,8,1,0,0,0,1,0,0,0,0,678131.0235,5314134.1153,11.385988656,47.955722295,2,#fc8d62,car
69898,9,1,74,115,2016,5,11,2,3,0,1,0,0,1,0,0,0,0,0,681658.4673,5346623.6446,11.447022694,48.246775225,1,#66c2a5,bicycle
69900,9,1,79,123,2016,5,17,3,3,5,3,0,0,1,1,0,0,0,0,675393601.0,5333207.1832,11.35716779,48.127935695,1,#66c2a5,bicycle
69903,9,1,77,117,2016,5,17,1,2,5,2,0,0,0,1,0,1,0,0,714218.5928,5350228813.0,11.886913337,48.26900454,2,#fc8d62,car
69909,9,1,75,121,2016,5,12,1,3,2,2,0,0,0,1,0,0,0,0,715766.5278,5320620.3694,11.892750548,48.002434467,2,#fc8d62,car
69912,9,1,78,124,2016,5,9,2,3,2,6,0,0,0,1,0,0,1,0,705733.4525,5362565437.0,11.778725804,48.382675359,2,#fc8d62,car
69913,9,1,84,135,2016,5,13,1,3,4,7,0,0,1,0,0,0,0,0,687390.6935,5347469.1254,11.52453601,48.252705946,1,#66c2a5,bicycle
69915,9,1,75,132,2016,5,23,3,2,5,3,2,0,0,1,0,1,0,0,707244106.0,5330273179.0,11.783307363,48.091998669,2,#fc8d62,car
69917,9,1,78,124,2016,5,18,3,2,0,1,0,0,1,0,0,0,0,0,701271.0423,5363882.9371,11.71915706,48.395954271,1,#66c2a5,bicycle
69919,9,1,75,137,2016,5,9,1,3,2,6,0,0,0,1,0,1,0,0,727891472.0,5330085.5692,12.060111848,48.083266597,2,#fc8d62,car
69921,9,1,63,0,2016,5,11,2,3,2,6,0,0,0,1,0,0,1,0,733763.1768,5303293.4431,12.124274521,47.840446151,2,#fc8d62,car
69922,9,7,72,147,2016,5,16,2,3,1,6,0,0,0,1,0,0,1,0,639303.7501,5365122.5397,10.882969783,48.423838653,2,#fc8d62,car
69928,9,1,84,141,2016,5,17,2,3,2,6,0,0,0,1,0,0,0,0,698044.4822,5315468.6559,11.653054284,47.961868552,2,#fc8d62,car
69931,9,1,75,137,2016,5,9,1,2,0,1,0,0,0,0,0,1,0,0,726108.1823,5330194.6335,12.03625866,48.084881332,4,#e78ac3,marker
69935,9,7,73,125,2016,5,15,1,2,5,3,0,0,0,1,0,1,0,0,618261.0063,5380841.5386,10.603112433,48.569500129,2,#fc8d62,car
69941,9,1,88,145,2016,5,15,2,2,5,3,0,0,0,1,0,1,0,0,662752.4035,5328066.4261,11.185451,48.085075844,2,#fc8d62,car
69945,9,1,62,0,2016,5,18,2,3,5,2,0,0,0,1,0,0,0,0,692601.4926,5331174.8401,11.587278294,48.104695829,2,#fc8d62,car
69947,9,2,74,114,2016,5,18,1,2,1,6,0,0,0,0,0,1,0,1,734261.5553,5371042.2106,12.168196617,48.448875872,4,#e78ac3,marker
69950,9,1,63,0,2016,5,15,3,2,2,6,0,1,1,1,0,0,0,0,731964.9477,5307368.9042,12.102463313,47.877712125,1,#66c2a5,bicycle
69956,9,1,78,130,2016,5,15,2,3,2,6,0,0,0,1,0,0,0,0,703432.4177,5355070.0033,11.744063007,48.316065283,2,#fc8d62,car
69959,9,1,88,139,2016,5,10,3,3,5,3,0,0,1,1,0,0,0,0,675167564.0,5320342.1762,11.348861108,48.012348079,1,#66c2a5,bicycle
69962,9,1,75,123,2016,5,13,1,3,2,6,0,0,0,1,0,0,0,0,724024.9002,5337242.9859,12.01202636,48.148943151,2,#fc8d62,car
69966,9,1,75,114,2016,5,16,2,3,5,3,0,0,0,1,0,0,0,0,718045952.0,5324939583.0,11.925466366,48.040471197,2,#fc8d62,car
69967,9,1,82,133,2016,5,19,1,2,4,2,0,0,0,1,0,1,0,0,705645.5487,5310990.5145,11.752621761,47.919227974,2,#fc8d62,car
69970,9,1,78,130,2016,5,18,3,3,2,2,0,0,0,1,0,0,0,0,703246.6471,5354330.4321,11.741203889,48.30947894,2,#fc8d62,car
69972,9,1,77,115,2016,5,16,3,3,2,6,0,1,0,1,0,0,0,0,734127892.0,5350873834.0,12.155173127,48.267754688,2,#fc8d62,car
69976,9,1,77,116,2016,5,22,5,3,2,6,2,1,0,1,0,0,0,0,709248.6921,5363766836.0,11.82674285,48.392314729,2,#fc8d62,car
69984,9,7,77,177,2016,5,14,3,3,5,3,0,1,0,1,0,0,0,0,632900.9716,5319606.7285,10.782200106,48.015923501,2,#fc8d62,car
69990,9,2,74,113,2016,5,19,4,3,4,2,0,0,0,1,0,0,0,0,728396358.0,5383928.99,12.096046908,48.566796475,2,#fc8d62,car
69994,9,7,72,111,2016,5,17,5,2,4,3,0,1,0,1,0,0,0,0,628245838.0,5363239.4723,10.732998369,48.409253729,2,#fc8d62,car
70000,9,1,74,146,2016,5,15,6,3,2,6,0,1,0,1,0,0,0,0,668149.6719,5350158.5297,11.266612053,48.282280386,2,#fc8d62,car
70010,9,1,86,152,2016,5,17,4,3,2,6,0,0,0,1,0,0,0,0,690832.0453,5376349.9021,11.583962787,48.511244387,2,#fc8d62,car
70017,9,1,81,127,2016,5,20,6,3,3,1,2,1,0,1,0,0,0,0,636347.5271,5326683.1921,10.830648712,48.078832599,2,#fc8d62,car
70021,9,2,61,0,2016,5,8,6,3,2,6,0,1,0,1,1,1,0,0,732177.9291,5381506.5175,12.145877682,48.543647115,2,#fc8d62,car
70022,9,1,74,115,2016,5,12,5,3,5,2,0,0,1,1,0,0,0,0,681844207.0,5346428.48,11.449438503,48.244967721,1,#66c2a5,bicycle
70025,9,1,86,151,2016,5,8,4,3,0,1,0,0,1,0,0,0,0,0,681406.0792,5375492.6797,11.456083161,48.506332825,1,#66c2a5,bicycle
70029,9,1,62,0,2016,5,8,5,3,5,7,0,0,0,1,0,1,0,0,688447.6567,5328529.1314,11.530367802,48.082157794,2,#fc8d62,car
70030,9,1,62,0,2016,5,15,5,3,2,6,0,0,0,1,0,0,0,0,694803.0163,5332373.4348,11.6173676,48.114798995,2,#fc8d62,car
70032,9,1,62,0,2016,5,7,6,3,1,6,0,1,0,1,0,0,0,0,695365.1039,5344508.6306,11.63048709,48.223691266,2,#fc8d62,car
70033,9,7,71,130,2016,5,14,6,3,2,2,0,1,0,1,0,0,0,0,647264.5055,5357269.7954,10.987757134,48.351422796,2,#fc8d62,car
70035,9,2,61,0,2016,5,21,6,3,7,7,2,1,0,1,0,0,0,0,732380.2236,5382049.3719,12.148917151,48.548448545,2,#fc8d62,car
70036,9,1,78,143,2016,5,17,5,3,5,3,0,1,0,1,0,0,0,0,716762347.0,5372146432.0,11.932441442,48.465066007,2,#fc8d62,car
70040,9,1,87,130,2016,5,13,6,3,1,6,0,1,0,1,0,0,0,0,712039.2346,5310308.9072,11.837760803,47.911020667,2,#fc8d62,car
70044,9,7,71,122,2016,5,14,3,3,2,6,0,0,0,1,0,0,0,0,652558.5093,5362301305.0,11.060993355,48.395403377,2,#fc8d62,car
70050,9,7,71,130,2016,5,19,3,2,4,7,0,0,0,1,0,0,0,0,646309.4155,5358141.1664,10.975176372,48.359479521,2,#fc8d62,car
70058,9,7,61,0,2016,5,17,5,3,4,6,0,1,0,1,0,0,0,0,642924.9438,5360417.3603,10.930286926,48.380721144,2,#fc8d62,car
70060,9,7,61,0,2016,5,11,3,3,4,2,0,0,0,1,0,0,0,0,641233.8805,5360935.5538,10.907635513,48.385761363,2,#fc8d62,car
70066,9,1,88,141,2016,5,15,6,3,2,6,0,1,1,1,0,0,0,0,668835.3854,5312426.7326,11.260910775,47.942890892,1,#66c2a5,bicycle
70078,9,1,88,113,2016,5,14,4,3,0,7,0,0,1,1,0,0,0,0,676181.9813,5317602.4024,11.361326886,47.987439955,1,#66c2a5,bicycle
70079,9,1,88,120,2016,5,9,4,3,2,6,0,0,0,1,0,0,1,0,677110.3427,5326712.1117,11.377524018,48.069074408,2,#fc8d62,car
70080,9,1,79,123,2016,5,13,6,3,2,6,0,0,0,1,0,0,0,0,676597.5867,5334141.2518,11.373721333,48.135999387,2,#fc8d62,car
70082,9,7,72,178,2016,5,14,6,3,8,1,0,1,0,1,0,0,0,0,622597.5167,5343099.7073,10.650850303,48.229262259,2,#fc8d62,car
70085,9,1,62,0,2016,5,8,5,3,2,6,0,0,0,1,0,0,0,0,694951.4436,5343115.2632,11.624282936,48.211295765,2,#fc8d62,car
70089,9,1,81,130,2016,5,15,5,2,8,7,0,1,0,1,0,0,0,0,640641.4028,5324571.0828,10.887572937,48.058907404,2,#fc8d62,car
70092,9,1,88,120,2016,5,15,4,3,5,3,0,0,1,0,0,1,0,0,677184.1195,5326577.2124,11.378457604,48.067841265,1,#66c2a5,bicycle
70094,9,1,74,111,2016,5,19,4,3,8,7,0,1,0,0,0,1,0,1,662871.7228,5364459.0699,11.201053688,48.412222223,4,#e78ac3,marker
70095,9,1,78,120,2016,5,15,6,3,2,6,0,0,0,1,0,0,0,0,695100.1403,5353014.1227,11.630845743,48.30021416,2,#fc8d62,car
70096,9,7,71,113,2016,5,5,6,3,8,1,1,0,0,0,0,0,0,1,657018.2449,5370720.9849,11.124354367,48.470004352,6,#ffd92f,circle
70101,9,1,62,0,2016,5,17,4,3,2,6,0,0,0,1,0,0,0,0,695186.0474,5341845.9671,11.626853745,48.199816,2,#fc8d62,car
70107,9,1,87,122,2016,5,14,6,3,2,7,0,1,0,1,0,0,0,0,721039.6789,5307368.7383,11.956547119,47.881564052,2,#fc8d62,car
70108,9,1,75,111,2016,5,10,4,2,0,3,0,0,0,1,0,1,0,0,712296.8666,5338211.6784,11.855034248,48.161669801,2,#fc8d62,car
70113,9,1,75,111,2016,5,6,4,3,2,6,0,0,0,1,0,0,0,0,713801.4024,5338576.1213,11.875424543,48.164440441,2,#fc8d62,car
70114,9,1,84,144,2016,5,14,5,3,5,3,0,1,0,1,0,0,0,0,686654.3377,5316887.0915,11.501240038,47.978040395,2,#fc8d62,car
70123,9,2,74,126,2016,5,20,4,2,9,6,1,1,0,1,0,0,0,0,732793.3403,5385097157.0,12.156210911,48.575672572,2,#fc8d62,car
70124,9,7,71,113,2016,5,7,5,3,5,3,0,0,1,1,0,0,0,0,657779.9739,5369848.7787,11.134323672,48.461972414,1,#66c2a5,bicycle
70128,9,1,63,0,2016,5,17,4,3,5,3,0,0,0,1,0,0,0,0,732607608.0,5306560369.0,12.110610428,47.870215718,2,#fc8d62,car
70141,9,1,78,123,2016,5,20,4,3,8,1,0,0,0,1,0,0,0,0,692350336.0,5360144652.0,11.597060092,48.365141127,2,#fc8d62,car
70142,9,1,73,147,2016,5,5,6,2,4,2,0,1,0,1,0,0,0,0,680554.7034,5307908733.0,11.415814133,47.899081794,2,#fc8d62,car
70143,9,1,77,112,2016,5,10,4,2,5,3,0,0,1,1,0,0,0,0,716432.53,5363889.93,11.92372357,48.390996768,1,#66c2a5,bicycle
70144,9,1,79,149,2016,5,17,6,3,8,1,0,1,0,1,0,0,0,0,655079.8805,5332114.8739,11.083967633,48.12338849,2,#fc8d62,car
70146,9,7,72,171,2016,5,16,6,2,5,3,0,0,0,1,0,0,0,0,637732.6388,5372043.2808,10.864022171,48.486413427,2,#fc8d62,car
70148,9,1,75,124,2016,5,15,4,3,2,2,0,0,0,1,0,0,0,0,714704.2066,5328783.9401,11.882619578,48.076147798,2,#fc8d62,car
70150,9,1,88,141,2016,5,15,6,3,2,6,0,1,0,1,0,0,0,0,668838541.0,5312287351.0,11.26089833,47.941636983,2,#fc8d62,car
70152,9,7,62,0,2016,5,8,6,3,5,3,0,1,0,1,0,0,0,0,622290.0827,5307138.9205,10.636425086,47.905912465,2,#fc8d62,car
70155,9,1,88,124,2016,5,16,5,3,2,2,0,1,0,1,0,0,0,0,663284.0472,5320686.5454,11.189768445,48.018590935,2,#fc8d62,car
70158,9,1,77,115,2016,5,10,4,3,6,7,0,0,0,1,1,0,0,0,733785501.0,5351389518.0,12.150851274,48.272513587,2,#fc8d62,car
70161,9,1,62,0,2016,5,12,3,3,3,6,0,0,0,1,0,0,0,0,686191.7117,5335219.8752,11.503027157,48.142959837,2,#fc8d62,car
70162,9,1,84,135,2016,5,18,5,3,5,3,0,1,0,1,0,0,0,0,690061469.0,5347329684.0,11.560417161,48.250657412,2,#fc8d62,car
70163,9,1,84,130,2016,5,14,5,2,3,2,0,0,0,1,0,0,0,1,701656.1685,5348850.6357,11.717162959,48.260743227,2,#fc8d62,car
70169,9,1,62,0,2016,5,9,4,3,9,7,0,0,0,1,0,0,0,0,692861.5519,5339003.1464,11.59431302,48.174975988,2,#fc8d62,car
70171,9,1,77,133,2016,5,16,5,3,2,6,0,1,1,1,0,0,0,0,710082.5643,5361137.9985,11.836679502,48.368416011,1,#66c2a5,bicycle
70175,9,1,84,145,2016,5,18,6,3,2,6,1,1,0,1,0,0,0,0,696489.6345,5322541.8727,11.635485475,48.025919398,2,#fc8d62,car
70176,9,1,62,0,2016,5,18,3,2,2,6,0,0,1,0,0,0,0,0,692208.6753,5342957.0204,11.58732961,48.210710037,1,#66c2a5,bicycle
70177,9,7,78,116,2016,5,16,5,3,4,2,0,1,0,1,0,1,0,0,616432.4916,5319399.9557,10.56139282,48.017277184,2,#fc8d62,car
70191,9,1,62,0,2016,5,8,3,3,2,6,0,0,1,0,0,0,0,1,695480.4461,5330342.3509,11.625529133,48.096336937,1,#66c2a5,bicycle
70192,9,7,72,121,2016,5,18,5,3,8,1,0,1,0,1,0,0,0,0,635975.3083,5374995.5572,10.841213427,48.513342183,2,#fc8d62,car
70199,9,1,88,113,2016,5,19,6,2,0,7,1,1,0,0,0,1,0,0,676122.1505,5315796.3333,11.359785276,47.971220634,4,#e78ac3,marker
70204,9,7,77,121,2016,5,19,5,3,5,3,0,1,0,1,0,0,0,0,630269217.0,5321768049.0,10.747582599,48.035902141,2,#fc8d62,car
70205,9,7,61,0,2016,5,8,4,2,2,6,0,0,0,1,0,1,0,0,640505.0133,5355589.4177,10.896010908,48.337853384,2,#fc8d62,car