OBJECTID,ULAND,UREGBEZ,UKREIS,UGEMEINDE,UJAHR,UMONAT,USTUNDE,UWOCHENTAG,UKATEGORIE,UART,UTYP1,ULICHTVERH,STRZUSTAND,IstRad,IstPKW,IstFuss,IstKrad,IstGkfz,IstSonstig,LINREFX,LINREFY,XGCSWGS84,YGCSWGS84,Teilnehmer,color,symbol
70209,9,1,62,0,2016,5,15,4,3,0,7,0,0,0,0,0,0,0,1,695079.1812,5331481.9072,11.620666409,48.106701779,6,#ffd92f,circle
70214,9,1,62,0,2016,5,17,3,3,2,6,0,0,0,1,0,0,0,0,688682.5129,5336696.2473,11.537132285,48.155495858,2,#fc8d62,car
70215,9,1,88,132,2016,5,14,6,3,9,1,0,1,0,1,0,0,0,0,666487005.0,5325120.1122,11.234412848,48.057623429,2,#fc8d62,car
70217,9,7,72,216,2016,5,21,6,3,2,6,2,1,0,1,0,0,0,0,622771.4672,5368176.0452,10.660501897,48.454737186,2,#fc8d62,car
70220,9,1,74,115,2016,5,7,5,3,0,7,0,0,1,0,0,0,0,0,680980059.0,5348319434.0,11.438617992,48.262212095,1,#66c2a5,bicycle
70225,9,1,84,139,2016,5,12,3,3,0,7,0,0,0,1,0,0,0,0,687180.5743,5325840.8631,11.512194105,48.058367776,2,#fc8d62,car
70226,9,1,62,0,2016,5,12,5,3,5,3,0,0,0,1,0,1,0,0,686184937.0,5335220728.0,11.502936546,48.142969485,2,#fc8d62,car
70229,9,1,84,136,2016,5,9,3,2,4,2,0,0,0,1,0,1,0,0,697667.6403,5327948.0229,11.653765243,48.074143536,2,#fc8d62,car
70231,9,1,62,0,2016,5,6,3,3,0,6,0,0,0,1,0,0,0,0,691370.9942,5331225.4942,11.570788636,48.105521919,2,#fc8d62,car
70232,9,1,75,127,2016,5,12,6,2,5,3,0,1,0,1,0,1,0,0,713220.6189,5341329.2681,11.86900477,48.189374213,2,#fc8d62,car
70233,9,7,61,0,2016,5,18,6,3,3,6,0,1,0,1,0,0,0,0,641410.0268,5352675875.0,10.907239052,48.31145383,2,#fc8d62,car
70236,9,1,84,132,2016,5,19,6,3,2,1,0,1,0,1,0,0,0,0,681621.9816,5323712.1867,11.436758585,48.040839577,2,#fc8d62,car
70237,9,1,75,137,2016,5,15,5,3,5,3,0,0,0,1,0,0,0,1,726051359.0,5331937549.0,12.036419339,48.100560526,2,#fc8d62,car
70242,9,1,87,179,2016,5,20,6,3,8,1,1,1,0,1,0,0,0,0,722422.2266,5314272.1198,11.978574425,47.9431147,2,#fc8d62,car
70254,9,2,61,0,2016,5,12,4,3,6,7,0,0,0,0,1,1,0,0,732388.3967,5380467.3459,12.148145468,48.534234593,3,#8da0cb,toilet
70255,9,1,88,121,2016,5,19,6,3,8,1,0,1,0,1,0,0,0,0,673738.2828,5330069.6106,11.333662487,48.100184348,2,#fc8d62,car
70256,9,7,61,0,2016,5,19,5,3,2,6,0,1,0,1,0,0,0,0,642757.9715,5359751.9499,10.927807205,48.374775914,2,#fc8d62,car
70264,9,1,88,139,2016,5,7,6,3,2,6,0,1,1,1,0,0,0,0,674731312.0,5318975886.0,11.34245986,48.000185032,1,#66c2a5,bicycle
70273,9,1,90,159,2016,5,16,4,3,5,3,0,0,0,1,0,0,0,0,661968.7924,5303946.2337,11.165843611,47.86841655,2,#fc8d62,car
70280,9,1,79,138,2016,5,19,6,3,5,3,0,1,0,1,0,0,0,0,656628.2586,5335177.4407,11.105886523,48.150544623,2,#fc8d62,car
70282,9,7,72,147,2016,5,7,6,3,9,1,0,1,0,1,0,0,0,0,632203.7333,5367115.8884,10.787677581,48.443293206,2,#fc8d62,car
70285,9,2,74,111,2016,5,7,6,2,8,1,0,1,0,1,0,0,0,0,738219412.0,5381188448.0,12.227420894,48.538525809,2,#fc8d62,car
70286,9,1,81,128,2016,5,17,5,3,2,6,0,1,0,1,0,0,0,0,639657.8784,5328046.8412,10.875516122,48.090378326,2,#fc8d62,car
70290,9,1,73,126,2016,5,11,6,3,5,3,0,1,0,1,0,0,0,0,684910.9856,5302330.7423,11.471658495,47.847700676,2,#fc8d62,car
70292,9,1,77,135,2016,5,10,6,3,2,6,0,1,0,1,0,0,0,0,720345.6447,5342613.7258,11.965411401,48.198483526,2,#fc8d62,car
70293,9,1,62,0,2016,5,16,5,3,5,1,0,1,1,1,0,0,0,0,683895983.0,5335442292.0,11.472291086,48.145626759,1,#66c2a5,bicycle
70299,9,1,62,0,2016,5,8,4,3,2,6,0,0,0,1,0,0,0,0,687368074.0,5335082564.0,11.518765105,48.141380302,2,#fc8d62,car
70306,9,1,78,120,2016,5,19,2,2,9,1,0,1,0,1,0,0,0,0,695004.5342,5355493421.0,11.630703811,48.322525599,2,#fc8d62,car
70313,9,1,73,130,2016,5,18,5,2,0,1,1,1,0,0,0,1,0,0,681173309.0,5314823.1059,11.426991467,47.961062284,4,#e78ac3,marker
70316,9,1,77,139,2016,5,16,3,2,9,6,0,0,0,1,0,0,0,0,736422.7851,5360218.7568,12.191285164,48.350845641,2,#fc8d62,car
70318,9,1,62,0,2016,5,18,1,3,9,1,0,0,0,1,0,0,0,0,697495829.0,5335192023.0,11.654814272,48.139301216,2,#fc8d62,car
70320,9,1,84,148,2016,5,11,6,3,0,1,0,1,1,0,0,0,0,0,694504.2873,5327075.2059,11.610944961,48.067271498,1,#66c2a5,bicycle
70325,9,1,88,139,2016,5,10,5,3,2,6,0,1,0,1,0,0,0,0,674563.2446,5318698.5832,11.340095887,47.997738077,2,#fc8d62,car
70335,9,1,62,0,2016,5,18,3,3,2,2,0,0,0,1,0,0,0,0,684107.4393,5335414.7929,11.475119255,48.145318422,2,#fc8d62,car
70341,9,1,62,0,2016,5,6,4,3,3,6,2,0,0,1,0,1,1,0,682456.7215,5341986.0076,11.455769098,48.204860332,2,#fc8d62,car
70342,9,2,74,165,2016,5,23,2,3,9,1,2,1,0,1,0,0,0,0,716922926.0,5385308468.0,11.941456473,48.583265275,2,#fc8d62,car
70344,9,1,62,0,2016,5,11,4,2,2,6,0,0,0,1,0,0,0,0,685091.8992,5328922.6535,11.48552346,48.086678036,2,#fc8d62,car
70353,9,7,61,0,2016,5,15,7,3,6,7,0,1,0,1,1,0,0,0,640188.2387,5360561.5298,10.893395373,48.382631521,2,#fc8d62,car
70359,9,1,75,111,2016,5,8,4,3,2,6,0,0,0,1,0,0,0,0,711999.0061,5338171.63,11.851013718,48.161409312,2,#fc8d62,car
70363,9,7,71,113,2016,5,12,5,3,8,1,0,1,0,1,0,0,0,0,659294.92,5365193195.0,11.153031342,48.419736359,2,#fc8d62,car
70365,9,2,61,0,2016,5,15,7,3,9,1,0,0,0,1,0,0,0,0,731973.6009,5379772.6244,12.142148552,48.528147474,2,#fc8d62,car
70369,9,2,74,113,2016,5,12,5,3,8,1,0,1,0,1,0,0,0,0,726662.2873,5381615.9741,12.071316676,48.546647111,2,#fc8d62,car
70374,9,1,62,0,2016,5,16,3,3,5,3,0,0,1,1,0,0,0,0,685304265.0,5335336224.0,11.491159322,48.144264726,1,#66c2a5,bicycle
70375,9,1,78,155,2016,5,4,2,1,9,1,2,0,0,1,0,0,0,0,716126.5831,5374891.9483,11.925271358,48.48995237,2,#fc8d62,car
70379,9,2,74,113,2016,5,1,7,3,8,1,2,0,0,1,0,0,0,0,730468.1716,5383393.5485,12.123791749,48.561228508,2,#fc8d62,car
70385,9,1,62,0,2016,5,10,2,3,4,2,0,1,0,1,0,0,0,0,694561871.0,5342644616.0,11.618828688,48.207185382,2,#fc8d62,car
70389,9,1,84,123,2016,5,9,6,3,2,6,0,1,0,1,0,0,0,0,702142253.0,5332177913.0,11.715771923,48.110754797,2,#fc8d62,car
70393,9,1,87,179,2016,5,11,1,3,3,7,0,0,0,1,0,0,0,0,723359.3826,5309894.4703,11.988838001,47.903455335,2,#fc8d62,car
70394,9,7,72,200,2016,5,11,4,2,5,3,0,0,0,1,0,0,0,0,631646.6855,5337011.5443,10.770756015,48.172700305,2,#fc8d62,car
70395,9,1,84,121,2016,5,15,6,3,1,6,0,1,0,1,0,0,0,0,704709.1676,5331432.6163,11.749859795,48.10323732,2,#fc8d62,car
70417,9,1,88,124,2016,5,22,5,3,6,2,2,1,0,1,1,0,0,0,662507.3838,5318486.5728,11.178527045,47.999009737,2,#fc8d62,car
70421,9,7,71,156,2016,5,20,1,2,5,3,0,0,0,1,0,1,0,0,653416.7353,5383544.5217,11.080381003,48.586182315,2,#fc8d62,car
70422,9,1,62,0,2016,5,23,4,3,3,6,2,0,0,1,0,0,0,1,685672.0778,5331787.1533,11.49455289,48.112256868,2,#fc8d62,car
70428,9,1,73,126,2016,5,14,3,3,3,6,0,0,1,1,0,0,0,0,685610.0699,5303804.3233,11.481626261,47.860745172,1,#66c2a5,bicycle
70430,9,1,75,132,2016,5,9,4,2,8,2,0,0,0,0,0,1,1,1,708546.6275,5333286.9124,11.802251615,48.118656018,4,#e78ac3,marker
70431,9,1,81,130,2016,5,21,2,3,5,3,2,1,0,1,0,0,0,0,638989.6342,5325211.9681,10.865624809,48.065032419,2,#fc8d62,car
70434,9,1,74,115,2016,5,17,4,3,2,6,0,0,0,1,0,0,0,0,680311.0367,5344821.8167,11.428122177,48.230963795,2,#fc8d62,car
70437,9,1,62,0,2016,5,16,4,3,5,3,0,0,1,1,0,0,0,0,685209.2152,5327669.7209,11.486554174,48.075381884,1,#66c2a5,bicycle
70438,9,7,72,177,2016,5,15,5,2,4,2,0,1,0,1,0,0,0,0,637278.6335,5376815.4526,10.859450905,48.529422441,2,#fc8d62,car
70448,9,1,62,0,2016,5,19,1,3,5,3,0,0,0,1,0,0,0,0,694137.4837,5331712.1771,11.608134181,48.109059048,2,#fc8d62,car
70452,9,1,84,147,2016,5,17,6,3,5,3,0,1,0,1,0,0,0,0,695622.6318,5339976.1228,11.63186169,48.182876647,2,#fc8d62,car
70467,9,1,78,124,2016,5,13,3,3,8,7,0,0,0,0,0,0,1,0,704097.0922,5362089325.0,11.756419941,48.378928376,5,#a6d854,bus
70470,9,7,71,113,2016,5,11,4,3,3,2,0,0,1,1,0,0,0,0,657675.6143,5369497.1484,11.132780501,48.458837343,1,#66c2a5,bicycle
70475,9,1,88,139,2016,5,19,5,3,0,1,0,1,0,0,0,1,0,0,668678.7038,5319068.9049,11.26142138,48.002646766,4,#e78ac3,marker
70477,9,1,63,0,2016,5,7,4,3,4,2,0,0,1,1,0,0,0,0,730643.2595,5303433.0797,12.082713638,47.842827273,1,#66c2a5,bicycle
70493,9,1,84,139,2016,5,16,4,3,2,6,0,0,0,1,0,0,0,0,686714.4867,5324493.7235,11.50535704,48.046395574,2,#fc8d62,car
70494,9,7,77,121,2016,5,16,5,3,0,1,0,1,0,0,0,1,0,0,628000.4736,5321441.5014,10.717063728,48.033424311,4,#e78ac3,marker
70495,9,1,63,0,2016,5,15,7,3,2,6,0,0,0,1,0,0,0,0,735015695.0,5303681.1855,12.141199144,47.843473076,2,#fc8d62,car
70502,9,7,71,130,2016,5,13,7,3,2,6,0,0,0,1,0,0,0,0,645598.9803,5357729.3201,10.965448883,48.355940709,2,#fc8d62,car
70503,9,7,77,139,2016,5,9,3,3,9,1,0,1,0,1,0,0,0,0,616619.7527,5306587.1607,10.560428185,47.902006004,2,#fc8d62,car
70508,9,1,84,121,2016,5,12,4,2,8,7,0,0,0,0,0,1,0,0,705055839.0,5331976.7842,11.754772563,48.108016069,4,#e78ac3,marker
70511,9,1,62,0,2016,5,21,4,3,6,4,2,0,1,0,1,0,0,0,688464.8289,5334979.4542,11.533448104,48.140129617,1,#66c2a5,bicycle
70512,9,7,61,0,2016,5,12,5,3,1,6,0,1,0,1,0,0,1,0,642977.3861,5360446.3075,10.931004621,48.380969539,2,#fc8d62,car
70514,9,1,87,167,2016,5,17,7,3,2,2,0,1,0,1,0,0,0,0,737789856.0,5302533.0323,12.177589211,47.832138648,2,#fc8d62,car
70521,9,1,87,117,2016,5,16,3,3,6,7,0,0,0,0,1,0,0,1,725371.8285,5306058.4951,12.013726918,47.868285798,3,#8da0cb,toilet
70523,9,7,73,182,2016,5,5,1,3,9,6,0,0,0,1,0,0,0,0,627950.6659,5377936.3641,10.733509387,48.541472991,2,#fc8d62,car
70525,9,1,75,133,2016,5,7,4,2,5,3,0,0,0,1,0,0,1,0,710533045.0,5342160979.0,11.833300433,48.197744267,2,#fc8d62,car
70526,9,1,78,155,2016,5,11,2,3,2,6,0,0,0,1,0,0,0,0,716084.86,5374975944.0,11.92475084,48.490721388,2,#fc8d62,car
70536,9,1,62,0,2016,5,19,2,3,6,2,0,1,0,1,1,0,0,0,692033.6695,5341289.2561,11.584221745,48.195773638,2,#fc8d62,car
70538,9,1,75,137,2016,5,16,1,3,4,1,0,1,0,1,0,0,0,1,728083.8226,5334902.4381,12.065265309,48.126473265,2,#fc8d62,car
70560,9,1,78,155,2016,5,20,4,2,5,6,1,0,0,1,0,0,1,0,721131.9051,5374153.8265,11.992532693,48.481580261,2,#fc8d62,car
70561,9,1,79,145,2016,5,15,4,2,2,6,0,0,0,1,0,1,0,0,672542.9707,5335688.3083,11.31989536,48.151019082,2,#fc8d62,car
70562,9,2,74,146,2016,5,18,2,3,2,6,0,0,0,1,0,0,0,1,733408.7789,5373837.5042,12.158240659,48.474302136,2,#fc8d62,car
70566,9,1,79,142,2016,5,5,5,3,2,6,0,1,0,1,0,0,0,0,670849.3398,5341153.6085,11.299339939,48.200607499,2,#fc8d62,car
70568,9,1,86,125,2016,5,10,4,3,5,3,0,0,0,1,0,0,0,0,672801.4961,5375052933.0,11.339506097,48.504805959,2,#fc8d62,car
70569,9,7,71,130,2016,5,13,1,3,9,6,0,0,0,1,0,0,0,0,644439.1758,5363122.0832,10.951655427,48.404695393,2,#fc8d62,car
70571,9,1,88,121,2016,5,5,5,3,5,3,1,1,0,1,0,1,0,0,670070039.0,5329288892.0,11.284120404,48.0941555,2,#fc8d62,car
70580,9,1,77,117,2016,5,10,4,3,8,1,0,0,0,1,0,0,0,0,717140.5729,5351481.5305,11.926881687,48.279265419,2,#fc8d62,car
70585,9,1,84,120,2016,5,14,7,3,0,1,0,0,0,0,0,1,0,0,680164.5131,5333635.1199,11.421407859,48.130449968,4,#e78ac3,marker
70589,9,1,62,0,2016,5,10,4,3,3,2,0,0,1,0,0,0,1,0,688655009.0,5336269.5709,11.536573682,48.151668999,1,#66c2a5,bicycle
70590,9,7,72,147,2016,5,11,5,3,0,7,0,1,0,0,0,1,0,0,637474.2787,5364891.0521,10.858178531,48.422159078,4,#e78ac3,marker
70591,9,1,79,136,2016,5,15,7,3,0,1,0,1,0,0,0,1,0,0,661927.6574,5343182.3086,11.180136431,48.221184348,4,#e78ac3,marker
70598,9,1,62,0,2016,5,19,3,3,5,3,0,0,1,1,0,0,0,0,692537245.0,5339191.7737,11.590040616,48.176769649,1,#66c2a5,bicycle
70599,9,1,77,133,2016,5,16,2,2,4,6,0,1,0,1,0,0,0,0,711330.3533,5361550.6847,11.853713696,48.371707704,2,#fc8d62,car
70604,9,1,81,130,2016,5,16,7,3,0,7,0,1,1,0,0,0,0,0,640492.7071,5323491.0083,10.885223703,48.049227892,1,#66c2a5,bicycle
70607,9,1,62,0,2016,5,9,5,3,2,6,0,1,0,1,0,0,0,0,694665.7097,5330252.7251,11.614557247,48.095780804,2,#fc8d62,car
70613,9,1,85,158,2016,5,17,3,3,2,6,0,0,0,1,0,0,0,1,666624.9598,5381257.8315,11.258433313,48.562252671,2,#fc8d62,car
70615,9,1,86,143,2016,5,18,1,3,5,3,0,0,0,1,0,0,0,0,684462.0013,5382519.4308,11.500527406,48.568597814,2,#fc8d62,car
70616,9,7,61,0,2016,5,14,4,3,0,7,0,0,0,0,0,1,0,0,637874.7532,5353070.3352,10.859713138,48.315781419,4,#e78ac3,marker
70619,9,1,84,123,2016,5,9,7,3,3,1,0,1,0,1,0,0,1,0,705070.1207,5332042.0467,11.754995566,48.10859796,2,#fc8d62,car
70628,9,7,72,147,2016,5,16,7,3,8,1,0,1,0,1,0,0,0,0,638445.5072,5366822.6349,10.871936977,48.439314609,2,#fc8d62,car
70638,9,2,74,194,2016,5,12,3,3,1,6,0,0,0,1,0,0,0,1,722011267.0,5375883.5856,12.005334887,48.496810625,2,#fc8d62,car
70643,9,2,74,118,2016,5,7,2,2,8,1,0,1,0,1,0,0,0,0,736154.2627,5368150.4598,12.192123448,48.422193564,2,#fc8d62,car
70644,9,7,71,158,2016,5,18,1,3,5,3,0,0,0,1,0,0,0,0,642374.3959,5370703.4821,10.92634926,48.473332611,2,#fc8d62,car
70645,9,1,84,138,2016,5,9,4,3,1,6,0,0,0,1,0,0,0,0,680680591.0,5331281321.0,11.427339968,48.109145588,2,#fc8d62,car
70648,9,7,71,113,2016,5,17,3,3,5,3,0,0,0,1,0,0,0,0,658588301.0,5367512.1074,11.14436502,48.440762111,2,#fc8d62,car
70653,9,1,75,135,2016,5,10,4,3,5,3,0,0,1,1,0,0,0,0,709462.1164,5337758.9255,11.81673686,48.158541481,1,#66c2a5,bicycle
70655,9,1,75,132,2016,5,17,4,3,2,6,0,0,0,1,0,0,0,0,706743.8686,5336269.5353,11.779504747,48.14604685,2,#fc8d62,car
70658,9,1,62,0,2016,5,16,4,3,2,6,0,0,0,1,0,0,0,0,690496.3582,5331981.8618,11.559389114,48.112582309,2,#fc8d62,car
70659,9,7,72,125,2016,5,16,5,3,2,6,0,1,0,1,0,0,0,0,636312.0495,5348363.1601,10.837126455,48.273792893,2,#fc8d62,car
70660,9,1,78,122,2016,5,6,7,3,4,6,0,1,0,0,0,0,1,1,702414049.0,5383875354.0,11.744263353,48.575242911,5,#a6d854,bus
70667,9,1,87,177,2016,5,19,3,3,2,6,0,0,0,1,0,0,0,0,736047.6848,5304265.7892,12.155289882,47.848347015,2,#fc8d62,car
70680,9,1,77,120,2016,5,15,7,2,0,1,0,0,1,0,0,0,0,0,720362.7867,5360344.9156,11.974884764,48.357786064,1,#66c2a5,bicycle
70686,9,1,73,118,2016,5,15,6,3,4,6,0,0,0,1,0,0,0,0,687854.1505,5305569.6156,11.512367454,47.875960743,2,#fc8d62,car
70687,9,1,62,0,2016,5,16,3,3,2,6,0,1,0,1,0,0,0,0,696390.3113,5343283.7753,11.643708526,48.212366667,2,#fc8d62,car
70690,9,1,87,177,2016,5,8,7,3,2,6,0,0,0,1,0,1,0,0,735484.2603,5305322.8108,12.148345582,47.858049728,2,#fc8d62,car
70691,9,1,82,137,2016,5,20,2,3,9,1,1,1,0,1,0,0,0,0,712311.7024,5304884089.0,11.838735494,47.862181499,2,#fc8d62,car
70692,9,1,88,121,2016,5,10,6,3,2,6,0,0,0,1,0,0,0,0,670040.2022,5329261351.0,11.283709043,48.093915871,2,#fc8d62,car
70699,9,7,77,121,2016,5,4,1,3,8,7,1,0,0,1,0,0,0,0,626818.3594,5320302.7211,10.700876415,48.023418925,2,#fc8d62,car
70700,9,7,61,0,2016,5,14,3,3,5,3,0,1,1,1,0,0,0,0,641091.3948,5355541.8142,10.903903215,48.33729468,1,#66c2a5,bicycle
70705,9,1,84,136,2016,5,20,2,3,5,3,2,1,0,1,0,0,0,0,699403.6453,5327438.7379,11.67680798,48.06902607,2,#fc8d62,car
70706,9,1,88,132,2016,5,17,1,3,2,6,0,0,0,1,0,1,0,0,666895.4501,5325908.5865,11.240197913,48.064605276,2,#fc8d62,car
70714,9,2,61,0,2016,5,11,3,3,4,2,0,1,0,1,0,0,0,0,732011.5243,5379912.0607,12.142739011,48.529385991,2,#fc8d62,car
70724,9,1,77,130,2016,5,15,1,2,2,2,0,0,0,1,0,1,0,0,712228.2852,5351917.7733,11.860973773,48.284850651,2,#fc8d62,car
70726,9,7,61,0,2016,5,1,7,3,4,1,2,0,0,1,0,0,0,0,642104.0874,5357590.8097,10.918252187,48.355491477,2,#fc8d62,car
70728,9,7,72,207,2016,5,13,6,2,5,3,0,0,0,1,1,0,0,0,641754208.0,5380567714.0,10.921315107,48.56216516,2,#fc8d62,car
70729,9,1,88,141,2016,5,12,7,3,0,3,0,0,0,1,0,1,1,0,670318.6699,5308531.7347,11.279217887,47.907481572,2,#fc8d62,car
70737,9,7,71,129,2016,5,15,1,3,0,1,0,0,0,0,0,1,0,0,659013.6356,5354411.6691,11.145155259,48.322878494,4,#e78ac3,marker
70743,9,1,74,126,2016,5,10,7,2,4,6,0,0,0,1,0,0,0,0,683620.3435,5347142.4788,11.473649655,48.250873483,2,#fc8d62,car
70749,9,1,84,145,2016,5,10,3,3,5,3,0,1,0,1,0,0,0,1,698251.5502,5324454.1706,11.659976569,48.04256171,2,#fc8d62,car
70754,9,1,75,139,2016,5,17,4,3,2,6,0,0,0,1,0,0,0,0,709309.8878,5328861.4113,11.810324837,48.078637217,2,#fc8d62,car
70755,9,1,87,177,2016,5,7,3,3,2,6,0,1,0,1,0,0,1,0,736905.5794,5306296.2899,12.167851511,47.866272769,2,#fc8d62,car
70761,9,1,62,0,2016,5,14,6,3,2,6,0,0,0,1,0,0,1,0,693856.9929,5331649.8858,11.60434167,48.108584615,2,#fc8d62,car
70768,9,1,75,135,2016,5,20,3,3,4,1,2,1,0,1,0,0,0,0,707058858.0,5337872166.0,11.784514034,48.160346151,2,#fc8d62,car
70773,9,1,81,114,2016,5,17,6,2,0,1,0,0,1,0,0,0,0,0,656824327.0,5314051.9403,11.100776699,47.960556458,1,#66c2a5,bicycle
70774,9,1,82,123,2016,5,14,6,3,2,6,0,0,0,1,0,0,1,0,717705.6911,5301547.0991,11.909082774,47.830391054,2,#fc8d62,car
70780,9,1,74,115,2016,5,13,6,3,5,2,0,0,0,1,0,0,0,0,683284878.0,5348528.62,11.469735157,48.263429793,2,#fc8d62,car
70786,9,7,61,0,2016,5,16,3,3,2,6,0,1,0,1,0,0,0,0,639955.7595,5355311.3336,10.888510946,48.335474819,2,#fc8d62,car
70787,9,1,87,170,2016,5,8,6,3,5,3,0,1,0,1,0,0,0,0,732207.7409,5322127.8941,12.113666272,48.010219289,2,#fc8d62,car
70788,9,1,62,0,2016,5,20,2,3,5,2,2,1,0,1,0,0,0,0,691745.6683,5331888884.0,11.576114725,48.111371749,2,#fc8d62,car
70789,9,1,74,111,2016,5,0,1,3,9,1,2,0,0,1,0,0,0,0,663738.2527,5361909.3827,11.211760557,48.389076402,2,#fc8d62,car
70792,9,7,71,146,2016,5,21,6,1,4,7,2,0,0,1,0,0,0,0,644697.9892,5347896.1157,10.949920914,48.267732844,2,#fc8d62,car
70798,9,1,73,118,2016,5,13,1,3,5,3,0,0,0,1,0,0,0,0,692705.0991,5310746.9712,11.579489155,47.921058693,2,#fc8d62,car
70801,9,7,73,182,2016,5,16,2,3,2,1,0,0,0,1,0,0,0,0,622296.6944,5379928591.0,10.657527234,48.560515909,2,#fc8d62,car
70803,9,7,72,223,2016,5,9,6,3,2,6,0,0,0,1,0,0,0,1,619562.6097,5363155.5538,10.615687456,48.410206207,2,#fc8d62,car
70808,9,7,61,0,2016,5,17,3,3,5,7,0,1,1,1,0,0,0,0,640719.0745,5355557.9295,10.898887339,48.337522613,1,#66c2a5,bicycle
70816,9,1,75,132,2016,5,21,2,3,4,1,2,1,0,1,0,0,0,0,705862.2228,5334687.45,11.766901437,48.132115396,2,#fc8d62,car
70822,9,7,61,0,2016,5,14,1,3,3,2,0,0,1,1,0,0,0,0,641900.5092,5357635.3072,10.915520702,48.355937362,1,#66c2a5,bicycle
70839,9,1,77,139,2016,5,14,4,2,4,6,0,0,0,1,0,0,0,1,731445.5152,5361377.6804,12.124843119,48.363099695,2,#fc8d62,car
70840,9,1,63,0,2016,5,16,6,3,5,7,0,0,1,1,0,0,0,0,733731.5482,5303684.1973,12.124063426,47.843968201,1,#66c2a5,bicycle
70842,9,1,82,136,2016,5,17,1,3,4,6,0,0,0,1,0,0,0,1,703343.3005,5304661.4906,11.718860552,47.863081937,2,#fc8d62,car
70843,9,1,84,140,2016,5,12,7,3,5,3,0,0,0,1,0,0,0,0,702030.9646,5327271.8397,11.71195775,48.066699474,2,#fc8d62,car
70848,9,1,84,135,2016,5,18,6,3,2,6,0,0,0,1,0,0,0,0,688815.3039,5345053.7042,11.542632045,48.230573496,2,#fc8d62,car
70855,9,1,77,142,2016,5,1,7,3,8,7,2,0,0,1,0,0,0,0,721813.8794,5348342.79,11.988140354,48.249445754,2,#fc8d62,car
70862,9,1,87,117,2016,5,13,6,3,5,2,0,0,1,1,0,0,0,0,725332.85,5305378347.0,12.01285195,47.862188378,1,#66c2a5,bicycle
70863,9,1,79,130,2016,5,12,3,2,8,1,0,1,0,1,0,0,0,0,659384.8534,5339156.0108,11.14441396,48.185629605,2,#fc8d62,car
70866,9,1,87,134,2016,5,11,7,2,2,2,0,0,0,0,0,1,0,0,738445444.0,5319906905.0,12.195940622,47.987971705,4,#e78ac3,marker
70868,9,1,78,150,2016,5,15,6,3,2,6,0,0,0,1,0,0,0,0,691223.9317,5371599.3789,11.587089353,48.468431167,2,#fc8d62,car
70875,9,7,61,0,2016,5,12,3,3,4,2,0,1,0,1,0,0,0,0,643415344.0,5360543.58,10.936949218,48.381744754,2,#fc8d62,car
70877,9,1,78,116,2016,5,13,1,1,3,6,0,0,0,1,0,0,0,0,703549.7447,5378536.1046,11.757032478,48.526897212,2,#fc8d62,car
70879,9,7,72,215,2016,5,0,7,3,0,1,2,0,1,0,0,0,0,0,633240.2309,5344487.6165,10.794527394,48.239596399,1,#66c2a5,bicycle
70882,9,1,77,123,2016,5,15,3,3,4,1,0,1,0,1,0,0,0,0,726329792.0,5344398427.0,12.04678117,48.212413147,2,#fc8d62,car
70883,9,1,88,139,2016,5,14,1,3,5,3,0,0,0,1,0,1,0,0,675181.9632,5319233.1281,11.348601093,48.002374227,2,#fc8d62,car
70884,9,7,77,158,2016,5,15,7,3,2,6,0,0,0,1,0,1,0,0,620444.2222,5312153.1788,10.613137013,47.951358637,2,#fc8d62,car
70886,9,1,87,150,2016,5,14,2,3,2,6,0,0,0,1,0,0,0,1,728534.7708,5303443.5564,12.05457929,47.843674251,2,#fc8d62,car
70888,9,7,61,0,2016,5,14,2,3,3,6,0,0,0,0,0,0,1,1,636771.3132,5360416295.0,10.847224048,48.382075655,5,#a6d854,bus
70901,9,1,62,0,2016,5,16,1,2,0,7,0,0,1,0,0,0,0,0,687359574.0,5335074446.0,11.518647383,48.141309838,1,#66c2a5,bicycle
70914,9,7,72,147,2016,5,20,1,3,3,1,1,1,0,1,0,0,0,0,637932.6439,5364094589.0,10.864108701,48.41489728,2,#fc8d62,car
70920,9,1,88,144,2016,5,16,7,3,9,7,0,0,0,1,0,0,0,0,668929.2202,5325279.8909,11.26722638,48.05841797,2,#fc8d62,car
70926,9,1,87,159,2016,5,13,1,3,0,7,0,0,1,0,0,0,0,0,731722.5955,5328131.8308,12.110418941,48.064333914,1,#66c2a5,bicycle
70927,9,1,84,147,2016,5,10,3,3,2,6,0,1,0,1,0,0,0,0,695598.0999,5339865.5447,11.631481102,48.18189039,2,#fc8d62,car
70930,9,1,82,120,2016,5,18,1,3,2,6,1,0,0,1,0,0,0,0,700122.8419,5302456.4353,11.674829283,47.844274974,2,#fc8d62,car
70933,9,1,79,118,2016,5,18,4,3,0,6,0,0,0,1,0,0,0,1,672935.9175,5338334.5368,11.32625007,48.174700659,2,#fc8d62,car
70934,9,1,87,182,2016,5,13,3,3,1,6,0,0,0,1,0,0,0,0,738676.2487,5328236.9657,12.203667681,48.062715314,2,#fc8d62,car
70940,9,1,62,0,2016,5,9,6,3,2,6,0,0,0,1,0,0,0,0,694986.6925,5337513.0261,11.622185581,48.160935099,2,#fc8d62,car
70946,9,1,86,152,2016,5,16,6,3,8,1,0,0,0,1,0,0,0,0,693967.6598,5373799.6465,11.625190037,48.487364912,2,#fc8d62,car