OBJECTID,ULAND,UREGBEZ,UKREIS,UGEMEINDE,UJAHR,UMONAT,USTUNDE,UWOCHENTAG,UKATEGORIE,UART,UTYP1,ULICHTVERH,STRZUSTAND,IstRad,IstPKW,IstFuss,IstKrad,IstGkfz,IstSonstig,LINREFX,LINREFY,XGCSWGS84,YGCSWGS84,Teilnehmer,color,symbol
70947,9,1,78,113,2016,5,15,3,3,1,6,0,1,0,1,0,0,1,0,691587.1672,5366360.0773,11.589601903,48.421233572,2,#fc8d62,car
70951,9,1,63,0,2016,5,14,2,3,3,2,0,1,1,1,0,0,0,0,734694415.0,5304879.2719,12.137561372,47.854353936,1,#66c2a5,bicycle
70952,9,1,77,116,2016,5,16,6,3,3,6,0,0,0,1,0,0,0,1,710137.0075,5363936.0218,11.838812458,48.393539638,2,#fc8d62,car
70955,9,7,73,122,2016,5,7,6,3,5,3,0,0,0,1,0,0,1,0,626688582.0,5386397297.0,10.718996916,48.617811771,2,#fc8d62,car
70958,9,1,78,155,2016,5,14,6,3,2,6,0,0,0,1,0,0,0,0,716070.9696,5375067.6698,11.924610519,48.49155029,2,#fc8d62,car
70967,9,1,62,0,2016,5,18,2,3,5,3,0,1,1,1,0,0,0,0,689199.7223,5329875689.0,11.541052358,48.094038185,1,#66c2a5,bicycle
70968,9,1,88,132,2016,5,17,1,3,0,7,0,0,1,0,0,0,0,0,666876.0726,5325808.3348,11.239898896,48.063709062,1,#66c2a5,bicycle
70969,9,7,71,130,2016,5,16,6,3,0,7,0,0,1,0,0,0,0,1,644935.5066,5357687.3093,10.956483588,48.35571561,1,#66c2a5,bicycle
70971,9,1,82,120,2016,5,15,7,3,0,1,0,0,1,0,0,0,0,0,702182.1856,5306781.8298,11.704345498,47.882504614,1,#66c2a5,bicycle
70981,9,2,61,0,2016,5,18,1,3,2,6,0,0,0,0,0,1,0,1,730509.8781,5379007.0448,12.121929648,48.521809406,4,#e78ac3,marker
70985,9,7,61,0,2016,5,16,3,3,4,2,0,1,0,1,0,0,0,0,639529201.0,5352492651.0,10.881825513,48.310224071,2,#fc8d62,car
70991,9,7,61,0,2016,5,13,7,3,0,1,0,0,0,0,0,1,0,0,641309.6491,5355849.7568,10.906949972,48.340014824,4,#e78ac3,marker
70994,9,1,81,138,2016,5,16,2,3,2,6,0,1,0,1,0,0,0,0,638868772.0,5334755.31,10.867110201,48.150874785,2,#fc8d62,car
71000,9,7,61,0,2016,5,19,1,3,3,6,0,0,0,1,0,1,0,0,641335.7897,5355577.1238,10.907211057,48.337557552,2,#fc8d62,car
71005,9,1,74,115,2016,5,12,7,3,5,2,0,0,0,0,0,1,0,1,679114.6137,5347770.1357,11.413272764,48.257804692,4,#e78ac3,marker
71019,9,1,78,130,2016,5,16,4,2,3,1,0,0,1,0,0,0,0,0,703878.2965,5356127.8055,11.750581573,48.325427435,1,#66c2a5,bicycle
71021,9,1,87,177,2016,5,14,1,3,0,7,0,0,1,0,0,0,0,0,736049.5447,5304291.5578,12.15532876,47.848577831,1,#66c2a5,bicycle
71025,9,1,88,139,2016,5,9,7,2,2,6,0,0,0,1,0,0,0,0,680608.5045,5321894.7217,11.422407463,48.024789722,2,#fc8d62,car
71034,9,1,62,0,2016,5,17,6,2,3,7,0,0,0,1,0,0,0,0,678872.6612,5333109.0888,11.403840499,48.126085805,2,#fc8d62,car
71035,9,1,78,113,2016,5,13,3,3,4,2,0,1,0,1,0,0,0,0,691393477.0,5367182.3911,11.587361995,48.428682848,2,#fc8d62,car
71037,9,1,62,0,2016,5,18,3,3,1,6,0,0,0,1,0,0,0,0,694717.7272,5332162.3988,11.616126549,48.112928366,2,#fc8d62,car
71038,9,1,74,113,2016,5,7,6,3,8,1,0,0,0,1,0,0,0,0,673856.8173,5345335.5776,11.341495307,48.237384204,2,#fc8d62,car
71044,9,1,62,0,2016,5,15,5,3,5,2,0,1,0,1,0,0,0,0,691668.7766,5331697.9518,11.574996972,48.10967881,2,#fc8d62,car
71050,9,7,61,0,2016,5,14,3,3,6,7,0,1,0,1,1,0,0,0,639247547.0,5360876.1253,10.880801701,48.38566862,2,#fc8d62,car
71051,9,1,88,141,2016,5,12,6,2,8,1,0,0,0,0,0,1,0,0,667039.9339,5306627.9518,11.234639415,47.891227849,4,#e78ac3,marker
71052,9,1,84,131,2016,5,15,2,3,5,3,0,1,0,1,0,0,0,0,705336.5707,5340054.2442,11.762434628,48.180513789,2,#fc8d62,car
71053,9,1,75,135,2016,5,15,1,3,4,6,0,0,1,0,0,0,0,0,706492.3698,5338374.9181,11.777149284,48.165048269,1,#66c2a5,bicycle
71055,9,7,61,0,2016,5,12,7,3,2,6,0,0,0,1,0,0,0,0,638681103.0,5356652.4788,10.871762398,48.347815225,2,#fc8d62,car
71063,9,1,88,139,2016,5,17,1,3,5,3,0,0,0,1,0,1,0,0,674362.8552,5318009.6456,11.337132046,47.991599409,2,#fc8d62,car
71069,9,2,74,126,2016,5,17,1,2,8,7,0,0,0,0,0,1,0,0,733858.7952,5383452.8029,12.169709184,48.560505525,4,#e78ac3,marker
71070,9,7,72,141,2016,5,18,6,2,0,7,0,0,1,0,0,0,0,1,621938.0531,5346107.1045,10.642840082,48.256435232,1,#66c2a5,bicycle
71073,9,7,61,0,2016,5,13,3,3,3,2,0,1,0,1,0,0,0,0,640566.8402,5360224.3437,10.898393105,48.379515417,2,#fc8d62,car
71081,9,1,62,0,2016,5,19,1,3,6,7,0,0,0,1,1,0,0,0,687549827.0,5331579617.0,11.519664521,48.109841304,2,#fc8d62,car
71085,9,1,79,142,2016,5,18,4,3,8,1,0,0,0,1,0,0,0,0,677412.2487,5342392.9835,11.388105465,48.209948451,2,#fc8d62,car
71086,9,1,87,186,2016,5,13,3,3,9,1,0,1,0,1,0,0,0,0,733091.9077,5332334.6887,12.131063705,48.101592042,2,#fc8d62,car
71087,9,7,61,0,2016,5,20,1,3,9,1,2,1,0,1,0,0,0,0,639886.2246,5355103.1931,10.887504093,48.333618665,2,#fc8d62,car
71089,9,7,61,0,2016,5,17,1,3,2,6,0,0,0,1,0,0,0,0,638769251.0,5356612.11,10.872938155,48.347432875,2,#fc8d62,car
71101,9,1,62,0,2016,5,13,3,3,5,3,0,1,1,1,0,0,0,0,688074.4627,5334992.4451,11.528211627,48.140361886,1,#66c2a5,bicycle
71102,9,1,79,134,2016,5,20,6,3,5,3,0,0,0,1,0,1,0,0,668621301.0,5342808291.0,11.270036559,48.216078386,2,#fc8d62,car
71104,9,1,82,120,2016,5,14,1,2,8,1,0,0,0,1,0,0,0,0,702601.6563,5305293267.0,11.709251759,47.868994213,2,#fc8d62,car
71110,9,1,84,136,2016,5,9,5,3,6,2,0,1,0,1,1,0,0,0,698824.5472,5325838.8353,11.668299155,48.054827996,2,#fc8d62,car
71122,9,1,77,123,2016,5,7,2,3,5,3,0,0,0,1,0,1,0,0,725256331.0,5339232.7784,12.029612385,48.166385321,2,#fc8d62,car
71125,9,1,73,118,2016,5,12,1,3,5,3,0,0,0,1,0,0,0,0,693620.0179,5303399708.0,11.588428292,47.85474469,2,#fc8d62,car
71126,9,7,72,115,2016,5,17,5,3,8,7,0,0,0,0,0,1,0,0,619605.0903,5370534.9416,10.618368681,48.476560254,4,#e78ac3,marker
71132,9,2,61,0,2016,5,7,2,3,5,3,0,0,0,1,0,0,0,0,731989406.0,5381340.2647,12.143234744,48.54222343,2,#fc8d62,car
71141,9,1,84,114,2016,5,17,1,2,4,1,0,1,0,1,0,0,0,0,700986.9184,5318895.1742,11.694029858,47.991746746,2,#fc8d62,car
71147,9,7,73,182,2016,5,17,4,3,1,2,0,0,0,1,0,1,0,0,624829242.0,5379631.6472,10.691747181,48.557346529,2,#fc8d62,car
71151,9,2,74,146,2016,5,2,7,2,8,1,2,1,0,0,0,1,0,0,733391.6264,5377523.9225,12.160067933,48.507422589,4,#e78ac3,marker
71153,9,1,74,146,2016,5,18,6,2,0,7,0,0,0,0,0,1,0,0,668323.6886,5350060517.0,11.2689168,48.281353041,4,#e78ac3,marker
71154,9,7,72,125,2016,5,12,6,1,6,4,0,0,0,1,1,0,0,0,636131.7061,5348060.4624,10.834599727,48.271109787,2,#fc8d62,car
71155,9,7,61,0,2016,5,8,1,3,0,1,0,0,1,0,0,0,0,0,638426306.0,5355790.1292,10.868041869,48.340116993,1,#66c2a5,bicycle
71156,9,1,79,136,2016,5,1,7,3,5,3,2,1,0,1,0,0,0,0,660900.1669,5341637.0039,11.16572672,48.207552832,2,#fc8d62,car
71161,9,1,78,157,2016,5,15,1,3,2,6,0,0,0,1,0,0,0,0,704351955.0,5370691535.0,11.764048224,48.456145925,2,#fc8d62,car
71166,9,1,86,162,2016,5,16,1,3,2,6,0,0,0,1,0,0,0,0,689809.3731,5384681.3268,11.57392693,48.586430857,2,#fc8d62,car
71172,9,7,71,113,2016,5,13,4,2,6,2,0,0,0,1,1,0,0,0,657490736.0,5368845575.0,11.130036402,48.453025841,2,#fc8d62,car
71175,9,1,73,118,2016,5,19,7,3,0,7,0,0,0,0,0,1,0,0,693994.1015,5309181.9816,11.596020924,47.906603753,4,#e78ac3,marker
71177,9,1,84,147,2016,5,18,6,3,0,7,0,0,0,0,0,1,0,0,699923.1739,5341229557.0,11.690244639,48.1928026,4,#e78ac3,marker
71180,9,1,62,0,2016,5,15,6,2,6,4,0,0,0,1,1,0,0,0,698183009.0,5329808319.0,11.661539487,48.090702718,2,#fc8d62,car
71185,9,1,84,147,2016,5,10,7,3,9,1,0,0,0,0,0,1,0,0,696008461.0,5339156845.0,11.636668988,48.175394586,4,#e78ac3,marker
71193,9,1,75,132,2016,5,8,2,3,2,6,0,0,1,1,0,0,0,0,705856.8652,5334668.2402,11.766820234,48.1319445,1,#66c2a5,bicycle
71198,9,1,74,131,2016,5,20,2,3,0,7,0,1,0,1,0,0,0,0,678163.8038,5358650.5548,11.405067383,48.355874477,2,#fc8d62,car
71206,9,1,81,142,2016,5,17,5,2,0,7,0,1,0,0,0,1,0,1,646043.1758,5314430.4587,10.956574247,47.966510288,4,#e78ac3,marker
71213,9,1,62,0,2016,5,16,1,3,5,2,0,0,0,1,0,0,0,0,690159565.0,5339068847.0,11.558033988,48.176380732,2,#fc8d62,car
71217,9,7,61,0,2016,5,17,5,2,4,2,0,0,0,1,0,1,0,0,642132.3605,5362210.5423,10.920195591,48.39702363,2,#fc8d62,car
71219,9,7,62,0,2016,5,21,4,2,0,1,2,0,1,0,0,0,0,0,622565568.0,5304894525.0,10.639472431,47.885674548,1,#66c2a5,bicycle
71223,9,1,88,139,2016,5,13,1,2,9,1,0,0,0,0,0,1,0,0,680144.5399,5320720.6181,11.415696884,48.014366531,4,#e78ac3,marker
71226,9,1,84,118,2016,5,7,4,3,5,3,0,1,1,1,0,0,0,0,702733.5928,5336000.19,11.725525475,48.14491691,1,#66c2a5,bicycle
71227,9,7,77,172,2016,5,14,7,3,5,3,0,1,0,1,0,0,0,0,627641.6687,5307225.0331,10.708030603,47.905644271,2,#fc8d62,car
71241,9,7,61,0,2016,5,17,4,3,2,6,0,0,0,1,0,0,0,0,639988.6718,5364041.5214,10.891861804,48.413966716,2,#fc8d62,car
71247,9,1,81,132,2016,5,13,6,3,4,1,0,0,0,1,0,1,0,0,646466.4054,5328139.9842,10.966927684,48.089687547,2,#fc8d62,car
71250,9,1,84,130,2016,5,11,6,2,5,3,0,0,0,1,0,0,0,0,698354872.0,5344760819.0,11.670815656,48.225030045,2,#fc8d62,car
71254,9,1,87,150,2016,5,9,6,3,5,2,0,0,0,1,0,0,0,1,729801.48,5303379724.0,12.071451066,47.842649288,2,#fc8d62,car
71256,9,7,72,223,2016,5,5,1,3,8,1,1,1,0,1,0,0,0,0,625155.9661,5364263.6484,10.691569363,48.419084922,2,#fc8d62,car
71265,9,1,79,126,2016,5,14,1,3,0,1,0,0,1,0,0,0,0,0,675485.2096,5340744.3369,11.361507355,48.195664121,1,#66c2a5,bicycle
71266,9,1,84,112,2016,5,13,1,3,2,6,0,0,0,1,0,0,0,0,702166104.0,5340369.2068,11.719981811,48.184360911,2,#fc8d62,car
71273,9,1,75,124,2016,5,17,6,3,2,6,0,0,0,1,0,1,0,0,714287.9382,5329016.3333,11.87715459,48.078376017,2,#fc8d62,car
71286,9,1,84,148,2016,5,13,7,3,5,2,0,0,0,1,0,1,0,0,694077799.0,5327661619.0,11.60549231,48.072671936,2,#fc8d62,car
71293,9,1,78,120,2016,5,4,2,3,9,1,1,0,0,1,0,0,0,0,695185.4907,5355417.8986,11.633107364,48.321791031,2,#fc8d62,car
71297,9,7,72,171,2016,5,20,6,3,9,7,0,0,0,1,0,0,0,0,638870.3972,5370131.4325,10.878776486,48.46897253,2,#fc8d62,car
71299,9,2,74,128,2016,5,17,1,3,4,2,0,0,0,1,0,0,0,0,735124814.0,5386315497.0,12.188459186,48.585745862,2,#fc8d62,car
71303,9,1,81,114,2016,5,0,5,3,8,7,2,0,0,1,0,0,0,0,655988.9053,5316759.2167,11.090576052,47.98510231,2,#fc8d62,car
71304,9,1,84,147,2016,5,14,4,3,2,6,0,0,0,1,0,0,0,0,700026.4928,5340717.6098,11.691392245,48.188169227,2,#fc8d62,car
71312,9,1,84,119,2016,5,0,1,3,4,6,2,0,1,0,0,0,0,0,696045.6833,5344798.7371,11.63977481,48.226088601,1,#66c2a5,bicycle
71318,9,1,75,122,2016,5,8,2,3,9,1,0,0,0,1,0,0,0,0,724583272.0,5324869.4532,12.013015306,48.037575535,2,#fc8d62,car
71323,9,7,61,0,2016,5,10,5,2,2,6,0,0,0,1,0,1,0,0,637618.3002,5357109.3151,10.857575084,48.352155515,2,#fc8d62,car
71326,9,7,78,116,2016,5,18,7,3,3,2,0,0,1,1,0,0,0,0,620537.3677,5321563.5279,10.617026747,48.035974172,1,#66c2a5,bicycle
71329,9,2,61,0,2016,5,21,2,2,7,1,2,0,0,0,0,1,0,0,731961.9273,5382477.3405,12.143496184,48.552447685,4,#e78ac3,marker
71341,9,1,83,139,2016,5,10,1,3,8,1,0,0,0,0,0,1,0,0,734564.3955,5331162.0719,12.150168157,48.090517633,4,#e78ac3,marker
71349,9,1,86,143,2016,5,13,6,3,2,7,0,0,0,1,0,0,0,0,687030.2558,5381801.5545,11.534984172,48.561384895,2,#fc8d62,car
71350,9,7,72,147,2016,5,19,1,3,8,1,0,1,0,1,0,0,0,0,638380.4151,5367758.8787,10.871366683,48.447747329,2,#fc8d62,car
71356,9,1,87,159,2016,5,16,5,2,8,6,0,0,0,0,0,1,0,0,732643.6824,5323656.6431,12.120332227,48.023794779,4,#e78ac3,marker
71357,9,1,78,145,2016,5,13,1,2,5,3,0,0,1,1,0,0,0,0,697869.4474,5354599.2177,11.668890085,48.313599403,1,#66c2a5,bicycle
71364,9,1,87,177,2016,5,11,7,3,0,6,0,0,1,0,0,0,0,0,737334.6705,5305345.2231,12.173058171,47.857570418,1,#66c2a5,bicycle
71365,9,1,88,141,2016,5,8,2,3,0,3,0,1,0,1,0,0,0,0,667756.8312,5306742.7246,11.244266989,47.892072723,2,#fc8d62,car
71366,9,1,62,0,2016,5,13,5,2,4,2,0,0,0,1,0,0,0,0,678452.8205,5334516.2268,11.398792853,48.138852521,2,#fc8d62,car
71369,9,7,61,0,2016,5,12,4,3,3,1,0,0,0,1,0,0,1,0,642524.7778,5359428.0968,10.924550218,48.371916696,2,#fc8d62,car
71375,9,1,81,114,2016,5,20,6,3,0,1,0,0,1,0,0,0,0,0,657126.9689,5312396.8441,11.104223469,47.94560098,1,#66c2a5,bicycle
71378,9,1,62,0,2016,5,12,6,3,1,6,0,0,0,1,0,0,0,0,682700.9754,5337640.18,11.457184518,48.165727153,2,#fc8d62,car
71382,9,1,87,122,2016,5,11,5,3,1,6,0,0,0,0,0,1,0,0,719801.0714,5313832.9879,11.943297179,47.940073456,4,#e78ac3,marker
71383,9,1,84,113,2016,5,14,7,3,0,6,0,0,0,0,0,1,0,0,683769.3303,5317523.4955,11.462889349,47.984596014,4,#e78ac3,marker
71391,9,1,75,135,2016,5,17,2,2,6,4,0,1,0,1,1,0,0,0,708908.84,5339832.02,11.810324382,48.177352497,2,#fc8d62,car
71397,9,7,77,141,2016,5,15,5,2,5,3,0,0,1,0,0,1,0,0,630763.7379,5307994.0413,10.750021698,47.911931183,1,#66c2a5,bicycle
71412,9,1,62,0,2016,5,10,1,3,2,7,0,0,0,1,0,1,0,0,688540306.0,5334794.0547,11.534379605,48.138440858,2,#fc8d62,car
71416,9,7,72,202,2016,5,10,5,3,5,3,0,0,1,1,0,0,0,0,636603884.0,5358301.87,10.844277012,48.363099164,1,#66c2a5,bicycle
71418,9,7,62,0,2016,5,13,4,3,2,6,0,0,0,1,0,0,0,0,623078957.0,5306203993.0,10.646710158,47.89735319,2,#fc8d62,car
71419,9,7,61,0,2016,5,13,7,3,2,6,0,0,0,1,0,1,0,0,639363.0468,5360885.3647,10.882363934,48.38572619,2,#fc8d62,car
71425,9,1,62,0,2016,5,19,4,2,4,2,0,0,0,1,0,1,0,0,680296.3941,5335017916.0,11.423764002,48.14284246,2,#fc8d62,car
71426,9,7,62,0,2016,5,11,7,3,0,1,0,0,1,0,0,0,0,0,622552.7892,5306610.3369,10.639788818,47.901108428,1,#66c2a5,bicycle
71433,9,1,84,136,2016,5,12,1,3,1,6,0,0,0,1,0,0,0,0,698844.1667,5325798.6655,11.668543492,48.054460864,2,#fc8d62,car
71436,9,1,84,114,2016,5,10,1,3,2,6,0,0,0,1,0,0,0,0,699863.5214,5319097.7244,11.679083225,47.993919154,2,#fc8d62,car
71446,9,1,79,118,2016,5,15,6,3,5,3,0,0,1,1,0,0,0,0,673071.3561,5337046.5426,11.327546099,48.163085381,1,#66c2a5,bicycle
71447,9,7,71,155,2016,5,17,6,2,0,7,0,0,1,0,0,0,0,0,650253.2734,5375722.7893,11.034689359,48.516626808,1,#66c2a5,bicycle
71449,9,1,74,113,2016,5,16,7,3,2,6,0,0,0,1,0,0,0,0,674646.9044,5345155.2696,11.352052539,48.235546263,2,#fc8d62,car
71453,9,1,82,120,2016,5,13,5,3,0,7,0,0,1,0,0,0,0,0,701212.6457,5304889.5465,11.690510806,47.865802384,1,#66c2a5,bicycle
71454,9,1,82,136,2016,5,17,6,3,8,7,0,0,1,0,0,0,0,0,703315.5327,5304279.6931,11.718310187,47.859659408,1,#66c2a5,bicycle
71463,9,1,79,121,2016,5,2,1,3,5,3,2,1,0,1,0,1,0,0,667482488.0,5339064413.0,11.253240652,48.182722874,2,#fc8d62,car
71471,9,1,62,0,2016,5,7,6,3,3,6,0,0,0,1,0,0,1,0,696008.2608,5346676.0657,11.640139931,48.242972203,2,#fc8d62,car
71474,9,1,62,0,2016,5,11,6,2,0,7,0,0,1,0,0,0,0,0,688033.9487,5331609.2801,11.52617505,48.109965194,1,#66c2a5,bicycle
71479,9,1,62,0,2016,5,10,7,3,3,7,0,0,0,1,0,0,0,1,696043.3654,5333815.1405,11.634677632,48.127375694,2,#fc8d62,car
71485,9,1,83,119,2016,5,11,6,3,2,6,0,0,0,1,0,0,0,0,735280.1325,5339524.6825,12.164381409,48.165377469,2,#fc8d62,car
71486,9,1,77,144,2016,5,13,1,3,5,3,0,0,1,0,0,1,0,0,714844.7504,5347602.0485,11.894007081,48.245190256,1,#66c2a5,bicycle
71493,9,1,75,132,2016,5,6,2,3,2,6,0,0,0,0,0,0,1,0,705393.5099,5335866.6659,11.761177872,48.142863857,5,#a6d854,bus
71497,9,7,71,122,2016,5,16,6,3,0,7,0,0,0,0,0,1,0,0,653549.4045,5361597.6251,11.074113538,48.38883632,4,#e78ac3,marker
71501,9,2,74,194,2016,5,1,5,3,1,1,2,0,0,1,0,0,0,1,722632141.0,5379655.44,12.015739652,48.530477011,2,#fc8d62,car
71502,9,1,88,120,2016,5,16,5,3,3,2,0,0,0,1,0,1,0,0,674157.9789,5326704.0659,11.337922782,48.069815035,2,#fc8d62,car
71503,9,1,77,115,2016,5,4,5,3,2,7,2,0,0,1,0,0,0,0,731210.4486,5353059.2116,12.117112873,48.288458284,2,#fc8d62,car
71507,9,1,73,137,2016,5,17,4,3,1,3,0,0,0,1,0,1,0,0,676947861.0,5308259.83,11.367741798,47.903242853,2,#fc8d62,car
71510,9,1,84,131,2016,5,9,1,2,8,1,0,0,0,1,0,0,0,0,705487.6005,5339274.5663,11.764087079,48.173458448,2,#fc8d62,car
71514,9,1,75,121,2016,5,11,2,2,6,4,0,0,0,1,1,0,0,0,714096.4466,5318804.3031,11.869483528,47.98667687,2,#fc8d62,car
71518,9,1,73,147,2016,5,8,1,3,5,3,0,0,1,0,0,0,0,0,682031598.0,5309610249.0,11.436274618,47.91395977,1,#66c2a5,bicycle
71519,9,7,61,0,2016,5,10,5,3,2,6,0,0,0,1,0,0,0,0,638129.4876,5356859259.0,10.86438926,48.349795441,2,#fc8d62,car
71523,9,1,87,150,2016,5,19,4,3,2,6,0,0,0,1,0,0,0,0,726972.2292,5303210.4268,12.0336026,47.842133098,2,#fc8d62,car
71527,9,1,63,0,2016,5,8,6,3,1,6,0,0,0,1,0,0,0,0,733636366.0,5303440.6224,12.122661709,47.841814502,2,#fc8d62,car
71536,9,7,61,0,2016,5,19,4,3,1,2,0,0,0,1,0,0,0,0,644346.5795,5360799778.0,10.94960682,48.383835943,2,#fc8d62,car
71541,9,1,82,120,2016,5,18,2,2,5,3,1,1,1,1,0,0,0,0,702100.13,5306597839.0,11.703163113,47.880876858,1,#66c2a5,bicycle
71542,9,1,79,121,2016,5,10,6,3,3,2,0,0,1,1,0,0,0,0,667140.1939,5338328.0575,11.248349625,48.176193206,1,#66c2a5,bicycle
71549,9,1,86,151,2016,5,15,6,3,4,6,0,0,0,1,0,1,0,0,681196.9012,5373967.8484,11.452592136,48.492687786,2,#fc8d62,car
71551,9,7,72,159,2016,5,12,1,2,0,7,0,0,1,0,0,0,0,0,626884.1261,5362266.5593,10.714311909,48.40078041,1,#66c2a5,bicycle
71558,9,1,79,113,2016,5,20,1,2,5,2,1,1,0,0,0,1,0,0,671870563.0,5335750.2489,11.310887281,48.151757964,4,#e78ac3,marker
71559,9,1,62,0,2016,5,23,1,3,3,6,2,1,0,1,0,0,0,0,687066.9933,5344033.7143,11.518662469,48.221923731,2,#fc8d62,car
71566,9,1,77,123,2016,5,12,6,2,0,1,0,0,1,0,0,0,0,0,724840.6857,5340153.0916,12.024516821,48.174800882,1,#66c2a5,bicycle
71574,9,1,62,0,2016,5,18,6,3,5,3,0,0,0,1,0,0,0,0,694822.6763,5332436.9315,11.617660472,48.115363665,2,#fc8d62,car
71578,9,1,87,179,2016,5,15,5,3,9,1,0,1,0,1,0,0,0,0,723336.1561,5309517.3427,11.988332438,47.900074895,2,#fc8d62,car
71579,9,1,84,134,2016,5,15,7,2,0,7,0,0,1,0,0,0,0,0,692391.5053,5319911.1608,11.5793959,48.003521821,1,#66c2a5,bicycle
71586,9,1,75,135,2016,5,20,2,3,0,1,0,0,0,0,0,1,0,0,707719696.0,5338347128.0,11.793621924,48.164398741,4,#e78ac3,marker
71594,9,1,73,120,2016,5,15,5,2,8,1,0,0,0,0,0,1,0,0,692382.8929,5312265.9297,11.575858995,47.934808153,4,#e78ac3,marker
71595,9,1,74,150,2016,5,14,5,3,4,2,0,0,0,0,0,1,0,1,680687.4799,5359632.0274,11.439524533,48.363979375,4,#e78ac3,marker
71596,9,1,62,0,2016,5,19,4,2,0,1,0,0,0,0,0,1,0,0,687776092.0,5335027881.0,11.524220412,48.140768514,4,#e78ac3,marker
71597,9,7,62,0,2016,5,11,7,3,2,6,0,0,0,1,0,0,0,0,622548.7152,5306618.0925,10.639736534,47.901178957,2,#fc8d62,car
71603,9,1,81,130,2016,6,15,4,3,5,3,0,1,0,1,0,0,0,1,638335.9845,5323556.9266,10.85632055,48.05029177,2,#fc8d62,car
71609,9,2,61,0,2016,5,16,3,3,5,3,0,0,0,1,0,0,0,0,732676.3714,5378759.7632,12.151087809,48.518789147,2,#fc8d62,car
71616,9,7,61,0,2016,5,16,3,3,0,7,0,0,1,0,0,0,0,0,639562.9188,5360890.5417,10.885063788,48.38572855,1,#66c2a5,bicycle
71619,9,1,62,0,2016,6,14,1,3,2,6,0,0,0,1,0,0,0,0,683970496.0,5342577467.0,11.476380453,48.209739772,2,#fc8d62,car
71620,9,1,62,0,2016,6,18,5,3,0,1,0,1,0,0,0,1,0,0,693293.8164,5339131.5001,11.600179867,48.175998261,4,#e78ac3,marker
71626,9,7,72,223,2016,6,12,5,3,9,1,0,1,0,1,0,0,0,0,616625.7521,5362768.5124,10.575909009,48.407275826,2,#fc8d62,car
71630,9,1,78,129,2016,6,16,7,3,4,6,0,0,0,1,0,1,0,0,712624.1621,5372214.6467,11.876567366,48.467091036,2,#fc8d62,car
71636,9,2,61,0,2016,6,22,6,3,0,1,2,0,1,0,0,0,0,0,733213.0303,5381041.9516,12.159620543,48.539090236,1,#66c2a5,bicycle
71637,9,1,84,145,2016,6,23,7,3,5,3,2,1,0,1,0,0,0,0,698972.6954,5324718.4632,11.669764267,48.044712674,2,#fc8d62,car
71638,9,1,84,135,2016,6,12,5,3,5,3,0,1,1,1,0,0,0,0,689383.8534,5347091.2822,11.551191413,48.248717512,1,#66c2a5,bicycle
71639,9,7,62,0,2016,6,14,7,3,0,1,0,0,1,0,0,0,0,0,620743.6676,5304067.6279,10.614881042,47.878582922,1,#66c2a5,bicycle
71640,9,1,74,141,2016,6,14,5,3,5,3,0,1,1,1,0,0,0,0,681038.4405,5355998.8564,11.442696449,48.331222257,1,#66c2a5,bicycle
71649,9,1,87,182,2016,6,20,6,3,5,2,1,1,0,1,0,0,0,0,737022.8627,5325572.4453,12.180034905,48.039395598,2,#fc8d62,car
71663,9,7,71,145,2016,6,12,7,3,5,3,0,0,0,1,0,0,0,0,645925.5505,5345735.4852,10.965708027,48.248023958,2,#fc8d62,car
71664,9,1,62,0,2016,6,16,4,3,5,2,0,0,0,1,0,1,0,0,695008.3216,5333477202.0,11.620627922,48.124656359,2,#fc8d62,car
71665,9,7,72,214,2016,6,21,4,2,0,7,1,1,1,0,0,0,0,0,617719.6397,5342589.1132,10.585051521,48.225594478,1,#66c2a5,bicycle
71673,9,1,87,150,2016,6,15,6,3,2,6,0,0,0,1,0,0,0,0,728940.7216,5303468.3602,12.060010325,47.84375269,2,#fc8d62,car
71682,9,1,87,177,2016,6,23,7,3,1,6,2,1,0,1,0,0,0,0,736336.6999,5305688.4262,12.159924314,47.86102141,2,#fc8d62,car
71692,9,1,84,135,2016,5,16,3,3,2,6,0,1,0,1,0,0,0,0,692554.4689,5349044.5058,11.594746449,48.265317032,2,#fc8d62,car
71694,9,2,61,0,2016,6,14,1,3,5,3,0,0,0,1,0,0,0,0,732795116.0,5383060.9456,12.155095842,48.557381363,2,#fc8d62,car
71701,9,1,81,121,2016,6,1,7,2,8,1,2,1,0,1,0,0,0,0,637194.6466,5309701825.0,10.836586045,47.925945221,2,#fc8d62,car
71706,9,2,74,132,2016,6,11,6,3,2,6,0,0,0,1,0,0,0,0,726118.8832,5385513.2357,12.066081928,48.581853906,2,#fc8d62,car
71714,9,1,63,0,2016,6,18,1,3,0,2,0,0,1,1,0,0,0,0,733246.7715,5305280.2743,12.118454202,47.858483526,1,#66c2a5,bicycle
71715,9,1,75,127,2016,6,19,6,2,8,1,0,0,0,0,0,1,0,0,711967.9369,5342694.2537,11.852852352,48.202058813,4,#e78ac3,marker
71720,9,1,62,0,2016,6,8,6,3,2,6,2,0,0,1,0,0,0,0,688549.6496,5334608.7082,11.534423029,48.136772166,2,#fc8d62,car
71725,9,1,63,0,2016,5,13,3,3,5,6,0,1,0,1,0,0,0,0,734095.4271,5304408096.0,12.129311109,47.85033933,2,#fc8d62,car