OBJECTID,ULAND,UREGBEZ,UKREIS,UGEMEINDE,UJAHR,UMONAT,USTUNDE,UWOCHENTAG,UKATEGORIE,UART,UTYP1,ULICHTVERH,STRZUSTAND,IstRad,IstPKW,IstFuss,IstKrad,IstGkfz,IstSonstig,LINREFX,LINREFY,XGCSWGS84,YGCSWGS84,Teilnehmer,color,symbol
71731,9,1,62,0,2016,6,11,5,3,5,3,0,0,1,1,0,0,0,0,683952.0668,5332042.8504,11.471576777,48.115054336,1,#66c2a5,bicycle
71732,9,7,72,223,2016,6,15,7,3,2,6,0,0,0,1,0,0,0,0,621989.3517,5363348.3027,10.64852285,48.411474501,2,#fc8d62,car
71733,9,1,77,135,2016,6,15,5,3,5,6,0,0,0,1,0,0,0,0,719822.5826,5343553.0534,11.958868236,48.207104522,2,#fc8d62,car
71734,9,7,61,0,2016,6,16,4,3,2,6,0,0,0,1,0,0,0,0,639924048.0,5354059.5727,10.887667683,48.324226285,2,#fc8d62,car
71735,9,2,61,0,2016,6,20,7,3,0,6,0,1,0,1,0,0,0,0,726770.5398,5380383.8797,12.072110816,48.535539611,2,#fc8d62,car
71737,9,1,86,152,2016,6,1,1,3,2,6,2,1,0,1,0,0,1,0,691633.2577,5374930.5483,11.594148542,48.498244493,2,#fc8d62,car
71738,9,1,62,0,2016,6,10,5,3,1,6,0,0,0,1,0,0,0,0,684135.7835,5329245.2082,11.47283567,48.089854265,2,#fc8d62,car
71740,9,1,74,113,2016,6,17,5,3,2,7,0,1,0,1,0,0,0,0,678489.7339,5345081.7609,11.403727992,48.233815563,2,#fc8d62,car
71743,9,1,81,127,2016,6,17,5,3,0,6,0,0,0,1,0,0,0,1,634047.6975,5322582.6203,10.798501039,48.04244528,2,#fc8d62,car
71745,9,7,77,128,2016,6,14,6,2,9,1,0,0,0,1,0,0,0,0,615820.6172,5303723.1401,10.548970958,47.876391591,2,#fc8d62,car
71753,9,1,82,137,2016,5,15,3,3,5,7,0,0,1,1,0,0,0,0,709435.1825,5304333.0929,11.800055656,47.858173947,1,#66c2a5,bicycle
71760,9,7,71,130,2016,6,16,4,3,4,7,0,0,0,0,0,1,1,0,652517.28,5356690.9188,11.058401948,48.344971566,4,#e78ac3,marker
71765,9,1,81,130,2016,6,15,4,3,8,1,0,0,1,0,0,0,0,0,640270.6004,5324679.6974,10.882634742,48.059965722,1,#66c2a5,bicycle
71774,9,1,87,177,2016,6,17,6,3,5,3,0,0,1,0,0,0,0,0,735627215.0,5304635325.0,12.149879401,47.851821096,1,#66c2a5,bicycle
71780,9,7,72,223,2016,6,12,5,2,2,6,0,0,0,1,0,0,0,1,616302.2284,5362667.1881,10.571511017,48.406424382,2,#fc8d62,car
71789,9,1,84,119,2016,5,8,3,3,4,2,0,0,0,1,0,0,0,0,697582.4319,5349509.6356,11.662642464,48.267949081,2,#fc8d62,car
71790,9,1,84,140,2016,5,16,3,3,2,6,0,1,0,1,0,0,0,0,700480.7748,5328924.0366,11.691947659,48.082037029,2,#fc8d62,car
71794,9,1,88,132,2016,6,13,6,2,2,6,0,0,0,1,0,0,0,1,665271.3225,5323795.4247,11.217598314,48.04603005,2,#fc8d62,car
71798,9,1,82,120,2016,6,17,5,3,5,3,0,1,1,1,0,0,0,0,702303195.0,5306933.81,11.706033416,47.883832393,1,#66c2a5,bicycle
71811,9,7,72,202,2016,5,14,3,3,0,7,0,0,1,1,0,0,0,0,636721.3443,5359043.3907,10.84610302,48.369741442,1,#66c2a5,bicycle
71815,9,1,75,122,2016,6,7,6,2,2,6,0,0,0,1,0,1,0,0,724486.1353,5324895.6024,12.011727688,48.037844628,2,#fc8d62,car
71820,9,7,72,147,2016,6,10,5,3,3,6,0,0,0,1,0,0,1,0,635349.9116,5364356.9464,10.829307374,48.417816439,2,#fc8d62,car
71825,9,1,79,142,2016,5,14,3,3,2,6,0,1,0,1,0,0,0,0,672745.1715,5341625.6029,11.325025018,48.204337501,2,#fc8d62,car
71826,9,1,78,140,2016,6,20,7,3,8,1,1,1,0,1,0,0,0,0,708063.8756,5363601.9885,11.810675595,48.391225395,2,#fc8d62,car
71832,9,1,84,141,2016,6,5,7,3,8,1,1,1,0,1,0,0,0,0,695063.2079,5315430.2681,11.61314229,47.962438738,2,#fc8d62,car
71833,9,1,84,122,2016,6,18,5,3,4,6,0,1,0,1,0,0,0,0,689891.1173,5323274907.0,11.547397651,48.034503586,2,#fc8d62,car
71835,9,1,74,113,2016,6,17,5,3,2,6,0,0,0,1,0,0,1,0,675346.6013,5345528.8875,11.361622044,48.238711692,2,#fc8d62,car
71837,9,7,77,155,2016,6,22,6,2,8,1,2,1,0,1,0,0,0,0,633243628.0,5313006.0358,10.784744611,47.956493208,2,#fc8d62,car
71845,9,1,78,130,2016,5,6,3,3,2,3,0,0,1,1,0,0,0,0,700977185.0,5354138.7,11.710539952,48.308481036,1,#66c2a5,bicycle
71847,9,1,78,143,2016,5,16,3,3,5,3,0,1,1,0,0,0,0,1,716496.2111,5371858.9187,11.928697206,48.462574421,1,#66c2a5,bicycle
71854,9,1,78,124,2016,5,7,3,3,0,6,0,0,0,1,0,1,0,0,700647.0293,5357813.6592,11.707841264,48.341611317,2,#fc8d62,car
71857,9,1,90,144,2016,6,15,6,3,5,3,0,0,0,1,0,0,0,0,658675.6805,5308508.3899,11.123516668,47.910257705,2,#fc8d62,car
71859,9,1,62,0,2016,6,17,5,3,2,6,0,1,0,1,0,0,0,0,694783.4959,5337182.3588,11.61930456,48.158025498,2,#fc8d62,car
71860,9,7,72,223,2016,6,12,7,3,2,6,0,0,0,1,0,0,0,0,618577.0711,5363094.45,10.602357733,48.409842903,2,#fc8d62,car
71861,9,1,78,157,2016,6,7,5,2,9,6,0,0,0,1,0,0,0,0,703922.9255,5372978.2778,11.759366805,48.476833788,2,#fc8d62,car
71862,9,7,72,149,2016,6,7,4,3,5,3,0,0,0,1,0,0,0,0,637747908.0,5340318.4797,10.85385137,48.201143679,2,#fc8d62,car
71863,9,2,61,0,2016,6,13,7,3,5,3,0,0,1,0,0,0,0,0,729952509.0,5381689.6446,12.11587227,48.54611165,1,#66c2a5,bicycle
71871,9,1,78,124,2016,5,13,3,3,1,6,0,0,0,1,0,0,0,0,703140.4144,5362152.4927,11.743545557,48.37980471,2,#fc8d62,car
71874,9,1,62,0,2016,5,18,2,3,0,7,0,1,0,1,0,0,0,0,689212.7039,5330063.0164,11.541309552,48.095718063,2,#fc8d62,car
71880,9,1,63,0,2016,6,14,7,3,4,2,0,0,0,1,0,0,0,0,732696003.0,5305602368.0,12.111275098,47.861576913,2,#fc8d62,car
71889,9,1,78,145,2016,6,2,4,3,9,1,2,1,0,1,0,0,0,0,696653.2282,5354093.2864,11.652268072,48.309431903,2,#fc8d62,car
71891,9,2,73,178,2016,6,15,1,2,8,1,0,0,0,0,0,1,0,0,711489.9426,5385352.5093,11.867905514,48.585518403,4,#e78ac3,marker
71892,9,1,86,162,2016,6,2,6,3,0,1,2,0,0,1,0,0,0,0,693856.6441,5382020.5402,11.627510568,48.561279557,2,#fc8d62,car
71895,9,1,84,148,2016,5,17,2,3,2,6,0,1,0,1,0,0,0,0,697319281.0,5326882203.0,11.648601663,48.064672404,2,#fc8d62,car
71898,9,1,79,134,2016,6,15,7,3,0,1,0,1,0,0,0,1,0,0,667708.8709,5342721.9857,11.257728917,48.215544313,4,#e78ac3,marker
71903,9,2,74,132,2016,6,5,6,3,9,1,0,0,0,1,0,0,0,0,722358.2966,5386175.6311,12.015518429,48.589150478,2,#fc8d62,car
71905,9,1,81,113,2016,6,13,1,2,4,1,0,1,0,1,0,1,0,0,642610.3573,5307848.2167,10.908430514,47.908094957,2,#fc8d62,car
71906,9,1,62,0,2016,6,17,5,3,2,6,0,1,0,1,0,0,0,0,689512126.0,5340534072.0,11.549987111,48.189743551,2,#fc8d62,car
71914,9,1,77,116,2016,6,22,6,3,2,6,2,0,0,1,0,0,1,0,709768.8207,5363851517.0,11.833802631,48.392902874,2,#fc8d62,car
71917,9,1,62,0,2016,5,15,2,2,6,4,0,0,0,1,1,0,0,0,699603.2675,5329026.3488,11.680226157,48.083231838,2,#fc8d62,car
71920,9,1,84,149,2016,6,10,6,3,5,3,0,0,0,1,0,0,0,0,690241.5052,5350406.0521,11.56422356,48.278253047,2,#fc8d62,car
71925,9,1,62,0,2016,5,16,2,3,2,6,0,0,0,1,0,0,0,0,680786.9536,5335134.5055,11.430402057,48.14375126,2,#fc8d62,car
71930,9,1,62,0,2016,6,13,5,3,9,1,0,1,0,1,0,0,0,0,689191211.0,5339046.9157,11.545011259,48.176472639,2,#fc8d62,car
71932,9,1,75,132,2016,6,13,5,2,2,6,0,0,0,1,0,0,1,0,705222.0212,5335351.3019,11.758626927,48.13828786,2,#fc8d62,car
71939,9,1,62,0,2016,6,7,5,3,9,1,0,1,0,1,0,0,0,0,679960.5794,5338169.3199,11.420586676,48.171265211,2,#fc8d62,car
71942,9,7,61,0,2016,6,18,5,3,2,6,0,1,0,1,0,0,0,0,642143.5915,5357582.0791,10.91878219,48.355404084,2,#fc8d62,car
71949,9,1,62,0,2016,5,17,2,3,1,7,0,1,0,1,0,1,0,0,686342578.0,5329023066.0,11.502345574,48.08721623,2,#fc8d62,car
71950,9,1,84,136,2016,5,17,2,3,2,6,0,1,0,1,0,0,0,0,698160717.0,5327101441.0,11.659985201,48.066381983,2,#fc8d62,car
71954,9,7,61,0,2016,6,15,7,3,2,7,0,0,0,1,0,0,0,0,642791.4711,5359783.5051,10.928270036,48.375052063,2,#fc8d62,car
71956,9,7,72,184,2016,6,10,4,3,2,6,0,0,0,1,0,0,1,0,636264.2503,5361026.4944,10.840577264,48.387672257,2,#fc8d62,car
71957,9,1,84,132,2016,6,15,7,3,9,1,0,1,0,1,0,0,0,0,682602.2879,5324585.5903,11.450271133,48.048410894,2,#fc8d62,car
71964,9,1,86,152,2016,6,12,6,3,2,6,0,0,0,1,0,0,0,1,691516.7472,5379587.1879,11.594710891,48.540129899,2,#fc8d62,car
71972,9,1,87,182,2016,6,15,6,3,1,6,0,0,0,1,0,0,0,0,738386.6729,5328326.4887,12.199836984,48.063627746,2,#fc8d62,car
71986,9,1,84,145,2016,5,16,3,3,5,3,0,1,0,1,0,0,0,0,695897005.0,5325118401.0,11.628723833,48.049258337,2,#fc8d62,car
71987,9,1,62,0,2016,5,8,3,3,3,2,0,0,1,1,0,0,0,0,688029.3901,5329449184.0,11.525162238,48.090550995,1,#66c2a5,bicycle
71994,9,1,63,0,2016,6,7,5,3,4,2,0,0,0,1,0,0,0,0,734196.1688,5304463.8846,12.130685908,47.850803841,2,#fc8d62,car
71996,9,1,84,112,2016,6,15,7,3,3,6,0,0,0,1,0,0,0,0,703566.8439,5338796.2503,11.738052042,48.16977809,2,#fc8d62,car
72009,9,1,75,132,2016,6,18,6,3,8,1,1,0,0,0,0,1,0,0,710858334.0,5333580.1851,11.833419991,48.120530131,4,#e78ac3,marker
72012,9,1,85,158,2016,6,8,5,2,7,7,0,0,1,0,0,0,0,1,667078.6326,5380777.2069,11.264384448,48.557811468,1,#66c2a5,bicycle
72014,9,1,84,145,2016,6,15,6,3,2,6,0,0,0,1,0,0,0,0,698819.1284,5324658.0394,11.667677999,48.044217465,2,#fc8d62,car
72019,9,7,72,111,2016,5,12,2,2,9,1,0,0,0,1,0,0,0,0,627017.0535,5364104.4,10.716663354,48.417280429,2,#fc8d62,car
72020,9,7,61,0,2016,5,13,2,3,0,7,0,0,1,0,0,0,0,0,641541.7371,5353433.3444,10.909268632,48.318235297,1,#66c2a5,bicycle
72023,9,1,90,158,2016,6,16,6,2,8,1,0,1,0,1,0,1,0,0,650249.5498,5305205621.0,11.009675698,47.882589259,2,#fc8d62,car
72025,9,1,84,114,2016,6,11,5,3,4,2,0,0,0,1,0,0,0,0,700964.0954,5322846.8492,11.695575718,48.027268452,2,#fc8d62,car
72026,9,7,72,223,2016,6,15,7,3,2,6,0,0,0,1,0,0,0,0,622223.4802,5363403.5676,10.651701517,48.411926122,2,#fc8d62,car
72027,9,1,78,137,2016,6,18,5,3,8,1,0,1,0,1,0,0,0,0,693321.2866,5362852.1571,11.611400483,48.389177564,2,#fc8d62,car
72031,9,1,75,132,2016,6,16,1,2,0,1,0,1,0,0,0,1,0,0,706076122.0,5332935537.0,11.768925943,48.116302665,4,#e78ac3,marker
72032,9,1,62,0,2016,6,17,5,3,5,3,0,0,0,1,0,1,0,0,697599754.0,5330168504.0,11.653881947,48.094120916,2,#fc8d62,car
72034,9,1,74,131,2016,6,14,5,2,5,3,0,1,0,1,0,0,0,1,676101.5901,5359927.7666,11.37778881,48.367933605,2,#fc8d62,car
72056,9,7,71,122,2016,6,10,4,3,2,6,0,0,0,1,0,0,0,0,653849.5659,5361288.1529,11.078051958,48.385980818,2,#fc8d62,car
72057,9,2,61,0,2016,6,10,7,3,4,2,0,0,0,1,0,0,0,0,731596495.0,5381546288.0,12.138034016,48.544219236,2,#fc8d62,car
72058,9,7,71,122,2016,6,14,6,3,2,6,0,1,0,1,0,0,0,0,652952.8538,5362105.9983,11.066246032,48.393551904,2,#fc8d62,car
72064,9,1,63,0,2016,6,0,6,3,3,2,2,0,1,1,0,0,0,0,733822.5694,5303982.3421,12.125439211,47.84661365,1,#66c2a5,bicycle
72070,9,2,61,0,2016,6,12,5,3,1,6,0,1,0,1,0,0,0,0,733168.1986,5380993.8454,12.158987202,48.538674772,2,#fc8d62,car
72079,9,1,84,119,2016,5,9,3,3,1,6,0,0,0,1,0,0,0,0,696322.94,5346439.6122,11.644264225,48.240749785,2,#fc8d62,car
72080,9,1,62,0,2016,5,18,3,3,5,3,0,1,0,1,0,0,0,0,697235846.0,5329013366.0,11.648466395,48.083851926,2,#fc8d62,car
72084,9,1,79,145,2016,6,13,6,3,1,7,0,1,0,1,0,0,0,0,676062518.0,5338687813.0,11.368416966,48.177017831,2,#fc8d62,car
72087,9,7,72,223,2016,6,12,2,3,3,6,0,0,0,1,0,0,0,0,618457583.0,5363094.5009,10.600743734,48.409865831,2,#fc8d62,car
72091,9,1,78,124,2016,6,14,5,3,2,6,0,1,0,1,0,0,0,0,705785.1572,5362973.5655,11.77962314,48.386325934,2,#fc8d62,car
72094,9,1,62,0,2016,6,20,1,3,5,7,0,1,0,1,0,0,0,0,694973181.0,5334092809.0,11.620437828,48.130199931,2,#fc8d62,car
72101,9,1,74,115,2016,6,16,3,3,2,6,0,0,0,1,0,0,0,0,683266.3065,5348339.5968,11.469403263,48.261736148,2,#fc8d62,car
72112,9,1,73,130,2016,6,16,4,3,8,1,0,0,0,1,0,0,0,1,679587.9022,5312505.5477,11.40480557,47.940675654,2,#fc8d62,car
72114,9,1,88,124,2016,6,14,6,3,0,1,0,0,1,0,0,0,0,0,663040.7475,5318487.5393,11.185672153,47.998882644,1,#66c2a5,bicycle
72115,9,1,62,0,2016,6,19,3,3,5,3,0,0,0,1,0,0,0,0,697762273.0,5330080583.0,11.65602152,48.09328033,2,#fc8d62,car
72122,9,1,77,130,2016,6,6,3,3,2,6,0,0,0,1,0,0,0,1,712445.9838,5352036.4117,11.863964331,48.285843665,2,#fc8d62,car
72126,9,7,61,0,2016,6,5,3,3,3,2,0,0,1,1,0,0,0,0,640195.9552,5360558.64,10.893498569,48.382603822,1,#66c2a5,bicycle
72128,9,7,71,122,2016,6,4,4,3,8,1,2,1,0,1,0,0,0,0,650933.1559,5362345.1018,11.039065882,48.39618828,2,#fc8d62,car
72132,9,1,73,123,2016,6,8,3,3,8,1,0,0,0,1,0,0,0,0,679951.3693,5305355.7519,11.406684875,47.876301481,2,#fc8d62,car
72135,9,1,78,124,2016,6,18,6,3,3,6,0,0,0,1,0,0,0,0,702643.0539,5362963.7539,11.737227515,48.387254869,2,#fc8d62,car
72146,9,1,62,0,2016,6,20,1,2,5,3,2,1,0,1,0,0,0,0,686182.9559,5335221.0462,11.502910079,48.142972925,2,#fc8d62,car
72148,9,7,71,112,2016,6,17,6,2,2,6,0,0,0,1,0,0,0,0,646831.6702,5370172.1487,10.986433213,48.467530469,2,#fc8d62,car
72151,9,1,84,140,2016,6,14,2,2,0,7,0,0,1,0,0,0,0,0,701271313.0,5328695.2819,11.702442606,48.079732147,1,#66c2a5,bicycle
72153,9,1,82,133,2016,6,7,5,3,9,1,0,1,0,1,0,0,0,0,709594.3478,5311623.5985,11.805720425,47.923638711,2,#fc8d62,car
72154,9,1,62,0,2016,6,12,6,3,2,6,0,0,0,1,0,0,0,0,700016.6225,5332902.9332,11.687586941,48.117941652,2,#fc8d62,car
72156,9,7,61,0,2016,6,15,6,2,2,6,0,0,0,1,0,0,0,0,640287.0575,5364010.6401,10.895881684,48.413622687,2,#fc8d62,car
72164,9,1,84,114,2016,6,17,3,3,2,6,0,0,0,1,0,0,0,1,701309.6041,5314225892.0,11.696163399,47.949681251,2,#fc8d62,car
72167,9,1,62,0,2016,6,19,5,1,9,1,0,1,0,0,0,1,0,0,691709.7815,5331926.4224,11.575649961,48.111719943,4,#e78ac3,marker
72168,9,7,73,140,2016,6,15,3,3,0,6,0,0,0,1,0,1,0,0,613933.1841,5375049.6047,10.542883977,48.518214635,2,#fc8d62,car
72173,9,1,74,131,2016,6,15,5,3,2,6,0,0,0,1,0,0,0,0,676232.4923,5359258.5512,11.379274362,48.361881598,2,#fc8d62,car
72177,9,1,62,0,2016,6,22,1,3,6,4,2,0,0,1,1,0,0,0,688688742.0,5337173.01,11.537427394,48.159779203,2,#fc8d62,car
72190,9,1,74,143,2016,6,10,4,3,4,1,0,1,0,1,0,0,0,0,672638.8739,5356289.2854,11.329582386,48.336183185,2,#fc8d62,car
72192,9,7,61,0,2016,6,14,3,3,2,6,0,0,0,1,0,1,0,0,642084.7299,5364017.7104,10.920164262,48.413283505,2,#fc8d62,car
72193,9,7,72,147,2016,6,7,2,3,5,3,0,0,0,1,0,1,0,0,635928.5181,5364607.8446,10.837204613,48.41994793,2,#fc8d62,car
72197,9,1,84,135,2016,6,14,4,3,8,1,0,0,0,1,0,0,0,0,689184.9847,5346179427.0,11.548107826,48.240581239,2,#fc8d62,car
72200,9,1,62,0,2016,6,15,1,2,2,6,0,0,0,1,0,1,0,0,688892.1162,5338846.1863,11.540902725,48.174757445,2,#fc8d62,car
72207,9,1,84,119,2016,6,12,3,2,2,6,0,0,0,1,0,0,0,0,695931.2809,5346360.3807,11.638958154,48.240158855,2,#fc8d62,car
72211,9,1,73,120,2016,6,14,5,3,2,6,0,1,0,1,0,0,1,0,687590.6934,5310501.9061,11.510991638,47.920372658,2,#fc8d62,car
72213,9,1,79,117,2016,6,17,2,3,5,3,0,0,1,1,0,0,0,0,661980156.0,5346419944.0,11.182080657,48.250278221,1,#66c2a5,bicycle
72215,9,1,81,144,2016,6,22,3,3,5,3,2,0,0,1,0,1,0,0,655714.7924,5322206.1434,11.088882544,48.034143453,2,#fc8d62,car
72218,9,2,61,0,2016,6,13,5,3,2,6,0,0,0,1,0,0,1,0,736164112.0,5383194806.0,12.200758407,48.557324239,2,#fc8d62,car
72223,9,1,62,0,2016,6,4,1,3,5,3,1,1,0,1,0,0,0,0,694646057.0,5334155848.0,11.616074837,48.130866617,2,#fc8d62,car
72226,9,1,82,133,2016,6,18,6,3,8,1,0,0,0,1,0,0,0,0,707060.3982,5305383262.0,11.768847319,47.868381278,2,#fc8d62,car
72228,9,1,81,128,2016,6,7,2,3,2,6,0,0,0,1,0,0,0,0,638115.0664,5328748.8729,10.85503559,48.097027437,2,#fc8d62,car
72230,9,1,62,0,2016,6,14,2,3,5,2,0,0,1,1,0,0,0,0,688390.3391,5340192.5087,11.534756754,48.187007254,1,#66c2a5,bicycle
72232,9,1,87,142,2016,6,7,5,3,5,3,0,0,0,1,0,1,0,0,733352367.0,5308500.04,12.121602313,47.887371653,2,#fc8d62,car
72233,9,1,77,115,2016,6,18,7,3,6,4,0,1,0,1,1,0,0,0,734123.37,5350890527.0,12.155121523,48.267906315,2,#fc8d62,car
72239,9,7,72,147,2016,6,7,4,3,5,3,1,1,1,1,0,0,0,0,637901.4493,5364998.5551,10.863984586,48.423032356,1,#66c2a5,bicycle
72244,9,2,61,0,2016,6,14,6,3,0,7,0,0,1,1,0,0,0,0,732729.5665,5382084.0826,12.153662923,48.548630848,1,#66c2a5,bicycle
72246,9,1,84,141,2016,6,19,5,3,5,3,0,0,0,1,0,0,0,1,698080.4137,5316570.4205,11.654042711,47.971759632,2,#fc8d62,car
72256,9,1,79,123,2016,6,7,6,3,5,3,0,0,1,1,0,0,0,0,677839.9965,5334206.6895,11.390433376,48.136241624,1,#66c2a5,bicycle
72257,9,1,84,138,2016,6,16,3,3,5,3,0,0,1,1,0,0,0,0,680867397.0,5330718.38,11.429608616,48.10403234,1,#66c2a5,bicycle
72258,9,1,88,137,2016,6,18,6,3,3,2,0,0,0,1,0,0,0,0,672627.0587,5316908.4197,11.31344276,47.982170408,2,#fc8d62,car
72268,9,7,71,130,2016,6,15,6,3,2,6,0,0,0,1,0,0,0,0,647183.3588,5358288.6314,10.987018831,48.360602283,2,#fc8d62,car
72276,9,1,62,0,2016,6,11,4,3,3,6,0,1,0,1,0,0,1,0,683472.4837,5342557.5706,11.469674704,48.20970508,2,#fc8d62,car
72278,9,7,61,0,2016,6,10,3,3,1,3,0,0,0,1,0,1,0,0,642437.7961,5359305.3618,10.923334794,48.370832759,2,#fc8d62,car
72279,9,7,61,0,2016,6,17,2,3,2,1,0,0,0,1,0,0,1,1,643450.1552,5363327.8851,10.938370152,48.406771682,2,#fc8d62,car
72283,9,1,78,120,2016,6,15,5,3,3,6,0,1,0,1,0,0,1,0,694967.2457,5353274.6905,11.629176013,48.302596904,2,#fc8d62,car
72295,9,7,78,116,2016,6,11,1,3,8,6,0,1,0,1,0,0,0,0,620227.2502,5322110.0738,10.613021651,48.040948033,2,#fc8d62,car
72296,9,1,74,115,2016,6,13,7,2,4,1,0,1,0,1,0,0,0,0,681840.7248,5350369.1368,11.451085523,48.280389462,2,#fc8d62,car
72304,9,1,74,122,2016,6,6,4,3,5,3,0,0,0,1,0,0,0,0,684543335.0,5353134095.0,11.488687508,48.304459644,2,#fc8d62,car
72305,9,1,79,123,2016,6,16,2,3,0,7,0,0,1,0,0,0,0,0,677864.3616,5334218.9477,11.390765702,48.136345004,1,#66c2a5,bicycle
72306,9,7,71,111,2016,6,19,5,3,2,6,0,0,0,1,0,0,0,0,657814.9366,5358126.2622,11.130387683,48.356574654,2,#fc8d62,car
72307,9,1,79,117,2016,6,17,3,3,0,7,0,0,1,0,0,0,0,0,660505.6971,5350062.4133,11.163614974,48.283400403,1,#66c2a5,bicycle
72308,9,7,61,0,2016,6,8,2,3,2,6,0,0,0,1,0,0,1,0,641226.1017,5356203.9453,10.905941928,48.34321825,2,#fc8d62,car
72314,9,1,84,145,2016,6,17,4,3,5,2,0,0,0,1,0,0,0,0,698666.4965,5324601.1585,11.665605946,48.043753768,2,#fc8d62,car
72327,9,1,84,120,2016,6,7,3,3,2,6,0,0,0,1,0,0,0,0,681494946.0,5333365002.0,11.439157062,48.127643949,2,#fc8d62,car
72329,9,1,74,135,2016,6,15,2,3,5,2,0,0,0,1,0,0,0,0,663047.7327,5352958.5243,11.198973902,48.308787117,2,#fc8d62,car
72331,9,1,74,115,2016,6,15,3,3,6,3,0,0,0,1,1,0,0,0,683288.1683,5348124969.0,11.469604572,48.259800661,2,#fc8d62,car
72339,9,1,87,179,2016,6,16,2,3,9,1,0,0,0,1,0,0,0,0,730406.2684,5317616.9908,12.087126572,47.97034463,2,#fc8d62,car
72342,9,1,74,113,2016,6,7,4,3,2,6,0,1,0,1,0,0,0,0,674674.8607,5345182.3852,11.35243989,48.235782311,2,#fc8d62,car
72346,9,1,62,0,2016,6,16,2,3,6,4,0,0,1,0,1,0,0,0,684418652.0,5335410.0707,11.479297058,48.145185835,1,#66c2a5,bicycle
72349,9,1,62,0,2016,6,8,6,3,2,7,0,0,0,1,0,0,0,0,697513.6466,5333583.3158,11.654307784,48.124837733,2,#fc8d62,car
72351,9,1,74,122,2016,6,18,2,2,4,6,0,0,0,1,0,1,0,0,686045.5483,5354377.1087,11.509473791,48.315191955,2,#fc8d62,car
72353,9,1,78,124,2016,6,19,3,2,8,1,0,0,0,0,0,1,0,0,701101.8459,5366025.0063,11.717900119,48.415257779,4,#e78ac3,marker
72358,9,7,71,122,2016,6,15,4,3,2,6,0,0,0,1,0,0,0,0,655041.1962,5360176.3587,11.09372608,48.375693392,2,#fc8d62,car
72364,9,1,78,124,2016,6,7,6,3,5,2,0,0,1,0,0,0,0,0,702884.2676,5359183769.0,11.738658461,48.353209227,1,#66c2a5,bicycle
72365,9,1,62,0,2016,6,9,3,3,1,5,0,0,0,1,0,1,0,0,701410.0691,5332294.6812,11.706001596,48.112036126,2,#fc8d62,car
72366,9,1,81,130,2016,6,14,6,3,0,1,0,0,1,0,0,0,0,0,639334.5486,5322892.6756,10.869496591,48.044101388,1,#66c2a5,bicycle
72373,9,7,61,0,2016,6,7,4,3,3,6,0,1,0,1,0,0,0,1,641069.3026,5356821.2178,10.904033836,48.348803595,2,#fc8d62,car
72374,9,7,78,116,2016,6,14,6,3,2,5,0,0,0,1,0,1,0,0,619960.5736,5319650.1904,10.608756398,48.018875024,2,#fc8d62,car
72375,9,7,62,0,2016,6,20,1,3,5,3,0,1,0,1,0,0,0,0,621504798.0,5303931362.0,10.625018194,47.877213784,2,#fc8d62,car
72377,9,7,61,0,2016,6,14,6,3,2,1,0,0,0,1,0,0,0,1,640587.5619,5360234.7031,10.898676262,48.379603948,2,#fc8d62,car
72389,9,7,61,0,2016,6,17,4,2,5,7,0,1,1,1,0,0,0,0,640504.8045,5352392.9998,10.894942804,48.309112042,1,#66c2a5,bicycle
72396,9,1,62,0,2016,6,14,5,3,2,2,0,0,0,1,0,0,0,0,691729.8373,5331927.7276,11.575919718,48.111725637,2,#fc8d62,car
72397,9,7,77,121,2016,6,13,3,3,0,3,0,0,0,1,0,1,0,0,628692.7297,5321830.8999,10.726462664,48.036787051,2,#fc8d62,car
72402,9,1,81,121,2016,6,19,5,2,5,3,0,0,0,1,0,0,0,0,639372.5604,5312188.8627,10.86653034,47.947840074,2,#fc8d62,car
72414,9,1,77,126,2016,6,5,2,3,8,1,0,1,0,1,0,0,0,0,716275985.0,5367016188.0,11.923222308,48.419139372,2,#fc8d62,car
72416,9,1,88,144,2016,6,9,3,3,0,6,0,0,0,0,0,1,0,0,668849.6616,5325064.0397,11.266074277,48.056498515,4,#e78ac3,marker
72417,9,7,71,113,2016,6,12,2,3,2,6,0,0,0,1,0,1,0,0,657443.3538,5369314.3283,11.129572342,48.457251907,2,#fc8d62,car
72420,9,1,74,141,2016,6,13,4,2,5,3,0,0,0,1,0,0,0,0,683632772.0,5355655329.0,11.477517533,48.327386141,2,#fc8d62,car
72422,9,7,72,209,2016,6,14,3,3,2,6,0,0,0,1,0,0,1,0,634755.6194,5335736.9469,10.812148329,48.160586944,2,#fc8d62,car
72423,9,7,72,207,2016,6,17,2,3,4,6,0,0,0,1,0,1,0,0,640847.1423,5379857.8081,10.908787761,48.555986624,2,#fc8d62,car
72427,9,1,77,133,2016,6,14,5,3,2,1,0,1,0,1,0,0,0,0,707592.8995,5354677.9148,11.799921121,48.311190062,2,#fc8d62,car
72435,9,1,78,145,2016,6,9,2,3,2,6,0,0,0,1,0,0,0,0,696110.7128,5356080.4838,11.645883261,48.327459444,2,#fc8d62,car
72437,9,1,62,0,2016,6,14,3,3,2,6,0,0,0,1,0,0,0,0,698629527.0,5335081975.0,11.669985438,48.137959325,2,#fc8d62,car
72441,9,1,88,139,2016,6,17,5,3,9,1,0,0,0,1,0,0,0,0,678504.9521,5319556501.0,11.393245864,48.004361992,2,#fc8d62,car