OBJECTID,ULAND,UREGBEZ,UKREIS,UGEMEINDE,UJAHR,UMONAT,USTUNDE,UWOCHENTAG,UKATEGORIE,UART,UTYP1,ULICHTVERH,STRZUSTAND,IstRad,IstPKW,IstFuss,IstKrad,IstGkfz,IstSonstig,LINREFX,LINREFY,XGCSWGS84,YGCSWGS84,Teilnehmer,color,symbol
72446,9,1,82,120,2016,6,8,2,3,2,6,0,0,0,1,0,0,1,0,702516662.0,5307719564.0,11.709254006,47.890826898,2,#fc8d62,car
72454,9,7,72,186,2016,6,4,1,2,9,1,2,0,0,1,0,0,0,0,638633.0603,5343600.3765,10.86683035,48.23046205,2,#fc8d62,car
72460,9,1,75,118,2016,6,20,2,3,2,2,1,0,0,0,0,1,0,1,714442.9102,5339912.5365,11.884714857,48.176232768,4,#e78ac3,marker
72462,9,1,75,123,2016,6,21,3,3,2,6,1,0,0,1,0,0,1,0,724152.0184,5337115.9666,12.013666144,48.14775717,2,#fc8d62,car
72465,9,1,75,122,2016,6,11,7,3,0,1,0,1,1,0,0,0,0,0,723145.8195,5323234.3975,11.992906242,48.023388681,1,#66c2a5,bicycle
72466,9,2,74,121,2016,6,10,7,3,5,2,0,1,0,1,0,1,0,0,722222841.0,5372007326.0,12.006134619,48.461911422,2,#fc8d62,car
72470,9,7,71,122,2016,6,4,4,3,7,7,2,1,0,1,0,0,1,0,653166.2987,5361929.9619,11.069063317,48.391917409,2,#fc8d62,car
72477,9,1,77,124,2016,6,9,6,3,4,1,0,0,0,1,0,0,1,0,726572.1698,5366442.0646,12.061875185,48.410364229,2,#fc8d62,car
72486,9,1,88,124,2016,6,14,6,2,0,1,0,0,1,1,0,0,0,0,663013.8835,5318495.6388,11.185315371,47.998962313,1,#66c2a5,bicycle
72487,9,1,84,132,2016,6,17,3,3,0,6,0,0,0,1,0,0,0,1,683825.2972,5329423.7013,11.468746875,48.091548302,2,#fc8d62,car
72488,9,1,88,137,2016,6,11,6,3,0,7,0,0,1,0,0,0,0,0,673845024.0,5316563178.0,11.329611553,47.978736972,1,#66c2a5,bicycle
72490,9,7,71,113,2016,6,8,2,3,3,7,0,0,0,1,0,0,0,0,656078.9098,5366658.8922,11.110140386,48.433718466,2,#fc8d62,car
72491,9,1,75,133,2016,6,19,2,3,2,2,0,0,0,1,0,0,0,0,706154688.0,5340593333.0,11.773689118,48.185093332,2,#fc8d62,car
72496,9,7,78,216,2016,6,9,6,3,2,7,0,0,0,0,0,0,1,0,624314.9987,5320992.1038,10.667516472,48.030110862,5,#a6d854,bus
72498,9,7,72,223,2016,6,7,6,3,3,6,0,0,0,1,0,0,1,0,618655.6755,5363094698.0,10.603419568,48.409830339,2,#fc8d62,car
72504,9,1,63,0,2016,6,15,3,2,2,6,0,0,1,0,0,0,1,0,732714.3957,5307371.2236,12.112472939,47.87746184,1,#66c2a5,bicycle
72506,9,1,62,0,2016,6,7,4,3,8,1,0,1,0,1,0,0,0,0,679669144.0,5333569.0857,11.414728404,48.129996413,2,#fc8d62,car
72507,9,1,84,148,2016,6,14,5,3,0,1,0,1,0,0,0,1,0,0,695144.6233,5326078.1938,11.619076359,48.058115117,4,#e78ac3,marker
72508,9,7,72,111,2016,6,11,3,3,3,6,0,0,0,1,0,0,1,0,625973.3428,5364206.7961,10.702594638,48.418410772,2,#fc8d62,car
72513,9,1,86,152,2016,6,10,5,3,2,6,0,1,0,1,0,0,0,0,691319.4678,5373313.3172,11.589164708,48.483805701,2,#fc8d62,car
72515,9,2,74,128,2016,6,11,2,3,5,3,0,0,0,1,0,0,1,0,735399545.0,5386380.6345,12.192215596,48.586227792,2,#fc8d62,car
72516,9,7,74,144,2016,6,16,1,3,2,1,0,1,0,1,0,0,0,0,613925.3666,5361973.0424,10.539217911,48.400615822,2,#fc8d62,car
72525,9,7,71,122,2016,6,15,1,3,0,7,0,0,1,0,0,0,0,0,649533.9808,5360636.0787,11.019567353,48.381155847,1,#66c2a5,bicycle
72526,9,1,79,123,2016,6,18,7,3,5,3,0,1,0,1,0,0,0,0,676546.4022,5334273.3317,11.373088698,48.137200888,2,#fc8d62,car
72531,9,2,61,0,2016,6,17,3,2,1,6,0,0,0,0,0,1,0,0,733281.3329,5380880.1883,12.160453912,48.537611789,4,#e78ac3,marker
72532,9,1,82,127,2016,6,17,3,3,5,3,0,0,1,1,0,0,0,0,699846.4664,5309855.8196,11.674562283,47.910863489,1,#66c2a5,bicycle
72534,9,1,74,126,2016,6,7,4,3,2,6,0,1,0,1,0,0,0,0,683682.7196,5343947.0042,11.473103653,48.222133143,2,#fc8d62,car
72536,9,1,88,139,2016,6,17,3,3,4,6,0,0,0,1,0,0,0,0,674157.3159,5317615.4886,11.33421952,47.988112047,2,#fc8d62,car
72537,9,7,61,0,2016,6,19,3,2,0,1,1,0,0,0,0,1,0,0,641117.4395,5357263.0664,10.904831294,48.352765793,4,#e78ac3,marker
72538,9,7,61,0,2016,6,19,2,3,0,1,0,0,0,0,0,1,0,0,643583.8755,5360590584.0,10.939240087,48.382129052,4,#e78ac3,marker
72543,9,1,62,0,2016,6,17,4,3,5,3,0,0,1,1,0,0,0,0,684871.6461,5335385.0633,11.485370249,48.144829579,1,#66c2a5,bicycle
72546,9,7,72,125,2016,6,12,1,3,0,1,0,1,1,0,0,0,0,0,636800.6816,5349557.4735,10.844094996,48.284426888,1,#66c2a5,bicycle
72551,9,1,74,136,2016,6,17,2,3,0,6,0,0,0,0,0,1,0,1,681011.6794,5365847.8168,11.446576024,48.419756311,4,#e78ac3,marker
72554,9,1,81,146,2016,6,18,3,3,9,1,0,0,0,1,0,0,0,0,649263.9444,5325571.3492,11.003575509,48.065942497,2,#fc8d62,car
72555,9,1,83,139,2016,6,16,6,2,9,6,0,0,0,1,0,1,0,0,734326.4016,5331169.4013,12.146980953,48.090671001,2,#fc8d62,car
72556,9,1,75,123,2016,6,18,2,3,0,1,0,0,0,0,0,1,0,0,724031.3036,5337235.3033,12.012108288,48.148871872,4,#e78ac3,marker
72558,9,1,81,144,2016,6,18,3,2,8,1,0,0,0,1,0,0,0,0,653882585.0,5320563.7961,11.063730632,48.019820759,2,#fc8d62,car
72571,9,1,75,122,2016,6,18,2,2,2,6,0,0,1,1,0,0,0,0,724343.3089,5324941.3646,12.009838225,48.038305976,1,#66c2a5,bicycle
72573,9,1,84,135,2016,6,8,2,2,3,2,0,0,1,0,0,0,1,0,689433.0535,5347336.1181,11.551963062,48.250903362,1,#66c2a5,bicycle
72576,9,1,84,121,2016,6,17,6,3,5,3,0,0,1,1,0,0,0,0,704340283.0,5328736977.0,11.743620586,48.079130799,1,#66c2a5,bicycle
72582,9,7,72,125,2016,6,16,4,3,5,3,0,0,0,1,0,0,0,0,635166.7116,5346838.7299,10.821211206,48.260330398,2,#fc8d62,car
72586,9,1,62,0,2016,6,16,3,3,2,6,0,0,0,1,0,0,0,0,694281678.0,5340805386.0,11.614219617,48.190741124,2,#fc8d62,car
72595,9,1,85,113,2016,6,16,2,3,5,3,0,0,0,1,0,0,0,0,667619.5255,5375724.3685,11.269676862,48.512245768,2,#fc8d62,car
72598,9,1,81,139,2016,6,13,6,3,0,1,0,0,0,0,0,1,0,0,655876466.0,5323940.86,11.091681462,48.049701055,4,#e78ac3,marker
72599,9,1,62,0,2016,6,19,3,3,1,6,0,0,0,1,0,0,0,0,685112.8316,5335358.8569,11.488598125,48.144523891,2,#fc8d62,car
72600,9,1,88,141,2016,6,18,6,3,1,3,0,0,0,1,0,1,0,0,670475916.0,5309046.1785,11.281523815,47.912064747,2,#fc8d62,car
72609,9,1,63,0,2016,6,10,7,3,1,6,0,0,0,1,0,0,0,0,733282.1372,5305260.0223,12.118915386,47.858288744,2,#fc8d62,car
72610,9,7,61,0,2016,6,17,6,3,3,2,0,0,1,1,0,0,0,0,641579.2779,5359873.0116,10.911940123,48.376130008,1,#66c2a5,bicycle
72615,9,2,74,111,2016,6,18,3,2,8,7,0,0,0,1,0,0,0,0,738487.3965,5380081.1345,12.230412124,48.52847811,2,#fc8d62,car
72617,9,1,73,120,2016,6,12,6,3,0,7,0,0,1,0,0,0,0,0,686118.6843,5315783.4454,11.493591168,47.968276078,1,#66c2a5,bicycle
72618,9,1,79,134,2016,6,8,4,3,0,1,0,1,0,0,0,1,0,0,667301835.0,5343086618.0,11.252397576,48.218929757,4,#e78ac3,marker
72619,9,7,77,121,2016,6,11,5,3,8,1,0,1,0,1,0,0,0,1,628588.5386,5320647523.0,10.724710306,48.026165869,2,#fc8d62,car
72620,9,7,72,216,2016,6,19,3,3,5,2,0,0,0,1,0,1,0,0,622868186.0,5367765593.0,10.661688983,48.45102724,2,#fc8d62,car
72624,9,1,84,114,2016,6,19,5,3,0,1,1,1,0,0,0,1,0,1,700496.8453,5317426.5348,11.686782826,47.978701444,4,#e78ac3,marker
72630,9,1,81,141,2016,6,17,5,3,2,6,0,0,0,1,0,0,0,0,643878.5067,5320124535.0,10.929499314,48.018202209,2,#fc8d62,car
72632,9,7,77,130,2016,6,21,6,3,5,1,2,0,0,1,0,0,0,0,624373.8827,5308988.6345,10.66483106,47.922147229,2,#fc8d62,car
72634,9,1,62,0,2016,6,13,7,3,9,1,0,1,0,1,0,0,0,0,698899.5735,5335021.96,11.673583293,48.137335613,2,#fc8d62,car
72640,9,1,85,113,2016,6,18,3,2,2,6,0,0,0,0,0,1,0,1,669829293.0,5374017291.0,11.298879168,48.496306958,4,#e78ac3,marker
72642,9,1,75,122,2016,6,8,2,3,5,3,0,0,1,1,0,0,0,0,721193.4429,5325654.1007,11.96800627,48.045808698,1,#66c2a5,bicycle
72644,9,1,81,130,2016,6,8,3,3,5,2,0,0,1,1,0,0,0,0,639366.4575,5322923.9637,10.869934673,48.044375774,1,#66c2a5,bicycle
72645,9,7,61,0,2016,6,6,2,3,0,2,0,0,1,1,0,0,0,0,640419478.0,5360345.1451,10.896444433,48.380634436,1,#66c2a5,bicycle
72651,9,1,62,0,2016,6,8,4,2,3,2,0,1,1,1,0,0,0,0,682573.0892,5335753.3736,11.454656553,48.148804012,1,#66c2a5,bicycle
72657,9,2,61,0,2016,6,10,2,3,6,4,0,0,0,1,1,0,0,0,731877.1271,5381102969.0,12.141583813,48.54013335,2,#fc8d62,car
72663,9,7,61,0,2016,6,11,7,3,3,6,0,0,0,1,0,0,0,1,642778143.0,5358768604.0,10.927745561,48.36592959,2,#fc8d62,car
72668,9,2,74,185,2016,6,10,7,3,0,7,0,0,1,0,0,0,0,0,729736.4626,5370858.3978,12.106992168,48.448892206,1,#66c2a5,bicycle
72670,9,1,88,113,2016,6,16,7,3,4,6,0,0,1,1,0,1,0,0,678323.3242,5314116.9939,11.388555028,47.955514863,1,#66c2a5,bicycle
72672,9,1,74,146,2016,6,18,6,3,2,6,0,0,0,1,0,0,0,0,667277.4957,5350725.4543,11.255089295,48.287607948,2,#fc8d62,car
72674,9,1,86,152,2016,6,10,1,3,2,6,0,1,0,1,0,0,0,0,691315.6661,5373303.6786,11.589108902,48.483720234,2,#fc8d62,car
72676,9,1,74,113,2016,6,8,2,3,2,6,0,0,0,1,0,0,1,0,679363.4717,5341954.5291,11.414161012,48.205458865,2,#fc8d62,car
72684,9,1,85,158,2016,6,16,3,3,4,2,0,1,0,1,0,0,0,0,667159823.0,5382404494.0,11.266137676,48.57241793,2,#fc8d62,car
72688,9,1,77,135,2016,6,6,4,3,2,6,0,0,0,1,0,0,0,0,719337.4778,5343068.0403,11.952096957,48.202914504,2,#fc8d62,car
72694,9,2,74,194,2016,6,16,6,3,0,7,0,0,1,0,0,0,0,0,721713.4945,5377717.1541,12.00228342,48.513388581,1,#66c2a5,bicycle
72695,9,1,84,114,2016,6,8,7,3,2,6,0,0,0,1,0,0,0,0,698686.0021,5321344922.0,11.664357439,48.014482609,2,#fc8d62,car
72697,9,1,88,120,2016,6,8,6,3,5,3,0,0,0,1,0,0,0,0,676551.5217,5325340.4382,11.369462809,48.056898831,2,#fc8d62,car
72699,9,1,62,0,2016,6,18,7,3,2,6,0,0,0,1,0,0,0,0,685140.1637,5341677.7359,11.491717112,48.201312593,2,#fc8d62,car
72701,9,1,77,131,2016,6,7,2,3,8,1,0,0,0,1,0,0,0,0,712961.4396,5346576.2548,11.868155885,48.236608357,2,#fc8d62,car
72703,9,1,74,115,2016,6,8,5,3,5,1,0,0,1,1,0,0,0,0,680759.7071,5348495.2973,11.435726793,48.263855771,1,#66c2a5,bicycle
72706,9,7,72,147,2016,6,18,6,3,2,6,0,0,0,1,0,0,0,0,639490.9114,5364059815.0,10.885144753,48.414241586,2,#fc8d62,car
72707,9,1,81,143,2016,6,9,3,3,0,3,0,0,1,1,0,0,0,0,636846.8176,5315699.6376,10.833840218,47.979955816,1,#66c2a5,bicycle
72713,9,2,61,0,2016,6,4,1,3,1,2,0,1,0,1,0,0,0,0,731661.9069,5382222.5479,12.139295012,48.550269804,2,#fc8d62,car
72716,9,1,62,0,2016,6,6,5,3,0,1,1,1,0,0,0,1,0,0,693291.3992,5338565554.0,11.599890061,48.170912476,4,#e78ac3,marker
72720,9,7,77,130,2016,6,17,7,3,9,1,0,0,0,1,0,0,0,0,624330.6432,5310929.3006,10.664812755,47.939608986,2,#fc8d62,car
72727,9,1,62,0,2016,6,7,6,3,3,6,0,1,0,1,0,1,0,0,691966.3958,5331649.8859,11.578969547,48.109157174,2,#fc8d62,car
72728,9,1,77,115,2016,6,9,6,2,4,6,0,1,0,1,0,0,0,0,730832.1804,5348286.8411,12.109416707,48.245723759,2,#fc8d62,car
72731,9,7,71,146,2016,6,8,4,3,2,6,0,0,0,1,0,0,0,0,646408.5625,5349343.2232,10.973459324,48.280351303,2,#fc8d62,car
72738,9,1,62,0,2016,6,18,4,3,2,6,0,1,0,1,0,0,0,0,678209.9544,5334396.5277,11.395481083,48.137844601,2,#fc8d62,car
72741,9,1,77,113,2016,6,18,3,3,5,3,0,0,0,1,0,0,0,0,720781961.0,5353033169.0,11.976707167,48.291947235,2,#fc8d62,car
72743,9,7,72,217,2016,6,5,2,3,3,6,1,0,0,1,0,0,0,0,636272.5975,5381094.76,10.847231865,48.568119705,2,#fc8d62,car
72748,9,7,72,223,2016,6,4,3,3,8,7,2,0,0,1,0,0,0,0,622384.0381,5363456.9554,10.653885896,48.412375066,2,#fc8d62,car
72770,9,1,81,114,2016,6,12,4,3,2,6,0,0,0,1,0,1,0,0,656648.0053,5315332.2439,11.098882915,47.972111085,2,#fc8d62,car
72783,9,1,63,0,2016,6,5,5,2,4,2,1,1,1,1,0,0,0,0,733556.4232,5305099.7734,12.122490355,47.856749442,1,#66c2a5,bicycle
72788,9,7,71,155,2016,6,18,7,3,0,7,0,0,1,0,0,0,0,0,646604.6265,5375123.5427,10.985101071,48.51210149,1,#66c2a5,bicycle
72790,9,2,74,182,2016,6,9,3,3,1,6,0,0,0,1,0,0,0,0,728654.4848,5377939627.0,12.096254403,48.512898896,2,#fc8d62,car
72795,9,1,81,132,2016,6,14,7,2,8,1,0,0,0,1,0,0,0,0,643262.8227,5324284.4067,10.922639118,48.055746376,2,#fc8d62,car
72797,9,1,79,142,2016,6,15,6,3,0,6,0,0,0,0,0,1,1,0,674715.8597,5340939.2568,11.351243484,48.197628448,4,#e78ac3,marker
72799,9,1,75,132,2016,6,14,1,3,2,6,0,1,0,1,0,0,0,0,706155.8096,5330788748.0,11.76895812,48.096984762,2,#fc8d62,car
72801,9,1,74,115,2016,6,9,2,3,5,3,0,1,0,1,0,0,0,0,681235.8007,5347163.3665,11.441565613,48.251747559,2,#fc8d62,car
72802,9,1,79,142,2016,6,8,5,3,3,6,0,0,0,1,0,0,1,0,674886.0963,5344486.2599,11.354994902,48.229466474,2,#fc8d62,car
72805,9,1,86,151,2016,6,19,6,3,5,2,0,0,0,1,0,0,0,0,681401.8553,5375507.2485,11.456032359,48.506464991,2,#fc8d62,car
72807,9,1,74,146,2016,6,14,1,3,2,6,0,1,0,1,0,0,0,0,668140698.0,5350181.2342,11.26650022,48.282486876,2,#fc8d62,car
72817,9,1,82,120,2016,6,17,3,3,4,6,0,1,0,1,0,0,0,1,702587.6192,5305414.7973,11.709121232,47.870090872,2,#fc8d62,car
72822,9,1,75,135,2016,6,1,7,3,0,1,2,0,1,0,0,0,0,0,708992916.0,5339395.16,11.811239215,48.1733992,1,#66c2a5,bicycle
72824,9,1,62,0,2016,6,5,6,3,9,6,1,1,0,1,0,0,0,0,687235.9789,5344116.1204,11.520971791,48.222614561,2,#fc8d62,car
72826,9,1,62,0,2016,6,15,7,3,3,7,0,0,0,1,0,0,0,0,684986.2649,5335372.8151,11.48690433,48.144686168,2,#fc8d62,car
72831,9,1,62,0,2016,6,15,1,3,5,3,0,0,1,1,0,0,0,0,680859.8176,5336008.8728,11.431752168,48.151590101,1,#66c2a5,bicycle
72833,9,1,75,135,2016,6,19,5,3,5,3,0,1,1,1,0,0,0,0,708282.1654,5339005.0413,11.801499421,48.170126843,1,#66c2a5,bicycle
72836,9,7,71,122,2016,6,22,6,3,0,1,2,0,1,0,0,0,0,0,652494.7472,5361485.1234,11.059836217,48.388080716,1,#66c2a5,bicycle
72837,9,1,84,121,2016,6,17,3,3,2,6,0,1,0,1,0,0,0,1,704921927.0,5331387.2612,11.752692598,48.102761338,2,#fc8d62,car
72845,9,7,61,0,2016,6,18,6,3,9,6,0,0,0,1,0,0,0,0,641363.5563,5363791.4163,10.910347566,48.411410963,2,#fc8d62,car
72853,9,2,74,132,2016,6,11,1,3,5,6,0,0,0,1,0,0,0,0,721006.3685,5385934.6714,11.997082313,48.58746411,2,#fc8d62,car
72854,9,1,62,0,2016,6,22,3,3,3,2,2,0,0,1,0,0,0,0,690871073.0,5339128442.0,11.56762203,48.176703061,2,#fc8d62,car
72857,9,1,84,145,2016,6,7,6,3,2,6,0,1,0,1,0,0,0,0,699219.0418,5324803.8511,11.67310569,48.045403259,2,#fc8d62,car
72859,9,1,84,135,2016,6,16,5,3,0,7,0,0,0,0,0,1,0,0,692230.7482,5344769.6071,11.58844808,48.226994255,4,#e78ac3,marker
72860,9,2,61,0,2016,6,14,5,3,4,2,0,0,0,1,0,0,0,0,730617.4346,5380930973.0,12.124448219,48.5390525,2,#fc8d62,car
72867,9,1,84,138,2016,6,17,4,3,0,1,0,0,1,0,0,0,0,0,679737.5335,5331169.5934,11.414635155,48.108408075,1,#66c2a5,bicycle
72868,9,1,88,139,2016,6,14,4,3,0,7,0,1,1,0,0,0,0,0,674373.6213,5318031.5133,11.33728511,47.991793058,1,#66c2a5,bicycle
72870,9,1,62,0,2016,6,17,2,3,0,6,0,0,1,0,0,0,0,0,687934132.0,5343030759.0,11.529881346,48.21265285,1,#66c2a5,bicycle
72872,9,7,61,0,2016,6,11,2,2,5,2,0,0,1,1,0,0,0,0,642847.2616,5360052.3681,10.929114354,48.377456915,1,#66c2a5,bicycle
72877,9,7,71,130,2016,6,16,3,3,5,3,0,0,1,0,0,0,0,0,644440.8658,5358686.4457,10.950153464,48.36481259,1,#66c2a5,bicycle
72880,9,2,74,185,2016,6,19,2,3,2,2,0,0,0,1,0,0,0,0,732532419.0,5370617451.0,12.144612443,48.44570133,2,#fc8d62,car
72890,9,1,73,147,2016,6,17,5,3,6,3,0,0,0,1,1,0,0,0,681469.6387,5308930.4011,11.428474363,47.908007717,2,#fc8d62,car
72891,9,7,77,177,2016,6,16,7,2,5,3,0,0,0,1,0,1,0,0,634445.9431,5316259.4491,10.801858735,47.985499113,2,#fc8d62,car
72900,9,1,75,132,2016,6,11,4,3,9,7,0,1,0,0,0,1,0,1,705102932.0,5335719.3848,11.757205291,48.141634045,4,#e78ac3,marker
72914,9,1,83,139,2016,6,22,2,3,0,7,2,0,0,1,0,0,0,0,734937.6539,5334238.2602,12.156866488,48.118014691,2,#fc8d62,car
72915,9,1,87,177,2016,6,5,2,3,5,3,0,1,0,1,0,0,0,1,736335.4532,5305681.8693,12.159904088,47.860962963,2,#fc8d62,car
72916,9,1,87,179,2016,6,15,5,2,9,1,0,0,0,1,0,1,0,0,721718.31,5315805.4132,11.969950982,47.957135561,2,#fc8d62,car
72919,9,2,61,0,2016,6,17,4,3,5,6,0,0,1,1,0,0,0,0,731843.4158,5381155.9349,12.141157258,48.540621587,1,#66c2a5,bicycle
72923,9,2,74,146,2016,6,20,1,2,8,1,1,1,0,1,0,0,0,0,736213.4578,5375925.1774,12.197309097,48.49200751,2,#fc8d62,car
72928,9,7,61,0,2016,6,12,7,3,2,2,0,0,0,1,0,0,0,0,644131.8665,5358899.5109,10.946057057,48.366798976,2,#fc8d62,car
72937,9,1,81,140,2016,6,14,7,3,2,6,0,0,0,1,0,0,0,1,643250.7522,5324313.4387,10.922486944,48.056010142,2,#fc8d62,car
72941,9,1,74,146,2016,6,14,1,2,8,1,0,1,0,1,0,0,0,0,668140698.0,5350181.2342,11.26650022,48.282486876,2,#fc8d62,car
72944,9,1,86,126,2016,6,21,5,3,0,1,1,1,0,1,0,0,0,0,687295.2728,5374989.4265,11.535512012,48.500081627,2,#fc8d62,car
72945,9,7,72,117,2016,6,16,7,3,0,5,0,1,0,0,0,1,0,0,631648.5352,5362840.5543,10.778831443,48.404965005,4,#e78ac3,marker
72954,9,1,78,124,2016,6,13,4,3,4,2,0,0,1,0,0,0,1,0,700155.9542,5357089.8123,11.700877719,48.335262111,1,#66c2a5,bicycle
72956,9,1,62,0,2016,6,13,6,3,2,6,0,0,0,1,0,0,1,0,691365.0085,5339265.0627,11.574321076,48.177782436,2,#fc8d62,car
72957,9,1,78,115,2016,6,14,6,3,9,1,0,0,0,1,0,0,0,0,703974551.0,5375487.0951,11.761289116,48.499361191,2,#fc8d62,car
72960,9,7,71,130,2016,6,20,4,3,5,2,0,0,1,1,0,0,0,0,645597141.0,5357725.5047,10.965422749,48.355906828,1,#66c2a5,bicycle
72963,9,1,87,177,2016,6,18,7,3,5,3,0,0,1,1,0,0,0,0,736820775.0,5305548807.0,12.166309946,47.85958891,1,#66c2a5,bicycle
72965,9,1,74,111,2016,6,17,7,3,4,2,0,0,0,1,0,0,0,0,662472816.0,5363439.9105,11.195272413,48.403163011,2,#fc8d62,car
72967,9,1,81,127,2016,6,6,6,3,5,3,0,1,0,1,0,0,0,0,636258.8629,5326463.9685,10.829388993,48.076880192,2,#fc8d62,car
72969,9,1,75,124,2016,6,15,1,3,2,2,0,1,0,1,0,0,0,0,714706403.0,5328782886.0,11.882648499,48.076137587,2,#fc8d62,car
72971,9,1,77,126,2016,6,7,2,2,4,6,0,0,0,1,0,0,0,0,720894.4726,5369475.1138,11.986854798,48.439629149,2,#fc8d62,car
72972,9,1,79,121,2016,6,13,5,3,5,7,0,0,0,1,0,0,0,0,667430.2998,5339141.2278,11.252569369,48.18342719,2,#fc8d62,car
72975,9,7,72,147,2016,6,23,6,3,2,6,2,0,0,1,0,0,0,0,636053.6841,5364119.7794,10.838737123,48.415532283,2,#fc8d62,car
72976,9,1,81,130,2016,6,16,3,3,0,7,0,0,1,0,0,0,0,0,640153.1321,5323277.1582,10.880599574,48.047379556,1,#66c2a5,bicycle
72981,9,2,61,0,2016,6,13,1,3,4,6,0,1,0,1,0,0,0,0,730577.7903,5379079.1009,12.122887829,48.522431753,2,#fc8d62,car
72988,9,7,62,0,2016,6,9,7,3,5,3,0,0,0,1,0,0,0,0,622252812.0,5307234382.0,10.63595362,47.906778118,2,#fc8d62,car
72997,9,1,79,119,2016,6,12,4,2,8,7,0,0,0,1,0,1,0,0,672691.8782,5339205.3193,11.323324029,48.182594923,2,#fc8d62,car
72999,9,1,62,0,2016,6,6,2,3,0,7,0,1,0,0,0,1,0,0,678420.7085,5334500.6367,11.398355059,48.138721386,4,#e78ac3,marker
73007,9,1,62,0,2016,6,11,4,3,5,3,0,0,0,1,0,0,1,0,697029.7714,5330410.1788,11.646346752,48.096469415,2,#fc8d62,car
73009,9,1,86,152,2016,6,13,4,3,6,4,0,0,0,1,1,0,0,0,692461.2097,5375742.6767,11.605718854,48.505290127,2,#fc8d62,car
73010,9,7,61,0,2016,6,15,6,3,2,6,0,0,0,1,0,0,0,0,638434.3025,5355587.9634,10.868083279,48.338297393,2,#fc8d62,car
73011,9,1,75,133,2016,6,18,3,3,0,7,0,1,1,0,0,0,0,0,707961.2933,5341966.4914,11.798638308,48.19684396,1,#66c2a5,bicycle
73013,9,7,72,131,2016,6,9,2,2,4,1,0,1,0,1,0,0,0,0,623527.4686,5357983.8148,10.667721968,48.362933337,2,#fc8d62,car
73016,9,1,63,0,2016,6,5,6,3,5,3,1,1,0,1,0,0,0,0,733674122.0,5305032325.0,12.124025054,47.856100703,2,#fc8d62,car
73041,9,1,86,130,2016,6,17,6,2,3,6,0,0,0,1,0,0,0,0,685462.9046,5372615.8922,11.50967765,48.47929236,2,#fc8d62,car
73043,9,1,74,146,2016,6,14,1,2,2,6,0,1,0,1,0,0,0,1,668140698.0,5350181.2342,11.26650022,48.282486876,2,#fc8d62,car
73048,9,1,87,176,2016,6,13,1,3,5,3,0,1,0,1,0,0,0,0,738002.4937,5331500.5298,12.196456018,48.092283744,2,#fc8d62,car
73052,9,1,73,147,2016,6,17,2,3,4,6,0,1,0,1,0,0,0,0,680989446.0,5310705569.0,11.422799533,47.924100847,2,#fc8d62,car
73058,9,7,71,113,2016,6,10,7,3,5,3,0,0,0,1,0,1,0,0,657489009.0,5368852091.0,11.130015513,48.453084854,2,#fc8d62,car
73065,9,1,81,146,2016,6,12,7,3,5,3,0,0,0,1,0,0,0,0,649379.2528,5325506.0349,11.005099497,48.065328226,2,#fc8d62,car
73067,9,1,79,134,2016,6,22,6,3,7,7,2,0,0,0,0,1,0,0,668526.0633,5343735.4718,11.269124005,48.224438835,4,#e78ac3,marker
73069,9,1,86,152,2016,6,12,1,3,1,6,0,1,0,1,0,0,0,0,691235.7666,5373068.7125,11.587921256,48.481632845,2,#fc8d62,car
73071,9,1,79,125,2016,6,21,2,3,8,1,1,1,0,1,0,0,0,0,662122955.0,5331738071.0,11.178399953,48.118246237,2,#fc8d62,car
73075,9,1,87,177,2016,6,9,4,3,2,6,0,0,0,1,0,1,0,0,736767.8488,5305570.0273,12.165615053,47.859799047,2,#fc8d62,car
73088,9,1,87,177,2016,6,14,1,3,5,3,0,0,1,1,0,0,0,0,736731784.0,5303446743.0,12.163972012,47.840737418,1,#66c2a5,bicycle
73089,9,1,87,182,2016,6,17,3,3,2,2,0,1,0,1,0,0,0,0,738518.0669,5328449.1766,12.201666234,48.064680754,2,#fc8d62,car
73093,9,2,61,0,2016,6,12,6,3,2,6,0,0,0,1,0,1,0,0,734183.2813,5381595.3371,12.173055751,48.543699743,2,#fc8d62,car
73094,9,1,62,0,2016,6,4,7,3,9,1,2,0,0,1,0,0,0,0,688429355.0,5344373.41,11.537137629,48.224573786,2,#fc8d62,car
73096,9,1,74,115,2016,6,16,6,3,5,3,0,0,1,1,0,0,0,0,680994.9538,5348296047.0,11.438808497,48.261997624,1,#66c2a5,bicycle
73098,9,1,84,144,2016,6,16,7,3,0,1,0,0,0,0,0,1,0,0,685486638.0,5316273342.0,11.485342775,47.972863102,4,#e78ac3,marker
73099,9,7,78,216,2016,6,16,4,3,4,6,0,0,0,1,0,0,0,0,624485881.0,5322088436.0,10.670126301,48.039937226,2,#fc8d62,car
73102,9,1,75,122,2016,6,15,2,2,2,2,0,0,0,1,0,0,0,0,722493.9068,5324154.7573,11.984652714,48.031885381,2,#fc8d62,car
73104,9,1,75,111,2016,6,21,5,3,9,1,1,1,0,1,0,0,0,0,711899.5113,5338158.0264,11.84967063,48.161320237,2,#fc8d62,car
73107,9,7,72,147,2016,6,11,6,3,0,1,0,1,0,0,0,1,0,0,638615.9208,5363661.8925,10.873194847,48.410856658,4,#e78ac3,marker