OBJECTID,ULAND,UREGBEZ,UKREIS,UGEMEINDE,UJAHR,UMONAT,USTUNDE,UWOCHENTAG,UKATEGORIE,UART,UTYP1,ULICHTVERH,STRZUSTAND,IstRad,IstPKW,IstFuss,IstKrad,IstGkfz,IstSonstig,LINREFX,LINREFY,XGCSWGS84,YGCSWGS84,Teilnehmer,color,symbol
73108,9,1,79,121,2016,6,8,3,3,2,6,0,0,0,1,0,0,1,0,668391.9659,5338067.2781,11.265071394,48.173518355,2,#fc8d62,car
73120,9,1,86,146,2016,6,14,3,3,2,7,0,0,0,1,0,0,0,0,685448.8971,5371023.3482,11.508782124,48.464983011,2,#fc8d62,car
73124,9,1,77,139,2016,6,15,4,3,5,3,0,0,1,1,0,0,0,0,732055.3821,5359180.7837,12.131853547,48.343140767,1,#66c2a5,bicycle
73126,9,1,84,119,2016,6,14,6,3,2,6,0,0,0,0,0,0,1,0,697589.6809,5349521.4515,11.662745563,48.26805301,5,#a6d854,bus
73129,9,1,84,130,2016,6,17,5,3,3,6,0,0,1,0,0,0,0,1,698713996.0,5345335719.0,11.67591525,48.230084295,1,#66c2a5,bicycle
73130,9,2,61,0,2016,6,12,5,3,5,3,0,0,1,1,0,0,0,0,732360772.0,5382046984.0,12.148652651,48.5484343,1,#66c2a5,bicycle
73132,9,7,61,0,2016,6,16,4,3,5,2,0,0,1,1,0,0,0,0,641331.04,5352450.2743,10.906098771,48.30944295,1,#66c2a5,bicycle
73135,9,1,85,158,2016,6,1,1,3,8,1,2,0,0,1,0,0,0,0,665061.3821,5382312.2735,11.237675872,48.572145111,2,#fc8d62,car
73137,9,1,84,122,2016,6,13,4,3,5,3,0,1,0,1,0,0,0,0,688144.7876,5323871.9086,11.524256498,48.040386529,2,#fc8d62,car
73140,9,1,75,115,2016,6,2,3,2,4,1,2,1,0,1,0,0,1,0,724399043.0,5330161.3945,12.013323316,48.08518651,2,#fc8d62,car
73142,9,7,61,0,2016,6,10,2,3,3,2,0,0,0,1,0,0,1,0,642132.8858,5362211.4613,10.920202995,48.397031774,2,#fc8d62,car
73147,9,7,71,130,2016,6,13,3,2,9,1,0,0,0,0,0,0,1,0,652303801.0,5352656.1734,11.054064892,48.308747158,5,#a6d854,bus
73150,9,2,61,0,2016,6,3,2,2,2,6,2,0,0,1,0,0,0,0,725960.4152,5378288.9535,12.060017149,48.517011996,2,#fc8d62,car
73156,9,7,72,163,2016,6,6,7,3,9,1,0,0,0,1,0,0,0,0,638609.5639,5346492.4368,10.867460833,48.256472655,2,#fc8d62,car
73167,9,1,88,126,2016,6,19,1,3,0,1,0,0,0,0,0,1,0,0,660751.8666,5324644.0031,11.157320522,48.054813531,4,#e78ac3,marker
73169,9,1,74,135,2016,6,13,4,2,8,1,0,0,0,1,0,0,0,0,664218.8291,5352592.8466,11.214613592,48.305196719,2,#fc8d62,car
73176,9,1,87,122,2016,6,7,6,3,5,3,0,1,0,1,0,0,0,0,716854166.0,5306114144.0,11.900008417,47.871717655,2,#fc8d62,car
73190,9,1,84,140,2016,6,2,1,3,8,1,2,0,0,1,0,0,0,0,703192.2468,5328122.5785,11.727932273,48.073976137,2,#fc8d62,car
73195,9,2,74,185,2016,6,16,6,3,2,5,0,0,0,1,0,0,0,0,731838065.0,5371016217.0,12.13545784,48.449539496,2,#fc8d62,car
73196,9,1,74,131,2016,6,12,7,3,9,1,0,0,0,1,0,0,0,0,674479.0991,5361053.9578,11.356368006,48.378507483,2,#fc8d62,car
73198,9,1,81,132,2016,6,13,6,3,4,1,0,0,0,1,0,0,0,0,646235.2983,5324600.3783,10.962614831,48.057913248,2,#fc8d62,car
73208,9,1,74,146,2016,6,14,1,3,8,1,0,1,0,1,0,0,0,0,668140698.0,5350181.2342,11.26650022,48.282486876,2,#fc8d62,car
73222,9,1,78,120,2016,6,22,7,3,5,3,2,1,0,1,0,0,0,0,694782.5346,5352818.8895,11.626477569,48.298557398,2,#fc8d62,car
73224,9,1,86,152,2016,6,14,6,3,2,6,0,0,0,1,0,0,0,0,691372.3447,5373444.3888,11.589939556,48.484967578,2,#fc8d62,car
73226,9,1,62,0,2016,6,17,7,3,5,3,0,0,0,1,0,0,0,0,684622245.0,5342657.2477,11.485179648,48.210267638,2,#fc8d62,car
73227,9,7,61,0,2016,6,13,4,3,2,6,0,0,0,1,0,0,0,0,638324.45,5362211784.0,10.868780324,48.397881673,2,#fc8d62,car
73228,9,1,62,0,2016,6,18,7,3,5,3,0,0,0,1,0,0,0,0,682678.8659,5337597.2985,11.456869027,48.16534806,2,#fc8d62,car
73230,9,1,62,0,2016,6,14,7,2,5,2,0,0,0,1,0,0,0,0,677945.0064,5335310.2374,11.392304724,48.146132187,2,#fc8d62,car
73231,9,1,84,137,2016,6,8,1,3,0,7,0,1,1,0,0,0,0,0,706907.2129,5316322.7819,11.77205191,47.966741853,1,#66c2a5,bicycle
73233,9,1,75,137,2016,6,16,5,3,5,3,0,0,0,1,0,0,0,0,725995.5511,5330214.8643,12.034759111,48.085103026,2,#fc8d62,car
73236,9,7,61,0,2016,6,8,6,3,0,1,0,1,1,0,0,0,0,0,641310.7333,5361147.3972,10.908744212,48.387648958,1,#66c2a5,bicycle
73237,9,1,78,137,2016,6,14,3,3,2,6,0,0,0,1,0,0,0,0,692294.8129,5362583.72,11.597426792,48.387078786,2,#fc8d62,car
73239,9,1,78,130,2016,6,12,1,3,0,1,0,1,1,0,0,0,0,0,703798.9817,5355945.2096,11.749424537,48.323812145,1,#66c2a5,bicycle
73241,9,1,75,127,2016,6,15,2,3,4,7,0,0,0,1,0,0,0,0,710834.7922,5341982.08,11.837267274,48.196036605,2,#fc8d62,car
73242,9,1,79,123,2016,6,20,5,3,5,2,0,1,0,1,0,0,0,0,675946.9426,5333554.9153,11.364741339,48.130908858,2,#fc8d62,car
73244,9,1,82,120,2016,6,15,4,3,5,2,0,0,1,1,0,0,0,0,701976.0775,5306169.5042,11.701305507,47.87706629,1,#66c2a5,bicycle
73245,9,7,71,111,2016,6,14,6,2,2,6,0,0,0,1,0,1,0,0,657460.0739,5358658.0486,11.125799721,48.361444228,2,#fc8d62,car
73246,9,1,62,0,2016,6,17,3,3,2,6,0,1,0,1,0,0,0,0,684268.6476,5342566.8804,11.480385297,48.20955813,2,#fc8d62,car
73253,9,1,62,0,2016,6,8,3,3,5,2,0,0,1,0,0,0,0,1,691307.0739,5339262.3115,11.573541293,48.177775153,1,#66c2a5,bicycle
73258,9,1,62,0,2016,6,12,5,2,5,3,0,0,1,1,0,0,0,0,692935.5193,5338912.6498,11.595265873,48.174140184,1,#66c2a5,bicycle
73259,9,2,61,0,2016,6,14,5,3,5,3,0,0,1,1,0,0,0,0,731714.8646,5383863.9596,12.140925072,48.56499469,1,#66c2a5,bicycle
73266,9,1,62,0,2016,6,16,4,3,2,6,0,0,0,1,0,0,0,0,689875084.0,5339027.0545,11.554192418,48.176090165,2,#fc8d62,car
73267,9,1,79,121,2016,6,16,4,3,5,7,0,0,1,0,0,0,0,0,666045.1862,5338532.3241,11.233711176,48.178316647,1,#66c2a5,bicycle
73269,9,1,84,131,2016,6,13,2,2,8,1,0,0,0,0,0,1,0,0,705525.6706,5339307.8724,11.764614657,48.173745442,4,#e78ac3,marker
73278,9,7,72,163,2016,6,18,2,3,9,1,0,1,0,1,0,0,0,1,639170349.0,5350568.9532,10.876354114,48.293005477,2,#fc8d62,car
73287,9,1,73,120,2016,6,7,5,3,5,3,0,1,0,1,0,0,0,0,686358124.0,5315755269.0,11.49678378,47.967953145,2,#fc8d62,car
73290,9,7,78,134,2016,6,4,7,3,9,7,2,0,0,1,0,0,0,1,616377.5765,5339577.0504,10.566161714,48.198753192,2,#fc8d62,car
73306,9,1,85,158,2016,6,14,6,3,0,1,0,0,1,0,0,0,0,0,668408.5393,5382280.0622,11.283001827,48.570965097,1,#66c2a5,bicycle
73308,9,1,79,142,2016,6,14,1,3,0,6,0,0,0,1,0,0,0,0,677389.3042,5342411.8879,11.387804797,48.210124796,2,#fc8d62,car
73313,9,1,87,122,2016,6,6,5,3,9,6,0,1,0,1,0,0,0,0,722215.2069,5306815.6217,11.971964236,47.87618843,2,#fc8d62,car
73324,9,1,75,139,2016,6,16,3,3,0,3,0,0,1,1,0,0,0,0,710406626.0,5328386036.0,11.824797796,48.074004522,1,#66c2a5,bicycle
73327,9,7,61,0,2016,6,15,2,2,4,2,0,0,0,1,0,0,0,0,640990.3507,5360401.8613,10.904168999,48.381017088,2,#fc8d62,car
73333,9,1,77,139,2016,6,14,2,3,4,6,0,0,0,1,0,0,0,0,731536.7755,5359301.3346,12.124931451,48.344413945,2,#fc8d62,car
73334,9,1,87,117,2016,6,17,3,3,0,3,0,0,1,1,0,0,0,0,727105.6745,5304553.2196,12.03608827,47.854150683,1,#66c2a5,bicycle
73337,9,1,75,124,2016,6,18,4,3,0,1,0,0,1,0,0,0,0,0,712775187.0,5329385.0218,11.857053365,48.08219553,1,#66c2a5,bicycle
73339,9,1,84,123,2016,6,16,4,3,3,6,0,0,0,1,0,0,1,0,705127.9387,5332233.4308,11.755863407,48.110299237,2,#fc8d62,car
73348,9,1,84,122,2016,6,15,2,2,0,1,0,0,1,0,0,0,0,0,687782.6759,5324056.53,11.519484042,48.042152581,1,#66c2a5,bicycle
73354,9,2,61,0,2016,6,12,2,3,0,2,0,0,1,1,0,0,0,0,732584915.0,5382868739.0,12.152144092,48.555732818,1,#66c2a5,bicycle
73357,9,1,88,139,2016,6,9,3,3,9,6,0,0,0,1,0,0,0,0,679587.0685,5320430.1872,11.408106541,48.011912685,2,#fc8d62,car
73359,9,1,74,113,2016,6,11,3,3,5,3,0,0,0,1,0,0,0,0,677501.7413,5346721.3237,11.391121873,48.248830831,2,#fc8d62,car
73362,9,7,71,146,2016,6,6,2,3,4,7,0,0,0,1,0,0,1,0,644412.1375,5347805.7588,10.946040288,48.266985632,2,#fc8d62,car
73364,9,1,62,0,2016,6,6,3,3,2,6,0,0,0,1,0,0,0,0,682007.0011,5338173.6403,11.448088302,48.170721334,2,#fc8d62,car
73373,9,1,90,138,2016,6,18,2,3,6,4,0,0,0,1,1,0,0,0,662646.0925,5308018.3795,11.176427712,47.904857537,2,#fc8d62,car
73374,9,1,84,142,2016,6,18,2,3,4,2,0,0,0,1,0,0,0,0,684551963.0,5316334867.0,11.472857555,47.973686345,2,#fc8d62,car
73376,9,1,88,126,2016,6,15,4,2,5,3,0,0,0,1,0,1,0,0,658710.4207,5327210498.0,11.130896387,48.078399509,2,#fc8d62,car
73383,9,1,77,139,2016,6,14,2,3,0,6,0,0,0,1,0,0,1,0,730906.3022,5359247.3707,12.116405802,48.344159882,2,#fc8d62,car
73390,9,7,72,151,2016,6,15,3,3,5,3,0,0,0,1,0,1,0,0,633568.4406,5342696.9894,10.798381104,48.223425331,2,#fc8d62,car
73394,9,1,75,135,2016,6,22,4,3,0,7,2,0,1,0,0,0,0,0,708540672.0,5339110.3857,11.80502381,48.170988726,1,#66c2a5,bicycle
73403,9,1,73,118,2016,6,16,2,3,6,4,0,0,1,0,1,0,0,0,696793.6211,5308690355.0,11.633219066,47.901332423,1,#66c2a5,bicycle
73405,9,1,84,131,2016,6,22,3,2,2,6,2,0,0,1,0,0,1,0,704830.7028,5339116.1027,11.755185185,48.172246453,2,#fc8d62,car
73412,9,1,62,0,2016,6,13,2,3,3,6,0,0,1,1,0,0,0,0,695013.5047,5333242.1095,11.620589949,48.122541861,1,#66c2a5,bicycle
73415,9,1,81,138,2016,6,23,3,2,8,1,2,0,0,1,0,0,0,0,639343.4486,5334687.3345,10.873466505,48.150159715,2,#fc8d62,car
73429,9,1,83,119,2016,6,9,3,3,0,3,0,0,0,1,0,0,0,0,737645.8164,5339691.6994,12.19624069,48.165998005,2,#fc8d62,car
73431,9,1,62,0,2016,6,18,3,3,3,6,0,0,0,1,0,0,1,0,694954813.0,5344406351.0,11.624921735,48.222898247,2,#fc8d62,car
73433,9,1,85,158,2016,6,13,4,3,2,6,0,0,1,0,0,0,1,0,666323.9142,5381016.1295,11.254259639,48.560159869,1,#66c2a5,bicycle
73434,9,7,61,0,2016,6,7,2,3,1,1,0,0,0,1,0,0,0,0,641025.5618,5360560.3378,10.904697456,48.382434177,2,#fc8d62,car
73441,9,7,61,0,2016,6,17,3,3,5,3,0,0,1,0,0,0,0,0,640525.5194,5360240.5459,10.897840792,48.379670306,1,#66c2a5,bicycle
73443,9,1,82,120,2016,6,14,2,3,2,6,0,0,0,1,0,0,0,0,701668.0533,5306767.1121,11.697469595,47.882534032,2,#fc8d62,car
73445,9,1,78,125,2016,6,16,4,3,5,3,0,0,1,0,0,1,0,0,717533437.0,5381995861.0,11.947991615,48.553291946,1,#66c2a5,bicycle
73447,9,1,84,114,2016,6,17,4,3,2,6,0,0,0,1,0,0,0,0,699321.3386,5323651.6924,11.67394046,48.035016518,2,#fc8d62,car
73453,9,1,87,182,2016,6,13,4,3,1,6,0,0,0,1,0,0,0,0,737517.9054,5327684702.0,12.187838028,48.05818645,2,#fc8d62,car
73456,9,1,62,0,2016,6,14,2,3,2,2,0,0,0,1,0,1,0,0,683999.4607,5335416.6961,11.47366983,48.145366768,2,#fc8d62,car
73458,9,1,84,120,2016,6,17,3,3,2,6,2,0,0,1,0,0,0,1,680728.9585,5333445511.0,11.428906517,48.128585574,2,#fc8d62,car
73465,9,1,81,126,2016,6,21,2,2,8,1,1,0,0,1,0,0,0,0,636630.9903,5330176.8625,10.835570775,48.110188463,2,#fc8d62,car
73466,9,1,81,114,2016,6,14,3,3,0,1,0,0,1,0,0,0,0,0,656416323.0,5312777.6976,11.094851625,47.949199251,1,#66c2a5,bicycle
73467,9,1,81,130,2016,6,16,2,3,5,3,0,0,1,1,0,0,0,0,639366.4803,5322923.9873,10.869934987,48.044375982,1,#66c2a5,bicycle
73469,9,7,72,157,2016,6,11,2,3,0,1,0,0,1,0,0,0,0,0,627630899.0,5335313.3984,10.71625624,48.158248321,1,#66c2a5,bicycle
73478,9,2,61,0,2016,6,22,4,3,0,1,2,0,1,0,0,0,0,0,732275.2156,5380654.7342,12.146719039,48.53595975,1,#66c2a5,bicycle
73481,9,1,88,132,2016,6,14,2,3,2,6,0,0,0,1,0,0,1,0,666891.4117,5325888.4557,11.240135892,48.064425352,2,#fc8d62,car
73482,9,1,62,0,2016,6,16,2,3,5,3,0,0,1,1,0,0,0,0,684331.2769,5335411.2053,11.478124031,48.145221357,1,#66c2a5,bicycle
73493,9,1,88,124,2016,6,14,2,1,5,2,0,0,0,1,0,0,0,0,662334.0187,5318456.6381,11.176193376,47.998784642,2,#fc8d62,car
73497,9,7,71,111,2016,6,22,3,2,8,6,2,0,0,1,0,0,0,0,657902995.0,5358002.9705,11.131529295,48.355444199,2,#fc8d62,car
73499,9,1,88,121,2016,6,18,2,3,2,6,0,0,0,1,0,0,0,0,671597383.0,5330639237.0,11.305159143,48.105885327,2,#fc8d62,car
73501,9,1,62,0,2016,6,8,4,3,3,6,0,0,0,1,0,1,0,0,694238.7535,5340712.7098,11.613600273,48.189921323,2,#fc8d62,car
73508,9,1,79,123,2016,6,5,2,3,5,3,0,0,0,1,0,0,0,1,675947.6725,5333555.1321,11.36475123,48.130910605,2,#fc8d62,car
73510,9,1,84,141,2016,6,8,3,3,2,6,0,0,0,1,0,0,1,0,697040.4354,5319350.3672,11.641398901,47.997065804,2,#fc8d62,car
73514,9,1,79,121,2016,6,12,2,3,0,3,0,0,1,1,0,0,0,0,667458.5544,5339103.6591,11.252934387,48.183082003,1,#66c2a5,bicycle
73518,9,1,74,135,2016,6,17,2,3,2,6,0,0,0,1,0,0,0,0,662962.8279,5352967.7596,11.19783326,48.308892023,2,#fc8d62,car
73519,9,1,84,145,2016,6,10,2,3,2,6,0,0,0,1,0,0,0,0,696057.8507,5324231.7969,11.630473807,48.041240493,2,#fc8d62,car
73521,9,1,81,130,2016,6,15,3,3,2,6,0,0,0,1,0,0,0,0,639076.2338,5325316.5756,10.866820602,48.065954206,2,#fc8d62,car
73522,9,1,77,135,2016,6,16,2,3,2,6,0,0,0,1,0,0,0,1,719163506.0,5344327.5843,11.950409202,48.214291478,2,#fc8d62,car
73528,9,7,77,130,2016,6,14,3,3,4,1,0,0,0,1,0,0,0,0,625687674.0,5313411.5782,10.683700784,47.961668253,2,#fc8d62,car
73530,9,1,77,116,2016,6,18,2,3,2,6,0,0,0,1,0,0,0,0,711599.8356,5364386.8651,11.858775932,48.397101576,2,#fc8d62,car
73531,9,1,84,137,2016,6,18,2,3,5,3,0,0,1,1,0,0,0,0,707581.2318,5313813.8545,11.779860545,47.943976804,1,#66c2a5,bicycle
73533,9,1,81,114,2016,6,17,4,2,0,1,0,0,0,0,0,1,0,0,657046.8178,5313252016.0,11.10346297,47.953309654,4,#e78ac3,marker
73537,9,1,78,120,2016,6,7,3,3,9,6,0,0,0,1,0,0,0,0,696065.7486,5350340.9259,11.642611599,48.275891279,2,#fc8d62,car
73540,9,7,61,0,2016,6,11,2,3,5,3,0,0,1,1,0,0,0,0,636925.5599,5359576.4315,10.84903257,48.374490226,1,#66c2a5,bicycle
73547,9,7,72,149,2016,6,7,3,3,5,3,0,1,0,1,0,0,1,0,634611.9389,5340081.7826,10.811593668,48.199687903,2,#fc8d62,car
73548,9,1,82,120,2016,6,13,3,3,5,3,0,0,1,1,0,0,0,0,702456.8556,5307512.7196,11.708357847,47.888986793,1,#66c2a5,bicycle
73549,9,1,77,116,2016,6,16,2,3,2,6,0,0,0,1,0,0,0,0,714065.2299,5365556.9638,11.892636793,48.406783013,2,#fc8d62,car
73551,9,1,75,127,2016,6,7,2,3,5,3,0,1,0,1,0,0,0,0,711726.2764,5341413.5387,11.848965435,48.190631266,2,#fc8d62,car
73558,9,1,82,123,2016,6,16,4,3,2,6,0,0,0,1,0,0,0,0,717345.5075,5301506.8514,11.904256038,47.830151192,2,#fc8d62,car
73560,9,1,78,155,2016,6,16,2,2,5,3,0,0,0,1,0,0,0,0,716070.9696,5375067.6698,11.924610519,48.49155029,2,#fc8d62,car
73563,9,1,62,0,2016,6,17,2,2,5,2,0,0,0,1,0,1,0,0,692108301.0,5342054773.0,11.585571432,48.202631305,2,#fc8d62,car
73566,9,1,78,136,2016,6,18,2,3,5,6,0,0,0,1,0,0,0,1,698413.3886,5370806.1958,11.683871098,48.45907668,2,#fc8d62,car
73569,9,1,78,124,2016,6,16,2,3,5,3,0,0,0,1,0,0,0,1,701371.7029,5359709.5886,11.718516461,48.358418556,2,#fc8d62,car
73572,9,1,75,115,2016,6,17,2,3,5,3,0,0,0,1,0,1,0,0,721206.6265,5329244.5717,11.970039723,48.078064498,2,#fc8d62,car
73573,9,1,88,132,2016,6,17,3,3,5,3,0,0,0,1,0,0,0,0,664758.6229,5323318.1452,11.210540571,48.041871646,2,#fc8d62,car
73574,9,1,75,121,2016,6,15,2,2,8,1,0,0,0,0,0,1,0,0,712959.7952,5319741.3751,11.854733647,47.995476793,4,#e78ac3,marker
73575,9,7,72,111,2016,6,19,2,3,1,7,0,0,0,1,0,0,0,0,627248593.0,5364852961.0,10.720018345,48.423965121,2,#fc8d62,car
73583,9,7,73,139,2016,6,16,3,3,2,2,0,0,0,1,0,0,0,0,615519.1411,5385518.6176,10.567259675,48.612071987,2,#fc8d62,car
73585,9,1,74,113,2016,6,21,5,3,2,6,1,0,0,1,0,0,0,0,669695.8801,5348944.1241,11.286949816,48.270950847,2,#fc8d62,car
73591,9,1,81,146,2016,6,16,6,3,2,6,0,0,0,1,0,0,0,0,651625.7917,5326408.6435,11.035555085,48.072913897,2,#fc8d62,car
73599,9,1,84,138,2016,6,18,4,3,5,3,0,0,1,1,0,0,0,0,680867397.0,5330718.38,11.429608616,48.10403234,1,#66c2a5,bicycle
73604,9,1,62,0,2016,6,19,5,3,5,2,0,0,1,1,0,0,0,0,692895.8117,5331258.5306,11.591265622,48.105358979,1,#66c2a5,bicycle
73607,9,1,75,127,2016,6,9,6,3,0,3,0,0,0,1,0,0,0,1,713231035.0,5341258.4154,11.869109176,48.188734062,2,#fc8d62,car
73615,9,1,62,0,2016,6,16,4,3,0,7,0,0,1,1,0,0,0,0,694486.9594,5340791.6446,11.616972566,48.190554801,1,#66c2a5,bicycle
73617,9,1,84,130,2016,6,11,5,3,6,2,0,0,0,1,1,0,0,0,698138.0194,5344416.9104,11.667738334,48.222007076,2,#fc8d62,car
73622,9,7,72,200,2016,6,17,5,3,5,3,0,0,1,1,0,0,0,0,630629.5775,5336115.3877,10.75680643,48.164851343,1,#66c2a5,bicycle
73624,9,1,84,120,2016,6,18,5,3,3,6,0,0,0,1,0,1,0,0,680817.7824,5333401.0211,11.430080275,48.128160434,2,#fc8d62,car
73640,9,1,79,114,2016,6,17,5,3,0,2,0,0,1,1,0,0,0,0,653460166.0,5344332.8028,11.066628828,48.233633121,1,#66c2a5,bicycle
73641,9,1,78,130,2016,6,11,5,3,4,2,0,0,1,0,0,0,0,0,700320.1901,5354608.7932,11.70191262,48.312914004,1,#66c2a5,bicycle
73647,9,1,79,123,2016,6,16,6,3,8,1,0,0,0,0,0,1,0,0,676151.1181,5333610.8315,11.367506164,48.13135503,4,#e78ac3,marker
73655,9,1,84,119,2016,6,13,4,3,9,7,0,0,0,1,0,0,0,0,696355.5153,5346402.6995,11.644685383,48.240407956,2,#fc8d62,car
73659,9,1,73,147,2016,6,16,5,2,0,7,0,0,1,0,0,0,0,0,681215.0914,5309069.6022,11.425129595,47.909330995,1,#66c2a5,bicycle
73660,9,1,84,149,2016,6,22,5,2,2,6,2,0,0,1,0,0,0,0,688329.1726,5348908.3736,11.537806989,48.265363665,2,#fc8d62,car
73661,9,1,77,117,2016,6,13,5,3,2,6,0,0,0,1,0,1,0,1,715980.1498,5355094.6886,11.913108977,48.312126795,2,#fc8d62,car
73663,9,7,61,0,2016,6,16,4,3,2,6,0,0,0,1,0,0,0,0,637982.6773,5353392.8062,10.861273573,48.318657516,2,#fc8d62,car
73667,9,1,78,124,2016,6,19,6,3,0,7,0,0,1,0,0,0,0,0,702266.1667,5366726.8053,11.733955776,48.421191746,1,#66c2a5,bicycle
73672,9,2,74,194,2016,6,6,5,3,5,3,0,0,1,0,0,0,0,0,722772.5575,5378089.1838,12.016802435,48.516356143,1,#66c2a5,bicycle
73673,9,1,84,114,2016,6,16,5,3,2,6,0,0,0,1,0,0,0,0,700287.7663,5317557.7601,11.684045396,47.979946285,2,#fc8d62,car
73675,9,1,62,0,2016,6,16,4,3,5,3,0,0,1,1,0,0,0,0,689035.7918,5331678.3802,11.539651435,48.110289744,1,#66c2a5,bicycle
73680,9,1,62,0,2016,6,20,5,3,2,6,0,0,0,1,0,1,0,0,699214.2109,5333048.8574,11.676885487,48.119504624,2,#fc8d62,car
73682,9,7,61,0,2016,6,18,5,3,4,2,0,0,1,1,0,0,0,0,638631.7993,5361229.3022,10.872606036,48.388979933,1,#66c2a5,bicycle
73685,9,1,74,113,2016,6,20,5,3,2,6,0,0,0,1,0,0,0,0,671346.6639,5347066.3646,11.30841778,48.253626361,2,#fc8d62,car
73697,9,1,81,139,2016,6,11,5,3,6,4,0,0,0,0,1,0,1,0,655817.9066,5324330.1663,11.091037968,48.053215649,3,#8da0cb,toilet
73698,9,1,77,117,2016,6,21,5,3,0,6,1,0,0,1,0,0,0,0,715955.3318,5352178.9275,11.911283427,48.28593691,2,#fc8d62,car
73700,9,7,72,177,2016,6,21,4,1,4,6,1,0,0,1,0,0,0,0,637555.2927,5380319.3572,10.864353425,48.560867452,2,#fc8d62,car
73704,9,1,74,115,2016,6,8,6,3,5,2,0,0,1,1,0,0,0,0,683374.4071,5348787.7805,11.471052733,48.265733323,1,#66c2a5,bicycle
73717,9,1,84,129,2016,6,17,4,3,5,3,0,0,1,1,0,0,0,0,701197.1668,5325146.0303,11.699778465,48.047858135,1,#66c2a5,bicycle
73723,9,1,62,0,2016,6,16,5,3,2,6,0,0,0,1,0,0,0,0,693541.5241,5331542.5387,11.600059384,48.107715734,2,#fc8d62,car
73724,9,1,85,158,2016,6,17,6,3,1,6,0,0,0,1,0,0,0,0,668953.0018,5381589.2408,11.290096049,48.564608702,2,#fc8d62,car
73734,9,1,84,135,2016,6,22,4,2,5,2,2,0,0,1,0,1,0,0,689439783.0,5347335735.0,11.552053455,48.250897908,2,#fc8d62,car
73736,9,1,84,139,2016,6,19,5,3,0,7,0,0,1,0,0,0,0,0,686845.9141,5324337.2572,11.507050505,48.044950724,1,#66c2a5,bicycle
73740,9,7,72,151,2016,6,20,5,2,4,1,0,0,0,0,0,1,0,0,622550.5167,5342826.9397,10.650138811,48.226818319,4,#e78ac3,marker
73750,9,1,62,0,2016,6,7,5,3,0,1,0,0,0,0,0,1,0,0,692668.5959,5330177.2393,11.587728433,48.095709262,4,#e78ac3,marker
73755,9,1,73,137,2016,6,6,5,3,4,6,0,0,0,1,0,0,0,0,677854.6791,5308341.8398,11.379898953,47.903729334,2,#fc8d62,car
73759,9,1,62,0,2016,6,18,5,3,2,6,0,0,0,1,0,0,0,0,686051.0316,5333308.5919,11.500303112,48.12582162,2,#fc8d62,car
73760,9,1,62,0,2016,6,17,5,3,9,6,0,0,0,1,0,1,0,0,688776.2328,5344554.7134,11.541884193,48.226100215,2,#fc8d62,car
73766,9,1,79,123,2016,6,20,6,3,8,1,0,0,0,1,0,0,0,0,676844.8139,5333351.9253,11.376713816,48.128835295,2,#fc8d62,car
73774,9,1,62,0,2016,6,15,4,3,3,6,0,0,0,1,0,1,0,0,688419.3137,5340190.4041,11.535145272,48.186979744,2,#fc8d62,car
73779,9,1,84,114,2016,6,12,5,3,2,6,0,0,0,1,0,0,0,0,699390248.0,5323725.7757,11.674898338,48.035660818,2,#fc8d62,car
73780,9,1,77,134,2016,6,22,5,2,0,6,2,0,0,1,0,1,0,0,712497.5312,5344169.0667,11.860709459,48.215133934,2,#fc8d62,car
73782,9,7,72,163,2016,6,18,4,3,5,3,0,0,0,1,0,0,0,0,640435.9569,5345905.5471,10.891858887,48.250793256,2,#fc8d62,car
73786,9,1,75,118,2016,6,15,6,3,2,2,0,0,1,1,0,0,0,0,714999.0911,5342199.9469,11.893344372,48.196598192,1,#66c2a5,bicycle
73794,9,1,62,0,2016,6,6,4,3,2,6,0,0,0,1,0,0,0,0,685448627.0,5335319.1147,11.493090713,48.144068875,2,#fc8d62,car
73796,9,1,84,119,2016,6,11,5,2,4,6,0,0,0,1,0,0,0,0,696922.1492,5346338.8063,11.652279114,48.239658018,2,#fc8d62,car
73799,9,1,87,117,2016,6,16,5,3,2,6,0,0,0,1,0,0,1,0,723799.0405,5304685.4197,11.992014327,47.856498383,2,#fc8d62,car
73800,9,7,72,160,2016,6,16,5,3,0,1,0,0,1,0,0,0,0,0,636681.5415,5342230.3595,10.840123628,48.218566189,1,#66c2a5,bicycle
73802,9,1,74,135,2016,6,17,5,3,0,7,0,0,0,1,0,0,0,0,663819767.0,5352727.8377,11.209288505,48.306513759,2,#fc8d62,car
73815,9,1,79,136,2016,6,17,5,2,5,3,0,0,1,1,0,0,0,0,661914.8225,5341911.3977,11.179478546,48.209761716,1,#66c2a5,bicycle
73816,9,1,78,145,2016,6,20,5,3,0,1,0,0,1,0,0,0,0,0,696636.3971,5354873.5145,11.652404971,48.316449081,1,#66c2a5,bicycle
73817,9,7,72,184,2016,6,19,4,3,0,1,0,0,0,0,0,1,0,0,635125197.0,5363776228.0,10.826084807,48.412642876,4,#e78ac3,marker
73822,9,1,81,115,2016,6,14,6,3,5,3,0,0,0,1,0,1,0,0,656256.0079,5326680.0454,11.097771774,48.074236415,2,#fc8d62,car
73837,9,1,62,0,2016,6,14,4,3,5,3,0,0,1,1,0,0,0,0,688067.0819,5334992.8929,11.528112708,48.140368092,1,#66c2a5,bicycle