OBJECTID,ULAND,UREGBEZ,UKREIS,UGEMEINDE,UJAHR,UMONAT,USTUNDE,UWOCHENTAG,UKATEGORIE,UART,UTYP1,ULICHTVERH,STRZUSTAND,IstRad,IstPKW,IstFuss,IstKrad,IstGkfz,IstSonstig,LINREFX,LINREFY,XGCSWGS84,YGCSWGS84,Teilnehmer,color,symbol
73843,9,1,77,123,2016,6,15,6,3,4,2,0,0,0,1,0,0,0,0,727268.1756,5344581.0613,12.059492578,48.213718662,2,#fc8d62,car
73848,9,1,87,177,2016,6,16,5,3,2,6,0,0,1,0,0,0,0,0,737856.5176,5305030.3737,12.179850814,47.854549039,1,#66c2a5,bicycle
73852,9,1,84,136,2016,6,8,4,2,4,2,0,0,0,1,0,1,0,1,697554.3948,5327758.3153,11.652158889,48.072473643,2,#fc8d62,car
73856,9,1,62,0,2016,6,21,5,3,6,6,0,0,1,0,1,0,0,0,692061131.0,5340629.4416,11.584292496,48.189835105,1,#66c2a5,bicycle
73857,9,7,72,163,2016,6,14,5,3,2,6,0,0,0,1,0,0,0,0,639037.6929,5350043.5359,10.874393612,48.288310132,2,#fc8d62,car
73858,9,1,87,130,2016,6,13,5,3,0,1,0,0,1,0,0,0,0,0,711922093.0,5309693917.0,11.835892896,47.905532894,1,#66c2a5,bicycle
73859,9,7,61,0,2016,6,13,5,3,0,1,0,0,1,0,0,0,0,0,638087896.0,5355634803.0,10.863426671,48.338794373,1,#66c2a5,bicycle
73874,9,1,73,120,2016,6,15,5,2,2,6,0,0,0,1,0,0,0,0,687606.2678,5308439.4213,11.510302594,47.901829089,2,#fc8d62,car
73875,9,1,74,135,2016,6,16,5,3,0,1,0,0,0,0,0,1,0,0,663025.9446,5353219.8819,11.198781263,48.311142355,4,#e78ac3,marker
73876,9,1,77,116,2016,6,13,5,2,5,2,0,0,0,1,0,1,0,0,714469742.0,5357013.37,11.893739636,48.329880456,2,#fc8d62,car
73878,9,7,72,171,2016,6,14,4,3,5,3,0,0,0,1,0,0,0,0,638384551.0,5372394766.0,10.872956428,48.489430658,2,#fc8d62,car
73889,9,1,82,133,2016,6,19,3,3,2,6,0,0,0,1,0,0,0,0,703762.9488,5308074.4213,11.726074785,47.89362164,2,#fc8d62,car
73892,9,1,75,139,2016,6,9,7,2,5,3,0,0,0,1,0,0,0,1,710628.8077,5332301.5849,11.829708179,48.109116568,2,#fc8d62,car
73893,9,1,88,121,2016,6,6,2,3,2,6,0,1,0,1,0,0,0,0,671528.5544,5329450.6917,11.303757613,48.095219143,2,#fc8d62,car
73895,9,1,84,134,2016,6,15,1,3,8,1,0,1,0,1,0,0,0,0,694008.6778,5323761.1109,11.602796719,48.037635979,2,#fc8d62,car
73896,9,7,77,172,2016,6,17,6,3,0,6,0,0,1,1,0,0,0,0,627071971.0,5301961674.0,10.698861887,47.858421846,1,#66c2a5,bicycle
73903,9,1,87,170,2016,6,6,3,3,9,7,0,0,0,1,0,0,0,0,733811.9532,5319705.4242,12.133824309,47.987871812,2,#fc8d62,car
73909,9,1,75,112,2016,6,12,7,2,8,1,0,0,0,0,0,1,0,0,721285.9728,5319062.7515,11.965844685,47.98655283,4,#e78ac3,marker
73910,9,1,86,152,2016,6,11,2,3,2,6,0,0,0,1,0,0,0,0,691433.2482,5373593.1392,11.590831053,48.486285888,2,#fc8d62,car
73912,9,1,78,145,2016,6,21,1,3,2,6,2,1,0,1,0,0,0,0,697364.2809,5356571.3855,11.663007056,48.331481026,2,#fc8d62,car
73920,9,1,84,149,2016,6,13,3,3,2,6,0,0,0,1,0,0,0,0,688782274.0,5349824.1717,11.544315279,48.273459895,2,#fc8d62,car
73930,9,1,90,140,2016,6,18,3,3,9,1,0,0,0,1,0,0,0,0,648516.2638,5302096.4884,10.985437988,47.855035328,2,#fc8d62,car
73936,9,1,62,0,2016,6,6,2,3,5,3,0,0,1,0,0,0,0,1,692537245.0,5339191.7737,11.590040616,48.176769649,1,#66c2a5,bicycle
73945,9,7,71,111,2016,6,17,7,3,8,1,0,1,0,1,0,0,0,0,657344.6041,5358755.1692,11.124278251,48.362346172,2,#fc8d62,car
73955,9,1,62,0,2016,6,13,6,3,3,6,0,0,0,1,0,0,1,0,690014.4115,5331944.0361,11.552903804,48.112386294,2,#fc8d62,car
73956,9,1,79,137,2016,6,14,2,2,4,6,0,0,0,0,0,1,1,0,655200371.0,5347086.7616,11.091057336,48.257969932,4,#e78ac3,marker
73959,9,7,77,128,2016,6,15,6,3,0,1,0,0,0,1,0,0,0,0,614666.3599,5303565.5363,10.533497971,47.875181257,2,#fc8d62,car
73960,9,1,62,0,2016,6,11,6,3,5,3,0,0,0,1,0,0,0,0,697592.2879,5330171.7776,11.653783299,48.094152652,2,#fc8d62,car
73975,9,1,62,0,2016,6,15,6,3,0,7,0,0,0,0,0,1,0,0,688441898.0,5334148689.0,11.532772647,48.13266935,4,#e78ac3,marker
73976,9,1,62,0,2016,6,12,1,3,0,1,0,1,0,0,0,1,0,0,693109.6221,5337639.3218,11.597027062,48.162643058,4,#e78ac3,marker
73979,9,1,84,122,2016,6,16,7,3,5,3,0,0,1,1,0,0,0,0,688415.4586,5324367.0988,11.528102231,48.04475766,1,#66c2a5,bicycle
73986,9,1,81,128,2016,6,16,3,3,5,3,0,0,1,1,0,0,0,0,638481.5537,5327330563.0,10.859495225,48.084194023,1,#66c2a5,bicycle
73987,9,1,75,133,2016,6,17,3,3,2,6,0,0,0,1,0,0,0,1,705894.3299,5340438.5937,11.770115419,48.183787216,2,#fc8d62,car
73993,9,7,62,0,2016,6,6,7,3,4,1,0,0,0,1,0,0,0,0,620700.3775,5304139.7177,10.614322445,47.879239424,2,#fc8d62,car
73997,9,1,62,0,2016,6,16,2,3,4,6,0,0,1,0,0,0,0,0,695502.5313,5330734.2982,11.62600495,48.099852817,1,#66c2a5,bicycle
74004,9,1,62,0,2016,6,10,6,3,6,4,0,0,0,1,1,0,0,0,693391.7595,5339292.1639,11.601569086,48.177412449,2,#fc8d62,car
74009,9,7,61,0,2016,6,19,6,2,9,6,0,0,0,1,0,1,0,0,639791.0969,5352976.9528,10.885516197,48.314520992,2,#fc8d62,car
74010,9,7,72,115,2016,6,13,7,3,5,3,0,0,0,1,0,0,0,0,617492713.0,5369434299.0,10.589488544,48.46706048,2,#fc8d62,car
74012,9,1,73,118,2016,6,3,7,3,8,7,2,0,0,1,0,0,0,0,687213.1919,5306778.67,11.504327804,47.887015833,2,#fc8d62,car
74024,9,1,84,129,2016,6,17,6,3,2,6,0,0,0,1,0,0,0,0,700170.6495,5323755.9315,11.685369933,48.03568771,2,#fc8d62,car
74025,9,1,74,135,2016,6,6,2,3,8,1,0,0,0,1,0,0,0,0,663580.7939,5352961.8014,11.206158873,48.308678943,2,#fc8d62,car
74028,9,7,72,157,2016,6,13,6,2,0,1,0,0,0,0,0,1,0,0,627792.6499,5335809754.0,10.718579422,48.162679497,4,#e78ac3,marker
74039,9,1,87,150,2016,6,7,3,3,2,6,0,0,0,1,0,0,1,0,728666.8613,5303472.9835,12.056357751,47.84389168,2,#fc8d62,car
74041,9,1,88,113,2016,6,14,2,2,8,7,0,0,0,1,0,0,0,0,680748.8838,5316741.9976,11.42211805,47.978431521,2,#fc8d62,car
74042,9,1,84,136,2016,6,7,6,3,4,6,0,0,1,0,0,0,0,0,698935.7195,5327303876.0,11.670470843,48.067960126,1,#66c2a5,bicycle
74043,9,1,74,115,2016,6,9,2,3,3,6,0,0,0,1,0,0,0,0,681042.0329,5347466.9728,11.43908754,48.254531941,2,#fc8d62,car
74045,9,1,77,126,2016,6,12,1,3,8,1,0,0,0,1,0,0,0,0,716831.9558,5367472.5527,11.930962608,48.42304864,2,#fc8d62,car
74050,9,1,78,124,2016,6,16,3,3,8,1,0,0,0,1,0,0,0,0,702466365.0,5362110.5188,11.734432658,48.379644151,2,#fc8d62,car
74054,9,1,84,112,2016,6,17,3,2,8,7,0,0,0,1,0,1,0,0,701488.5159,5340793.3198,11.711077168,48.188387583,2,#fc8d62,car
74055,9,1,84,148,2016,6,16,7,3,2,6,0,0,0,1,0,0,0,0,696812.8499,5326028.7427,11.641418671,48.057158344,2,#fc8d62,car
74062,9,1,87,177,2016,6,12,7,2,4,6,0,0,0,1,0,1,0,0,737005432.0,5303348.49,12.167569817,47.839753951,2,#fc8d62,car
74064,9,7,61,0,2016,6,14,2,3,3,1,0,0,0,1,0,1,0,0,642107888.0,5363221.1703,10.92020728,48.406116205,2,#fc8d62,car
74077,9,7,72,163,2016,6,14,7,3,2,6,0,0,0,1,0,0,0,0,638858.3724,5349344.4657,10.871747727,48.282063507,2,#fc8d62,car
74079,9,1,87,177,2016,6,11,7,3,5,3,0,0,0,1,0,0,0,0,736202395.0,5305710.1326,12.158143276,47.861265793,2,#fc8d62,car
74088,9,1,88,139,2016,6,21,2,2,5,2,2,0,0,1,0,1,0,0,671419235.0,5318693507.0,11.297982478,47.998543031,2,#fc8d62,car
74090,9,1,82,137,2016,6,15,1,2,4,2,0,0,0,1,0,0,0,0,709424.0873,5307756.0758,11.801566398,47.888938624,2,#fc8d62,car
74091,9,7,71,145,2016,6,17,6,1,8,1,0,0,0,0,0,1,0,0,647730.5237,5343521.2015,10.989234726,48.227696365,4,#e78ac3,marker
74093,9,1,87,150,2016,6,16,7,3,2,6,0,0,0,1,0,0,0,0,725652.9902,5304019.7857,12.016417598,47.849869458,2,#fc8d62,car
74096,9,2,74,182,2016,6,2,1,3,5,3,2,0,0,1,0,0,0,0,729056.1865,5378112721.0,12.101780632,48.514307479,2,#fc8d62,car
74097,9,7,61,0,2016,6,16,6,3,2,1,0,0,0,1,0,0,0,0,644082.8197,5358935.6087,10.945407594,48.367134744,2,#fc8d62,car
74102,9,1,87,177,2016,6,19,3,3,5,3,0,0,0,1,0,0,0,0,736090965.0,5304328006.0,12.155901451,47.848890063,2,#fc8d62,car
74107,9,1,73,147,2016,6,17,2,3,3,6,0,0,0,1,0,0,0,0,680141.8052,5307852.5213,11.410271169,47.898692539,2,#fc8d62,car
74109,9,1,75,115,2016,6,13,2,2,9,1,0,0,0,1,0,0,0,0,719307.15,5334130.7673,11.947081872,48.122623601,2,#fc8d62,car
74111,9,1,62,0,2016,6,4,7,3,5,3,1,0,0,1,0,0,0,0,685480.2439,5335315.3806,11.493513712,48.144026095,2,#fc8d62,car
74115,9,1,81,127,2016,6,9,3,3,2,6,0,0,0,1,0,0,0,1,632094142.0,5322263484.0,10.772205051,48.039982574,2,#fc8d62,car
74118,9,1,75,135,2016,6,11,3,2,5,3,0,0,1,1,0,0,0,0,707919.4527,5338870.6508,11.796561077,48.169037926,1,#66c2a5,bicycle
74125,9,1,86,152,2016,6,15,7,3,2,6,0,0,0,1,0,0,0,0,690775.9902,5377559.4651,11.583757666,48.522132023,2,#fc8d62,car
74128,9,1,62,0,2016,6,12,2,3,4,2,0,0,1,1,0,0,0,0,690059.4161,5339293.6915,11.556788719,48.178431581,1,#66c2a5,bicycle
74131,9,7,62,0,2016,6,10,2,3,3,1,0,0,1,1,0,0,0,0,620757601.0,5304448784.0,10.615173896,47.882008342,1,#66c2a5,bicycle
74138,9,7,61,0,2016,6,14,7,3,5,3,0,0,1,1,0,0,0,0,641527.8188,5353494.6455,10.909101568,48.318789613,1,#66c2a5,bicycle
74145,9,1,87,117,2016,6,7,3,3,2,6,0,0,0,1,0,0,0,0,726338.6391,5305102.0401,12.026136061,47.859352315,2,#fc8d62,car
74158,9,7,71,156,2016,6,13,1,3,5,3,0,0,0,1,0,1,0,0,651939.8767,5379567.6419,11.058915293,48.550788253,2,#fc8d62,car
74169,9,1,84,149,2016,6,18,1,2,5,3,0,1,0,1,0,0,0,0,691265.8252,5352296492.0,11.578871469,48.294935036,2,#fc8d62,car
74171,9,1,62,0,2016,6,12,7,3,1,6,0,0,0,1,0,1,0,0,699702.3263,5332943.6593,11.683387681,48.118406303,2,#fc8d62,car
74172,9,1,74,115,2016,6,14,2,3,3,6,0,0,0,1,0,1,0,0,681784.5451,5345568.6981,11.448266595,48.23725661,2,#fc8d62,car
74174,9,1,86,146,2016,6,11,1,3,4,1,0,0,0,1,0,0,0,0,681678.2575,5367592.0357,11.456332834,48.435241928,2,#fc8d62,car
74176,9,1,81,127,2016,6,11,7,2,2,6,0,0,0,1,0,0,0,1,634679323.0,5322818841.0,10.807045442,48.044436585,2,#fc8d62,car
74179,9,1,88,120,2016,6,13,3,3,0,1,0,0,1,0,0,0,0,0,677200.3551,5326549.9017,11.378664032,48.067591251,1,#66c2a5,bicycle
74181,9,1,78,116,2016,6,19,3,3,4,1,0,0,0,1,0,0,0,0,699302972.0,5383487798.0,11.701947941,48.572757311,2,#fc8d62,car
74182,9,1,88,139,2016,6,15,7,3,3,6,0,0,1,0,0,1,0,0,674421.7381,5318395.7754,11.338077512,47.995054543,1,#66c2a5,bicycle
74187,9,1,88,139,2016,6,11,7,3,5,2,0,0,1,1,0,0,0,0,667796.1567,5317045.2591,11.248807789,47.984685917,1,#66c2a5,bicycle
74191,9,1,88,120,2016,6,14,7,3,2,6,0,0,1,1,0,0,0,0,677203892.0,5326241.6179,11.378583705,48.064819006,1,#66c2a5,bicycle
74193,9,1,75,133,2016,6,17,7,2,8,1,0,0,0,1,0,0,0,0,710867411.0,5341447105.0,11.837440039,48.191218577,2,#fc8d62,car
74205,9,7,72,200,2016,6,13,7,3,5,3,0,0,1,1,0,0,0,0,632127.1,5336631956.0,10.777096785,48.16918712,1,#66c2a5,bicycle
74211,9,7,77,140,2016,7,17,6,2,4,1,0,0,0,1,0,1,0,0,629242.0928,5314134.2442,10.731510516,47.967459563,2,#fc8d62,car
74215,9,1,75,122,2016,6,7,5,3,2,2,0,1,0,1,0,1,0,0,719184.0274,5325376.0186,11.940938245,48.044003067,2,#fc8d62,car
74220,9,1,81,123,2016,7,19,6,1,8,1,0,0,0,0,0,1,0,0,654207.7618,5326353.4589,11.070174507,48.071798612,4,#e78ac3,marker
74223,9,7,71,163,2016,6,18,3,2,8,1,0,0,0,0,0,1,0,0,644842.3786,5344486257.0,10.950698551,48.237039871,4,#e78ac3,marker
74228,9,1,79,123,2016,7,9,7,3,5,3,0,0,1,1,0,0,0,0,673678.0476,5331479.2513,11.333427938,48.112872807,1,#66c2a5,bicycle
74229,9,1,62,0,2016,6,16,4,3,2,6,0,0,0,1,0,1,0,0,694561.9373,5335721.7525,11.615660754,48.144966037,2,#fc8d62,car
74231,9,7,71,130,2016,7,17,6,3,2,6,0,0,0,1,0,0,0,0,646438.2794,5362837.2915,10.978551228,48.401673552,2,#fc8d62,car
74233,9,1,87,179,2016,7,10,7,3,4,2,0,0,0,1,0,1,0,0,723330.8014,5309246.5067,11.988120732,47.897643271,2,#fc8d62,car
74235,9,1,62,0,2016,6,15,4,3,0,7,0,0,0,0,0,1,0,0,681785.4912,5335374.3789,11.443915641,48.145622892,4,#e78ac3,marker
74236,9,1,62,0,2016,7,1,6,3,0,7,2,0,1,0,0,0,0,0,692790.0282,5331215.8602,11.589826806,48.105007486,1,#66c2a5,bicycle
74241,9,1,75,135,2016,7,9,6,3,3,7,0,0,0,1,0,0,0,1,709066136.0,5338895.7811,11.811977348,48.168887666,2,#fc8d62,car
74242,9,7,72,130,2016,6,23,5,3,0,7,0,0,1,0,0,0,0,0,631986.9529,5357621.6531,10.781762731,48.357964686,1,#66c2a5,bicycle
74246,9,1,74,126,2016,6,11,5,3,2,6,0,1,0,1,0,0,0,0,684189.8354,5345183.5525,11.480462186,48.233100706,2,#fc8d62,car
74248,9,1,62,0,2016,6,7,4,3,0,7,0,0,1,0,0,0,0,1,694917329.0,5334875.4421,11.620046055,48.137250999,1,#66c2a5,bicycle
74258,9,1,62,0,2016,6,7,4,3,4,2,0,0,0,1,0,1,0,0,695550.0233,5338551.2476,11.630230363,48.170093052,2,#fc8d62,car
74265,9,7,62,0,2016,7,14,6,3,2,6,0,0,0,1,0,1,0,0,621038.4975,5304567.4737,10.618962701,47.883022909,2,#fc8d62,car
74266,9,7,72,186,2016,7,7,6,2,5,3,0,0,1,0,0,0,1,0,637777.5619,5344172.9644,10.855502721,48.235797245,1,#66c2a5,bicycle
74267,9,2,61,0,2016,6,16,4,3,3,2,0,0,1,1,0,0,0,0,734858597.0,5381975.9774,12.182405802,48.546866428,1,#66c2a5,bicycle
74269,9,7,77,121,2016,6,19,4,3,3,6,0,0,0,1,0,0,0,0,629541.6079,5321239.2127,10.737666318,48.031294353,2,#fc8d62,car
74288,9,1,86,152,2016,7,16,7,3,2,6,0,0,0,1,0,0,0,0,691334.2831,5373350.2309,11.589381892,48.484132945,2,#fc8d62,car
74292,9,1,87,164,2016,6,15,5,3,2,2,0,0,0,1,0,0,0,0,735476616.0,5321090.2244,12.156860631,47.999701687,2,#fc8d62,car
74293,9,1,74,115,2016,7,14,6,3,2,6,0,0,0,1,0,0,0,0,682415.7798,5350679.3221,11.45896335,48.283012137,2,#fc8d62,car
74294,9,7,72,163,2016,6,18,5,3,2,6,0,1,0,1,0,0,0,0,638889.6607,5349419.2823,10.872193838,48.282729389,2,#fc8d62,car
74296,9,7,61,0,2016,6,6,3,3,0,3,0,0,1,1,0,0,0,0,643478.0617,5361445243.0,10.938103677,48.389837731,1,#66c2a5,bicycle
74298,9,1,63,0,2016,6,22,5,3,4,2,2,1,0,1,0,0,0,0,734275.3942,5304526.6161,12.131777306,47.851338551,2,#fc8d62,car
74299,9,1,79,123,2016,7,6,6,3,0,7,0,0,0,0,0,1,0,0,678733.1302,5332845.5526,11.401856562,48.123756049,4,#e78ac3,marker
74303,9,7,61,0,2016,6,6,3,2,5,3,0,0,1,0,0,0,0,0,643016.9173,5357580.3636,10.930563608,48.355191466,1,#66c2a5,bicycle
74307,9,7,72,159,2016,7,13,6,3,4,3,0,0,1,1,0,0,0,0,625438.2248,5358948.0272,10.693794693,48.371227394,1,#66c2a5,bicycle
74312,9,1,84,119,2016,7,15,6,3,1,6,0,0,0,1,0,0,0,0,697590.2674,5349522.4076,11.662753905,48.268061419,2,#fc8d62,car
74316,9,1,78,142,2016,7,6,6,3,8,7,0,0,0,1,0,0,0,0,713839.6485,5375781.2194,11.894814272,48.498724513,2,#fc8d62,car
74317,9,7,71,130,2016,6,8,5,3,5,3,0,1,0,1,0,1,0,0,647104162.0,5357329444.0,10.985615035,48.351996479,2,#fc8d62,car
74322,9,1,75,132,2016,6,16,5,3,5,3,0,0,0,1,0,0,0,0,707797.2662,5333560.4553,11.792328145,48.121359122,2,#fc8d62,car
74328,9,1,79,145,2016,6,14,5,3,5,3,0,0,0,1,0,0,0,0,673750.8294,5336227.8465,11.336341737,48.155540421,2,#fc8d62,car
74330,9,1,74,126,2016,7,13,7,3,1,6,0,1,0,1,0,0,0,0,683231.8092,5344341548.0,11.467208976,48.225809875,2,#fc8d62,car
74337,9,7,77,158,2016,6,11,4,2,8,1,0,0,0,0,0,1,0,0,618205803.0,5312504989.0,10.583265989,47.95493985,4,#e78ac3,marker
74353,9,1,82,120,2016,6,13,5,3,2,6,0,0,0,1,0,0,1,0,701644.2006,5306822.3598,11.697176706,47.883038056,2,#fc8d62,car
74355,9,1,75,137,2016,7,12,6,3,2,6,0,0,0,1,0,0,0,0,727039.2982,5330153.6083,12.048721893,48.084181878,2,#fc8d62,car
74358,9,7,61,0,2016,6,10,3,3,0,1,0,0,1,0,0,0,0,0,641203.9075,5355546.4918,10.90542217,48.337311606,1,#66c2a5,bicycle
74362,9,7,71,122,2016,7,17,6,3,2,6,0,0,0,1,0,0,0,0,648931.7511,5362687.07,11.012166204,48.399738804,2,#fc8d62,car
74364,9,1,82,136,2016,7,14,7,3,8,1,0,1,0,1,0,0,0,0,703238.8316,5303258583.0,11.716806114,47.850506663,2,#fc8d62,car
74369,9,7,61,0,2016,7,6,6,3,5,3,0,0,1,1,0,0,0,0,640836788.0,5360481.3731,10.902122868,48.381766328,1,#66c2a5,bicycle
74372,9,2,74,126,2016,7,17,6,3,5,2,0,0,0,1,0,0,0,0,733414.2282,5382635.0299,12.16323467,48.553325436,2,#fc8d62,car
74376,9,1,81,131,2016,7,15,6,3,5,3,0,0,1,1,0,0,0,0,634362.9548,5334358.3365,10.80643529,48.148272946,1,#66c2a5,bicycle
74379,9,7,61,0,2016,6,10,3,3,2,6,0,0,0,1,0,0,0,1,637517.5552,5352307.9028,10.854649178,48.309003429,2,#fc8d62,car
74381,9,1,87,170,2016,6,16,4,2,0,1,0,0,1,0,0,0,0,0,732219.8931,5319894.2589,12.112620459,47.99014814,1,#66c2a5,bicycle
74383,9,7,71,111,2016,7,23,6,3,5,3,2,0,0,1,0,0,0,0,659403361.0,5359381634.0,11.152290253,48.367461799,2,#fc8d62,car
74385,9,1,81,121,2016,7,20,7,3,5,3,0,1,0,1,0,0,0,1,636334914.0,5310885066.0,10.825457669,47.936769221,2,#fc8d62,car
74389,9,7,61,0,2016,6,21,5,3,5,3,2,0,0,1,0,0,0,0,642784.6522,5359800.1687,10.928183666,48.375203437,2,#fc8d62,car
74391,9,1,62,0,2016,7,13,6,3,2,6,0,0,0,1,0,1,0,0,692067.6846,5340445.4441,11.584297384,48.188179404,2,#fc8d62,car
74393,9,1,85,158,2016,7,13,6,3,5,3,0,0,1,1,0,0,0,0,666243.9967,5381455.6639,11.253352945,48.564132187,1,#66c2a5,bicycle
74396,9,1,78,143,2016,7,13,6,3,2,6,0,0,0,1,0,0,0,0,721054.9278,5373969362.0,11.991394919,48.479950068,2,#fc8d62,car
74397,9,7,72,147,2016,6,23,5,2,9,1,2,1,0,1,0,0,0,0,634237.0063,5364485.3879,10.81431501,48.419209477,2,#fc8d62,car
74401,9,1,79,123,2016,6,5,5,3,5,3,1,1,0,1,0,0,0,0,675955.0083,5333557.1976,11.364850589,48.130927145,2,#fc8d62,car
74403,9,7,73,143,2016,6,14,4,3,4,3,0,0,0,1,0,0,0,0,625106.5859,5376804.2886,10.694654905,48.531866541,2,#fc8d62,car
74410,9,7,72,202,2016,6,12,4,3,2,6,0,0,0,1,0,0,1,0,637242077.0,5358210.9271,10.852858857,48.362142991,2,#fc8d62,car
74416,9,1,87,142,2016,7,1,7,3,8,1,2,1,0,1,0,0,0,0,733366.5032,5309107.5679,12.122119481,47.892824539,2,#fc8d62,car
74421,9,1,81,130,2016,6,7,4,3,3,2,0,1,1,1,0,0,0,0,638969236.0,5322675292.0,10.864527196,48.042226232,1,#66c2a5,bicycle
74423,9,7,72,131,2016,6,5,4,3,0,7,0,0,0,0,0,1,0,0,621690.8416,5356970.0654,10.642643487,48.354173497,4,#e78ac3,marker
74425,9,1,87,177,2016,7,11,6,2,3,6,0,0,1,0,0,0,0,0,734992.7728,5305060481.0,12.14164227,47.855872888,1,#66c2a5,bicycle
74428,9,1,79,123,2016,7,10,6,3,8,1,0,0,0,1,0,0,0,0,674467.6384,5330924.6182,11.343800342,48.107671133,2,#fc8d62,car
74437,9,1,81,124,2016,6,20,4,3,4,6,0,0,0,1,0,0,1,0,646468.4318,5317273.6864,10.963237471,47.991979236,2,#fc8d62,car
74440,9,1,87,170,2016,7,18,7,2,4,6,0,1,0,1,0,0,0,0,733532.7718,5317347.2784,12.128806679,47.966788698,2,#fc8d62,car
74442,9,7,72,209,2016,6,18,4,3,2,6,0,0,0,1,0,0,0,0,634729.66,5335734.6688,10.811798695,48.16057196,2,#fc8d62,car
74443,9,1,84,118,2016,7,13,7,3,1,7,0,0,0,1,0,0,0,0,702837.6881,5335728.8768,11.726794036,48.142445504,2,#fc8d62,car
74448,9,1,74,115,2016,7,20,6,2,5,3,0,0,0,1,0,0,0,1,681844207.0,5346428.48,11.449438503,48.244967721,2,#fc8d62,car
74451,9,7,71,112,2016,6,15,3,3,2,2,0,0,0,1,0,1,0,0,646492.3858,5369162.6022,10.98149254,48.458532675,2,#fc8d62,car
74453,9,1,88,144,2016,6,20,4,3,0,7,0,0,1,0,0,0,0,0,669518721.0,5328303.5244,11.276330847,48.085444,1,#66c2a5,bicycle
74459,9,1,79,121,2016,6,13,4,3,4,3,0,0,0,1,0,0,0,0,668399.0176,5338056.6427,11.265161958,48.173420876,2,#fc8d62,car
74465,9,7,61,0,2016,6,12,4,3,0,1,0,0,1,0,0,0,0,0,638233309.0,5354298502.0,10.864949485,48.326746703,1,#66c2a5,bicycle
74466,9,1,84,148,2016,7,12,6,3,4,2,0,0,0,1,0,1,0,0,694934.9072,5326420.1388,11.616420587,48.061252515,2,#fc8d62,car
74471,9,1,78,145,2016,7,15,6,3,2,1,0,0,0,1,0,0,0,1,699737.6682,5356450.8666,11.694937106,48.329652432,2,#fc8d62,car
74472,9,7,72,121,2016,6,18,5,3,2,6,0,1,0,1,0,0,0,0,636681.9756,5374154957.0,10.850501758,48.505630356,2,#fc8d62,car
74474,9,1,74,115,2016,6,16,4,3,5,3,0,0,0,1,0,1,0,0,680966308.0,5348617405.0,11.438560351,48.26489437,2,#fc8d62,car
74476,9,1,78,120,2016,6,19,5,3,2,6,0,0,0,1,0,0,0,0,694636.9506,5354059.6499,11.625088774,48.309753226,2,#fc8d62,car
74483,9,1,79,130,2016,7,16,7,3,2,7,0,1,0,0,0,1,0,0,658610.5118,5337249.4746,11.133291695,48.168682398,4,#e78ac3,marker
74489,9,1,78,123,2016,6,18,4,3,0,6,0,0,1,0,0,0,0,0,687562.9821,5359929.8446,11.532393305,48.364650971,1,#66c2a5,bicycle
74496,9,1,78,143,2016,6,18,4,3,2,6,0,0,0,1,0,0,0,0,717957.4893,5372167.7329,11.94859864,48.464844508,2,#fc8d62,car
74497,9,7,62,0,2016,7,18,6,3,0,6,0,0,0,1,0,0,0,0,620977.8914,5304658.9134,10.618178012,47.883856722,2,#fc8d62,car
74499,9,1,62,0,2016,6,17,3,3,0,3,0,0,1,1,0,0,0,0,686184937.0,5335220728.0,11.502936546,48.142969485,1,#66c2a5,bicycle
74508,9,2,74,146,2016,6,16,5,3,2,6,0,0,0,1,0,0,0,0,733281.2954,5374813.3832,12.157062857,48.48311552,2,#fc8d62,car
74509,9,1,62,0,2016,6,17,3,3,5,2,0,0,1,1,0,0,0,0,698804.1341,5333051.1368,11.671382474,48.11965327,1,#66c2a5,bicycle
74510,9,7,71,130,2016,7,19,6,3,2,6,0,0,0,1,0,0,0,0,647336.0915,5362807.1703,10.990663548,48.401193547,2,#fc8d62,car
74515,9,1,75,123,2016,7,9,7,3,2,2,0,0,0,1,0,0,0,0,721472.4453,5337910.7228,11.978104274,48.155836349,2,#fc8d62,car
74520,9,7,72,125,2016,7,14,6,3,5,3,0,0,1,1,0,0,0,0,636207.33,5348157365.0,10.83564956,48.271964889,1,#66c2a5,bicycle
74523,9,2,61,0,2016,7,7,6,3,5,3,0,0,1,1,0,0,0,0,731714.8646,5383863.9596,12.140925072,48.56499469,1,#66c2a5,bicycle
74526,9,1,84,120,2016,6,17,5,3,9,1,0,0,0,1,0,0,0,1,680817.7824,5333401.0211,11.430080275,48.128160434,2,#fc8d62,car
74527,9,1,88,139,2016,7,13,6,3,5,2,0,0,1,1,0,0,0,0,674569.8051,5319215.5343,11.340394057,48.002383508,1,#66c2a5,bicycle
74534,9,7,72,130,2016,7,12,6,3,2,6,0,0,0,1,0,0,0,0,631517.3736,5357104.3075,10.775265121,48.353410546,2,#fc8d62,car
74538,9,1,62,0,2016,7,21,6,2,3,2,2,0,0,1,0,1,0,0,685231001.0,5328951.6844,11.487402167,48.086898579,2,#fc8d62,car
74540,9,1,81,115,2016,6,17,5,3,2,6,0,0,0,1,0,0,0,1,657749.5466,5327130.3614,11.117974966,48.07791746,2,#fc8d62,car
74541,9,1,78,133,2016,7,18,6,3,4,6,0,0,0,1,0,0,0,0,687585.5193,5366614.4914,11.535682842,48.424724253,2,#fc8d62,car