OBJECTID,ULAND,UREGBEZ,UKREIS,UGEMEINDE,UJAHR,UMONAT,USTUNDE,UWOCHENTAG,UKATEGORIE,UART,UTYP1,ULICHTVERH,STRZUSTAND,IstRad,IstPKW,IstFuss,IstKrad,IstGkfz,IstSonstig,LINREFX,LINREFY,XGCSWGS84,YGCSWGS84,Teilnehmer,color,symbol
74542,9,7,71,122,2016,6,8,5,3,0,1,0,1,0,0,0,1,0,0,653545.9061,5361514.1251,11.074035796,48.38808645,4,#e78ac3,marker
74544,9,1,78,143,2016,7,13,6,3,2,6,0,0,0,1,0,0,1,0,720356.75,5372587.5897,11.981232241,48.467780919,2,#fc8d62,car
74545,9,7,71,122,2016,6,18,5,3,9,1,0,1,0,1,0,0,0,0,651022.8052,5362353.6572,11.040279298,48.396243735,2,#fc8d62,car
74550,9,1,88,121,2016,6,10,5,3,0,7,0,1,1,0,0,0,0,0,671406.3998,5330808.3873,11.302663671,48.107457362,1,#66c2a5,bicycle
74552,9,1,84,118,2016,7,13,7,2,3,7,0,0,0,1,0,0,0,0,702886.1468,5335736.8834,11.727448526,48.142502008,2,#fc8d62,car
74554,9,7,78,169,2016,7,21,6,3,5,3,1,0,0,1,0,1,0,0,618065.7921,5332512.5349,10.586910368,48.134907013,2,#fc8d62,car
74564,9,7,62,0,2016,7,16,6,3,1,5,0,0,0,1,0,0,0,0,622158.1212,5307431813.0,10.634742955,47.908571788,2,#fc8d62,car
74565,9,7,72,200,2016,6,16,3,2,2,6,0,0,1,1,0,0,0,0,632065.4173,5336651.0525,10.776273504,48.169371668,1,#66c2a5,bicycle
74573,9,7,72,178,2016,6,18,3,3,4,1,0,0,0,0,0,1,0,0,622505373.0,5342863.0329,10.649541647,48.227151629,4,#e78ac3,marker
74574,9,7,72,185,2016,6,17,3,3,5,3,0,0,0,0,0,1,1,0,634697197.0,5384737.58,10.827068689,48.601215364,4,#e78ac3,marker
74577,9,1,78,155,2016,7,13,6,3,2,6,0,0,0,1,0,0,0,0,721241.1029,5374338.3198,11.994105985,48.483199363,2,#fc8d62,car
74578,9,1,82,137,2016,7,18,6,3,2,6,0,0,0,1,0,0,0,0,712985.7562,5304741083.0,11.847666071,47.86067333,2,#fc8d62,car
74580,9,1,74,146,2016,6,5,5,3,8,1,1,1,0,1,0,0,0,0,667251.3346,5350739.4186,11.254742426,48.287740397,2,#fc8d62,car
74581,9,1,88,121,2016,7,19,6,3,2,6,0,0,0,1,0,0,0,0,673628.2924,5329966.3631,11.332144356,48.09928618,2,#fc8d62,car
74582,9,1,84,149,2016,6,15,5,3,8,7,0,0,0,1,0,0,0,0,690324592.0,5350498877.0,11.565384101,48.279062364,2,#fc8d62,car
74587,9,7,77,158,2016,7,16,4,3,5,3,0,0,0,1,0,0,0,0,622887.6162,5308756.6388,10.644878722,47.920347393,2,#fc8d62,car
74588,9,7,72,170,2016,7,17,2,3,9,1,0,0,0,1,0,0,0,0,629281.6509,5331281.9248,10.737219442,48.121660472,2,#fc8d62,car
74593,9,1,87,186,2016,7,19,4,3,8,1,1,0,0,0,0,1,0,0,733162333.0,5331876.0212,12.131757726,48.097445804,4,#e78ac3,marker
74594,9,1,84,145,2016,7,1,3,2,8,7,2,0,0,1,0,0,0,0,696264.5775,5323476.2258,11.632898134,48.0343862,2,#fc8d62,car
74608,9,1,81,130,2016,7,11,4,3,0,7,0,0,1,0,0,0,0,0,639326922.0,5322885717.0,10.869392054,48.044040478,1,#66c2a5,bicycle
74612,9,1,73,120,2016,7,17,4,3,5,3,0,0,0,1,0,0,0,0,686357.5532,5315757.1904,11.496776973,47.967970582,2,#fc8d62,car
74622,9,1,87,176,2016,7,14,3,3,3,2,0,0,0,1,0,0,0,0,737775261.0,5331941345.0,12.193654579,48.096328406,2,#fc8d62,car
74623,9,1,78,145,2016,7,16,3,3,0,1,0,0,0,0,0,1,0,0,695962.3338,5356496.8043,11.644077127,48.331246962,4,#e78ac3,marker
74629,9,1,78,145,2016,7,10,4,3,2,6,0,0,0,1,0,0,0,0,697318.8177,5356544.7508,11.662381847,48.331255855,2,#fc8d62,car
74630,9,1,86,152,2016,7,11,2,3,2,6,0,0,0,1,0,0,0,0,691428.1802,5380321.8005,11.593849802,48.546758966,2,#fc8d62,car
74634,9,1,78,124,2016,7,17,5,3,5,3,0,0,1,1,0,0,0,0,701662.1168,5360743617.0,11.722928049,48.367618124,1,#66c2a5,bicycle
74635,9,1,62,0,2016,7,7,2,3,2,6,0,0,0,1,0,0,0,0,693219.7467,5338390.8618,11.598847933,48.169364188,2,#fc8d62,car
74637,9,1,84,130,2016,7,18,2,3,5,2,0,0,1,1,0,0,0,0,698285.1104,5344656.5698,11.669828627,48.224114959,1,#66c2a5,bicycle
74640,9,7,71,130,2016,7,8,7,3,3,6,0,0,0,1,0,0,0,0,647905.2095,5362778.6552,10.99833802,48.400803906,2,#fc8d62,car
74646,9,1,62,0,2016,7,12,3,3,5,3,0,0,1,1,0,0,0,0,692538355.0,5339191197.0,11.590055271,48.176764129,1,#66c2a5,bicycle
74651,9,7,71,130,2016,7,3,7,3,6,4,2,0,0,1,1,0,0,0,644211.1959,5363158.4369,10.948589319,48.405074458,2,#fc8d62,car
74655,9,7,71,169,2016,7,14,7,3,8,1,0,1,0,1,0,0,0,0,641116047.0,5375411294.0,10.910924133,48.515946084,2,#fc8d62,car
74657,9,1,86,152,2016,7,8,2,3,2,6,0,0,0,1,0,0,0,0,691155.6772,5380955.3553,11.590452127,48.552535892,2,#fc8d62,car
74662,9,1,86,143,2016,7,19,2,3,2,3,0,0,0,1,0,1,0,0,687031.5558,5378470.0078,11.533505824,48.531442171,2,#fc8d62,car
74666,9,7,71,122,2016,7,21,4,2,3,7,0,0,0,1,0,0,1,0,654240.5387,5360928.9628,11.083197371,48.382655995,2,#fc8d62,car
74667,9,7,61,0,2016,7,10,2,3,5,2,0,0,0,1,0,0,0,0,636979.1333,5360154.2087,10.849943908,48.379673913,2,#fc8d62,car
74674,9,1,84,123,2016,7,7,3,3,2,6,0,0,0,1,0,0,0,0,704072.3238,5332249.2136,11.741705808,48.110780136,2,#fc8d62,car
74675,9,1,84,132,2016,7,21,1,3,8,6,1,0,0,1,0,0,0,0,680918.4716,5322433662.0,11.426788579,48.029546586,2,#fc8d62,car
74676,9,1,86,143,2016,7,16,2,3,5,3,0,0,0,1,0,1,0,0,685534.7124,5378839.47,11.51341463,48.535207034,2,#fc8d62,car
74677,9,7,72,184,2016,7,14,3,3,1,6,0,0,0,1,0,0,0,0,632823.2937,5358523.2516,10.793331868,48.36589666,2,#fc8d62,car
74694,9,1,73,147,2016,7,17,1,3,2,2,0,0,0,1,0,0,0,0,682084.6595,5309590.2514,11.436975672,47.913764945,2,#fc8d62,car
74695,9,1,90,158,2016,7,6,4,3,0,1,0,0,0,0,0,1,0,0,651273.6418,5304618.9102,11.023159231,47.877073197,4,#e78ac3,marker
74697,9,1,81,127,2016,7,15,4,3,2,6,0,0,0,1,0,0,0,0,634508.4302,5322712404.0,10.804720239,48.043515467,2,#fc8d62,car
74705,9,1,63,0,2016,7,10,3,3,2,6,0,0,0,1,0,0,0,0,733346.0978,5303172.5016,12.118643568,47.839511077,2,#fc8d62,car
74706,9,1,77,139,2016,7,18,3,3,8,7,0,0,1,0,0,0,0,0,738434.1523,5356983.4292,12.216560251,48.321028515,1,#66c2a5,bicycle
74711,9,1,73,120,2016,7,11,1,3,2,6,0,0,0,1,0,0,0,0,685806.2384,5310762.7908,11.487241727,47.923237301,2,#fc8d62,car
74712,9,1,74,146,2016,7,6,2,3,2,6,1,0,0,1,0,0,0,0,666219.2135,5351199.5683,11.241020405,48.292148943,2,#fc8d62,car
74716,9,1,78,120,2016,7,21,4,3,2,7,2,0,0,1,0,0,0,0,698778.9192,5352123.3842,11.679977426,48.291064266,2,#fc8d62,car
74717,9,2,74,113,2016,7,10,2,3,2,6,0,0,0,1,0,0,1,0,726867.3807,5385032.7014,12.075953865,48.577266586,2,#fc8d62,car
74719,9,1,73,123,2016,7,12,1,2,4,6,0,0,1,0,0,0,0,0,680283.4545,5306198.9667,11.411474091,47.88378833,1,#66c2a5,bicycle
74720,9,1,79,142,2016,7,1,2,2,2,6,2,0,0,1,0,0,0,0,675926.0443,5343624.7876,11.36862879,48.221434998,2,#fc8d62,car
74722,9,1,74,143,2016,7,18,4,3,8,1,0,0,0,0,0,1,0,0,672604913.0,5356270144.0,11.329116671,48.336020396,4,#e78ac3,marker
74723,9,7,77,172,2016,7,5,3,3,4,6,1,0,0,1,0,0,0,0,628573.2475,5304910.4411,10.719801055,47.884642409,2,#fc8d62,car
74724,9,1,88,113,2016,7,16,2,3,4,6,0,0,0,1,0,0,0,0,677471.7336,5314289.9823,11.377229942,47.957306514,2,#fc8d62,car
74731,9,1,81,138,2016,7,14,2,2,2,2,0,0,0,0,0,1,0,1,639973575.0,5334743628.0,10.88195231,48.15052754,4,#e78ac3,marker
74736,9,7,72,131,2016,7,5,2,3,5,3,0,0,0,1,0,0,0,0,621596291.0,5357031373.0,10.641385454,48.354743047,2,#fc8d62,car
74740,9,1,84,122,2016,7,14,4,3,2,2,0,0,0,1,0,0,0,0,689538752.0,5326633.4776,11.544162873,48.064795878,2,#fc8d62,car
74746,9,1,81,130,2016,7,15,2,3,1,6,0,0,0,1,0,0,0,0,642238.6434,5324578839.0,10.9090001,48.058623065,2,#fc8d62,car
74750,9,1,90,157,2016,7,18,3,3,5,3,0,0,0,1,0,1,0,0,660933.1532,5301630.7801,11.151143465,47.847858493,2,#fc8d62,car
74752,9,7,71,122,2016,7,9,4,3,4,6,0,0,0,1,0,0,0,0,650625284.0,5361682.5582,11.034671735,48.390305041,2,#fc8d62,car
74753,9,7,71,169,2016,7,16,2,2,4,6,0,0,0,1,0,0,0,0,639673791.0,5374483.4773,10.891094375,48.507926115,2,#fc8d62,car
74756,9,2,74,126,2016,7,23,2,2,0,1,2,0,0,1,0,0,0,0,732131.9244,5385338.7044,12.147392378,48.578087625,2,#fc8d62,car
74770,9,1,79,123,2016,7,11,2,3,5,2,0,0,0,1,0,0,0,0,676550421.0,5334263.5577,11.373138618,48.137111912,2,#fc8d62,car
74783,9,1,88,139,2016,7,8,4,3,0,1,0,0,0,0,0,1,0,0,674989.4309,5319260.0519,11.346033105,48.002668988,4,#e78ac3,marker
74785,9,1,74,115,2016,7,17,2,3,0,1,0,0,1,0,0,0,0,0,680158307.0,5348322.8916,11.427557103,48.262477375,1,#66c2a5,bicycle
74789,9,1,62,0,2016,7,19,2,2,4,7,0,0,0,1,0,1,0,0,680299804.0,5335018743.0,11.42381015,48.142848928,2,#fc8d62,car
74790,9,1,75,133,2016,7,17,2,3,2,6,0,0,0,1,0,0,0,0,710319.4664,5342187.1363,11.830442746,48.198050082,2,#fc8d62,car
74791,9,7,71,130,2016,7,9,3,3,0,1,0,0,1,0,0,0,0,0,645564935.0,5357858.93,10.965034416,48.357113924,1,#66c2a5,bicycle
74796,9,1,79,147,2016,7,7,3,2,5,3,0,0,0,1,0,0,0,0,664491.8492,5334272.8668,11.21118424,48.1404272,2,#fc8d62,car
74800,9,1,78,124,2016,7,21,2,3,0,1,0,1,0,0,0,1,0,0,701737958.0,5368352512.0,11.727606887,48.435970186,4,#e78ac3,marker
74802,9,1,75,118,2016,7,12,4,3,0,1,0,0,0,0,0,1,0,0,716654828.0,5340663608.0,11.914812991,48.182231165,4,#e78ac3,marker
74803,9,1,75,124,2016,7,18,2,3,2,6,0,0,0,1,0,0,0,0,712575.2977,5329411.0923,11.854385763,48.082496467,2,#fc8d62,car
74807,9,1,78,124,2016,7,12,5,3,2,6,0,0,0,1,0,1,0,0,702416.6724,5364222.4479,11.734779792,48.398638563,2,#fc8d62,car
74808,9,1,62,0,2016,7,8,2,3,5,2,0,0,1,1,0,0,0,0,688064.9988,5334993011.0,11.528084786,48.140369769,1,#66c2a5,bicycle
74812,9,1,84,135,2016,7,19,1,2,5,3,0,0,0,1,0,0,0,0,692100406.0,5344768726.0,11.58669444,48.22702582,2,#fc8d62,car
74815,9,1,86,152,2016,7,16,1,2,9,3,0,1,0,1,0,1,0,0,692722523.0,5377012142.0,11.609839154,48.516618759,2,#fc8d62,car
74819,9,1,62,0,2016,7,17,3,3,2,6,0,0,0,1,0,0,0,0,678245.4588,5339054.3682,11.397909401,48.179704242,2,#fc8d62,car
74823,9,1,62,0,2016,7,10,4,3,5,2,0,0,1,1,0,0,0,0,694721.9761,5334149287.0,11.6170911,48.130784429,1,#66c2a5,bicycle
74830,9,1,62,0,2016,7,15,1,3,5,2,0,0,1,1,0,0,0,0,688069.94,5334992731.0,11.528151018,48.140365792,1,#66c2a5,bicycle
74834,9,1,73,118,2016,7,17,3,2,0,7,0,0,1,0,0,0,0,0,693615.5151,5306125.3841,11.589589032,47.87924497,1,#66c2a5,bicycle
74835,9,1,87,137,2016,7,14,3,3,2,6,0,0,0,1,0,0,0,0,729701.6686,5311120.8571,12.07423445,47.912234632,2,#fc8d62,car
74838,9,2,74,121,2016,7,18,3,2,5,3,0,0,0,1,0,0,0,0,725122.6275,5368533.4628,12.04343745,48.429672303,2,#fc8d62,car
74840,9,7,71,142,2016,7,6,2,3,4,6,0,0,1,0,0,1,0,0,645387449.0,5353055138.0,10.960982235,48.3139621,1,#66c2a5,bicycle
74842,9,1,62,0,2016,7,7,2,2,2,6,0,0,0,1,0,1,0,0,685718.3098,5330285.2571,11.494519699,48.098743621,2,#fc8d62,car
74844,9,2,74,124,2016,7,16,4,3,2,6,0,0,0,1,0,0,0,0,724316.5619,5377393.4224,12.037306999,48.509556069,2,#fc8d62,car
74847,9,1,84,119,2016,7,17,3,3,2,6,0,0,0,1,0,0,0,0,697271.3577,5348903.2961,11.658172308,48.26259681,2,#fc8d62,car
74863,9,2,74,194,2016,7,11,7,2,2,6,0,0,0,1,0,0,0,1,722578262.0,5376649473.0,12.013407358,48.503490774,2,#fc8d62,car
74866,9,1,79,121,2016,7,15,1,3,0,7,0,0,1,0,0,0,0,0,667707.5471,5338391.1744,11.256000369,48.176611142,1,#66c2a5,bicycle
74867,9,1,73,123,2016,7,16,4,3,9,1,0,0,0,1,0,0,0,0,680030.9243,5304187.2278,11.407261076,47.865774808,2,#fc8d62,car
74871,9,1,81,144,2016,7,12,1,3,0,7,0,0,1,0,0,0,0,0,655712445.0,5322552.7017,11.088977079,48.037259981,1,#66c2a5,bicycle
74877,9,1,87,177,2016,7,17,3,3,2,6,0,0,0,1,0,0,0,0,736039.15,5304279835.0,12.155183636,47.848476332,2,#fc8d62,car
74878,9,1,78,122,2016,7,18,3,3,1,6,0,0,0,1,0,0,0,0,706556.2729,5385190.8498,11.801006569,48.585711863,2,#fc8d62,car
74881,9,1,75,132,2016,7,17,1,3,9,1,0,0,0,0,0,1,0,0,705305.4052,5335809.6905,11.759967406,48.142380281,4,#e78ac3,marker
74886,9,1,75,132,2016,7,15,4,2,5,2,0,0,0,1,0,0,0,0,706146.8725,5330793.1926,11.768840374,48.097027594,2,#fc8d62,car
74890,9,1,77,133,2016,7,15,5,3,0,6,0,0,0,0,0,1,1,0,709953.1929,5358061.7206,11.833400554,48.340816815,4,#e78ac3,marker
74892,9,1,74,115,2016,7,10,4,3,4,2,0,0,1,1,0,0,0,0,681163.5906,5347272.9823,11.440640648,48.252753498,1,#66c2a5,bicycle
74898,9,1,62,0,2016,7,7,2,3,6,2,0,0,0,1,1,0,0,0,691748249.0,5331897758.0,11.57615335,48.111450731,2,#fc8d62,car
74901,9,1,84,129,2016,7,13,1,3,2,6,0,0,0,1,0,0,0,0,700477.9711,5325566.6881,11.69033597,48.051864928,2,#fc8d62,car
74902,9,7,77,158,2016,7,22,1,3,0,1,2,0,1,0,0,0,0,0,621548.3645,5309023.3431,10.627035286,47.923001366,1,#66c2a5,bicycle
74914,9,1,78,113,2016,7,14,1,3,0,1,0,0,1,0,0,0,0,0,691867.9791,5367359.5391,11.593850822,48.430130578,1,#66c2a5,bicycle
74915,9,7,62,0,2016,7,17,1,3,2,6,0,0,0,1,0,0,0,0,623069.9549,5306083.6085,10.64655543,47.896272223,2,#fc8d62,car
74919,9,7,72,159,2016,7,18,4,3,2,6,0,0,0,1,0,0,0,0,622290.8224,5361806.8154,10.652145918,48.397553776,2,#fc8d62,car
74920,9,7,61,0,2016,7,20,2,3,1,6,0,0,0,1,0,0,0,0,638076.0506,5361351.9174,10.865143561,48.390204375,2,#fc8d62,car
74924,9,2,61,0,2016,7,7,4,3,5,3,0,0,0,1,0,0,1,0,732180.3326,5379996.4532,12.145069028,48.530081663,2,#fc8d62,car
74928,9,1,62,0,2016,7,23,7,3,1,5,2,1,0,1,0,0,0,0,692081.5939,5340378.4652,11.584454051,48.18757321,2,#fc8d62,car
74930,9,7,72,184,2016,7,18,3,3,1,6,0,0,0,1,0,0,0,0,632875.2322,5358608.8917,10.794059821,48.366655822,2,#fc8d62,car
74936,9,1,62,0,2016,7,19,7,3,2,6,0,1,0,1,0,0,0,1,692925.4138,5331272.9092,11.591669361,48.105479247,2,#fc8d62,car
74947,9,1,84,119,2016,7,12,7,2,5,3,0,0,0,0,0,1,1,0,697268.0283,5348896.4116,11.658124285,48.262535975,4,#e78ac3,marker
74950,9,1,84,120,2016,7,8,4,3,2,6,0,0,0,1,0,0,0,0,680863842.0,5333377887.0,11.430688892,48.127939399,2,#fc8d62,car
74958,9,1,77,137,2016,7,18,3,3,4,2,0,0,0,1,0,0,0,0,734657.4816,5349186639.0,12.161363167,48.252402582,2,#fc8d62,car
74962,9,1,88,120,2016,7,16,3,2,4,6,0,0,0,1,0,0,0,0,671737.5243,5324267.8612,11.304479541,48.048570348,2,#fc8d62,car
74966,9,1,84,140,2016,7,12,7,3,0,7,0,0,0,1,0,1,0,0,702413.9314,5329162.2629,11.717987779,48.083567194,2,#fc8d62,car
74969,9,1,74,136,2016,7,13,4,2,4,6,0,0,0,1,0,0,0,1,683369.9951,5364010.8461,11.477617754,48.402563517,2,#fc8d62,car
74975,9,1,78,143,2016,7,7,5,3,5,3,0,0,0,1,0,0,0,0,716753.0124,5373102946.0,11.932810939,48.473663169,2,#fc8d62,car
74976,9,1,84,145,2016,7,13,2,2,5,3,0,0,0,1,0,0,0,1,698664.1069,5324600268.0,11.665573506,48.043746509,2,#fc8d62,car
74989,9,1,77,113,2016,7,15,4,2,4,6,0,0,0,1,0,0,0,1,718572.0724,5353389.8463,11.947137936,48.295918847,2,#fc8d62,car
74993,9,1,84,118,2016,7,15,4,3,3,6,0,0,0,1,0,1,0,0,704247.4072,5336288.4705,11.745991147,48.147023396,2,#fc8d62,car
75004,9,1,87,150,2016,7,18,3,3,0,3,0,0,1,1,0,0,0,0,728436.0307,5304455.8169,12.053795816,47.852804128,1,#66c2a5,bicycle
75006,9,7,71,162,2016,7,19,2,3,8,7,0,0,0,0,0,1,0,0,664499.4938,5369098.1778,11.224855161,48.453503748,4,#e78ac3,marker
75019,9,7,72,130,2016,7,16,1,2,0,7,0,0,1,0,0,0,0,0,632586.3901,5358153.3326,10.790018308,48.362620075,1,#66c2a5,bicycle
75020,9,1,74,113,2016,7,14,6,3,2,6,0,0,0,1,0,0,0,0,674393.1242,5344907.1192,11.348535602,48.233385417,2,#fc8d62,car
75023,9,7,72,171,2016,7,13,6,3,5,3,0,0,1,1,0,0,0,0,637732.3969,5372055.4947,10.864022925,48.486523303,1,#66c2a5,bicycle
75033,9,1,81,141,2016,7,19,1,3,2,2,0,0,0,1,0,1,0,0,643921.0397,5320013.8617,10.930032216,48.01719745,2,#fc8d62,car
75034,9,1,75,127,2016,7,14,6,3,2,2,0,0,0,1,0,0,0,0,710811.4544,5342021.4871,11.836973175,48.196398457,2,#fc8d62,car
75041,9,1,78,123,2016,7,14,6,3,0,1,0,0,1,1,0,0,0,0,689934.2076,5358400.9925,11.563685464,48.350201332,1,#66c2a5,bicycle
75042,9,1,62,0,2016,7,12,7,3,2,6,2,0,0,1,0,0,0,0,687364.9248,5332626.3594,11.517642786,48.119304168,2,#fc8d62,car
75045,9,7,72,171,2016,7,14,6,3,2,6,0,0,0,1,0,0,0,0,638595.5611,5370717.7579,10.875254628,48.474305169,2,#fc8d62,car
75051,9,1,78,155,2016,7,7,6,3,2,6,0,0,0,1,0,0,1,0,718743.4554,5374588.3181,11.960482834,48.48631931,2,#fc8d62,car
75054,9,1,75,124,2016,7,8,6,3,5,3,0,0,1,1,0,0,0,0,712873816.0,5329369564.0,11.858368303,48.082023709,1,#66c2a5,bicycle
75055,9,7,77,121,2016,7,22,7,3,9,1,2,0,0,1,0,0,0,0,627193214.0,5322316438.0,10.706499619,48.041454037,2,#fc8d62,car
75059,9,1,78,138,2016,7,13,7,3,8,6,0,0,0,1,0,0,0,0,713345.2208,5369608.6275,11.884981591,48.443431718,2,#fc8d62,car
75061,9,1,87,150,2016,7,12,7,3,0,6,0,0,0,1,0,0,0,0,727818.2273,5303213.0834,12.04489473,47.841857795,2,#fc8d62,car
75068,9,1,77,123,2016,7,15,6,3,0,6,0,0,1,0,0,0,0,1,726176.7787,5340574612.0,12.042687765,48.178113876,1,#66c2a5,bicycle
75075,9,1,62,0,2016,7,15,6,3,5,3,0,0,0,1,0,1,0,0,689009.3477,5341638.4233,11.54372047,48.199819273,2,#fc8d62,car
75085,9,1,62,0,2016,7,18,5,3,2,6,0,0,0,1,0,1,0,0,692136.8634,5339775.8769,11.584924396,48.182140595,2,#fc8d62,car
75090,9,1,62,0,2016,7,11,5,3,1,6,0,0,0,1,1,1,0,0,687381.6413,5335080.1381,11.518946238,48.141354502,2,#fc8d62,car
75091,9,1,83,139,2016,7,13,6,1,5,3,0,0,1,1,0,0,0,0,735818.8019,5337310.5397,12.170387873,48.145287941,1,#66c2a5,bicycle
75104,9,1,62,0,2016,7,9,5,3,5,2,0,0,1,1,0,0,0,0,700444.7988,5332755.2622,11.69326427,48.116479895,1,#66c2a5,bicycle
75105,9,1,78,155,2016,7,12,1,3,5,3,0,0,0,1,0,1,0,0,718320.1509,5376278.3599,11.955644949,48.501650509,2,#fc8d62,car
75106,9,1,83,123,2016,7,11,6,3,6,4,0,0,0,0,1,0,0,1,737817.5116,5341002.7647,12.199279446,48.177710951,3,#8da0cb,toilet
75108,9,7,71,160,2016,7,8,6,2,5,3,0,0,0,0,0,0,1,1,653262.8375,5350865.6836,11.066340271,48.292417465,5,#a6d854,bus
75113,9,7,71,130,2016,7,17,6,3,5,3,0,0,0,1,0,0,0,0,648690.3316,5356899745.0,11.006859835,48.347761551,2,#fc8d62,car
75125,9,1,85,158,2016,7,7,1,3,8,1,0,0,0,0,0,1,0,0,660295.1248,5379067.9311,11.171861164,48.544216214,4,#e78ac3,marker
75127,9,1,84,135,2016,7,16,5,3,2,6,0,0,0,1,0,0,0,0,689250.6489,5347346501.0,11.549512953,48.251051171,2,#fc8d62,car
75128,9,1,62,0,2016,7,14,7,3,5,2,0,0,0,1,0,0,0,0,685937181.0,5340766.2604,11.502034025,48.192887087,2,#fc8d62,car
75130,9,1,82,137,2016,7,16,7,2,5,3,0,0,0,1,0,1,0,0,709108.3361,5305233.8878,11.79612688,47.86637554,2,#fc8d62,car
75135,9,7,62,0,2016,7,18,6,3,0,1,0,0,1,0,0,0,0,0,621971.8309,5304625.2549,10.631457703,47.883365911,1,#66c2a5,bicycle
75139,9,1,84,119,2016,7,7,5,3,5,3,0,0,0,1,0,1,0,0,693956.2801,5347432.8758,11.61287738,48.250405035,2,#fc8d62,car
75144,9,2,74,113,2016,7,18,6,3,0,7,0,0,0,0,0,1,0,0,729019.0758,5383806.0936,12.104407684,48.565465332,4,#e78ac3,marker
75151,9,1,74,121,2016,7,6,1,2,8,1,0,0,0,1,0,0,0,0,690646.9737,5354060.5101,11.571332835,48.310976128,2,#fc8d62,car
75157,9,7,71,112,2016,7,14,7,2,4,6,0,0,0,1,0,0,0,0,642819.8644,5367555956.0,10.931298752,48.444931104,2,#fc8d62,car
75165,9,1,62,0,2016,7,17,6,3,1,5,0,0,1,1,0,0,0,0,688116.0073,5334989.8186,11.528768371,48.140325997,1,#66c2a5,bicycle
75171,9,1,77,115,2016,7,19,7,3,0,2,0,0,1,0,0,0,0,0,736886971.0,5350453456.0,12.192060273,48.262952948,1,#66c2a5,bicycle
75196,9,2,61,0,2016,7,7,5,3,2,6,0,0,0,1,0,0,0,0,731497.7757,5384506.4076,12.138344432,48.570845851,2,#fc8d62,car
75201,9,7,72,162,2016,7,9,1,3,9,3,0,0,0,1,0,0,0,0,636898.4306,5335412.2734,10.840844337,48.157209584,2,#fc8d62,car
75208,9,7,71,130,2016,7,15,6,3,8,1,0,0,0,1,0,0,0,0,648833.7799,5362705.9333,11.010850083,48.399931539,2,#fc8d62,car
75211,9,2,74,113,2016,7,14,5,2,7,7,0,0,0,0,0,1,0,0,727556.1274,5384827.4818,12.085165782,48.575173362,4,#e78ac3,marker
75216,9,1,79,117,2016,7,11,1,2,0,6,0,0,1,0,0,0,0,0,662527.0984,5345660.2162,11.189151453,48.243308082,1,#66c2a5,bicycle
75224,9,1,75,115,2016,7,18,1,3,2,2,0,0,0,1,0,0,0,0,723134619.0,5329909.1333,11.996236489,48.08336377,2,#fc8d62,car
75226,9,1,87,186,2016,7,13,7,2,9,6,0,0,0,1,0,0,0,0,729996578.0,5334241.6798,12.090576136,48.119849002,2,#fc8d62,car
75241,9,1,84,121,2016,7,15,7,3,9,1,0,0,0,0,0,1,0,0,704667.6514,5330628.1469,11.748917037,48.096021163,4,#e78ac3,marker
75246,9,7,62,0,2016,7,17,5,3,4,2,0,0,0,1,0,1,0,0,622148.9747,5308065.7641,10.634800216,47.914275071,2,#fc8d62,car
75250,9,1,63,0,2016,7,15,6,3,5,3,0,0,1,1,0,0,0,0,734127.6127,5304421.3795,12.129747879,47.850446948,1,#66c2a5,bicycle
75255,9,1,63,0,2016,7,17,6,3,3,2,0,0,1,0,0,0,1,0,733259.7677,5305273.8949,12.118624252,47.858421496,1,#66c2a5,bicycle
75256,9,1,79,121,2016,7,14,7,3,2,6,0,0,0,1,0,0,0,0,663885.5089,5338378.5144,11.20462142,48.177494568,2,#fc8d62,car
75257,9,1,74,146,2016,7,17,5,3,0,7,0,0,0,1,0,0,0,0,665207.8163,5351630.5116,11.22756376,48.29628791,2,#fc8d62,car
75258,9,1,84,138,2016,7,13,6,2,3,2,0,0,1,1,0,0,0,0,680422.6855,5330909.5519,11.42372115,48.105876876,1,#66c2a5,bicycle
75266,9,7,62,0,2016,7,13,5,3,1,3,0,0,1,1,0,0,0,0,622862.3427,5306346.0977,10.643853711,47.898672746,1,#66c2a5,bicycle
75267,9,1,63,0,2016,7,13,6,3,3,2,0,0,1,1,0,0,0,0,733709354.0,5303594585.0,12.123718851,47.843171187,1,#66c2a5,bicycle
75274,9,7,71,122,2016,7,16,1,3,0,1,0,0,0,1,0,0,0,0,649743.5208,5360721.2197,11.02242585,48.381871648,2,#fc8d62,car
75275,9,1,81,145,2016,7,8,5,2,5,3,0,0,0,1,0,0,0,0,642302.4094,5334469.9521,10.913154154,48.147549853,2,#fc8d62,car
75285,9,7,71,142,2016,7,2,1,2,4,6,2,0,1,0,0,0,0,0,645899.7275,5350278.6467,10.966927912,48.288879564,1,#66c2a5,bicycle
75287,9,1,78,145,2016,7,16,1,3,6,6,0,0,0,0,1,0,0,1,695713859.0,5358224903.0,11.641531013,48.346854517,3,#8da0cb,toilet
75293,9,7,72,170,2016,7,18,6,2,2,6,0,0,0,1,0,0,0,1,629354.7962,5332124.4589,10.738457602,48.129222391,2,#fc8d62,car