OBJECTID,ULAND,UREGBEZ,UKREIS,UGEMEINDE,UJAHR,UMONAT,USTUNDE,UWOCHENTAG,UKATEGORIE,UART,UTYP1,ULICHTVERH,STRZUSTAND,IstRad,IstPKW,IstFuss,IstKrad,IstGkfz,IstSonstig,LINREFX,LINREFY,XGCSWGS84,YGCSWGS84,Teilnehmer,color,symbol
75294,9,2,74,146,2016,7,16,6,3,4,2,0,0,0,1,0,0,0,0,735596.0808,5379726.4017,12.191111298,48.526383417,2,#fc8d62,car
75299,9,7,72,207,2016,7,14,6,3,2,2,0,0,0,1,0,0,1,0,641472.48,5382750841.0,10.918241466,48.581857823,2,#fc8d62,car
75310,9,1,84,122,2016,7,10,7,3,5,3,0,0,1,1,0,0,0,0,689145473.0,5325577603.0,11.538422394,48.055422133,1,#66c2a5,bicycle
75311,9,1,85,158,2016,7,18,6,3,4,2,0,0,0,1,0,0,0,0,666815008.0,5381901.3999,11.261265158,48.567987353,2,#fc8d62,car
75327,9,1,81,122,2016,7,16,5,2,5,3,0,0,1,0,0,1,0,0,651435.6083,5330993.3168,11.034629833,48.114181558,1,#66c2a5,bicycle
75330,9,1,88,120,2016,7,11,1,3,6,7,0,0,0,1,1,0,0,0,676190.5081,5323798.5514,11.363987203,48.043137914,2,#fc8d62,car
75337,9,7,72,200,2016,7,4,7,2,8,1,2,0,1,0,0,0,0,0,625426479.0,5338407313.0,10.687539737,48.186510632,1,#66c2a5,bicycle
75340,9,7,72,125,2016,7,17,5,2,5,2,0,0,1,1,0,0,0,0,633167493.0,5347856321.0,10.794608342,48.26990432,1,#66c2a5,bicycle
75344,9,1,88,126,2016,7,17,5,3,5,3,0,0,0,1,0,0,0,0,660224.8118,5328018.3722,11.151517293,48.085284122,2,#fc8d62,car
75345,9,1,84,134,2016,7,7,6,3,8,1,0,0,0,1,0,0,0,0,691840373.0,5316731.5373,11.570594019,47.975108552,2,#fc8d62,car
75350,9,1,78,124,2016,7,1,7,3,0,7,2,0,1,0,0,0,0,0,704431.6014,5365172.9201,11.762432841,48.406529615,1,#66c2a5,bicycle
75355,9,7,72,125,2016,7,13,5,3,5,3,0,0,0,0,0,1,1,0,632606666.0,5348217057.0,10.78716743,48.27326587,4,#e78ac3,marker
75356,9,1,88,126,2016,7,15,6,3,2,6,0,0,0,1,0,0,0,0,660251.4902,5327851.3262,11.1518126,48.083775556,2,#fc8d62,car
75359,9,1,88,132,2016,7,8,5,3,5,3,0,0,1,1,0,0,0,0,664645.8054,5323079.3671,11.208936262,48.039754033,1,#66c2a5,bicycle
75367,9,1,87,137,2016,7,22,1,3,5,3,2,0,0,1,0,0,0,0,729816329.0,5308161201.0,12.074190661,47.885602905,2,#fc8d62,car
75369,9,7,72,202,2016,7,6,5,3,5,3,0,0,1,1,0,0,0,0,636113.7612,5359669976.0,10.838106272,48.375507004,1,#66c2a5,bicycle
75370,9,1,75,128,2016,7,16,1,3,0,1,0,0,1,0,0,0,0,0,713604.2801,5324403708.0,11.86568436,48.03715715,1,#66c2a5,bicycle
75371,9,1,81,127,2016,7,18,6,3,2,6,0,0,0,1,0,0,0,0,635141.0985,5322999.2583,10.813295019,48.045961411,2,#fc8d62,car
75377,9,7,73,122,2016,7,22,1,3,0,7,2,0,1,0,0,0,0,0,625919.7485,5385819.8808,10.708394464,48.612774725,1,#66c2a5,bicycle
75379,9,1,88,139,2016,7,16,6,3,0,1,0,0,1,0,0,0,0,0,673724.4318,5318849.0906,11.328921808,47.999319544,1,#66c2a5,bicycle
75384,9,7,72,171,2016,7,14,6,3,2,6,0,0,0,1,0,0,0,0,638569.9901,5370743.1769,10.874917259,48.474539363,2,#fc8d62,car
75394,9,1,84,118,2016,7,18,7,3,0,7,0,0,1,0,0,0,0,0,703018.8265,5336263.1943,11.729481021,48.147189506,1,#66c2a5,bicycle
75395,9,1,81,130,2016,7,13,6,3,2,6,0,0,0,1,0,0,0,0,636634.9378,5320107.7483,10.832406073,48.019641408,2,#fc8d62,car
75401,9,7,77,128,2016,7,13,7,3,9,1,0,0,0,1,0,0,0,0,617366.7515,5303251.5372,10.569512676,47.871869225,2,#fc8d62,car
75411,9,1,75,132,2016,7,10,1,3,0,7,0,0,1,0,0,0,0,0,706257.0661,5331098.4534,11.770466131,48.099735167,1,#66c2a5,bicycle
75414,9,1,79,119,2016,7,22,6,2,0,7,2,0,1,0,0,0,0,0,670174.2566,5338889.5507,11.289354805,48.18043561,1,#66c2a5,bicycle
75415,9,1,85,131,2016,7,14,7,3,2,6,0,0,0,0,0,1,0,1,664986.5661,5374176674.0,11.233441617,48.499029902,4,#e78ac3,marker
75416,9,1,81,120,2016,7,14,5,3,5,3,0,0,0,1,0,0,0,0,650208.5674,5319954.5862,11.014276579,48.015217342,2,#fc8d62,car
75417,9,1,74,115,2016,7,9,7,3,0,1,0,0,1,0,0,0,0,0,680474.9402,5348288.3563,11.431804881,48.262076834,1,#66c2a5,bicycle
75419,9,7,61,0,2016,7,16,7,3,5,3,0,0,0,1,0,0,0,0,644649.8012,5357589.2908,10.952595494,48.3548998,2,#fc8d62,car
75420,9,1,87,137,2016,7,20,5,3,2,6,0,0,0,1,0,0,0,0,730397.1128,5307792.0077,12.081751102,47.8820778,2,#fc8d62,car
75423,9,1,81,123,2016,7,16,6,3,5,3,0,0,0,1,0,1,0,0,655189.8076,5326614.4962,11.083443837,48.073907416,2,#fc8d62,car
75428,9,1,74,126,2016,7,14,6,3,4,2,0,0,0,1,0,0,0,0,682900.8905,5344612.3378,11.462874296,48.228339366,2,#fc8d62,car
75433,9,1,74,115,2016,7,11,6,3,0,1,0,0,1,1,0,0,0,0,680327.7335,5344867.7573,11.428366361,48.231371996,1,#66c2a5,bicycle
75434,9,1,79,136,2016,7,15,7,3,2,6,0,0,0,1,0,0,0,0,660539085.0,5341610.4057,11.160860062,48.207405128,2,#fc8d62,car
75435,9,1,74,118,2016,7,16,5,3,5,3,0,0,0,1,0,0,0,0,670031489.0,5356487915.0,11.294508151,48.338675708,2,#fc8d62,car
75436,9,1,62,0,2016,7,20,6,3,5,3,1,0,1,1,0,0,0,0,685460714.0,5331844.1665,11.491740739,48.112830912,1,#66c2a5,bicycle
75440,9,1,82,120,2016,7,19,5,2,5,3,0,0,1,1,0,0,0,0,701211174.0,5304885963.0,11.690489481,47.865770638,1,#66c2a5,bicycle
75444,9,1,74,131,2016,7,15,6,2,4,6,0,0,0,1,0,1,0,0,676232.6487,5359254.5545,11.379274797,48.361845628,2,#fc8d62,car
75449,9,1,74,143,2016,7,23,5,3,2,6,2,0,0,1,0,0,0,0,677439.0767,5353039.8173,11.39293087,48.305644709,2,#fc8d62,car
75452,9,1,77,133,2016,7,21,2,3,5,3,1,0,0,1,0,1,0,0,713281.6514,5354553.0002,11.876486208,48.308175193,2,#fc8d62,car
75458,9,1,62,0,2016,7,17,3,3,2,6,2,1,0,1,0,0,1,0,687376.7469,5331785.7482,11.517432128,48.111745016,2,#fc8d62,car
75465,9,1,74,131,2016,7,0,3,2,9,1,2,1,0,1,0,0,0,0,676969.7002,5355748.9181,11.387743353,48.330127943,2,#fc8d62,car
75473,9,1,74,122,2016,7,8,6,3,1,6,0,0,0,1,0,0,0,0,684749.8631,5353993.0057,11.491845978,48.312119415,2,#fc8d62,car
75478,9,1,75,121,2016,7,13,5,3,2,6,0,1,0,1,0,0,0,0,716280.8614,5318918.3919,11.898779567,47.986967304,2,#fc8d62,car
75481,9,1,62,0,2016,7,16,3,3,2,1,0,1,0,1,0,0,0,0,688138.9464,5344422.8039,11.533253268,48.225103927,2,#fc8d62,car
75484,9,7,61,0,2016,7,17,5,3,2,6,0,1,0,1,0,0,1,0,639740.2979,5364068.6056,10.888516103,48.414265374,2,#fc8d62,car
75485,9,1,62,0,2016,7,19,5,3,2,6,0,0,0,1,0,0,0,0,685671.0939,5342991.3565,11.499430413,48.212964764,2,#fc8d62,car
75489,9,1,86,152,2016,7,10,3,3,2,6,0,1,0,1,0,0,0,0,691258416.0,5375630.1429,11.589400134,48.50464609,2,#fc8d62,car
75501,9,1,78,124,2016,7,11,3,3,1,7,0,0,1,0,0,0,1,0,703359284.0,5364800103.0,11.747779661,48.403526219,1,#66c2a5,bicycle
75502,9,1,62,0,2016,7,9,4,3,2,6,0,1,0,1,0,0,0,0,691611.5863,5331574382.0,11.574173945,48.10858538,2,#fc8d62,car
75504,9,1,77,117,2016,7,0,3,3,5,3,2,0,0,1,0,0,1,0,716502136.0,5354200552.0,11.919681277,48.303914527,2,#fc8d62,car
75508,9,1,77,135,2016,7,7,2,3,9,1,0,0,0,1,0,0,0,0,720324.1734,5343862.8864,11.965771268,48.209714437,2,#fc8d62,car
75520,9,1,77,130,2016,7,8,3,3,2,6,0,1,0,1,0,0,0,0,712573.6676,5348957.9551,11.864135845,48.258139335,2,#fc8d62,car
75526,9,1,75,124,2016,7,17,2,3,0,1,0,0,0,0,0,1,1,0,712395.0571,5326993.3763,11.850767482,48.060831127,4,#e78ac3,marker
75531,9,1,73,147,2016,7,16,2,3,5,3,0,1,1,1,0,0,0,0,681408.2085,5309521.2635,11.42790162,47.913336498,1,#66c2a5,bicycle
75532,9,1,62,0,2016,7,11,5,3,1,6,0,1,0,1,0,0,0,1,695070.3197,5340184.2153,11.624534652,48.184916681,2,#fc8d62,car
75538,9,1,62,0,2016,7,17,2,3,6,4,0,0,1,0,1,0,0,0,688726447.0,5337518.6967,11.538087289,48.162875079,1,#66c2a5,bicycle
75544,9,1,62,0,2016,7,8,2,3,2,6,0,0,0,1,0,0,0,0,691985.9317,5331598.4019,11.579208557,48.108688554,2,#fc8d62,car
75546,9,7,61,0,2016,7,17,4,3,2,6,0,1,0,0,0,0,1,0,638421.2761,5362447.0552,10.870165299,48.399975926,5,#a6d854,bus
75548,9,1,84,119,2016,7,4,1,3,0,7,1,0,1,0,0,0,0,0,696871.0853,5347409718.0,11.652089976,48.249298323,1,#66c2a5,bicycle
75551,9,1,86,125,2016,7,8,6,2,5,3,0,0,0,1,0,0,0,0,671915.0485,5368888.6378,11.324980378,48.449638237,2,#fc8d62,car
75556,9,1,81,127,2016,7,16,5,2,8,7,0,0,0,1,0,0,0,1,636645392.0,5327494.9531,10.8349055,48.086068541,2,#fc8d62,car
75560,9,1,62,0,2016,7,8,2,3,2,6,0,0,0,1,0,0,0,0,688339.7966,5334048153.0,11.531357291,48.131795935,2,#fc8d62,car
75573,9,7,61,0,2016,7,12,6,3,2,6,0,0,0,1,0,0,0,0,637478826.0,5359473453.0,10.85646609,48.373443962,2,#fc8d62,car
75574,9,1,88,126,2016,7,17,6,3,2,6,0,0,0,1,0,0,0,0,659493.1326,5327557.1754,11.141527151,48.081321098,2,#fc8d62,car
75579,9,7,61,0,2016,7,15,5,3,5,2,0,0,0,1,0,0,0,0,642800.9693,5358733.6276,10.928041699,48.365609936,2,#fc8d62,car
75580,9,1,78,113,2016,7,5,5,3,2,7,0,1,0,1,0,0,0,1,691604.4564,5365960.4493,11.589652791,48.417636727,2,#fc8d62,car
75584,9,1,84,140,2016,7,17,2,3,5,3,0,0,1,1,0,0,0,0,702460.6903,5329175.0351,11.718620972,48.083667131,1,#66c2a5,bicycle
75590,9,1,82,123,2016,7,20,4,3,2,1,1,1,0,1,0,0,0,0,715348.3636,5302051.5178,11.877875202,47.835717309,2,#fc8d62,car
75603,9,1,84,148,2016,7,5,4,3,2,7,1,0,0,1,0,0,0,0,693358.3582,5326193.2815,11.595180149,48.059693266,2,#fc8d62,car
75605,9,1,75,132,2016,7,15,6,3,3,3,0,0,0,1,0,0,0,0,707295972.0,5336538595.0,11.787049242,48.148285047,2,#fc8d62,car
75609,9,7,71,160,2016,7,15,3,3,8,1,0,1,0,1,0,0,0,0,656427.5557,5351278.8785,11.109131375,48.29535803,2,#fc8d62,car
75611,9,1,62,0,2016,7,13,4,3,2,6,0,0,0,1,0,0,0,1,692155012.0,5339591.6782,11.585085006,48.180479578,2,#fc8d62,car
75615,9,2,74,132,2016,7,18,5,3,2,6,0,0,0,1,0,0,1,0,723131.2451,5386271.3233,12.026036957,48.589735323,2,#fc8d62,car
75625,9,7,78,203,2016,7,12,2,2,8,3,0,0,0,1,0,0,0,0,622611.82,5326372396.0,10.646222527,48.078827175,2,#fc8d62,car
75627,9,7,73,140,2016,7,17,4,2,8,1,0,1,0,1,0,0,0,0,615962857.0,5372080951.0,10.569534429,48.491145893,2,#fc8d62,car
75629,9,1,84,141,2016,7,13,1,3,5,6,0,0,0,1,0,1,0,0,698782.6815,5311330.6355,11.661021564,47.92444911,2,#fc8d62,car
75630,9,1,63,0,2016,7,18,4,3,2,6,1,1,0,1,0,0,0,0,734211.3216,5303642.8326,12.130443826,47.843422004,2,#fc8d62,car
75631,9,7,62,0,2016,7,7,6,3,5,3,0,0,1,1,0,0,0,0,620723.5137,5304157.8493,10.614636824,47.879398146,1,#66c2a5,bicycle
75635,9,1,84,141,2016,7,12,1,2,2,6,0,0,0,1,0,1,0,0,698424.9119,5311858.5302,11.656480692,47.929304457,2,#fc8d62,car
75640,9,1,87,179,2016,7,17,5,2,5,2,0,1,0,1,0,0,0,0,726411.4586,5315238.4076,12.032427873,47.950399327,2,#fc8d62,car
75648,9,1,84,119,2016,7,0,1,2,2,6,2,0,0,1,0,1,0,0,697568.9626,5349486594.0,11.662450391,48.267746206,2,#fc8d62,car
75651,9,7,72,163,2016,7,19,6,3,3,6,0,0,0,1,0,0,0,1,638661.2343,5348360.8824,10.868769169,48.273262377,2,#fc8d62,car
75653,9,2,61,0,2016,7,11,4,3,3,6,0,0,0,1,0,0,1,1,726092.6161,5378439.1972,12.061886202,48.518314136,2,#fc8d62,car
75658,9,1,74,115,2016,7,8,5,3,4,2,0,1,0,1,0,0,0,0,680893047.0,5348433298.0,11.437495339,48.263260425,2,#fc8d62,car
75662,9,1,87,170,2016,7,13,6,2,9,1,0,0,0,1,0,0,0,0,732831.1771,5319552.9139,12.120616344,47.986859364,2,#fc8d62,car
75663,9,2,74,132,2016,7,11,4,3,2,6,0,0,0,1,0,1,0,0,725880.2426,5385711.6496,12.062958678,48.583722405,2,#fc8d62,car
75665,9,1,62,0,2016,7,5,3,3,9,7,1,1,0,1,0,0,0,0,689165.3451,5330784.2301,11.540993753,48.102214517,2,#fc8d62,car
75679,9,1,74,151,2016,7,6,6,3,8,1,0,0,0,1,0,0,0,0,679697.6409,5361876.7864,11.427132237,48.384438956,2,#fc8d62,car
75685,9,1,78,120,2016,7,18,5,3,1,3,0,0,0,1,0,0,0,1,694202.7761,5353730.7567,11.619088027,48.306930815,2,#fc8d62,car
75694,9,7,77,130,2016,7,7,2,3,0,2,0,0,0,1,0,0,0,1,624603.8326,5308946774.0,10.667895647,47.921726101,2,#fc8d62,car
75696,9,2,74,126,2016,7,15,3,3,2,6,0,0,0,1,0,0,1,0,733739.4788,5385991.3522,12.169520859,48.583352565,2,#fc8d62,car
75703,9,1,75,116,2016,7,15,6,2,0,7,0,0,1,0,0,0,0,0,708903.6908,5321498.2565,11.801284736,48.012602629,1,#66c2a5,bicycle
75708,9,1,62,0,2016,7,23,4,3,9,7,2,1,0,1,0,0,0,0,701328.5198,5332330.0663,11.704923926,48.112379913,2,#fc8d62,car
75710,9,7,77,130,2016,7,19,2,3,9,1,0,0,0,1,0,0,0,0,627631.8159,5315390.9692,10.710320255,47.9790847,2,#fc8d62,car
75712,9,2,74,114,2016,7,18,3,2,4,1,0,1,0,1,0,1,0,0,736096.6859,5371378.6898,12.193164993,48.451212786,2,#fc8d62,car
75714,9,1,62,0,2016,7,16,1,3,5,3,0,0,0,1,0,1,0,0,687948924.0,5327765.8213,11.523342105,48.075444127,2,#fc8d62,car
75718,9,1,87,177,2016,7,17,5,3,8,1,0,1,0,1,0,0,0,0,735729.8733,5307154.3809,12.152622856,47.874414086,2,#fc8d62,car
75728,9,2,61,0,2016,7,17,3,3,4,2,0,1,0,1,0,0,0,0,731453.8316,5383831.0934,12.137373988,48.564795871,2,#fc8d62,car
75729,9,7,62,0,2016,7,17,4,3,4,2,0,1,1,1,0,0,0,0,621322.7925,5304451.0681,10.622731037,47.881922316,1,#66c2a5,bicycle
75739,9,2,61,0,2016,7,8,4,3,5,3,0,1,1,0,0,1,0,0,731704.0565,5381365.0765,12.139388378,48.542551737,1,#66c2a5,bicycle
75742,9,1,87,117,2016,7,18,2,3,2,6,0,0,0,1,0,1,0,0,725656.2439,5305283.5052,12.017120258,47.861222745,2,#fc8d62,car
75750,9,1,73,126,2016,7,16,3,2,4,2,0,1,0,1,0,0,0,0,684309.6033,5305220.5655,11.464859473,47.873850226,2,#fc8d62,car
75751,9,7,72,202,2016,7,11,4,3,9,7,0,0,0,1,0,0,0,0,637180926.0,5357476.3608,10.851794241,48.355551122,2,#fc8d62,car
75756,9,1,85,158,2016,7,16,6,3,2,6,0,0,0,1,0,0,1,0,668960.0153,5381574.3083,11.290184972,48.564472582,2,#fc8d62,car
75757,9,2,61,0,2016,7,17,4,2,2,6,0,1,0,1,0,0,0,0,732844224.0,5381394.4371,12.154828725,48.542393443,2,#fc8d62,car
75761,9,1,81,115,2016,7,17,5,3,2,6,0,0,0,1,0,0,0,0,658572.4294,5327229.12,11.12905191,48.078601269,2,#fc8d62,car
75766,9,7,73,182,2016,7,17,2,3,9,1,0,0,0,1,0,0,0,0,627779.8301,5378039.8151,10.731227694,48.542438065,2,#fc8d62,car
75776,9,1,74,121,2016,7,13,6,3,4,6,0,0,0,1,0,0,0,0,687013.6331,5352938.3723,11.521881066,48.301975095,2,#fc8d62,car
75780,9,7,61,0,2016,7,12,3,3,2,6,0,0,0,1,0,0,0,0,639911.9236,5356078.5857,10.888174617,48.342383477,2,#fc8d62,car
75782,9,1,62,0,2016,7,8,4,3,2,6,0,1,0,1,0,0,0,0,681096211.0,5339966.6937,11.436613312,48.187098823,2,#fc8d62,car
75783,9,7,71,142,2016,7,17,6,3,2,6,0,0,0,1,0,0,0,1,645356.0978,5353287.2978,10.960639634,48.316056753,2,#fc8d62,car
75786,9,1,86,149,2016,7,6,2,3,2,6,0,0,0,1,0,0,0,0,688803.4098,5385796.7801,11.560806578,48.596759719,2,#fc8d62,car
75789,9,7,72,149,2016,7,18,5,3,8,7,0,0,0,1,0,0,0,0,637732.6154,5340154.4448,10.853592437,48.199671969,2,#fc8d62,car
75790,9,1,86,152,2016,7,9,5,3,1,6,0,1,0,1,0,0,0,0,691503.9394,5373768.6182,11.591867175,48.487841424,2,#fc8d62,car
75800,9,1,88,113,2016,7,14,4,3,5,3,0,1,1,1,0,0,0,0,676620.2,5313703.57,11.365592993,47.952270352,1,#66c2a5,bicycle
75806,9,7,72,184,2016,7,9,2,3,3,2,0,0,1,1,0,0,0,0,635877509.0,5361522.9515,10.835516775,48.392219809,1,#66c2a5,bicycle
75815,9,1,62,0,2016,7,18,4,3,1,3,0,1,0,1,0,0,0,0,697037122.0,5330405.6115,11.646443263,48.096426094,2,#fc8d62,car
75818,9,7,72,202,2016,7,19,2,3,5,2,0,0,1,1,0,0,0,0,636454103.0,5357031416.0,10.841843948,48.351707674,1,#66c2a5,bicycle
75822,9,1,81,128,2016,7,14,4,3,1,6,0,0,0,1,0,0,0,0,638486384.0,5327311.4869,10.859553865,48.084021435,2,#fc8d62,car
75825,9,1,84,148,2016,7,7,5,3,2,6,0,0,0,1,0,0,0,0,693375.7833,5328577.1328,11.596492068,48.081113639,2,#fc8d62,car
75834,9,1,74,126,2016,7,21,4,3,8,7,2,1,0,1,0,0,0,0,683510.1592,5344097.5254,11.470847697,48.223536031,2,#fc8d62,car
75839,9,1,62,0,2016,7,15,3,3,5,3,0,1,1,0,0,0,0,1,687794.0336,5335026262.0,11.524460639,48.140748667,1,#66c2a5,bicycle
75840,9,1,84,120,2016,7,12,5,3,4,6,0,1,0,1,0,1,0,0,681300.9004,5331817.2471,11.43589347,48.113786702,2,#fc8d62,car
75841,9,1,74,115,2016,7,11,4,3,8,1,0,1,1,0,0,0,0,1,680584.8568,5348364.8676,11.433317223,48.262733248,1,#66c2a5,bicycle
75849,9,7,61,0,2016,7,15,4,3,5,3,0,1,0,1,0,0,0,1,636913541.0,5359566.1126,10.848866995,48.374400047,2,#fc8d62,car
75852,9,1,78,124,2016,7,19,4,3,5,2,0,1,0,1,0,0,0,0,700072.7124,5356965.4764,11.699696729,48.334171104,2,#fc8d62,car
75853,9,7,72,147,2016,7,16,6,3,2,6,0,0,0,1,0,0,0,0,638473949.0,5364099.2871,10.871421738,48.414820804,2,#fc8d62,car
75856,9,1,62,0,2016,7,7,2,3,2,6,0,0,0,1,0,0,0,0,680888.2095,5341859.3302,11.434623647,48.204170523,2,#fc8d62,car
75859,9,1,88,127,2016,7,16,5,3,2,6,0,0,0,0,0,0,0,1,672535.6626,5327806.5302,11.316608178,48.080166777,6,#ffd92f,circle
75865,9,1,87,179,2016,7,11,3,3,5,3,0,1,0,1,0,0,0,0,723202.9872,5312516.7216,11.988105623,47.927070887,2,#fc8d62,car
75868,9,1,86,143,2016,7,17,5,3,5,2,0,0,0,1,0,0,0,1,685542.6597,5379269.2224,11.513713521,48.53906716,2,#fc8d62,car
75873,9,1,87,122,2016,7,16,3,3,9,1,0,1,0,1,0,0,0,0,718799.7054,5310781.6076,11.928356919,47.912997872,2,#fc8d62,car
75878,9,1,62,0,2016,7,17,3,3,2,6,0,1,0,1,0,0,0,0,688538.4415,5335051.0732,11.534468347,48.140751532,2,#fc8d62,car
75879,9,7,61,0,2016,7,12,6,3,3,6,0,0,0,1,0,0,0,1,639598.4563,5360887.6605,10.885542562,48.385694779,2,#fc8d62,car
75880,9,1,79,142,2016,7,15,6,3,1,3,0,0,0,1,0,0,0,0,670870995.0,5341479.8477,11.29976248,48.203534435,2,#fc8d62,car
75882,9,1,79,123,2016,7,6,2,3,5,3,0,0,0,1,0,0,0,0,676982304.0,5332977823.0,11.378404609,48.125434191,2,#fc8d62,car
75886,9,1,75,132,2016,7,7,5,3,4,6,0,1,0,1,0,0,0,0,707298.1234,5336533.7922,11.787075793,48.148241187,2,#fc8d62,car
75895,9,1,84,120,2016,7,9,3,3,3,6,0,1,0,1,0,1,0,0,682110.2348,5333074.9253,11.447294328,48.124860789,2,#fc8d62,car
75901,9,1,84,139,2016,7,9,3,3,2,2,0,1,0,1,0,0,0,0,686724.2469,5324395.6519,11.505445095,48.045511203,2,#fc8d62,car
75903,9,1,77,135,2016,7,13,6,3,2,6,0,0,0,1,0,1,0,0,718560.4224,5345909.9903,11.943117154,48.228717287,2,#fc8d62,car
75905,9,1,79,121,2016,7,9,2,3,5,2,0,0,1,0,0,0,0,1,667367.2995,5339226.8773,11.251756198,48.184213775,1,#66c2a5,bicycle
75906,9,1,78,155,2016,7,7,2,3,2,6,0,0,0,0,0,0,1,1,721638.1547,5375131.0871,11.999892129,48.490181819,5,#a6d854,bus
75907,9,7,61,0,2016,7,13,3,3,6,4,0,1,0,1,1,0,0,0,639245.2182,5360875.9739,10.880770214,48.385667773,2,#fc8d62,car
75909,9,1,84,119,2016,7,15,4,3,3,6,0,1,0,1,0,1,0,0,693405742.0,5347340992.0,11.605426816,48.249747452,2,#fc8d62,car
75913,9,2,61,0,2016,7,18,5,3,2,6,0,0,0,1,0,0,0,0,733190.7661,5380957.6439,12.159272209,48.538341202,2,#fc8d62,car
75917,9,1,84,149,2016,7,13,3,3,1,6,0,1,0,1,0,0,0,0,690059.3161,5351188.6478,11.562122384,48.285341522,2,#fc8d62,car
75920,9,1,87,134,2016,7,6,5,3,2,2,1,1,0,1,0,0,0,0,736434.0897,5319817.1711,12.168975446,47.987912055,2,#fc8d62,car
75921,9,1,74,131,2016,7,17,2,3,5,3,0,0,1,1,0,0,0,0,676044.2438,5359401.3207,11.376794876,48.363217452,1,#66c2a5,bicycle
75928,9,1,62,0,2016,7,10,2,3,3,6,0,0,0,1,0,0,1,0,686432956.0,5343652.6499,11.509966789,48.21868527,2,#fc8d62,car
75929,9,2,61,0,2016,7,18,2,3,5,3,0,0,1,0,0,0,0,1,734776.3748,5381913077.0,12.181258007,48.5463322,1,#66c2a5,bicycle
75936,9,1,74,113,2016,7,15,3,3,0,1,0,1,1,0,0,0,0,0,671932119.0,5348528387.0,11.316892603,48.266610528,1,#66c2a5,bicycle
75939,9,1,62,0,2016,7,23,3,3,1,1,2,1,0,1,0,0,0,0,694697758.0,5340867683.0,11.619840806,48.191173615,2,#fc8d62,car
75942,9,1,77,133,2016,7,11,2,3,5,3,0,0,0,1,0,0,1,0,709267211.0,5360135698.0,11.825185459,48.359680487,2,#fc8d62,car
75944,9,1,78,143,2016,7,14,2,3,5,6,0,0,0,1,0,1,0,0,718408.2809,5372329.2069,11.954772947,48.466138947,2,#fc8d62,car
75945,9,2,61,0,2016,7,13,2,3,3,6,0,0,0,1,0,1,0,0,731896.4591,5381072.6011,12.141828424,48.539853418,2,#fc8d62,car
75948,9,1,74,115,2016,7,8,3,3,5,3,0,1,1,1,0,0,0,0,683284.0708,5348525.2374,11.469722825,48.263399623,1,#66c2a5,bicycle
75953,9,7,71,130,2016,7,13,6,3,4,6,0,0,0,1,0,0,0,0,644201.4799,5361997.5254,10.948059375,48.394638518,2,#fc8d62,car
75956,9,1,74,115,2016,7,7,5,3,8,1,0,0,0,1,0,0,0,0,680995.4889,5347534.8752,11.438490106,48.255155585,2,#fc8d62,car
75963,9,1,62,0,2016,7,15,2,3,3,6,0,0,0,1,0,0,1,0,689462.5389,5339033.5721,11.548651485,48.176271872,2,#fc8d62,car
75965,9,1,87,130,2016,7,19,4,2,0,2,0,0,0,1,0,1,0,0,711623935.0,5309258.1837,11.831694322,47.901715666,2,#fc8d62,car
75969,9,1,62,0,2016,7,7,2,3,3,6,0,0,0,1,0,0,1,0,687829.6459,5331612.4401,11.523434462,48.110053875,2,#fc8d62,car
75974,9,7,72,170,2016,7,20,4,3,8,1,1,0,1,0,0,0,0,0,630746698.0,5334415612.0,10.757858387,48.149541692,1,#66c2a5,bicycle
75983,9,1,62,0,2016,7,8,2,3,5,3,0,0,1,1,0,0,0,0,682860.9215,5335553518.0,11.458436855,48.146924898,1,#66c2a5,bicycle
75984,9,1,81,121,2016,7,19,4,2,8,1,0,0,1,0,0,0,0,0,639282.8363,5312226.5075,10.865341565,47.948198112,1,#66c2a5,bicycle
75987,9,1,78,137,2016,7,7,5,3,8,1,0,1,0,1,0,0,0,0,695071.7733,5366570.9318,11.63674848,48.422059366,2,#fc8d62,car
75990,9,1,84,122,2016,7,14,2,3,8,7,0,0,0,1,0,0,0,0,687711.9145,5321600846.0,11.517459615,48.020100621,2,#fc8d62,car
75996,9,1,84,142,2016,7,5,2,3,9,7,0,0,0,1,0,0,0,0,681177.5031,5317639.1954,11.428234842,47.986375328,2,#fc8d62,car
76008,9,1,62,0,2016,7,12,2,3,6,2,0,0,0,1,1,0,0,0,698086.0859,5333333.7369,11.661875995,48.122416851,2,#fc8d62,car
76010,9,1,75,133,2016,7,15,4,3,5,3,0,0,1,1,0,0,0,0,706093.4478,5340554.6039,11.772847382,48.184765168,1,#66c2a5,bicycle
76012,9,1,62,0,2016,7,22,4,3,2,2,2,0,0,1,0,0,0,0,699727.2228,5332953.1622,11.683726284,48.118483898,2,#fc8d62,car
76014,9,1,90,158,2016,7,14,4,2,4,1,0,0,0,0,0,1,0,1,653338.0756,5302611.2227,11.050038847,47.858531135,4,#e78ac3,marker
76020,9,1,84,148,2016,7,0,7,3,5,2,2,0,0,1,0,0,0,0,697135206.0,5326627325.0,11.646016085,48.062438597,2,#fc8d62,car
76024,9,1,87,163,2016,7,20,3,2,4,1,0,0,0,1,0,1,0,0,735789.6347,5308740198.0,12.154286435,47.888638701,2,#fc8d62,car
76025,9,1,81,146,2016,7,14,1,1,4,2,0,0,0,1,0,0,0,1,651937975.0,5326571937.0,11.039801404,48.074307827,2,#fc8d62,car