OBJECTID,ULAND,UREGBEZ,UKREIS,UGEMEINDE,UJAHR,UMONAT,USTUNDE,UWOCHENTAG,UKATEGORIE,UART,UTYP1,ULICHTVERH,STRZUSTAND,IstRad,IstPKW,IstFuss,IstKrad,IstGkfz,IstSonstig,LINREFX,LINREFY,XGCSWGS84,YGCSWGS84,Teilnehmer,color,symbol
76032,9,7,78,173,2016,7,15,2,3,8,1,0,0,0,1,0,0,0,0,614664.8148,5321109.4751,10.538154172,48.032972125,2,#fc8d62,car
76035,9,1,62,0,2016,7,13,3,3,2,6,0,0,0,1,0,0,0,0,691220433.0,5331930284.0,11.569084082,48.111901752,2,#fc8d62,car
76036,9,1,62,0,2016,7,17,3,3,2,6,0,0,0,1,0,0,0,1,693043.2502,5337738.9755,11.59618064,48.16355887,2,#fc8d62,car
76039,9,1,73,118,2016,7,8,4,2,4,6,0,0,0,1,0,1,0,0,688852.5706,5302151.2477,11.524214021,47.844941359,2,#fc8d62,car
76041,9,1,81,130,2016,7,15,5,2,0,1,0,0,1,0,0,0,0,0,640613843.0,5323545738.0,10.886866255,48.049693357,1,#66c2a5,bicycle
76042,9,1,82,127,2016,7,17,3,2,5,3,0,0,0,1,0,1,0,0,699960.8274,5309536.3896,11.675942955,47.907956969,2,#fc8d62,car
76044,9,7,78,137,2016,7,17,7,2,5,3,0,0,0,1,0,1,0,0,623683758.0,5332160436.0,10.662286431,48.130673328,2,#fc8d62,car
76049,9,1,63,0,2016,7,13,4,3,0,7,0,0,1,0,0,0,0,0,733870.2745,5304880.4216,12.126561289,47.854664658,1,#66c2a5,bicycle
76052,9,7,78,116,2016,7,14,1,2,0,1,0,0,1,0,0,0,0,0,616610.4309,5319717.2078,10.563864427,48.020098035,1,#66c2a5,bicycle
76080,9,7,62,0,2016,7,7,3,3,3,2,0,0,0,1,0,0,1,0,621964.7688,5304621.8671,10.631362326,47.883336784,2,#fc8d62,car
76083,9,1,87,159,2016,7,12,1,2,8,1,0,0,1,0,0,0,0,0,731989.2324,5325966.5301,12.112818701,48.04478439,1,#66c2a5,bicycle
76090,9,1,87,122,2016,7,9,3,2,5,3,0,0,0,1,0,1,0,0,718797392.0,5308441743.0,11.927139443,47.891973618,2,#fc8d62,car
76092,9,7,71,144,2016,7,14,7,2,5,3,0,0,1,0,0,0,0,0,661653.0541,5373383.2908,11.188043034,48.492764002,1,#66c2a5,bicycle
76106,9,7,72,121,2016,7,20,3,3,2,6,0,0,0,1,0,0,0,0,631853998.0,5376211252.0,10.785820609,48.525152592,2,#fc8d62,car
76109,9,1,87,130,2016,7,13,3,2,4,6,0,0,0,1,0,1,0,0,716244.9468,5306208.93,11.891919454,47.872774779,2,#fc8d62,car
76120,9,1,62,0,2016,7,19,3,3,2,6,0,0,0,1,0,0,0,0,687788.3378,5331574.1734,11.522863212,48.109722103,2,#fc8d62,car
76121,9,1,78,140,2016,7,21,4,3,5,3,2,0,0,1,0,0,0,0,707676.2161,5366289.3528,11.806774702,48.415501133,2,#fc8d62,car
76123,9,1,87,117,2016,7,18,3,2,5,2,0,0,0,1,0,1,0,0,723560.4298,5304868.1149,11.988923212,47.858222972,2,#fc8d62,car
76132,9,1,79,125,2016,7,13,4,3,2,2,0,0,0,1,0,0,0,0,662309.1906,5332862.6603,11.181328704,48.128309374,2,#fc8d62,car
76135,9,1,84,136,2016,7,8,4,3,2,2,0,0,0,1,0,1,0,0,698743.2451,5326010.2643,11.667288906,48.05639401,2,#fc8d62,car
76136,9,1,87,124,2016,7,18,2,3,8,7,0,0,1,0,0,0,0,1,734976.0589,5328581.4384,12.15426919,48.067183146,1,#66c2a5,bicycle
76141,9,1,78,124,2016,7,20,1,3,0,3,0,0,0,1,0,0,0,0,702889642.0,5363633.41,11.740877769,48.393193322,2,#fc8d62,car
76146,9,7,71,130,2016,7,16,1,3,0,1,0,0,0,0,0,1,0,0,643707274.0,5363285.1258,10.941827754,48.406328649,4,#e78ac3,marker
76150,9,1,62,0,2016,7,7,3,3,2,6,0,0,0,1,0,1,0,0,688279.4591,5340194.5129,11.533267286,48.18705814,2,#fc8d62,car
76154,9,1,74,115,2016,7,18,5,3,2,6,0,0,0,1,0,0,0,0,679128.4598,5349656.5414,11.414258081,48.274757254,2,#fc8d62,car
76158,9,1,90,151,2016,7,11,4,2,4,6,0,0,0,0,0,1,0,1,636663.97,5301684.5021,10.82694745,47.853960612,4,#e78ac3,marker
76163,9,1,86,152,2016,7,16,3,3,5,3,0,0,0,1,0,0,0,0,692457842.0,5378689.2843,11.607032697,48.531772479,2,#fc8d62,car
76164,9,1,84,130,2016,7,9,7,3,5,3,0,0,1,1,0,0,0,0,698135.8515,5344413.2828,11.667707483,48.221975151,1,#66c2a5,bicycle
76168,9,1,84,114,2016,7,8,4,3,2,6,0,0,0,1,0,0,0,0,699136.2093,5320546.9121,11.670017376,48.007170466,2,#fc8d62,car
76170,9,7,72,115,2016,7,16,1,3,0,7,0,0,1,0,1,0,0,0,617474.3963,5369473.3032,10.589251802,48.467414666,1,#66c2a5,bicycle
76178,9,1,86,143,2016,7,13,3,2,4,2,0,0,0,1,0,0,0,1,688143.7076,5383016.2603,11.550609506,48.57196879,2,#fc8d62,car
76180,9,7,71,130,2016,7,14,7,2,5,3,0,0,0,1,0,1,0,0,648691.29,5356899265.0,11.006872593,48.347757009,2,#fc8d62,car
76184,9,7,72,200,2016,7,18,1,1,5,3,0,0,0,1,0,1,0,0,625796.0921,5340625.2462,10.693167664,48.206383291,2,#fc8d62,car
76193,9,2,74,124,2016,7,17,3,3,2,6,0,0,0,1,0,0,0,0,722774.1268,5374640.7803,12.01498414,48.485375394,2,#fc8d62,car
76216,9,1,81,126,2016,7,17,4,3,5,3,0,0,0,1,0,0,0,0,636072.8998,5332078.4812,10.828684032,48.12740809,2,#fc8d62,car
76219,9,1,77,143,2016,7,7,5,3,0,1,0,1,0,1,0,0,0,0,721846.2603,5365347.9319,11.997523363,48.402215184,2,#fc8d62,car
76220,9,1,87,117,2016,7,18,2,3,2,6,0,0,0,1,0,0,0,0,723404.5179,5306266.9057,11.987564424,47.870845547,2,#fc8d62,car
76226,9,1,74,113,2016,7,9,1,3,0,1,0,1,0,0,0,1,0,0,674577.8302,5344740.8049,11.350952324,48.231839561,4,#e78ac3,marker
76235,9,1,82,136,2016,7,14,1,3,2,6,0,0,0,1,0,0,0,1,703319614.0,5304302.2226,11.718375282,47.859860596,2,#fc8d62,car
76242,9,7,71,130,2016,7,19,2,3,2,6,0,0,0,1,0,0,1,0,646439.9365,5362823.3692,10.978568747,48.401547989,2,#fc8d62,car
76244,9,1,84,135,2016,7,10,4,3,3,7,0,0,0,1,0,0,0,0,688503.3342,5345728.1135,11.538735304,48.236727863,2,#fc8d62,car
76246,9,1,84,140,2016,7,14,4,3,0,7,0,0,0,0,1,0,1,0,702252.7191,5328527.0307,11.715524876,48.077909559,3,#8da0cb,toilet
76248,9,1,73,147,2016,7,15,4,3,5,3,0,0,0,1,0,0,0,0,681898.8158,5309629.6014,11.434507313,47.914171407,2,#fc8d62,car
76252,9,1,87,122,2016,7,16,5,3,4,6,0,0,1,0,0,0,0,0,717672.5574,5307164.7517,11.911467526,47.880881348,1,#66c2a5,bicycle
76254,9,1,77,121,2016,7,15,1,3,2,6,0,0,0,1,0,0,0,0,731742.2747,5364807.8177,12.130734241,48.393804311,2,#fc8d62,car
76256,9,1,86,143,2016,7,14,7,2,0,1,0,0,0,0,0,1,0,0,680933128.0,5380819.3914,11.451997766,48.554346312,4,#e78ac3,marker
76260,9,7,72,147,2016,7,17,2,3,2,6,0,0,0,1,0,1,0,0,638394.5846,5364284.1551,10.870410747,48.416500523,2,#fc8d62,car
76266,9,7,72,163,2016,7,10,2,3,2,6,0,0,0,1,0,0,0,0,638553.94,5346672441.0,10.86677078,48.258103419,2,#fc8d62,car
76268,9,1,84,136,2016,7,13,3,3,4,6,0,0,0,1,0,0,0,0,698437.7204,5327091.6913,11.663694835,48.066208257,2,#fc8d62,car
76269,9,1,75,128,2016,7,7,4,3,5,3,0,0,0,1,0,1,0,0,714406.0442,5323944.2779,11.87619674,48.032760144,2,#fc8d62,car
76272,9,1,73,126,2016,7,18,4,3,2,6,0,0,0,1,0,0,0,0,684296.5302,5305227.9783,11.464687969,47.873920612,2,#fc8d62,car
76276,9,1,79,142,2016,7,10,5,3,2,6,0,0,0,1,0,0,0,0,677080.9103,5342666.8367,11.38376372,48.21250266,2,#fc8d62,car
76277,9,1,62,0,2016,7,18,3,3,2,6,0,0,0,1,0,0,0,0,679993.3417,5338206.4468,11.421042661,48.171589663,2,#fc8d62,car
76279,9,1,84,147,2016,7,10,7,3,2,6,0,0,0,1,0,0,0,0,695594.9727,5339865.3998,11.63143901,48.181890051,2,#fc8d62,car
76283,9,1,87,177,2016,7,21,4,2,0,1,1,0,1,0,0,0,0,0,736116.5177,5304268.9291,12.156210253,47.848349947,1,#66c2a5,bicycle
76286,9,7,61,0,2016,7,7,2,3,2,6,0,0,0,1,0,0,0,0,639989.0322,5364041.4919,10.891866662,48.413966371,2,#fc8d62,car
76293,9,1,62,0,2016,7,7,3,2,5,3,0,0,0,1,0,1,0,0,686181.8064,5335221.2308,11.502894722,48.14297492,2,#fc8d62,car
76296,9,1,84,130,2016,7,12,5,1,2,6,0,0,0,1,0,0,1,1,697694.9789,5342251.1525,11.660770619,48.202681309,2,#fc8d62,car
76297,9,1,88,141,2016,7,9,3,3,8,1,0,0,0,1,0,0,0,0,667677.4986,5310846.9226,11.244802458,47.928991915,2,#fc8d62,car
76303,9,7,71,130,2016,7,13,2,3,6,4,0,0,0,1,1,0,0,0,646989.0409,5357817.7807,10.984232642,48.356414031,2,#fc8d62,car
76309,9,7,61,0,2016,7,16,2,3,4,2,0,0,1,1,0,0,0,0,641386.0411,5357502.1554,10.908535157,48.354855515,1,#66c2a5,bicycle
76310,9,1,86,162,2016,7,7,2,2,5,2,0,0,0,1,0,0,0,0,693923935.0,5386069.3182,11.630310001,48.597644277,2,#fc8d62,car
76315,9,7,61,0,2016,7,11,4,3,3,6,0,0,0,1,0,0,1,0,642766.8198,5359768.0318,10.927932083,48.374918513,2,#fc8d62,car
76318,9,1,74,115,2016,7,18,3,3,2,6,0,0,0,1,0,0,0,0,680641.2682,5348409.4418,11.434095668,48.263117828,2,#fc8d62,car
76325,9,7,61,0,2016,7,13,2,3,5,3,0,0,1,1,0,0,0,0,641599.1489,5359668.9189,10.91213957,48.374290433,1,#66c2a5,bicycle
76327,9,1,74,137,2016,7,6,3,2,5,6,0,0,0,0,0,1,0,1,658612893.0,5351258191.0,11.138567588,48.294628061,4,#e78ac3,marker
76328,9,1,81,130,2016,7,13,7,3,2,6,0,0,0,1,0,0,0,0,638975.8821,5325318.6577,10.865474998,48.065994801,2,#fc8d62,car
76329,9,7,61,0,2016,7,15,7,3,2,6,0,0,1,1,0,0,0,0,641460.0701,5358562.9576,10.909890525,48.364377263,1,#66c2a5,bicycle
76334,9,7,71,113,2016,7,6,2,2,4,6,0,0,0,1,0,0,1,0,658706.4582,5370435.0917,11.147069707,48.467010412,2,#fc8d62,car
76343,9,7,72,159,2016,7,23,3,3,8,1,2,0,0,1,0,0,0,0,625820.1447,5361285.1195,10.699649144,48.39216796,2,#fc8d62,car
76346,9,1,84,130,2016,7,17,3,3,3,6,0,0,0,1,0,0,1,0,696708399.0,5342978.6924,11.647844266,48.209526313,2,#fc8d62,car
76349,9,1,79,113,2016,7,14,7,2,4,6,0,0,0,1,0,0,0,0,671855.5787,5335750953.0,11.310686263,48.151768342,2,#fc8d62,car
76355,9,1,84,118,2016,7,9,3,3,5,3,0,0,1,1,0,0,0,0,702734.6914,5336001.0522,11.725540637,48.144924308,1,#66c2a5,bicycle
76356,9,1,78,143,2016,7,11,4,3,0,7,0,0,1,0,0,0,0,0,716989.1482,5372719.8249,11.935802894,48.470139553,1,#66c2a5,bicycle
76358,9,1,62,0,2016,7,16,4,3,2,6,0,0,0,1,0,0,0,0,688561.3014,5335422.9054,11.534939986,48.144086841,2,#fc8d62,car
76364,9,1,88,117,2016,7,11,4,3,2,6,0,0,0,1,0,0,0,1,663206.2818,5315019.6443,11.186571811,47.967661782,2,#fc8d62,car
76367,9,1,84,130,2016,7,17,4,3,6,4,0,0,1,0,1,0,0,0,698861.4105,5346021.6278,11.678220004,48.236202347,1,#66c2a5,bicycle
76368,9,1,88,139,2016,7,19,2,2,8,1,0,0,0,0,0,1,0,0,679762.6343,5320085.9012,11.410314267,48.008768474,4,#e78ac3,marker
76373,9,1,78,157,2016,7,8,3,2,5,3,0,0,0,1,0,1,0,0,700272777.0,5370923.7511,11.709049542,48.45954406,2,#fc8d62,car
76374,9,1,79,136,2016,7,19,1,3,0,1,0,0,0,0,0,1,0,0,661631.3327,5341470.6471,11.175497541,48.205871462,4,#e78ac3,marker
76376,9,1,74,115,2016,7,0,7,3,5,3,2,0,0,1,0,0,0,0,681844207.0,5346428.48,11.449438503,48.244967721,2,#fc8d62,car
76381,9,1,81,128,2016,7,17,2,3,5,2,0,0,1,1,0,0,0,0,639272459.0,5327945852.0,10.870310109,48.089554549,1,#66c2a5,bicycle
76383,9,1,62,0,2016,7,16,3,3,5,2,0,0,1,1,0,0,0,0,684875.8687,5335384629.0,11.485426773,48.144824448,1,#66c2a5,bicycle
76387,9,1,81,128,2016,7,7,5,3,2,6,0,1,0,1,0,0,0,0,638375.0796,5327704254.0,10.858187373,48.087577492,2,#fc8d62,car
76388,9,1,78,143,2016,7,19,3,3,0,6,0,0,1,0,0,0,0,0,720632.7937,5371853.1607,11.98457436,48.461085888,1,#66c2a5,bicycle
76389,9,1,78,129,2016,7,21,7,2,7,7,1,0,0,0,0,1,0,0,711235.6387,5371470.8592,11.857431124,48.460875666,4,#e78ac3,marker
76390,9,7,62,0,2016,7,15,7,3,3,2,0,0,1,1,0,0,0,0,622289437.0,5307140207.0,10.636416814,47.905924158,1,#66c2a5,bicycle
76392,9,1,73,118,2016,7,18,3,3,4,2,0,0,1,1,0,0,0,0,693615.0812,5303401097.0,11.588362987,47.854758662,1,#66c2a5,bicycle
76396,9,1,78,124,2016,7,18,3,3,3,6,0,0,0,1,0,0,0,0,704261.7989,5362528125.0,11.758854926,48.382818206,2,#fc8d62,car
76397,9,1,62,0,2016,7,10,7,3,0,1,0,0,0,0,0,1,0,0,686181.9984,5335258998.0,11.502913814,48.14331433,4,#e78ac3,marker
76399,9,1,75,119,2016,7,18,7,3,8,1,0,0,0,1,0,0,0,0,727301494.0,5326054531.0,12.050058901,48.047261071,2,#fc8d62,car
76400,9,1,82,120,2016,7,11,4,3,3,6,0,0,0,1,0,0,1,0,703319.9986,5308853.0489,11.720522452,47.900759794,2,#fc8d62,car
76403,9,1,88,126,2016,7,19,2,3,5,2,0,0,0,1,0,0,0,0,660239343.0,5327846159.0,11.151647672,48.083732152,2,#fc8d62,car
76408,9,1,78,157,2016,7,23,3,3,9,7,2,0,0,1,0,0,0,0,706008.5241,5372287.0796,11.787212855,48.469943109,2,#fc8d62,car
76409,9,1,62,0,2016,7,14,6,3,1,5,0,0,1,1,0,0,0,0,686442.3696,5335207.6988,11.506388147,48.142776987,1,#66c2a5,bicycle
76416,9,1,86,152,2016,7,7,4,3,1,6,0,0,0,1,0,0,0,0,691565.8599,5375630.1447,11.593558104,48.504552436,2,#fc8d62,car
76420,9,1,79,123,2016,7,6,2,3,4,6,0,0,0,1,0,0,1,0,677339.7788,5335045.0247,11.384064853,48.143917158,2,#fc8d62,car
76423,9,7,62,0,2016,7,10,3,3,5,3,0,0,1,1,0,0,0,0,621656731.0,5304402932.0,10.627182149,47.881426193,1,#66c2a5,bicycle
76426,9,1,63,0,2016,7,17,4,3,0,2,0,0,1,1,0,0,0,0,733506379.0,5305129.3493,12.121838291,47.857033337,1,#66c2a5,bicycle
76430,9,1,81,120,2016,7,14,2,2,8,1,0,0,0,0,0,1,0,0,651363.0166,5319955502.0,11.029747886,48.014953163,4,#e78ac3,marker
76436,9,1,78,137,2016,7,21,3,2,5,3,1,0,0,1,0,1,0,0,691583.8947,5362645.8337,11.587862576,48.38785333,2,#fc8d62,car
76437,9,1,62,0,2016,7,21,6,3,6,2,2,0,0,1,1,0,0,0,686243.6199,5331784.41,11.502222928,48.112065337,2,#fc8d62,car
76448,9,1,78,145,2016,7,12,5,2,0,1,0,0,0,0,0,1,0,0,693660.3966,5356372.7035,11.61299434,48.330841115,4,#e78ac3,marker
76449,9,1,75,135,2016,7,10,2,3,0,7,0,0,1,0,0,0,0,0,709302.2715,5339128.0341,11.815263757,48.170897,1,#66c2a5,bicycle
76452,9,7,61,0,2016,7,16,3,3,2,1,0,0,0,1,0,0,0,0,643644.2965,5361585.0714,10.940395657,48.391057146,2,#fc8d62,car
76455,9,1,75,121,2016,7,18,3,3,0,6,0,0,0,1,0,0,0,1,713989343.0,5318828.5945,11.86806201,47.986930984,2,#fc8d62,car
76456,9,1,88,144,2016,7,17,1,3,0,7,0,0,0,1,0,0,0,1,669042.5759,5329134.6812,11.270271299,48.09304252,2,#fc8d62,car
76458,9,1,84,127,2016,7,14,6,3,4,6,0,0,0,1,0,0,0,1,701727.9713,5321063.3379,11.704970726,48.010999072,2,#fc8d62,car
76460,9,1,82,123,2016,7,15,1,2,4,6,0,0,0,1,0,1,0,0,719356.7635,5303630.8786,11.932171189,47.848554267,2,#fc8d62,car
76462,9,1,77,124,2016,7,19,3,3,4,6,0,0,0,1,0,0,0,0,725427.1335,5364426.4202,12.045341954,48.392666523,2,#fc8d62,car
76463,9,1,62,0,2016,7,18,6,3,0,7,0,0,0,0,0,1,0,0,688541.8471,5335291.2876,11.534620436,48.142909607,4,#e78ac3,marker
76470,9,1,78,143,2016,7,17,2,3,2,6,0,0,0,1,0,0,0,0,716044144.0,5372189038.0,11.922760506,48.465695836,2,#fc8d62,car
76471,9,1,84,147,2016,7,6,4,3,4,1,0,0,0,1,0,0,0,0,699960.3428,5341163.89,11.690713307,48.192200754,2,#fc8d62,car
76474,9,1,62,0,2016,7,18,4,2,5,3,0,0,1,0,0,0,0,0,694185.5977,5340245.4318,11.612672189,48.185737902,1,#66c2a5,bicycle
76475,9,1,78,138,2016,7,10,2,3,2,6,0,0,0,0,0,0,1,1,712036.5881,5368917.6206,11.866958905,48.437664924,5,#a6d854,bus
76480,9,1,77,139,2016,7,7,3,2,6,7,0,0,0,0,1,0,1,0,732571.3973,5359589.7035,12.139032695,48.346624437,3,#8da0cb,toilet
76481,9,1,77,135,2016,7,14,1,3,5,3,0,0,1,1,0,0,0,0,720339243.0,5342637003.0,11.965337447,48.198694888,1,#66c2a5,bicycle
76483,9,1,62,0,2016,7,18,6,3,2,6,0,0,0,1,0,0,0,0,687692131.0,5333446.5076,11.522396191,48.126579514,2,#fc8d62,car
76488,9,1,78,115,2016,7,7,2,3,1,6,0,0,0,1,0,0,0,0,703938.3766,5373886.0041,11.760018449,48.484985591,2,#fc8d62,car
76490,9,1,62,0,2016,7,8,3,3,8,7,0,0,1,0,0,0,0,0,688687.2526,5337078.0279,11.537365259,48.158925936,1,#66c2a5,bicycle
76497,9,1,84,145,2016,7,15,3,3,1,6,0,0,1,1,0,0,0,0,694999.2746,5325024.8137,11.616647681,48.048692076,1,#66c2a5,bicycle
76498,9,1,77,144,2016,7,16,4,2,9,1,0,0,0,1,0,0,0,0,714221.0346,5345219.0932,11.884411832,48.223989497,2,#fc8d62,car
76501,9,1,73,126,2016,7,15,4,3,5,3,0,0,0,1,0,0,0,0,685632.1299,5303801.5736,11.481919739,47.860714082,2,#fc8d62,car
76506,9,1,84,123,2016,7,9,2,2,5,3,0,0,0,1,0,0,1,0,703686.4903,5331702.7716,11.736267398,48.105992897,2,#fc8d62,car
76507,9,1,62,0,2016,7,3,6,3,8,7,2,0,0,1,0,0,0,0,688267.8814,5333992.1293,11.530366947,48.131313659,2,#fc8d62,car
76508,9,1,62,0,2016,7,10,7,3,2,6,0,0,0,1,0,0,0,0,687902.8059,5331606.8664,11.5244139,48.109982199,2,#fc8d62,car
76511,9,1,84,114,2016,7,0,4,3,3,1,2,0,0,1,0,0,0,0,701890.9672,5313006.2254,11.703368674,47.938536837,2,#fc8d62,car
76512,9,1,82,137,2016,7,14,1,1,8,1,0,0,0,1,0,0,0,0,714337263.0,5303607.3676,11.865150958,47.850036211,2,#fc8d62,car
76515,9,1,62,0,2016,7,12,1,3,1,6,0,0,0,1,0,1,0,0,694774.3309,5340916.1323,11.620892267,48.191585575,2,#fc8d62,car
76516,9,2,74,113,2016,7,17,2,3,2,6,0,0,0,1,0,0,0,0,729004.3059,5381756.2028,12.103080314,48.547056353,2,#fc8d62,car
76519,9,7,77,128,2016,7,10,4,3,5,3,0,0,1,1,0,0,0,0,614643412.0,5303404745.0,10.533148519,47.873739173,1,#66c2a5,bicycle
76521,9,1,62,0,2016,7,9,6,3,1,6,0,0,0,1,0,0,0,0,689800.86,5331929.5493,11.550031174,48.11231976,2,#fc8d62,car
76522,9,7,71,130,2016,7,17,7,3,2,6,0,0,0,1,0,0,0,0,645134.1618,5357691.6455,10.959165099,48.355708971,2,#fc8d62,car
76523,9,1,81,130,2016,7,18,2,3,8,6,0,0,0,0,0,1,1,0,637290.4721,5323363.0445,10.842236236,48.048774061,4,#e78ac3,marker
76529,9,7,72,147,2016,7,18,1,3,2,6,0,0,0,1,0,0,0,0,636350.3324,5364255.7736,10.842788315,48.416691005,2,#fc8d62,car
76536,9,7,61,0,2016,7,21,6,2,2,2,2,0,1,0,0,0,0,0,642845986.0,5360184398.0,10.929142006,48.378644349,1,#66c2a5,bicycle
76540,9,7,71,130,2016,7,14,2,3,9,1,0,1,0,0,0,0,1,0,646137.9722,5362820.2436,10.974490304,48.401589954,5,#a6d854,bus
76541,9,1,62,0,2016,7,18,5,3,3,6,0,0,0,1,0,1,0,0,694603.4908,5332006.6769,11.614522338,48.11156371,2,#fc8d62,car
76542,9,1,84,132,2016,7,9,2,3,8,1,0,1,0,1,0,0,0,0,681047.3885,5322799.9295,11.428671012,48.032802453,2,#fc8d62,car
76549,9,7,72,115,2016,7,12,1,1,8,1,0,0,0,1,0,0,0,0,615942.9076,5368538.0519,10.568282003,48.459288057,2,#fc8d62,car
76551,9,7,71,113,2016,7,5,6,3,5,3,1,0,0,1,0,0,0,0,657730151.0,5369665705.0,11.133581184,48.460339035,2,#fc8d62,car
76553,9,1,79,126,2016,7,12,3,3,3,7,0,0,1,0,0,0,0,0,676267884.0,5340439465.0,11.371903911,48.192706813,1,#66c2a5,bicycle
76561,9,1,81,133,2016,7,11,3,3,3,2,0,0,0,1,0,0,0,1,643561.2419,5312261.5609,10.922618796,47.947568646,2,#fc8d62,car
76569,9,7,61,0,2016,7,15,2,3,0,7,0,0,1,0,0,0,0,0,644119.1645,5358908.8594,10.945888862,48.366885933,1,#66c2a5,bicycle
76571,9,1,88,113,2016,7,8,2,3,8,1,0,1,0,1,0,0,0,0,679431.7133,5311662.3031,11.402364618,47.933139178,2,#fc8d62,car
76574,9,1,85,158,2016,7,12,7,3,8,1,0,0,0,1,0,0,0,0,663548.6375,5379526.9289,11.216089683,48.547502661,2,#fc8d62,car
76579,9,1,87,177,2016,7,16,1,3,1,6,0,0,0,1,0,1,0,0,738446.9343,5304573.8608,12.187479763,47.850229211,2,#fc8d62,car
76581,9,1,77,117,2016,7,7,3,3,2,6,0,0,0,0,0,1,0,1,705338.4436,5354914.3766,11.76966622,48.314050824,4,#e78ac3,marker
76587,9,7,61,0,2016,7,20,7,3,3,7,0,0,0,1,0,0,0,0,641771.1388,5361823.4733,10.915187683,48.393624607,2,#fc8d62,car
76589,9,1,79,119,2016,7,17,2,3,2,6,0,1,0,1,0,0,0,0,669229.1076,5340185.8652,11.277166598,48.192341638,2,#fc8d62,car
76590,9,7,72,202,2016,7,7,5,3,2,6,0,0,0,1,0,1,0,0,637337.5924,5358647.0479,10.854290064,48.366043773,2,#fc8d62,car
76601,9,1,73,118,2016,7,17,3,2,4,1,0,1,0,1,0,0,0,0,689738.9307,5304150.1637,11.536925984,47.862647809,2,#fc8d62,car
76602,9,1,83,139,2016,7,7,6,3,2,6,0,0,0,1,0,0,0,0,737198.4736,5334471.5858,12.187326481,48.119272693,2,#fc8d62,car
76607,9,7,72,157,2016,7,16,7,3,5,3,0,0,0,1,0,0,0,0,627335236.0,5335688792.0,10.712394674,48.161683486,2,#fc8d62,car
76609,9,1,62,0,2016,7,13,2,3,5,2,0,1,1,0,0,0,1,0,689660.5082,5340110.4714,11.551792484,48.185891959,1,#66c2a5,bicycle
76610,9,1,74,143,2016,7,15,6,3,4,1,0,0,0,1,0,1,0,0,673486.2287,5356473.9584,11.341082705,48.337611177,2,#fc8d62,car
76614,9,1,74,115,2016,7,7,2,3,4,2,0,0,0,1,0,0,0,0,680042.6857,5348016.4327,11.425870189,48.259755574,2,#fc8d62,car
76615,9,7,61,0,2016,7,17,5,3,3,6,0,0,0,1,0,0,0,0,639885.6427,5354268836.0,10.887219303,48.326116437,2,#fc8d62,car
76626,9,1,82,133,2016,7,16,1,2,0,1,0,0,1,0,0,0,0,0,707370.9073,5311555.4987,11.775960063,47.923749712,1,#66c2a5,bicycle
76628,9,7,61,0,2016,7,0,7,2,0,1,2,0,1,0,0,0,0,0,641804.9729,5358763.6176,10.914612098,48.36610413,1,#66c2a5,bicycle
76635,9,7,71,114,2016,7,14,7,3,1,2,0,0,0,1,0,0,0,0,645203.9135,5375130282.0,10.966148739,48.512487509,2,#fc8d62,car
76637,9,1,78,123,2016,7,18,6,3,2,6,0,0,0,1,0,0,0,0,692547.9266,5358964.4218,11.59918502,48.354473751,2,#fc8d62,car
76639,9,1,74,115,2016,7,14,2,3,5,3,0,0,0,1,0,1,0,0,682348.2283,5350658.81,11.458044776,48.282847225,2,#fc8d62,car
76642,9,1,88,139,2016,7,14,7,3,2,6,0,0,0,1,0,0,0,0,674910.6001,5319234.9667,11.344966934,48.002465053,2,#fc8d62,car
76648,9,1,63,0,2016,7,23,6,3,5,3,2,0,1,1,0,0,0,0,733733.0945,5303694.3281,12.124089532,47.844058655,1,#66c2a5,bicycle
76655,9,7,72,121,2016,7,20,2,3,5,3,0,0,0,1,0,0,0,0,632389.6042,5376043.5115,10.793017868,48.523531541,2,#fc8d62,car
76659,9,1,81,146,2016,7,11,7,3,5,6,0,0,0,1,0,0,0,0,648163.1918,5325131.9526,10.988657073,48.062248222,2,#fc8d62,car
76663,9,1,62,0,2016,7,19,5,3,1,5,0,0,1,1,0,0,0,0,686324609.0,5335211.0898,11.504808118,48.142841965,1,#66c2a5,bicycle
76669,9,1,79,136,2016,7,18,7,3,2,6,0,0,0,1,0,0,0,0,661877.2652,5342322.2526,11.179130167,48.213465021,2,#fc8d62,car
76675,9,1,81,132,2016,7,16,3,3,2,6,0,1,0,1,0,0,0,0,646478.7416,5328156.3197,10.967098851,48.089831597,2,#fc8d62,car
76685,9,1,90,158,2016,7,8,2,3,2,6,0,1,0,1,0,0,0,0,651335.6801,5304204.5296,11.023843249,47.873332566,2,#fc8d62,car
76688,9,1,78,120,2016,7,13,7,3,2,6,0,0,0,1,0,0,0,0,694465.9602,5354419.0048,11.622950747,48.313035433,2,#fc8d62,car
76696,9,1,86,152,2016,7,4,1,3,8,1,2,0,0,1,0,0,0,0,690451.0431,5378478.6746,11.579781252,48.530491822,2,#fc8d62,car
76699,9,1,84,114,2016,7,7,2,3,5,3,0,1,0,1,0,0,0,0,702670.0971,5318101.5623,11.716190514,47.984083379,2,#fc8d62,car
76700,9,1,62,0,2016,7,11,2,3,2,6,0,0,0,1,0,0,0,1,690154.8237,5339034.5773,11.557954942,48.176074137,2,#fc8d62,car