OBJECTID,ULAND,UREGBEZ,UKREIS,UGEMEINDE,UJAHR,UMONAT,USTUNDE,UWOCHENTAG,UKATEGORIE,UART,UTYP1,ULICHTVERH,STRZUSTAND,IstRad,IstPKW,IstFuss,IstKrad,IstGkfz,IstSonstig,LINREFX,LINREFY,XGCSWGS84,YGCSWGS84,Teilnehmer,color,symbol
76701,9,1,74,126,2016,7,19,6,3,4,6,0,0,0,1,0,0,0,0,683456348.0,5344141452.0,11.470142871,48.223946426,2,#fc8d62,car
76705,9,1,77,117,2016,7,10,7,3,4,2,0,0,0,1,0,0,0,0,714486308.0,5355426823.0,11.893155893,48.315619402,2,#fc8d62,car
76712,9,1,79,121,2016,7,7,3,3,2,3,0,0,0,1,0,0,1,0,666310.6778,5339284.7357,11.237574368,48.185011419,2,#fc8d62,car
76717,9,2,74,185,2016,7,11,7,3,3,2,0,0,0,1,0,0,0,0,732409.2123,5369858.1154,12.142527677,48.438925751,2,#fc8d62,car
76722,9,1,77,139,2016,7,18,7,3,2,6,0,0,0,1,0,0,0,0,732467.3178,5358946.8366,12.13727534,48.340887774,2,#fc8d62,car
76733,9,1,75,111,2016,7,5,6,3,9,1,0,0,0,1,0,0,0,0,713614.7537,5338503.2294,11.872880966,48.1638482,2,#fc8d62,car
76736,9,1,74,131,2016,7,14,2,3,5,3,0,0,0,1,0,1,0,0,676348.0308,5358569.8823,11.380544225,48.355658997,2,#fc8d62,car
76737,9,7,72,148,2016,7,14,5,3,2,6,0,1,0,1,0,0,0,0,628251431.0,5354397033.0,10.730377101,48.329737028,2,#fc8d62,car
76744,9,1,77,126,2016,7,10,2,3,2,7,0,0,0,1,0,0,0,0,716056.5055,5366843.1994,11.920170702,48.417660384,2,#fc8d62,car
76745,9,7,72,216,2016,7,7,5,3,5,3,0,1,1,1,0,0,0,0,622741.5382,5368226.9325,10.660112203,48.455200639,1,#66c2a5,bicycle
76747,9,1,62,0,2016,7,15,6,3,1,3,0,0,1,1,0,0,0,0,683881.5926,5335418.7748,11.472087652,48.145419533,1,#66c2a5,bicycle
76758,9,1,77,117,2016,7,16,6,3,3,6,0,0,1,1,0,0,0,0,716181.3816,5352129.3154,11.914301318,48.285413996,1,#66c2a5,bicycle
76761,9,1,78,150,2016,7,20,2,3,4,6,0,0,0,1,0,0,0,0,690596167.0,5371554.7696,11.5785849,48.468220769,2,#fc8d62,car
76765,9,1,84,142,2016,7,16,6,3,0,7,0,0,0,0,0,1,0,0,683827.5152,5317405.8898,11.463618066,47.983522154,4,#e78ac3,marker
76776,9,1,62,0,2016,7,19,6,3,3,6,1,0,0,0,0,1,0,0,691664.2532,5339265.6778,11.57834269,48.177697779,4,#e78ac3,marker
76785,9,1,79,142,2016,7,4,1,3,0,1,2,1,1,0,0,0,0,0,674861233.0,5340941758.0,11.353199167,48.197610917,1,#66c2a5,bicycle
76786,9,2,61,0,2016,7,12,7,3,2,6,0,0,0,1,0,0,0,0,733279.4071,5380881.8222,12.160428778,48.537627182,2,#fc8d62,car
76788,9,7,72,147,2016,7,6,2,2,9,7,0,0,0,1,0,0,0,0,635897257.0,5364279369.0,10.83667588,48.417001054,2,#fc8d62,car
76789,9,1,84,136,2016,7,9,5,3,1,6,0,1,0,1,0,0,0,1,699155.6525,5327367.5516,11.673449507,48.068463772,2,#fc8d62,car
76794,9,2,74,132,2016,7,19,5,3,9,1,0,0,0,1,0,0,0,0,723963.2876,5386372.9883,12.037359152,48.590351734,2,#fc8d62,car
76795,9,1,62,0,2016,7,11,6,3,2,6,0,0,0,1,0,0,0,0,699250.4053,5333032909.0,11.677363835,48.119349969,2,#fc8d62,car
76800,9,1,81,127,2016,7,2,1,3,8,1,2,1,0,1,0,0,0,0,636446.1766,5326355.9511,10.831868013,48.075868793,2,#fc8d62,car
76801,9,1,81,143,2016,7,7,3,3,8,6,0,0,0,1,0,0,0,0,638331.9549,5316058.9869,10.853847071,47.982867873,2,#fc8d62,car
76810,9,7,62,0,2016,7,21,5,2,0,1,1,0,1,0,0,0,0,0,621319.4756,5304452.3133,10.62268704,47.881934142,1,#66c2a5,bicycle
76813,9,1,84,147,2016,7,13,6,3,0,6,0,0,0,1,0,1,0,0,695987.2972,5339547056.0,11.63656454,48.178908085,2,#fc8d62,car
76818,9,7,71,122,2016,7,11,2,2,8,1,0,0,0,0,0,1,0,0,652012.78,5359988384.0,11.052788978,48.374740164,4,#e78ac3,marker
76830,9,1,81,145,2016,7,18,1,3,5,3,0,0,0,1,0,1,0,0,647164.0115,5330708.2707,10.977175907,48.112620028,2,#fc8d62,car
76832,9,1,75,133,2016,7,6,3,2,5,3,0,0,1,1,0,0,0,0,708008.0301,5342397.8243,11.799477821,48.200704665,1,#66c2a5,bicycle
76840,9,1,75,112,2016,7,20,2,2,8,1,2,1,0,1,0,0,0,0,721483.2293,5319258.1959,11.968585586,47.988240664,2,#fc8d62,car
76841,9,7,72,211,2016,7,7,5,3,2,6,0,1,0,1,0,0,0,0,622652.6445,5353010.6088,10.654467997,48.318380412,2,#fc8d62,car
76850,9,1,88,120,2016,7,10,1,3,0,1,0,0,1,0,0,0,0,0,676477.8895,5325375.3697,11.368489891,48.057233212,1,#66c2a5,bicycle
76852,9,1,73,137,2016,7,20,5,3,5,3,0,0,1,1,0,0,0,0,676761.9807,5308289.5307,11.365268894,47.903561093,1,#66c2a5,bicycle
76857,9,1,78,124,2016,7,20,1,3,2,6,0,0,1,1,0,0,0,0,703980.0989,5364923.5612,11.756217984,48.404435091,1,#66c2a5,bicycle
76860,9,1,62,0,2016,7,14,2,3,3,7,0,0,0,1,0,0,0,0,685389.05,5335326.1756,11.492293646,48.144149705,2,#fc8d62,car
76861,9,1,74,141,2016,7,10,6,3,5,3,0,0,0,1,0,0,0,0,683070.3635,5355706.8034,11.469959383,48.328011935,2,#fc8d62,car
76868,9,7,72,207,2016,7,7,5,1,4,1,0,1,0,1,0,0,1,1,640831999.0,5379759224.0,10.908549301,48.555103624,2,#fc8d62,car
76875,9,1,82,137,2016,7,4,3,2,2,6,2,0,0,1,0,0,1,0,710855.9389,5305225.2072,11.819461871,47.865726333,2,#fc8d62,car
76879,9,1,75,136,2016,7,23,1,3,8,1,2,0,0,0,0,1,0,0,727840.7041,5318838.0258,12.053449714,47.982233209,4,#e78ac3,marker
76882,9,7,77,177,2016,7,6,2,3,9,1,0,1,0,1,0,0,0,0,634825.3805,5316104.1391,10.806892619,47.984022586,2,#fc8d62,car
76883,9,1,62,0,2016,7,10,5,3,2,6,0,1,0,1,0,0,0,0,691680107.0,5331698345.0,11.575149209,48.109678934,2,#fc8d62,car
76884,9,1,82,120,2016,7,17,2,3,6,4,0,0,0,1,1,0,0,0,702008.2756,5306442.6578,11.701863369,47.879511093,2,#fc8d62,car
76888,9,1,78,120,2016,7,12,6,2,2,6,0,0,0,1,0,0,0,0,695989.4947,5350629.9609,11.641718978,48.278512491,2,#fc8d62,car
76891,9,7,61,0,2016,7,6,5,2,5,3,0,1,1,1,0,0,0,0,643850028.0,5361784.3966,10.943241353,48.392802465,1,#66c2a5,bicycle
76894,9,7,78,204,2016,7,9,6,3,4,6,0,0,0,1,0,0,0,0,614838.0837,5325691.5834,10.541707564,48.074151757,2,#fc8d62,car
76898,9,1,62,0,2016,7,23,7,3,1,5,2,1,1,1,0,0,0,0,688388.5809,5334972.4196,11.532421063,48.140088969,1,#66c2a5,bicycle
76900,9,1,87,182,2016,7,16,6,3,5,3,0,0,0,1,0,0,0,1,738173.8713,5328278.1965,12.196958292,48.063273398,2,#fc8d62,car
76904,9,1,62,0,2016,7,15,7,3,0,1,0,0,1,0,0,0,0,0,692156603.0,5339557366.0,11.585090872,48.180170708,1,#66c2a5,bicycle
76908,9,7,72,111,2016,7,0,2,2,3,7,2,0,0,1,0,0,0,0,625872.1065,5364201.5156,10.70122542,48.41838352,2,#fc8d62,car
76913,9,2,61,0,2016,7,7,2,3,6,4,0,0,0,1,1,0,0,0,731993.4774,5381343.7721,12.143291774,48.542253431,2,#fc8d62,car
76921,9,1,84,137,2016,7,21,7,3,7,1,2,1,0,0,0,1,0,0,709797384.0,5311953.7094,11.808595695,47.926538843,4,#e78ac3,marker
76930,9,1,84,130,2016,7,15,7,3,2,6,0,0,0,1,0,0,0,0,698483.4977,5345239224.0,11.67276964,48.229289258,2,#fc8d62,car
76931,9,1,81,122,2016,7,16,3,3,3,2,0,0,0,1,0,1,0,0,644819.0472,5333760.9095,10.946727277,48.140606298,2,#fc8d62,car
76939,9,7,61,0,2016,7,19,2,3,0,1,0,1,1,0,0,0,0,0,644341.8327,5357610.6481,10.948448123,48.355162303,1,#66c2a5,bicycle
76941,9,1,87,122,2016,7,14,2,3,2,6,0,0,0,1,0,0,0,1,717383.5713,5308369.4582,11.908213797,47.891804454,2,#fc8d62,car
76943,9,2,74,185,2016,7,9,1,2,0,1,0,0,1,0,0,0,0,0,729736.4626,5370858.3978,12.106992168,48.448892206,1,#66c2a5,bicycle
76953,9,1,84,141,2016,7,9,2,3,5,2,0,1,1,1,0,0,0,0,698078951.0,5316645472.0,11.654057722,47.972434615,1,#66c2a5,bicycle
76954,9,1,84,142,2016,7,13,2,3,2,6,0,0,0,1,0,0,0,0,682841.2997,5318219.8571,11.450760132,47.991121494,2,#fc8d62,car
76955,9,1,74,113,2016,7,6,6,3,5,3,0,0,0,1,0,0,1,0,670555.7107,5347813596.0,11.298071996,48.260556984,2,#fc8d62,car
76962,9,7,61,0,2016,7,17,5,3,5,3,0,0,1,1,0,0,0,0,644189.4605,5357597.6162,10.946388044,48.355079939,1,#66c2a5,bicycle
76963,9,1,79,123,2016,7,17,3,3,5,2,0,1,0,1,0,1,0,0,676631.6916,5334049.8366,11.374141437,48.135168168,2,#fc8d62,car
76971,9,1,87,117,2016,7,14,2,3,0,6,0,0,1,0,0,0,1,0,725279.94,5305855058.0,12.012393903,47.866490156,1,#66c2a5,bicycle
76973,9,2,74,146,2016,7,12,1,3,3,6,0,0,1,1,0,0,0,0,737211475.0,5377248.8647,12.211547588,48.503521411,1,#66c2a5,bicycle
76974,9,7,62,0,2016,7,11,6,3,1,6,0,0,0,1,0,0,0,1,621988.5999,5302215.1053,10.631001405,47.861686474,2,#fc8d62,car
76978,9,1,83,119,2016,7,19,6,3,4,6,0,1,0,1,0,0,0,0,735011.4666,5339583.6994,12.160806323,48.166006989,2,#fc8d62,car
76985,9,1,74,137,2016,7,6,6,3,0,6,0,0,0,1,0,0,1,0,658093.6861,5351172.3728,11.131540067,48.293986437,2,#fc8d62,car
76989,9,7,61,0,2016,7,18,5,3,5,2,0,0,1,1,0,0,0,0,641118.2992,5356644.2253,10.904635447,48.347201192,1,#66c2a5,bicycle
76990,9,1,88,113,2016,7,16,1,3,2,6,0,0,0,1,0,0,0,0,679435.2164,5311863.3962,11.402495261,47.934945898,2,#fc8d62,car
77003,9,2,74,165,2016,7,16,6,2,5,3,0,0,0,1,0,1,0,0,716950344.0,5385377951.0,11.941864009,48.583880045,2,#fc8d62,car
77008,9,1,75,127,2016,7,14,6,3,7,7,0,0,1,0,0,0,0,0,711927.4911,5341398.0755,11.851661764,48.190425219,1,#66c2a5,bicycle
77016,9,2,61,0,2016,7,13,6,3,2,6,0,0,0,1,0,1,0,1,732750.3159,5382085.5731,12.153944482,48.54863654,2,#fc8d62,car
77018,9,1,86,151,2016,7,7,3,3,5,6,0,0,0,0,0,1,0,1,682543.9989,5374348.8286,11.470974687,48.495722239,4,#e78ac3,marker
77023,9,1,82,123,2016,7,3,7,3,2,6,2,0,0,1,0,0,0,0,715428.2016,5301991.9534,11.878911118,47.835155322,2,#fc8d62,car
77026,9,7,71,142,2016,7,17,2,2,4,6,0,0,1,0,0,0,0,0,645388.5478,5353054.8614,10.960996951,48.31395936,1,#66c2a5,bicycle
77028,9,1,87,179,2016,7,22,2,3,2,1,2,1,0,1,0,1,0,0,726752.2165,5315261.5826,12.036997372,47.950487019,2,#fc8d62,car
77030,9,1,87,124,2016,7,15,3,3,5,3,0,1,0,1,0,0,0,0,735220.5158,5327480.5344,12.156940194,48.057203191,2,#fc8d62,car
77037,9,1,62,0,2016,7,9,5,3,2,6,0,1,0,1,0,0,0,0,684991.2768,5333050.8226,11.485963343,48.123813495,2,#fc8d62,car
77049,9,1,81,116,2016,7,15,3,3,5,3,0,1,0,1,0,0,0,0,647846.3783,5340484.5452,10.989735204,48.200365531,2,#fc8d62,car
77064,9,1,84,145,2016,7,8,5,3,2,6,0,0,0,1,0,0,0,0,697587301.0,5324209359.0,11.65096115,48.040567379,2,#fc8d62,car
77070,9,1,63,0,2016,7,15,5,3,1,6,0,0,0,1,0,0,0,0,733674122.0,5305032325.0,12.124025054,47.856100703,2,#fc8d62,car
77074,9,1,73,130,2016,7,19,6,3,9,7,0,1,0,1,0,0,0,0,679642.7157,5312635.2391,11.405593009,47.941826128,2,#fc8d62,car
77078,9,1,74,111,2016,7,20,3,3,8,1,0,0,0,1,0,0,0,0,664307498.0,5361324466.0,11.219215145,48.383670075,2,#fc8d62,car
77083,9,1,82,123,2016,7,18,7,3,5,3,0,1,0,1,0,0,0,0,717206.2522,5301373.2433,11.902330727,47.828997639,2,#fc8d62,car
77089,9,7,74,144,2016,7,5,6,3,2,1,1,0,0,0,0,0,1,1,613672.8643,5362063.9036,10.535832295,48.401478546,5,#a6d854,bus
77091,9,1,63,0,2016,7,20,5,3,5,6,0,0,1,0,0,0,0,1,734761315.0,5303803042.0,12.137870486,47.844660749,1,#66c2a5,bicycle
77094,9,1,73,130,2016,7,12,6,3,3,6,0,0,0,1,0,0,0,0,678934.5644,5309679.1694,11.394890931,47.915450924,2,#fc8d62,car
77100,9,1,78,120,2016,7,8,6,3,9,6,0,0,0,1,0,0,0,0,695197.6742,5355470.6562,11.633295964,48.322261411,2,#fc8d62,car
77107,9,1,62,0,2016,7,17,2,3,1,7,0,1,0,1,1,0,1,0,695398.5449,5334006.0493,11.62610871,48.129289743,2,#fc8d62,car
77108,9,1,62,0,2016,7,21,2,3,3,6,2,0,0,1,0,1,0,0,694588881.0,5336161.7725,11.616223709,48.148912506,2,#fc8d62,car
77109,9,1,88,144,2016,7,17,6,3,2,2,0,0,0,1,0,0,0,0,667537.4193,5327142.8858,11.249291786,48.075533522,2,#fc8d62,car
77115,9,7,73,182,2016,7,11,1,2,5,3,0,0,0,1,0,1,0,0,621356.1311,5377254162.0,10.64400554,48.536648576,2,#fc8d62,car
77118,9,1,87,117,2016,7,8,5,2,5,3,0,0,0,1,0,0,0,0,719795.7352,5313823543.0,11.943221,47.93999042,2,#fc8d62,car
77119,9,7,61,0,2016,7,14,6,3,2,6,0,0,0,1,0,0,1,0,638408517.0,5356744452.0,10.868115608,48.348702026,2,#fc8d62,car
77121,9,1,73,137,2016,7,15,6,2,3,6,0,0,0,1,0,0,0,0,680400.3907,5307147.7107,11.413433217,47.892284095,2,#fc8d62,car
77124,9,1,73,147,2016,7,8,6,3,5,3,0,0,1,1,0,0,0,0,681351.5635,5309516.7167,11.427142295,47.913311646,1,#66c2a5,bicycle
77130,9,1,84,147,2016,7,19,5,3,5,3,0,0,0,1,0,0,0,1,696137.9065,5340854.6526,11.639192079,48.190613435,2,#fc8d62,car
77131,9,1,74,113,2016,7,10,2,2,0,6,0,0,0,0,0,0,1,0,669396479.0,5349317991.0,11.283067986,48.274391912,5,#a6d854,bus
77133,9,7,61,0,2016,7,23,1,3,3,6,2,0,0,1,0,0,0,0,639830.6003,5364065.1209,10.88973464,48.41421401,2,#fc8d62,car
77134,9,1,87,150,2016,7,16,5,3,0,1,0,0,0,1,0,0,0,0,726045.4586,5303634.1551,12.021454953,47.846266721,2,#fc8d62,car
77135,9,1,75,127,2016,7,18,6,3,5,3,0,0,0,1,0,0,0,0,711987.2668,5341387465.0,11.852459766,48.190309931,2,#fc8d62,car
77136,9,1,77,117,2016,7,18,4,2,9,1,0,1,0,1,0,0,0,0,718635.6408,5355363.9397,11.949016374,48.31363369,2,#fc8d62,car
77145,9,1,78,120,2016,7,21,4,3,7,6,2,1,1,0,0,0,0,0,695051.7479,5352592.7324,11.629999242,48.296441948,1,#66c2a5,bicycle
77148,9,1,85,166,2016,7,22,6,3,0,7,2,0,0,0,0,1,0,1,671601.6093,5382759.2201,11.326448995,48.574406094,4,#e78ac3,marker
77149,9,1,87,179,2016,7,18,6,3,3,1,0,0,0,1,0,1,0,0,727655.3768,5315598.4996,12.049254362,47.953193728,2,#fc8d62,car
77151,9,1,81,127,2016,7,17,5,3,2,6,0,0,0,1,0,0,0,0,631644.7055,5322129.7955,10.766137177,48.038873167,2,#fc8d62,car
77155,9,1,78,120,2016,7,5,4,3,4,2,0,0,0,1,0,0,0,0,694973.8932,5352928.6808,11.629105757,48.299485187,2,#fc8d62,car
77156,9,7,71,156,2016,7,6,5,3,8,1,0,0,0,1,0,0,0,0,655702414.0,5380493042.0,11.110211405,48.558185009,2,#fc8d62,car
77160,9,1,88,139,2016,7,12,6,3,5,3,0,0,1,1,0,0,0,0,675298.2912,5319493.25,11.350265583,48.004680734,1,#66c2a5,bicycle
77163,9,1,81,130,2016,7,10,5,2,3,6,0,0,0,1,0,0,1,0,636425444.0,5325730781.0,10.83139025,48.070251406,2,#fc8d62,car
77167,9,1,75,111,2016,7,11,4,3,2,6,0,0,0,1,0,0,0,0,713300.9141,5338402.6415,11.868615226,48.163049716,2,#fc8d62,car
77169,9,1,77,120,2016,7,17,4,3,5,3,0,0,0,1,0,0,0,0,724206.5199,5362159.9948,12.027667522,48.372739982,2,#fc8d62,car
77170,9,7,71,142,2016,7,17,4,3,2,6,0,0,0,1,0,0,0,0,645402204.0,5353089744.0,10.961193058,48.314269864,2,#fc8d62,car
77175,9,1,74,126,2016,7,18,6,3,0,1,0,0,1,0,0,0,0,0,682909.3388,5344606785.0,11.462985552,48.228287019,1,#66c2a5,bicycle
77176,9,1,77,133,2016,7,13,4,3,1,6,0,0,0,1,0,0,0,0,711352462.0,5361371053.0,11.853921588,48.370086233,2,#fc8d62,car
77177,9,1,84,122,2016,7,11,4,3,2,6,0,0,0,1,0,0,0,1,687608.0868,5320792.2984,11.51571475,48.012863504,2,#fc8d62,car
77181,9,1,84,114,2016,7,12,5,3,2,6,0,0,0,1,0,0,0,0,701632.0033,5313549.7959,11.700159641,47.943503593,2,#fc8d62,car
77183,9,1,77,115,2016,7,12,4,3,2,6,0,0,0,1,0,0,0,0,738471.9962,5356687.5664,12.216902672,48.318356661,2,#fc8d62,car
77188,9,1,78,145,2016,7,13,6,3,2,2,0,0,0,1,0,0,0,0,697203.1997,5354364.1812,11.659803866,48.311695218,2,#fc8d62,car
77189,9,1,84,148,2016,7,15,3,3,5,3,0,1,0,1,0,0,0,1,697136.9655,5326628.6903,11.646040305,48.062450324,2,#fc8d62,car
77192,9,1,63,0,2016,7,12,6,3,0,1,0,0,1,0,0,0,0,0,734650.1886,5304460.5302,12.136743937,47.850608141,1,#66c2a5,bicycle
77200,9,1,84,122,2016,7,14,3,3,5,3,0,0,0,1,0,0,0,0,687978.9577,5323731.5185,11.521972235,48.039173489,2,#fc8d62,car
77202,9,1,62,0,2016,7,7,5,3,0,7,0,0,0,0,0,0,0,1,692081.4146,5341780.7632,11.585085956,48.200176721,6,#ffd92f,circle
77205,9,1,81,130,2016,7,7,5,2,5,3,0,0,0,1,0,0,0,1,641984.8452,5322097.4286,10.904772579,48.036366424,2,#fc8d62,car
77208,9,1,86,152,2016,7,8,4,3,2,6,0,0,0,1,0,0,0,0,691522.7167,5373815.2288,11.592142404,48.488254602,2,#fc8d62,car
77210,9,1,84,135,2016,7,17,3,3,1,5,0,1,0,1,0,0,0,0,691732.5586,5346399.4295,11.582484405,48.241793332,2,#fc8d62,car
77214,9,1,62,0,2016,7,8,3,3,2,6,0,0,0,1,0,0,0,0,684682951.0,5332057.0092,11.481393525,48.114970069,2,#fc8d62,car
77218,9,1,86,143,2016,7,9,6,2,6,3,0,0,0,0,1,0,1,0,685483.1293,5377976.1132,11.512332396,48.527462697,3,#8da0cb,toilet
77221,9,1,84,123,2016,7,8,3,3,0,4,0,0,1,0,1,0,0,0,703339.7664,5331803.7965,11.731663244,48.107011545,1,#66c2a5,bicycle
77224,9,7,72,223,2016,7,10,5,3,3,6,0,0,0,1,0,0,1,0,618466.3529,5363108.4734,10.600866141,48.409989838,2,#fc8d62,car
77225,9,2,61,0,2016,7,13,6,3,2,6,0,0,0,1,0,0,0,1,734250.5917,5382219.4099,12.174317229,48.549280358,2,#fc8d62,car
77226,9,1,75,132,2016,7,7,6,3,4,1,0,0,1,0,0,0,0,0,706069.8153,5330837.3166,11.76782794,48.097449037,1,#66c2a5,bicycle
77228,9,2,74,126,2016,7,17,6,2,2,6,0,0,0,1,0,0,0,0,733757.1681,5385996.5491,12.169763267,48.583392648,2,#fc8d62,car
77230,9,1,81,130,2016,7,11,6,3,4,2,0,0,0,1,0,0,0,0,642251.3475,5324562.2909,10.909165001,48.058471431,2,#fc8d62,car
77232,9,1,78,120,2016,7,13,5,3,2,6,0,0,0,1,0,1,0,0,694502.0869,5354772.7237,11.623600579,48.316203285,2,#fc8d62,car
77241,9,1,77,117,2016,7,13,6,3,4,6,0,0,0,1,0,0,0,1,715952.4946,5352765.5187,11.911545065,48.291208462,2,#fc8d62,car
77248,9,1,87,134,2016,7,17,5,3,8,1,0,1,0,1,0,0,0,0,737865.0763,5322488.5237,12.189604984,48.011379035,2,#fc8d62,car
77254,9,1,62,0,2016,7,18,5,3,1,7,0,0,1,1,0,0,0,0,699651.6225,5332970.0242,11.682719496,48.118659146,1,#66c2a5,bicycle
77273,9,1,81,141,2016,7,15,5,2,4,6,0,0,0,1,0,0,0,0,644858.5074,5319686.4975,10.94248592,48.014041948,2,#fc8d62,car
77279,9,7,61,0,2016,7,17,4,3,2,6,0,0,0,1,0,0,0,0,636890.7457,5359574.5665,10.848562089,48.374481009,2,#fc8d62,car
77284,9,1,81,128,2016,7,8,6,3,2,6,0,0,0,1,0,0,0,0,638510551.0,5327213494.0,10.859846418,48.083135002,2,#fc8d62,car
77286,9,1,62,0,2016,7,17,4,3,5,3,0,0,1,1,0,0,0,0,697770071.0,5330074.3619,11.656123252,48.093221999,1,#66c2a5,bicycle
77296,9,1,78,130,2016,7,17,6,3,1,6,0,0,0,1,0,0,0,0,702047.5825,5356291245.0,11.725990391,48.327483903,2,#fc8d62,car
77301,9,1,86,162,2016,7,9,5,3,5,3,0,0,0,1,0,0,0,1,690695.6083,5384253.3485,11.585735729,48.582315431,2,#fc8d62,car
77310,9,1,84,138,2016,7,16,5,2,5,3,0,0,1,0,0,0,0,1,680659.5908,5330476.0458,11.42671714,48.101912973,1,#66c2a5,bicycle
77313,9,1,81,146,2016,7,8,5,3,3,6,0,0,0,1,0,0,0,0,650289.1113,5325562.2649,11.017324359,48.065620102,2,#fc8d62,car
77326,9,1,86,128,2016,7,22,6,3,4,7,2,0,0,1,0,0,0,1,676366.6302,5383680.4173,11.391382552,48.581363369,2,#fc8d62,car
77334,9,2,61,0,2016,7,17,6,3,4,2,0,0,0,1,0,0,0,0,732080.4372,5379946541.0,12.143690207,48.529670249,2,#fc8d62,car
77336,9,1,62,0,2016,7,14,6,3,0,7,0,0,0,0,0,1,0,0,701425.8681,5335634599.0,11.707792082,48.142046752,4,#e78ac3,marker
77339,9,1,88,118,2016,7,10,6,3,2,6,0,0,0,1,0,0,0,0,669327344.0,5313697.88,11.267993552,47.954188939,2,#fc8d62,car
77342,9,1,74,115,2016,7,8,5,3,4,6,0,0,1,0,0,0,0,0,681837.8939,5346434.9958,11.449356345,48.245028099,1,#66c2a5,bicycle
77344,9,7,72,163,2016,7,12,3,3,9,6,0,0,0,1,0,0,1,0,638544.1148,5347771.9002,10.866998596,48.267991896,2,#fc8d62,car
77349,9,1,83,126,2016,7,15,6,3,3,2,0,0,0,1,0,1,0,0,731103765.0,5338691067.0,12.107845353,48.159420262,2,#fc8d62,car
77350,9,1,78,132,2016,7,15,6,2,8,1,0,0,0,0,0,1,0,0,713489.3559,5381281.1025,11.892893708,48.548259487,4,#e78ac3,marker
77351,9,7,72,131,2016,7,16,3,3,9,1,0,0,0,1,0,0,0,0,616315.9566,5353542.9067,10.569173154,48.324365097,2,#fc8d62,car
77359,9,1,87,182,2016,7,11,5,2,4,6,0,0,0,1,0,0,0,0,736936.6117,5327950.2446,12.180195746,48.060787945,2,#fc8d62,car
77362,9,1,74,121,2016,7,12,4,3,8,1,0,0,0,1,0,0,0,0,690414.2105,5353612.3419,11.56799451,48.307018262,2,#fc8d62,car
77363,9,7,72,130,2016,7,15,3,2,4,6,0,0,0,1,0,0,0,0,631157099.0,5359220.18,10.771064122,48.372512068,2,#fc8d62,car
77364,9,7,61,0,2016,7,21,4,3,3,6,2,0,0,1,0,0,0,1,639974.2739,5355976.2831,10.888981587,48.341449785,2,#fc8d62,car
77365,9,1,62,0,2016,7,10,5,3,2,6,0,0,0,1,0,0,0,0,699190.2876,5333035.1646,11.676557991,48.119389048,2,#fc8d62,car
77372,9,7,61,0,2016,7,16,3,3,5,3,0,0,0,1,0,0,0,0,637008731.0,5360107443.0,10.850328173,48.379246974,2,#fc8d62,car
77375,9,7,72,202,2016,7,16,3,3,2,6,0,0,0,1,0,0,0,1,636791.4644,5356601.0282,10.846255315,48.34776466,2,#fc8d62,car
77382,9,7,61,0,2016,7,18,3,2,0,7,0,0,1,0,0,0,0,0,641219.4238,5360964.0503,10.907449938,48.386020828,1,#66c2a5,bicycle
77385,9,1,90,158,2016,7,14,5,3,8,1,0,1,1,0,0,0,0,0,652435.8312,5303050.05,11.038139007,47.862691634,1,#66c2a5,bicycle
77386,9,7,61,0,2016,7,16,5,3,7,1,0,0,1,0,0,0,0,0,642069.9872,5359557.9127,10.918456508,48.373186488,1,#66c2a5,bicycle
77387,9,1,73,120,2016,7,8,6,2,4,6,0,0,0,1,0,0,0,0,685892.1493,5312956.3934,11.489337393,47.942930238,2,#fc8d62,car
77388,9,7,61,0,2016,7,16,4,3,4,2,0,0,1,1,0,0,0,0,641903.8739,5357634.6462,10.915565873,48.355930662,1,#66c2a5,bicycle
77391,9,2,74,111,2016,7,7,6,3,4,6,0,0,0,1,0,0,0,0,738275.8127,5381428.3567,12.228320918,48.540659269,2,#fc8d62,car
77393,9,1,81,130,2016,7,14,6,2,8,1,0,0,0,0,0,1,0,0,640505047.0,5325466.2288,10.886038032,48.066986787,4,#e78ac3,marker
77395,9,1,78,120,2016,7,16,5,3,2,6,0,0,0,1,0,0,0,1,691240.9387,5352401.7026,11.578583919,48.295888148,2,#fc8d62,car
77402,9,1,62,0,2016,7,21,4,2,2,6,2,1,0,1,0,1,0,0,696447.2197,5335109.0214,11.640695753,48.138879839,2,#fc8d62,car
77403,9,1,84,119,2016,7,14,5,3,5,3,0,0,0,1,0,0,0,0,695575.8753,5347232.3016,11.634579205,48.248104774,2,#fc8d62,car
77404,9,7,77,158,2016,7,7,4,3,2,6,0,0,0,1,0,0,0,1,620186.5397,5310528.3984,10.609233485,47.936794229,2,#fc8d62,car
77406,9,7,61,0,2016,7,19,6,2,2,6,0,0,0,1,0,0,0,0,640484.9794,5363979.6654,10.898544562,48.413300084,2,#fc8d62,car
77412,9,1,75,132,2016,8,19,3,3,5,3,0,0,1,1,0,0,0,0,706110.0391,5330811.1404,11.768354914,48.097200796,1,#66c2a5,bicycle
77415,9,1,84,136,2016,7,10,6,3,5,3,0,0,0,1,0,0,0,1,698552.9245,5326373.6965,11.664906197,48.059719546,2,#fc8d62,car
77417,9,7,72,207,2016,7,12,6,1,4,7,0,0,0,1,0,0,1,0,640687.4908,5381964.4632,10.907337764,48.574964052,2,#fc8d62,car