OBJECTID,ULAND,UREGBEZ,UKREIS,UGEMEINDE,UJAHR,UMONAT,USTUNDE,UWOCHENTAG,UKATEGORIE,UART,UTYP1,ULICHTVERH,STRZUSTAND,IstRad,IstPKW,IstFuss,IstKrad,IstGkfz,IstSonstig,LINREFX,LINREFY,XGCSWGS84,YGCSWGS84,Teilnehmer,color,symbol
77425,9,1,88,124,2016,8,10,2,3,2,6,0,0,0,1,0,0,0,0,659231182.0,5322715.4447,11.136209969,48.037855412,2,#fc8d62,car
77427,9,1,62,0,2016,8,20,2,3,0,1,1,0,0,0,0,1,0,0,695199.6816,5331397.8182,11.622244967,48.105909111,4,#e78ac3,marker
77430,9,7,78,216,2016,7,18,6,2,2,6,0,0,0,1,0,0,0,0,625375394.0,5320685966.0,10.681644317,48.027150392,2,#fc8d62,car
77431,9,7,72,177,2016,7,15,6,1,4,6,0,0,0,1,0,0,0,0,636228.1323,5379318266.0,10.846047918,48.552155794,2,#fc8d62,car
77437,9,7,72,163,2016,7,16,1,3,4,1,0,1,0,1,0,0,0,0,638499.9594,5346682673.0,10.866047237,48.258207227,2,#fc8d62,car
77439,9,7,61,0,2016,7,17,6,3,2,6,0,0,0,1,0,1,0,0,644984.1577,5355458.1799,10.956372409,48.335661469,2,#fc8d62,car
77442,9,1,77,133,2016,8,11,2,3,5,3,0,0,0,1,0,0,1,0,713643149.0,5355895.6426,11.882035154,48.320117263,2,#fc8d62,car
77447,9,7,72,163,2016,8,21,2,3,2,6,2,0,0,1,0,0,0,0,638532.3761,5347674.0085,10.866808426,48.267114223,2,#fc8d62,car
77448,9,7,61,0,2016,7,6,6,3,5,3,0,0,1,1,0,0,0,0,643025225.0,5357580.5088,10.930675736,48.35519089,1,#66c2a5,bicycle
77462,9,7,72,111,2016,7,7,7,3,2,6,0,0,0,1,0,0,0,0,626769.9492,5364125.2655,10.713331547,48.417517828,2,#fc8d62,car
77463,9,1,81,114,2016,8,7,3,3,5,3,0,0,0,1,0,0,0,0,657192.4266,5312300.0278,11.105064097,47.944714426,2,#fc8d62,car
77467,9,1,62,0,2016,7,9,7,3,5,3,0,0,0,1,0,0,0,1,686222.9526,5335255.7343,11.503462404,48.143273008,2,#fc8d62,car
77469,9,1,81,130,2016,8,6,2,3,2,6,0,0,0,1,0,0,0,0,639257.1005,5325297.4856,10.86924082,48.065743082,2,#fc8d62,car
77470,9,1,81,146,2016,7,5,7,3,2,6,0,0,0,1,0,0,0,0,649531.7071,5325584.9752,11.007172179,48.066002303,2,#fc8d62,car
77478,9,1,78,124,2016,8,16,3,3,4,6,0,0,0,0,0,0,1,0,699682.0996,5365073.9531,11.698281854,48.407162521,5,#a6d854,bus
77481,9,1,84,142,2016,7,14,6,3,0,7,0,0,1,0,0,0,0,0,684109.87,5316678201.0,11.467086635,47.976899864,1,#66c2a5,bicycle
77485,9,1,77,115,2016,7,18,7,3,0,3,0,0,0,1,0,0,0,0,729033.6322,5353330.3872,12.087957161,48.291685681,2,#fc8d62,car
77492,9,1,74,146,2016,8,18,3,2,9,7,0,0,0,1,0,0,1,0,668987.9795,5349606.1506,11.277682089,48.277091499,2,#fc8d62,car
77493,9,1,78,155,2016,8,10,2,3,4,6,0,0,0,1,0,0,0,0,716343.9577,5374118.8856,11.927809351,48.48293189,2,#fc8d62,car
77495,9,1,62,0,2016,8,18,2,3,2,6,0,0,0,1,0,0,0,0,688671.9847,5335907.3224,11.53664113,48.14840803,2,#fc8d62,car
77511,9,7,61,0,2016,8,8,2,3,2,6,0,0,0,1,0,0,0,0,644689.3467,5357250.8741,10.953012654,48.351847901,2,#fc8d62,car
77514,9,1,74,113,2016,7,5,1,2,9,7,1,0,0,1,0,0,0,0,669491.7111,5349201.4701,11.284303717,48.273318955,2,#fc8d62,car
77517,9,1,86,130,2016,7,11,7,3,2,1,0,0,0,1,0,0,0,0,685519.9673,5373143.8517,11.510683368,48.484020713,2,#fc8d62,car
77520,9,1,82,137,2016,7,14,7,2,1,6,0,0,0,1,0,0,0,0,710772.6071,5302261.5295,11.816905106,47.839120506,2,#fc8d62,car
77529,9,1,62,0,2016,7,10,7,3,5,2,0,0,1,1,0,0,0,0,688327.9026,5340189.8057,11.533916337,48.187001472,1,#66c2a5,bicycle
77530,9,7,62,0,2016,7,11,7,2,0,1,0,0,1,0,0,0,0,0,621609514.0,5308866209.0,10.627809137,47.921576555,1,#66c2a5,bicycle
77533,9,1,88,124,2016,7,4,7,2,6,6,2,0,0,1,1,0,0,0,663228364.0,5320385.1486,11.188907498,48.015895429,2,#fc8d62,car
77538,9,2,74,182,2016,7,15,7,3,2,6,0,0,0,1,0,0,0,0,728965.0832,5378069.4162,12.100525073,48.51395168,2,#fc8d62,car
77543,9,7,61,0,2016,7,13,7,3,0,7,0,0,1,0,0,0,0,0,638252.5417,5361319.6462,10.867515681,48.389875535,1,#66c2a5,bicycle
77544,9,1,74,126,2016,8,16,3,2,5,3,0,0,1,1,0,0,0,0,683078.8745,5344471.9822,11.465208033,48.227026437,1,#66c2a5,bicycle
77547,9,1,84,135,2016,7,5,6,3,2,6,0,0,0,1,0,0,0,1,692976675.0,5345443.9107,11.598788554,48.23282813,2,#fc8d62,car
77554,9,1,77,117,2016,8,14,2,3,4,6,0,0,1,1,0,0,0,0,716425.1178,5354278.3931,11.918683943,48.30464028,1,#66c2a5,bicycle
77555,9,1,84,141,2016,8,17,2,3,5,2,0,0,1,1,0,0,0,0,698077976.0,5316570232.0,11.654009998,47.971758692,1,#66c2a5,bicycle
77560,9,1,88,139,2016,8,12,2,3,4,6,0,0,0,1,0,1,1,0,673052.6302,5322299.7594,11.321316098,48.030522456,2,#fc8d62,car
77562,9,1,75,124,2016,8,14,3,2,2,6,0,0,0,1,0,0,0,0,715009.6349,5328669.3897,11.886657245,48.075015596,2,#fc8d62,car
77565,9,1,62,0,2016,7,12,6,3,5,2,0,0,1,1,0,0,0,0,693830.7356,5331643.9623,11.603986607,48.108539367,1,#66c2a5,bicycle
77570,9,1,84,114,2016,7,10,7,3,9,1,0,0,0,0,0,1,0,0,697994.0288,5322773.4918,11.655748332,48.027536598,4,#e78ac3,marker
77571,9,7,72,147,2016,7,19,1,2,8,6,0,0,0,1,0,0,0,0,635398.2823,5364352.0933,10.829959209,48.417762408,2,#fc8d62,car
77575,9,1,73,147,2016,7,17,7,2,0,1,0,0,1,0,0,0,0,0,682080.4959,5308293.6313,11.43637259,47.902110567,1,#66c2a5,bicycle
77584,9,2,74,124,2016,8,1,2,2,0,1,2,0,0,1,0,0,0,0,723813.5702,5377255.9983,12.030432606,48.508500882,2,#fc8d62,car
77585,9,1,86,162,2016,8,7,2,3,2,6,0,0,0,1,0,0,0,0,691819.6564,5384829.8106,11.601226955,48.58715297,2,#fc8d62,car
77594,9,7,72,111,2016,7,7,7,2,2,6,0,0,0,1,0,0,0,0,625872.5954,5364201.4732,10.701232012,48.418383041,2,#fc8d62,car
77595,9,1,81,126,2016,8,17,3,3,0,3,0,0,1,0,0,0,0,0,636891.1776,5331781.2917,10.839579543,48.124560197,1,#66c2a5,bicycle
77598,9,1,75,119,2016,7,20,7,3,0,1,0,0,0,0,0,1,0,0,726542.7931,5324394.4984,12.039014971,48.032616257,4,#e78ac3,marker
77599,9,1,62,0,2016,7,19,7,3,5,3,1,0,0,1,0,0,0,1,699182549.0,5329287232.0,11.674704875,48.085708031,2,#fc8d62,car
77602,9,1,81,146,2016,7,6,7,3,7,6,0,0,0,1,0,0,0,0,649531.7071,5325584.9752,11.007172179,48.066002303,2,#fc8d62,car
77608,9,1,87,117,2016,8,9,3,3,7,7,0,0,0,1,0,0,0,0,725874.6,5308032254.0,12.021472272,47.885843174,2,#fc8d62,car
77610,9,1,78,123,2016,8,8,3,3,2,1,0,0,0,1,0,0,0,0,688127.9075,5361489.8043,11.540710749,48.378503411,2,#fc8d62,car
77613,9,1,84,149,2016,7,15,6,3,3,6,0,0,0,1,0,1,0,0,691356464.0,5352148.7562,11.580025341,48.293579848,2,#fc8d62,car
77624,9,1,78,113,2016,8,12,2,3,2,6,0,0,0,1,0,0,0,0,691560.6648,5370161141.0,11.590981825,48.455402911,2,#fc8d62,car
77626,9,1,84,138,2016,8,18,2,3,3,6,0,0,1,0,0,0,0,0,681608.5704,5330709974.0,11.439551951,48.10374593,1,#66c2a5,bicycle
77632,9,1,82,133,2016,7,17,1,3,2,6,0,1,0,1,0,0,0,0,706810.4237,5306364.2413,11.765978116,47.877277759,2,#fc8d62,car
77635,9,1,82,120,2016,7,23,7,3,2,6,2,0,0,1,0,0,0,0,703271.6822,5306049392.0,11.718556802,47.875578024,2,#fc8d62,car
77636,9,7,71,113,2016,7,14,1,3,8,1,0,1,0,1,0,0,0,0,657401.3927,5369295.6649,11.128998166,48.457094616,2,#fc8d62,car
77640,9,1,62,0,2016,7,12,1,3,4,3,0,1,0,1,0,0,0,0,686655.5423,5331843.2788,11.507777465,48.112473887,2,#fc8d62,car
77645,9,7,61,0,2016,8,11,2,3,3,7,0,0,1,0,0,0,1,0,639583.7873,5360888.9988,10.885344985,48.385710059,1,#66c2a5,bicycle
77663,9,1,84,119,2016,7,9,7,3,5,3,0,0,1,0,0,0,0,0,696977.2384,5347840.5057,11.653718846,48.253136892,1,#66c2a5,bicycle
77665,9,1,81,146,2016,8,8,2,3,2,6,0,0,0,1,0,0,0,0,649491.6436,5325599.0267,11.006639659,48.066138038,2,#fc8d62,car
77666,9,1,79,142,2016,7,21,7,3,8,1,2,0,0,1,0,0,0,0,674615.6438,5344709259.0,11.351448096,48.231545578,2,#fc8d62,car
77670,9,2,74,134,2016,7,10,1,3,8,7,0,1,0,1,0,0,0,0,738170.4042,5372537.5079,12.221824937,48.460840437,2,#fc8d62,car
77671,9,1,86,162,2016,8,15,3,3,0,1,0,1,0,1,0,0,0,0,693547.0636,5385682.9432,11.625023839,48.594288597,2,#fc8d62,car
77673,9,1,75,124,2016,8,18,3,3,2,6,0,0,0,1,0,0,0,0,716356.0355,5328342.6045,11.904544235,48.071623962,2,#fc8d62,car
77678,9,7,71,146,2016,7,15,7,3,2,6,0,0,0,1,0,0,0,0,646395.2938,5348176.6312,10.972876562,48.26986506,2,#fc8d62,car
77679,9,1,74,115,2016,8,8,3,2,4,2,0,0,0,1,0,0,0,0,677720.3141,5352184215.0,11.396359956,48.297874897,2,#fc8d62,car
77682,9,1,62,0,2016,7,8,6,3,5,3,0,0,1,0,0,0,0,1,691124002.0,5332041754.0,11.567839811,48.112932584,1,#66c2a5,bicycle
77689,9,1,77,113,2016,8,1,2,2,9,1,2,0,0,1,0,0,0,0,719744.1842,5353186.1063,11.962814319,48.293682443,2,#fc8d62,car
77690,9,1,62,0,2016,8,18,2,3,5,3,0,0,0,1,0,0,0,0,686181.0328,5335221.3551,11.502884387,48.142976264,2,#fc8d62,car
77694,9,7,62,0,2016,8,12,2,3,5,3,0,0,1,1,0,0,0,0,621277.6851,5304481.6717,10.622136556,47.882206081,1,#66c2a5,bicycle
77697,9,1,62,0,2016,7,18,6,3,5,3,0,0,0,1,0,1,0,0,698743847.0,5329537702.0,11.668936981,48.088095988,2,#fc8d62,car
77705,9,7,71,111,2016,7,19,6,3,2,6,0,0,0,1,0,0,0,0,657894.9579,5357988.6308,11.1314155,48.355317289,2,#fc8d62,car
77709,9,1,78,124,2016,7,12,1,2,5,3,0,1,0,1,0,0,0,0,703772.5966,5364936.9097,11.753424022,48.404622142,2,#fc8d62,car
77715,9,1,87,177,2016,7,0,1,3,0,1,2,0,1,0,0,0,0,0,737166.6759,5305423.0084,12.170858366,47.858331226,1,#66c2a5,bicycle
77725,9,1,84,142,2016,7,17,7,3,2,2,0,0,0,1,0,1,0,0,680548.2217,5318532.5328,11.42018435,47.994583605,2,#fc8d62,car
77727,9,1,62,0,2016,8,7,3,3,2,6,0,0,0,1,0,0,0,0,679899944.0,5338102.3957,11.419743527,48.170680803,2,#fc8d62,car
77730,9,1,78,143,2016,7,16,7,3,5,3,0,0,0,1,0,0,0,0,721086.8626,5374063.7406,11.991876367,48.480786753,2,#fc8d62,car
77739,9,1,84,118,2016,8,18,4,3,2,6,0,0,0,1,0,0,0,0,704232.1306,5336178016.0,11.745733022,48.146035688,2,#fc8d62,car
77742,9,7,72,147,2016,8,17,4,3,0,1,0,0,0,0,0,1,0,0,631765.7454,5364470.0594,10.780926173,48.419593332,4,#e78ac3,marker
77756,9,7,78,137,2016,8,17,4,2,5,6,0,0,0,1,0,0,0,1,623132.7831,5330361.9226,10.654365055,48.114605712,2,#fc8d62,car
77764,9,1,79,113,2016,8,17,6,3,5,3,0,1,0,1,0,0,0,1,671857.4868,5335750.8689,11.310711863,48.151767071,2,#fc8d62,car
77777,9,1,84,118,2016,8,8,5,3,1,6,0,0,0,1,0,0,0,0,703550.6133,5335121.6123,11.736076518,48.13676053,2,#fc8d62,car
77783,9,1,84,149,2016,8,15,6,3,2,6,0,1,0,1,0,0,0,1,690757.1819,5352026.5897,11.571898619,48.292662766,2,#fc8d62,car
77784,9,2,61,0,2016,8,14,6,3,6,4,0,1,0,1,1,0,0,0,731593.4398,5381552.1626,12.13799595,48.544273134,2,#fc8d62,car
77794,9,1,77,144,2016,8,11,5,3,3,2,0,0,0,1,0,0,0,1,717055826.0,5349396.9688,11.924671044,48.260564634,2,#fc8d62,car
77797,9,7,61,0,2016,8,16,3,3,0,1,0,0,0,0,0,1,0,0,642236.9246,5363532.1885,10.922055258,48.408883615,4,#e78ac3,marker
77801,9,1,74,126,2016,8,13,5,3,0,1,0,0,1,0,0,0,0,0,683943.9589,5343713.2109,11.476516143,48.219956025,1,#66c2a5,bicycle
77803,9,7,61,0,2016,8,20,3,3,4,2,1,0,0,1,0,0,0,0,641390.5045,5357509.2507,10.908597757,48.354918314,2,#fc8d62,car
77808,9,1,84,132,2016,8,7,5,2,2,6,0,0,0,1,0,1,0,0,685079053.0,5327499.9056,11.48473483,48.073893271,2,#fc8d62,car
77813,9,7,61,0,2016,8,13,4,3,3,1,0,0,0,1,0,1,0,0,638038.7836,5353653.4148,10.862115299,48.320988642,2,#fc8d62,car
77822,9,7,72,134,2016,8,9,5,2,0,7,0,1,1,0,0,0,0,1,630549.0349,5383666.0696,10.770493554,48.592459176,1,#66c2a5,bicycle
77833,9,1,77,113,2016,8,14,6,3,2,6,0,1,0,1,0,0,0,1,722213.4107,5352872.3803,11.995894879,48.29000176,2,#fc8d62,car
77839,9,1,81,122,2016,8,15,6,3,0,1,0,1,0,0,0,1,0,0,651621.2211,5330144.8966,11.036820427,48.106508973,4,#e78ac3,marker
77844,9,1,84,145,2016,8,19,5,3,5,2,0,0,0,1,0,0,0,0,695138.5733,5325588.3928,11.618771853,48.053714787,2,#fc8d62,car
77846,9,2,74,121,2016,8,17,6,3,5,3,0,1,0,1,0,0,0,0,721861.8092,5371577.7008,12.001029985,48.458179018,2,#fc8d62,car
77849,9,1,78,155,2016,8,13,6,3,8,1,0,1,0,1,0,0,0,0,716441.1464,5375537.9172,11.929857827,48.49564794,2,#fc8d62,car
77852,9,1,74,143,2016,8,15,6,3,2,6,0,1,0,1,0,0,0,0,677541.4551,5352897.3621,11.39425036,48.304335478,2,#fc8d62,car
77856,9,1,87,130,2016,8,19,4,3,8,7,0,0,0,1,0,1,0,0,713767.7641,5307866.3589,11.859654344,47.88849792,2,#fc8d62,car
77861,9,1,73,137,2016,8,20,6,1,8,1,1,1,0,1,0,0,0,0,679292493.0,5305193.5798,11.397813703,47.875027935,2,#fc8d62,car
77864,9,1,73,118,2016,8,18,4,3,8,7,0,0,0,1,0,0,0,0,694599.2361,5302968.4657,11.601311162,47.850572868,2,#fc8d62,car
77866,9,1,78,143,2016,8,13,5,3,5,3,0,0,0,1,0,1,0,0,716762347.0,5372146432.0,11.932441442,48.465066007,2,#fc8d62,car
77880,9,1,79,123,2016,8,12,5,3,2,6,0,0,0,1,0,0,0,0,677380.4759,5332213.2467,11.383432565,48.118450441,2,#fc8d62,car
77881,9,1,62,0,2016,8,11,4,3,3,2,0,0,1,0,0,0,1,0,687690.7417,5335027.0387,11.523073855,48.140786126,1,#66c2a5,bicycle
77882,9,1,87,179,2016,8,18,4,3,8,1,0,0,0,0,0,1,0,0,725266.2568,5315884.1709,12.017449833,47.956605098,4,#e78ac3,marker
77884,9,7,71,130,2016,8,5,4,3,9,6,2,0,0,1,0,0,0,0,643850.5815,5363238.6905,10.943747105,48.405878444,2,#fc8d62,car
77897,9,1,86,143,2016,8,9,4,3,4,6,0,0,0,1,0,0,0,0,688153.9766,5382602.6149,11.550561482,48.568248125,2,#fc8d62,car
77899,9,7,78,203,2016,8,7,4,3,4,1,0,0,0,1,0,0,0,0,621227.1141,5323261.1148,10.626756711,48.051110818,2,#fc8d62,car
77900,9,7,71,129,2016,8,7,4,3,9,1,0,0,0,1,0,0,1,0,659000.6844,5356849817.0,11.145900689,48.344801548,2,#fc8d62,car
77906,9,1,88,117,2016,8,12,6,2,0,4,0,1,0,1,1,0,0,0,662030.2874,5315439.4613,11.170986325,47.971735031,2,#fc8d62,car
77910,9,1,81,130,2016,8,16,4,3,2,6,0,0,0,1,0,0,0,0,639158.1127,5325310.8192,10.867917184,48.065884585,2,#fc8d62,car
77918,9,1,84,136,2016,8,14,5,3,5,3,0,0,0,1,0,0,0,0,699470.2001,5327454.8432,11.677707919,48.069150004,2,#fc8d62,car
77924,9,1,75,132,2016,8,13,6,3,9,1,0,1,0,1,0,0,0,0,705431.0846,5335813.8967,11.761656937,48.142377516,2,#fc8d62,car
77935,9,1,77,142,2016,8,19,5,3,4,6,0,0,0,0,0,0,0,1,720502.5177,5350791.7043,11.971775406,48.271905922,6,#ffd92f,circle
77936,9,1,74,146,2016,8,14,4,3,2,6,0,0,0,1,0,0,0,0,667452.8998,5350608.5074,11.257405679,48.286510248,2,#fc8d62,car
77940,9,1,85,158,2016,8,21,5,3,2,6,1,0,0,0,0,1,0,0,668614.4361,5386337.8908,11.28743731,48.607385919,4,#e78ac3,marker
77941,9,1,88,120,2016,8,11,5,3,5,3,0,0,0,1,0,0,0,0,677158.8548,5326146174.0,11.377940176,48.063973538,2,#fc8d62,car
77949,9,1,88,132,2016,8,8,4,3,5,3,0,0,0,1,0,0,0,0,664737.3069,5323349.0132,11.210266676,48.042154663,2,#fc8d62,car
77950,9,1,62,0,2016,8,21,4,3,5,3,2,0,1,1,0,0,0,0,698205.4273,5329797.8577,11.661835365,48.090601728,1,#66c2a5,bicycle
77951,9,1,81,120,2016,8,16,4,3,2,6,0,0,0,0,0,1,0,0,649866287.0,5319813.7651,11.009640351,48.014031499,4,#e78ac3,marker
77953,9,7,71,130,2016,8,14,4,3,0,1,0,0,0,0,0,1,0,0,644213.9687,5362127.1195,10.948272492,48.395800889,4,#e78ac3,marker
77960,9,2,61,0,2016,8,15,4,3,3,3,0,0,0,1,0,0,0,0,731516.5147,5381700.6966,12.137037814,48.545635778,2,#fc8d62,car
77962,9,1,82,137,2016,8,11,6,3,2,6,0,1,0,1,0,0,0,1,712024.8116,5304973.6205,11.834948352,47.863080795,2,#fc8d62,car
77963,9,1,73,118,2016,8,18,5,1,4,6,0,0,0,1,0,1,0,0,687417.9468,5306279.9318,11.506847621,47.882473055,2,#fc8d62,car
77964,9,1,81,139,2016,8,21,4,2,4,6,2,0,0,1,0,1,0,0,655961.8692,5325682.5526,11.093461702,48.065339899,2,#fc8d62,car
77968,9,1,74,122,2016,8,9,4,3,5,3,0,0,0,1,0,1,0,0,683617.2959,5351662.0592,11.475571249,48.291497981,2,#fc8d62,car
77975,9,1,74,136,2016,8,17,6,3,9,1,0,1,0,1,0,0,0,0,680461.2759,5366087.2551,11.439246757,48.422066347,2,#fc8d62,car
77979,9,1,62,0,2016,8,8,4,3,2,6,0,0,0,1,0,0,0,1,695606955.0,5335047.6235,11.629384857,48.138586875,2,#fc8d62,car
77983,9,1,78,124,2016,8,22,4,2,9,7,2,0,0,0,0,0,0,1,703345.86,5361225361.0,11.745868539,48.371407101,6,#ffd92f,circle
77986,9,2,61,0,2016,8,9,3,3,2,6,0,0,0,1,0,0,0,0,734140.3086,5381574.6568,12.172462803,48.543530018,2,#fc8d62,car
77987,9,1,62,0,2016,8,20,5,3,4,2,1,0,0,1,0,0,0,0,686893.6418,5335146.0871,11.512421621,48.142090802,2,#fc8d62,car
77991,9,1,82,123,2016,8,6,5,1,4,1,0,0,0,0,0,1,1,0,719342086.0,5303159873.0,11.931736543,47.84432699,4,#e78ac3,marker
77992,9,1,78,130,2016,8,5,6,3,4,2,2,1,0,1,0,0,0,0,702784.7364,5358725.8924,11.737095986,48.349126548,2,#fc8d62,car
78001,9,1,73,137,2016,8,13,4,2,5,3,0,0,1,1,0,0,0,0,679230.1004,5307062.0187,11.397755482,47.891841655,1,#66c2a5,bicycle
78008,9,1,75,118,2016,8,8,5,3,3,6,0,0,0,1,0,0,0,0,716168.2091,5340438.9389,11.908160636,48.18037818,2,#fc8d62,car
78015,9,1,78,142,2016,8,7,4,3,0,7,0,0,0,1,0,1,0,0,713962.6574,5377668.1845,11.897444399,48.515636795,2,#fc8d62,car
78017,9,1,78,113,2016,8,18,4,3,5,6,0,0,0,1,0,0,0,1,690132396.0,5367015047.0,11.570256026,48.427560753,2,#fc8d62,car
78022,9,1,88,144,2016,8,7,5,3,2,6,0,0,0,1,0,0,0,0,668385.7085,5328999.6672,11.261403346,48.092002634,2,#fc8d62,car
78023,9,1,62,0,2016,8,10,4,3,2,6,0,0,0,1,0,1,0,0,701304073.0,5332336.6195,11.704598946,48.112446533,2,#fc8d62,car
78024,9,1,77,113,2016,8,9,4,3,5,3,0,0,0,1,0,0,0,0,720781961.0,5353033169.0,11.976707167,48.291947235,2,#fc8d62,car
78030,9,1,90,138,2016,8,11,4,3,4,2,0,0,0,1,0,1,0,0,660334.2307,5310512.8009,11.146442253,47.927866882,2,#fc8d62,car
78031,9,7,61,0,2016,8,23,5,3,5,3,2,1,1,1,0,0,0,0,641573403.0,5357776.3549,10.91115509,48.357279033,1,#66c2a5,bicycle
78036,9,1,77,113,2016,8,6,4,3,3,6,0,0,0,1,0,0,0,0,724902.9764,5357287722.0,12.034456301,48.328719754,2,#fc8d62,car
78040,9,1,75,123,2016,8,15,6,3,5,3,0,1,0,1,0,0,0,0,725596888.0,5336317.5889,12.032640956,48.140073568,2,#fc8d62,car
78042,9,7,71,113,2016,8,12,4,2,0,7,0,0,1,0,0,0,0,0,657709.3136,5369578.1715,11.133266536,48.459557313,1,#66c2a5,bicycle
78046,9,1,81,134,2016,8,7,6,3,8,1,0,1,0,1,0,0,0,0,642542499.0,5339060564.0,10.917919133,48.188774324,2,#fc8d62,car
78050,9,1,77,122,2016,8,19,4,3,7,7,0,0,0,0,0,1,0,0,726169356.0,5358121.4943,12.051964934,48.335758497,4,#e78ac3,marker
78052,9,1,84,136,2016,8,17,5,3,1,1,0,0,0,1,0,1,0,0,696760357.0,5326516.3677,11.640939234,48.061557074,2,#fc8d62,car
78054,9,2,74,113,2016,8,23,6,3,1,7,2,0,0,1,1,0,0,0,729410.0131,5383893.7007,12.1097471,48.566109394,2,#fc8d62,car
78057,9,1,88,117,2016,8,14,5,3,4,6,0,0,0,1,0,0,0,0,664609.5458,5314586.4777,11.205191965,47.963408035,2,#fc8d62,car
78060,9,1,63,0,2016,8,6,5,3,4,2,0,0,0,1,0,1,0,0,733740.4487,5302005.7804,12.123276248,47.828885971,2,#fc8d62,car
78061,9,1,74,143,2016,8,14,6,3,4,6,0,1,0,1,0,0,0,0,674356.82,5352915.2544,11.351349009,48.305382041,2,#fc8d62,car
78073,9,1,77,117,2016,8,10,5,2,4,6,0,0,1,0,0,0,0,0,716354.8588,5354817.2153,11.918013925,48.309505639,1,#66c2a5,bicycle
78080,9,1,62,0,2016,8,13,6,3,3,2,0,1,0,1,0,0,0,1,692163324.0,5339301.1473,11.585065341,48.177865849,2,#fc8d62,car
78085,9,7,72,211,2016,8,9,7,3,5,3,0,0,0,1,0,1,0,0,622628.1076,5353035.7945,10.654144485,48.318611665,2,#fc8d62,car
78089,9,1,62,0,2016,8,13,2,3,2,6,0,0,0,1,0,1,0,0,688297086.0,5328294.6278,11.528244716,48.080094493,2,#fc8d62,car
78093,9,1,62,0,2016,8,5,6,3,2,6,2,1,0,0,0,1,0,1,689015.7637,5329496.7487,11.538416467,48.090686778,4,#e78ac3,marker
78098,9,7,71,142,2016,8,8,7,3,5,3,0,0,1,1,0,0,0,0,645791.3543,5350782.9127,10.96564186,48.293438608,1,#66c2a5,bicycle
78110,9,1,62,0,2016,8,18,6,3,5,3,0,1,1,1,0,0,0,0,692602.2197,5331174898.0,11.587288077,48.10469613,1,#66c2a5,bicycle
78123,9,7,71,130,2016,8,9,3,3,5,3,0,1,0,1,0,0,0,0,648693.9621,5356897.68,11.006908075,48.347742129,2,#fc8d62,car
78124,9,7,62,0,2016,8,9,2,3,5,3,0,0,1,0,0,1,0,0,621493.1297,5303980.0079,10.624875889,47.877653501,1,#66c2a5,bicycle
78132,9,1,88,139,2016,8,9,1,3,5,3,0,0,1,1,0,0,0,0,667804617.0,5317048.8046,11.248922469,47.984715573,1,#66c2a5,bicycle
78133,9,1,86,143,2016,8,14,2,3,6,7,0,0,0,1,1,0,0,0,685408.7056,5377100.74,11.510936182,48.519617079,2,#fc8d62,car
78145,9,1,77,127,2016,8,6,2,2,5,3,0,0,0,1,0,0,0,0,724109.1227,5349918812.0,12.019850601,48.262797938,2,#fc8d62,car
78146,9,7,62,0,2016,8,8,1,3,9,1,0,0,0,1,0,0,0,0,621860.9852,5303097.2946,10.629544627,47.86964489,2,#fc8d62,car
78148,9,7,73,139,2016,8,17,2,2,2,6,0,0,0,1,0,0,0,1,617704.2475,5384296.6958,10.596546846,48.600676385,2,#fc8d62,car
78151,9,1,77,143,2016,8,21,1,3,0,7,2,0,0,0,0,1,0,0,720751156.0,5366529216.0,11.983368792,48.41321257,4,#e78ac3,marker
78152,9,1,81,120,2016,8,15,2,3,5,3,0,0,1,0,0,0,0,0,649773.9319,5321282.2368,11.008915838,48.027257089,1,#66c2a5,bicycle
78154,9,1,88,141,2016,8,18,3,3,8,1,0,1,0,0,0,1,0,0,667879.0991,5312542.2707,11.248160235,47.944180925,4,#e78ac3,marker
78163,9,7,72,223,2016,8,10,1,3,9,1,0,0,0,1,0,0,0,0,623435.7913,5363977.8368,10.668246219,48.41685407,2,#fc8d62,car
78166,9,1,62,0,2016,8,18,2,3,5,3,0,0,1,1,0,0,0,0,687915483.0,5335004.9993,11.52608222,48.140521697,1,#66c2a5,bicycle
78171,9,1,77,117,2016,8,6,3,3,8,1,1,1,0,0,0,1,0,0,713962856.0,5351984284.0,11.884359923,48.284864474,4,#e78ac3,marker
78176,9,7,71,130,2016,8,20,6,3,8,1,0,1,0,1,0,0,0,0,646498.6297,5362827.3111,10.979362642,48.401569795,2,#fc8d62,car
78184,9,2,74,146,2016,8,18,1,2,1,6,0,0,0,1,0,0,0,0,733452.0311,5375279.9329,12.159630387,48.487243048,2,#fc8d62,car
78185,9,7,71,111,2016,8,4,3,2,2,1,2,1,0,1,0,0,1,0,658073.8194,5357687.4272,11.133715083,48.352564605,2,#fc8d62,car
78190,9,7,62,0,2016,8,11,2,3,1,6,0,0,0,1,0,0,0,0,622164.3456,5308174.6112,10.635036696,47.915251076,2,#fc8d62,car
78191,9,7,61,0,2016,8,12,6,3,2,6,0,1,0,1,0,0,1,0,638435.9236,5356733.7126,10.868481783,48.348599453,2,#fc8d62,car
78194,9,7,72,111,2016,8,16,6,3,2,6,0,0,0,1,0,1,0,0,627252.5613,5364803.0735,10.720056818,48.423515707,2,#fc8d62,car
78197,9,1,90,158,2016,8,15,3,3,8,1,0,1,0,1,0,0,0,0,650238.7236,5301645.6471,11.008293533,47.850581006,2,#fc8d62,car