OBJECTID,ULAND,UREGBEZ,UKREIS,UGEMEINDE,UJAHR,UMONAT,USTUNDE,UWOCHENTAG,UKATEGORIE,UART,UTYP1,ULICHTVERH,STRZUSTAND,IstRad,IstPKW,IstFuss,IstKrad,IstGkfz,IstSonstig,LINREFX,LINREFY,XGCSWGS84,YGCSWGS84,Teilnehmer,color,symbol
78199,9,2,74,124,2016,8,15,1,3,0,7,0,0,1,0,0,0,0,0,725151.8592,5373645.8234,12.046581004,48.475590053,1,#66c2a5,bicycle
78200,9,7,71,169,2016,8,19,3,3,0,7,0,0,1,0,0,0,0,0,642072.0948,5375467.1173,10.923881897,48.516232423,1,#66c2a5,bicycle
78203,9,7,72,145,2016,8,21,6,2,8,1,2,1,0,0,0,0,0,1,634597.6169,5367267.8072,10.820079989,48.444151961,6,#ffd92f,circle
78205,9,1,88,139,2016,8,15,1,2,0,1,0,0,1,0,0,0,0,0,676231.1594,5318998964.0,11.362558766,47.999980856,1,#66c2a5,bicycle
78206,9,1,74,135,2016,8,9,2,3,2,6,0,0,0,1,0,0,0,0,663402.0089,5353136.1141,11.203817021,48.310292232,2,#fc8d62,car
78211,9,7,61,0,2016,8,13,6,3,0,2,0,1,1,0,0,1,0,0,638319421.0,5361316726.0,10.868417625,48.389834613,1,#66c2a5,bicycle
78218,9,7,61,0,2016,8,11,6,2,6,4,0,1,0,1,1,0,0,0,641468.5465,5358576.6907,10.91000952,48.364498847,2,#fc8d62,car
78220,9,7,72,131,2016,8,18,2,3,0,6,0,0,0,1,0,0,0,0,616792727.0,5354162828.0,10.575774334,48.329852303,2,#fc8d62,car
78221,9,7,61,0,2016,8,13,6,3,5,3,0,1,1,1,0,0,0,0,640864.7631,5360479.3341,10.902499795,48.381741748,1,#66c2a5,bicycle
78224,9,1,73,137,2016,8,11,1,3,5,3,0,0,1,1,0,0,0,0,674406.3746,5308095.7028,11.333697175,47.902463323,1,#66c2a5,bicycle
78225,9,1,77,133,2016,8,18,1,3,5,3,0,0,0,1,0,1,0,0,711782.0757,5354457.0944,11.856239816,48.307817222,2,#fc8d62,car
78226,9,1,74,135,2016,8,17,2,3,2,6,0,0,0,1,0,0,0,0,663047.9376,5352961.8721,11.198977957,48.308817161,2,#fc8d62,car
78229,9,1,81,130,2016,8,8,3,3,5,3,0,1,0,1,0,0,0,0,638878.0538,5322710.7868,10.863316005,48.042565257,2,#fc8d62,car
78242,9,7,72,202,2016,8,20,7,3,3,6,0,0,0,1,0,0,0,0,637182.1208,5357502.2866,10.851818811,48.355783986,2,#fc8d62,car
78247,9,1,84,123,2016,8,11,2,3,2,6,0,0,0,1,0,1,0,0,702773.7929,5331955.1431,11.724140818,48.108552071,2,#fc8d62,car
78256,9,1,84,114,2016,8,8,2,2,2,6,0,0,0,1,0,0,0,0,700541.9659,5316333.8455,11.686876904,47.968866955,2,#fc8d62,car
78259,9,7,61,0,2016,8,10,3,3,1,6,0,0,0,1,0,0,0,0,644430.6984,5357614951.0,10.949648462,48.355180673,2,#fc8d62,car
78260,9,7,62,0,2016,8,14,2,3,2,6,0,0,0,1,0,1,0,0,622176879.0,5307385242.0,10.634980675,47.908149371,2,#fc8d62,car
78292,9,1,82,137,2016,8,7,3,3,8,1,1,1,0,1,0,0,0,0,712905.6273,5304802.2601,11.846626218,47.86124964,2,#fc8d62,car
78298,9,7,71,169,2016,8,15,2,2,1,2,0,0,0,1,0,1,0,0,641575.7133,5375420.7176,10.917148283,48.515927343,2,#fc8d62,car
78302,9,1,77,139,2016,8,22,2,2,1,5,2,1,0,1,0,0,0,1,734631192.0,5357741179.0,12.165760662,48.32925777,2,#fc8d62,car
78303,9,7,77,158,2016,8,14,1,2,8,1,0,1,0,0,0,1,0,0,620025.6994,5310746.1886,10.607141515,47.938783128,4,#e78ac3,marker
78306,9,1,75,127,2016,8,18,3,3,5,3,0,1,0,1,0,0,0,0,713243.1385,5341208.0561,11.869246541,48.188277491,2,#fc8d62,car
78309,9,1,84,147,2016,8,10,1,3,2,6,0,0,0,1,0,0,0,0,699032.6643,5341622.3873,11.678459339,48.196612661,2,#fc8d62,car
78310,9,1,79,134,2016,8,17,2,3,2,6,0,0,0,1,0,0,0,1,668574.6164,5342841.1636,11.269421654,48.216386306,2,#fc8d62,car
78313,9,1,83,126,2016,8,13,7,3,2,6,0,0,0,1,0,1,0,0,728263.2265,5336937.1123,12.068762896,48.144688605,2,#fc8d62,car
78321,9,7,71,142,2016,8,16,7,3,5,3,0,0,1,0,0,0,0,0,645651.3089,5351593.8226,10.96403459,48.300762095,1,#66c2a5,bicycle
78322,9,7,73,179,2016,8,17,1,3,9,1,0,0,0,0,0,1,0,0,617218.4104,5377116.4984,10.58793614,48.536197249,4,#e78ac3,marker
78325,9,1,62,0,2016,8,17,2,2,5,3,0,0,1,1,0,1,0,0,697029.7004,5330410.0021,11.646345718,48.096467849,1,#66c2a5,bicycle
78349,9,1,82,120,2016,8,8,2,3,5,2,0,0,0,1,0,0,0,0,701975.3914,5306163.9459,11.701293743,47.877016551,2,#fc8d62,car
78353,9,1,63,0,2016,8,10,7,3,2,6,0,0,0,1,0,0,0,0,733558.4711,5303195.6388,12.121490041,47.839641849,2,#fc8d62,car
78357,9,1,73,120,2016,8,18,3,3,2,2,0,1,0,1,0,0,0,0,683374.7071,5310164.9098,11.454469457,47.918563016,2,#fc8d62,car
78359,9,1,63,0,2016,8,16,1,3,3,6,0,0,0,1,0,1,0,0,734912.9403,5303692.4592,12.139833984,47.843611906,2,#fc8d62,car
78360,9,7,71,113,2016,8,17,3,3,2,6,0,0,0,1,0,0,1,0,654321.0666,5363428.6552,11.085202748,48.40511005,2,#fc8d62,car
78362,9,7,62,0,2016,8,17,2,3,5,3,0,0,1,1,0,0,0,0,621989.2019,5302416.9259,10.631066403,47.863501485,1,#66c2a5,bicycle
78368,9,1,88,141,2016,8,15,1,3,5,3,0,0,1,1,0,0,0,0,670791.2657,5309547545.0,11.285939369,47.916488208,1,#66c2a5,bicycle
78373,9,1,87,150,2016,8,10,7,3,2,2,0,0,0,1,0,1,0,0,726386.3677,5303433955.0,12.025900462,47.844348,2,#fc8d62,car
78381,9,7,71,111,2016,8,20,2,3,9,6,1,1,0,1,0,0,0,0,658006.1924,5357798099.0,11.132844441,48.353576511,2,#fc8d62,car
78385,9,1,77,116,2016,8,18,1,3,0,7,0,0,1,0,0,0,0,0,713791694.0,5366486.9546,11.889419199,48.415231882,1,#66c2a5,bicycle
78386,9,1,74,126,2016,8,13,2,3,5,3,0,0,0,1,0,0,0,0,683642.0193,5343981.5595,11.472571161,48.222455523,2,#fc8d62,car
78388,9,1,81,127,2016,8,13,3,3,2,1,0,0,0,1,0,0,0,0,635159.7195,5325985.4114,10.814488418,48.072810686,2,#fc8d62,car
78389,9,1,86,162,2016,8,9,7,3,2,6,0,0,0,1,0,0,0,0,691229.3944,5383296.6099,11.592525889,48.573554478,2,#fc8d62,car
78397,9,7,61,0,2016,8,10,1,3,0,7,0,0,1,0,0,0,0,0,639566.3804,5354283.7027,10.882919428,48.326320689,1,#66c2a5,bicycle
78403,9,1,62,0,2016,8,15,1,3,9,1,0,0,0,0,0,1,0,0,687552.2169,5333180.4307,11.520400689,48.124229179,4,#e78ac3,marker
78405,9,1,82,120,2016,8,11,1,3,1,6,0,0,0,1,0,0,0,0,703482.2811,5307150.2309,11.721888642,47.885404806,2,#fc8d62,car
78407,9,1,75,122,2016,8,19,3,3,0,3,0,1,0,1,0,1,0,0,719565.61,5324634988.0,11.945671248,48.037213641,2,#fc8d62,car
78409,9,1,88,139,2016,8,9,7,3,4,6,0,0,0,1,0,0,0,0,668766.6311,5319057.7018,11.262594835,48.002522843,2,#fc8d62,car
78420,9,7,71,122,2016,8,9,3,3,2,6,0,0,0,1,0,0,0,0,649643.1812,5362507.6777,11.021707947,48.397957444,2,#fc8d62,car
78424,9,1,78,150,2016,8,14,7,3,2,6,0,0,0,1,0,0,0,0,691290.7235,5371377.8465,11.587890729,48.466419889,2,#fc8d62,car
78429,9,1,86,152,2016,8,14,7,3,1,6,0,0,0,1,0,0,0,0,691680.3234,5374787.4322,11.594719309,48.49694393,2,#fc8d62,car
78432,9,2,74,165,2016,8,10,2,1,2,2,0,0,0,1,0,0,0,1,718332063.0,5385416076.0,11.960594263,48.583742631,2,#fc8d62,car
78435,9,1,75,135,2016,8,12,7,3,2,6,0,0,0,1,0,1,0,0,709185.8674,5338537.7671,11.813409644,48.165631141,2,#fc8d62,car
78436,9,1,87,179,2016,8,9,1,3,2,6,0,0,1,0,0,0,0,0,726804.3512,5315291.9428,12.037710621,47.950741337,1,#66c2a5,bicycle
78438,9,1,78,124,2016,8,16,7,3,0,6,0,0,0,1,0,1,0,0,703349644.0,5366005.4541,11.748233573,48.414360837,2,#fc8d62,car
78442,9,1,74,115,2016,8,20,1,3,5,3,1,0,0,1,0,0,0,0,680643.8048,5348411.4461,11.434130672,48.263135121,2,#fc8d62,car
78443,9,1,88,141,2016,8,19,2,3,5,3,0,0,0,1,0,0,0,0,669426588.0,5306538763.0,11.266507111,47.889800417,2,#fc8d62,car
78447,9,1,86,128,2016,8,15,1,3,8,6,0,0,0,1,0,0,0,0,676687.3891,5386182.34,11.396791826,48.603761226,2,#fc8d62,car
78452,9,1,77,134,2016,8,10,7,3,9,1,0,0,0,1,0,0,0,0,712559.2815,5345142.5788,11.862027638,48.223860854,2,#fc8d62,car
78456,9,7,72,184,2016,8,10,2,3,4,2,0,0,1,1,0,0,0,0,636054451.0,5361344247.0,10.837847851,48.39057476,1,#66c2a5,bicycle
78459,9,1,87,130,2016,8,10,1,3,5,3,0,0,0,1,0,1,0,0,717724.4603,5312715.3845,11.914962288,47.930740015,2,#fc8d62,car
78461,9,1,77,126,2016,8,6,2,3,2,6,0,0,0,1,0,0,0,0,717466.5744,5368112.5747,11.939861067,48.428580318,2,#fc8d62,car
78465,9,1,74,131,2016,8,8,3,3,5,3,0,0,0,1,0,0,0,1,676989.4051,5355650.8494,11.387967798,48.329240901,2,#fc8d62,car
78468,9,1,75,115,2016,8,9,5,3,0,2,0,0,0,1,0,0,0,0,716978.7741,5336947.0707,11.917269461,48.148726633,2,#fc8d62,car
78477,9,1,62,0,2016,8,7,6,3,5,3,0,1,1,0,0,0,1,0,682458.6064,5334205.1544,11.452455447,48.134920367,1,#66c2a5,bicycle
78480,9,1,84,129,2016,8,11,4,3,8,1,0,1,0,1,0,0,0,0,699859.0744,5324399.8147,11.681495262,48.04157204,2,#fc8d62,car
78482,9,1,84,147,2016,8,13,4,3,3,6,0,0,0,1,0,0,1,0,696236334.0,5339249.4115,11.639773654,48.176156193,2,#fc8d62,car
78491,9,1,63,0,2016,8,20,1,3,3,6,2,0,0,1,0,0,0,0,730523.9205,5303427.0945,12.081117784,47.842816294,2,#fc8d62,car
78497,9,1,77,135,2016,8,0,4,3,9,7,2,0,0,1,0,0,0,0,717718.7291,5342914.9976,11.930261156,48.202096512,2,#fc8d62,car
78509,9,1,86,130,2016,8,17,6,3,4,1,0,0,0,1,0,0,0,0,687984342.0,5372873.5352,11.543878731,48.480859207,2,#fc8d62,car
78519,9,7,77,130,2016,8,21,6,1,9,1,2,0,0,0,0,1,0,0,626184.2825,5313275.3404,10.690310335,47.960345327,4,#e78ac3,marker
78524,9,7,78,111,2016,8,12,7,2,0,1,0,0,0,0,0,1,0,0,625357.7744,5323847.3429,10.682333802,48.055584874,4,#e78ac3,marker
78535,9,1,84,123,2016,8,9,1,3,5,2,0,0,1,1,0,0,0,0,703689963.0,5331692.2045,11.73630895,48.105896822,1,#66c2a5,bicycle
78539,9,7,72,145,2016,8,1,7,3,7,7,2,1,1,0,0,0,0,0,635432.7353,5368792.4456,10.83186,48.457682201,1,#66c2a5,bicycle
78541,9,1,88,113,2016,8,18,7,3,2,6,0,0,0,1,0,1,0,0,675655846.0,5314876372.0,11.353167024,47.96307866,2,#fc8d62,car
78542,9,1,77,133,2016,8,8,7,3,0,7,0,0,0,0,0,1,0,0,709931.0916,5358081.1916,11.83311237,48.340999118,4,#e78ac3,marker
78543,9,1,74,113,2016,8,15,6,3,2,6,0,0,0,1,0,0,0,0,679058.6329,5341970.7515,11.410068619,48.205690742,2,#fc8d62,car
78550,9,1,78,116,2016,8,3,7,3,7,7,2,0,0,1,0,0,0,0,697428.0707,5383628.5309,11.676625773,48.574615387,2,#fc8d62,car
78560,9,1,74,113,2016,8,17,6,3,4,7,0,0,0,1,0,0,0,0,676111.8277,5345714.0211,11.371996173,48.240163803,2,#fc8d62,car
78562,9,1,78,143,2016,8,10,6,3,5,3,0,1,0,1,0,0,0,0,715594.0189,5372061.5424,11.916613502,48.464704721,2,#fc8d62,car
78563,9,1,78,113,2016,8,17,4,3,2,6,0,0,0,1,0,0,0,0,691527.3798,5367411.6067,11.589274969,48.430702182,2,#fc8d62,car
78564,9,2,61,0,2016,8,17,7,2,3,6,0,0,1,1,0,0,0,0,731743.2401,5379778357.0,12.139036316,48.528284042,1,#66c2a5,bicycle
78565,9,7,72,171,2016,8,12,4,3,9,1,0,1,0,1,0,0,0,0,637172.7445,5373919.6928,10.857065211,48.503407958,2,#fc8d62,car
78569,9,1,75,124,2016,8,18,4,3,1,6,0,1,0,1,0,0,0,0,712625.4815,5329405.4278,11.855055927,48.082428834,2,#fc8d62,car
78580,9,1,77,120,2016,8,5,6,3,8,7,0,1,0,1,0,0,0,0,725408.8248,5360446621.0,12.042961679,48.356918999,2,#fc8d62,car
78583,9,1,62,0,2016,8,22,5,3,4,6,2,0,1,1,0,0,0,0,685363.0545,5328817.0989,11.489115326,48.085650465,1,#66c2a5,bicycle
78585,9,1,62,0,2016,8,2,3,2,0,7,2,1,1,0,0,0,0,0,685488.9005,5335314.4095,11.493629551,48.144014842,1,#66c2a5,bicycle
78592,9,1,78,120,2016,8,9,1,3,2,6,0,0,0,1,0,0,0,0,695048937.0,5355401575.0,11.631259686,48.321686466,2,#fc8d62,car
78600,9,1,62,0,2016,8,11,5,3,8,7,0,0,0,1,0,0,0,0,691991.8916,5331581.58,11.57928097,48.108535565,2,#fc8d62,car
78605,9,2,74,126,2016,8,18,4,3,2,6,0,0,0,1,0,0,1,0,732591457.0,5385578.2289,12.153747157,48.580068815,2,#fc8d62,car
78620,9,1,62,0,2016,8,8,5,3,0,1,0,0,1,0,0,0,0,0,695843.1697,5343825.3641,11.636601348,48.217403155,1,#66c2a5,bicycle
78623,9,2,74,132,2016,8,16,4,2,2,2,0,0,0,1,0,0,0,0,721585055.0,5386012228.0,12.004960032,48.587956464,2,#fc8d62,car
78624,9,1,78,132,2016,8,9,2,3,5,3,0,0,0,1,0,0,0,0,711394.9858,5381383.2804,11.864602885,48.549886806,2,#fc8d62,car
78631,9,1,62,0,2016,8,12,5,3,2,6,0,0,0,1,0,0,0,0,697197.3008,5331426.7294,11.649064064,48.105553747,2,#fc8d62,car
78634,9,1,78,143,2016,8,14,7,3,5,3,0,0,1,1,0,0,0,0,717957.4893,5372167.7329,11.94859864,48.464844508,1,#66c2a5,bicycle
78635,9,1,62,0,2016,8,19,3,3,9,1,0,1,0,1,0,0,0,0,695960.3355,5339082.8212,11.635988199,48.174744148,2,#fc8d62,car
78644,9,1,87,170,2016,8,10,1,3,5,3,0,0,0,1,0,1,0,0,735335.42,5320958021.0,12.15489821,47.998566007,2,#fc8d62,car
78651,9,1,79,121,2016,8,14,7,3,4,6,0,0,0,1,0,0,0,0,669251.8649,5337250.8213,11.27630359,48.165950136,2,#fc8d62,car
78652,9,1,84,136,2016,8,8,6,3,6,4,0,0,0,1,1,0,0,0,699543.1241,5327472.0727,11.678693791,48.069282042,2,#fc8d62,car
78653,9,1,62,0,2016,8,14,5,3,2,6,0,0,0,1,0,1,0,0,692916.2633,5331268.2535,11.591544463,48.105440174,2,#fc8d62,car
78655,9,1,62,0,2016,8,12,3,2,6,4,0,1,0,1,1,0,0,0,688282.9958,5328258.1004,11.528039623,48.079770335,2,#fc8d62,car
78663,9,1,82,133,2016,8,11,1,3,5,3,0,0,1,0,0,1,0,0,706993101.0,5307745123.0,11.769080193,47.889628685,1,#66c2a5,bicycle
78669,9,1,90,138,2016,8,15,7,3,0,1,0,0,1,0,0,0,0,0,662494196.0,5308039.1395,11.174404464,47.905082682,1,#66c2a5,bicycle
78674,9,1,62,0,2016,8,8,3,3,3,2,0,1,1,1,0,0,0,0,687664.6627,5335030.4611,11.522725143,48.14082458,1,#66c2a5,bicycle
78705,9,2,74,146,2016,8,8,5,3,2,6,0,0,0,1,0,0,0,0,733472.2944,5377217.7615,12.160987225,48.50464247,2,#fc8d62,car
78710,9,1,84,123,2016,8,11,1,3,0,1,0,0,1,0,0,0,0,0,703918.9698,5332083.4319,11.739568699,48.109339415,1,#66c2a5,bicycle
78714,9,7,61,0,2016,8,17,7,2,2,6,0,0,0,1,0,1,0,0,637710052.0,5360987.5595,10.860082892,48.387008154,2,#fc8d62,car
78715,9,2,61,0,2016,8,18,5,3,4,2,0,0,0,1,0,0,0,0,733057.6809,5381067.4485,12.157533425,48.539376975,2,#fc8d62,car
78716,9,1,88,139,2016,8,14,7,2,5,3,0,0,1,0,0,1,0,0,674478.6012,5318396.2823,11.338839295,47.995043588,1,#66c2a5,bicycle
78717,9,1,77,113,2016,8,15,7,2,3,3,0,0,0,1,0,1,0,0,720782.8382,5353030709.0,11.976717692,48.291924827,2,#fc8d62,car
78725,9,1,74,143,2016,8,14,7,2,5,3,0,0,1,0,0,0,0,0,676145.6314,5351909.3179,11.37503148,48.295844156,1,#66c2a5,bicycle
78737,9,1,84,141,2016,8,13,6,3,2,6,0,0,0,1,0,0,0,0,698012218.0,5316892281.0,11.653278275,47.974673477,2,#fc8d62,car
78740,9,2,61,0,2016,8,14,7,3,3,2,0,0,1,1,0,0,0,0,732745.1201,5381601.3795,12.153603673,48.544289108,1,#66c2a5,bicycle
78755,9,7,73,139,2016,8,15,5,2,0,1,0,0,0,0,0,1,0,0,615190.4771,5385912.73,10.562911805,48.615676775,4,#e78ac3,marker
78758,9,7,61,0,2016,8,17,5,3,2,6,0,0,0,1,0,0,0,0,637550.4528,5357152.1096,10.856673763,48.3525551,2,#fc8d62,car
78766,9,1,88,145,2016,8,14,1,3,2,2,0,0,0,1,0,1,0,0,664064447.0,5326697818.0,11.202530258,48.072435176,2,#fc8d62,car
78772,9,7,72,202,2016,8,16,5,3,3,6,0,0,0,1,0,0,1,0,637210.0986,5358114.7616,10.852395998,48.361285231,2,#fc8d62,car
78773,9,1,78,155,2016,8,23,6,3,2,6,2,0,0,1,0,0,0,0,721549.9324,5374950.7968,11.998604149,48.488593174,2,#fc8d62,car
78784,9,1,88,126,2016,8,19,4,3,2,6,0,1,0,1,0,0,0,1,659438.5976,5327514.4518,11.140779491,48.08095062,2,#fc8d62,car
78788,9,1,63,0,2016,8,12,7,2,5,3,0,1,1,1,0,1,0,0,732650.0122,5307190.4832,12.11151583,47.875861376,1,#66c2a5,bicycle
78795,9,1,88,126,2016,8,19,4,3,2,6,0,1,0,1,0,0,0,0,659453.9193,5327525.8279,11.140989312,48.081049069,2,#fc8d62,car
78796,9,1,62,0,2016,8,12,1,3,0,7,0,0,1,0,0,0,0,0,689042.3599,5331976.2372,11.539871595,48.112964981,1,#66c2a5,bicycle
78799,9,1,88,126,2016,8,19,4,3,2,6,0,1,0,1,0,0,0,0,659413.9134,5327497015.0,11.14044179,48.080800023,2,#fc8d62,car
78804,9,1,88,139,2016,8,1,4,2,8,1,2,1,0,1,0,0,0,0,675961.8401,5321767.6006,11.360087483,48.02494377,2,#fc8d62,car
78807,9,1,84,148,2016,8,7,5,3,2,6,0,1,0,1,0,0,0,0,693343.6767,5328878.3281,11.596197734,48.083830462,2,#fc8d62,car
78808,9,1,86,152,2016,8,10,7,3,2,6,0,0,0,1,0,0,0,0,691321.8198,5380602.4719,11.592539086,48.549313836,2,#fc8d62,car
78809,9,1,78,116,2016,8,18,7,3,0,6,0,0,0,1,0,0,0,0,698825.8275,5383352.3036,11.695422001,48.571691257,2,#fc8d62,car
78814,9,1,79,142,2016,8,14,4,3,2,6,0,1,0,1,0,1,0,0,670364.6875,5341752.1259,11.293063041,48.206118192,2,#fc8d62,car
78817,9,1,84,114,2016,8,13,1,3,3,6,0,0,0,1,0,0,0,1,701074.66,5314668.8984,11.693227384,47.953736481,2,#fc8d62,car
78823,9,7,61,0,2016,8,11,7,3,3,2,0,0,1,1,0,0,0,0,643344966.0,5357586044.0,10.9349912,48.355168157,1,#66c2a5,bicycle
78825,9,1,81,113,2016,8,18,7,2,5,3,0,0,0,1,0,0,0,0,639538.7202,5310381.5413,10.868168572,47.931551572,2,#fc8d62,car
78826,9,1,62,0,2016,8,18,6,2,6,4,0,0,0,1,1,0,0,0,690246.9899,5329107.2551,11.554760919,48.086819674,2,#fc8d62,car
78832,9,1,90,158,2016,8,7,6,2,8,1,0,1,0,1,0,0,0,0,653355.4535,5303457.6982,11.050571293,47.866138187,2,#fc8d62,car
78835,9,1,81,130,2016,8,15,4,3,0,1,0,1,0,0,0,1,0,0,636862.2772,5323428.4624,10.836514476,48.049454296,4,#e78ac3,marker
78836,9,7,61,0,2016,8,15,1,3,0,3,0,0,0,1,0,0,0,0,640613.07,5352378283.0,10.896397211,48.308955652,2,#fc8d62,car
78843,9,1,73,126,2016,8,14,6,3,8,1,0,1,0,1,0,0,0,0,684615.0239,5303352.7136,11.46814239,47.856972309,2,#fc8d62,car
78845,9,1,73,147,2016,8,10,7,3,5,3,0,0,0,1,0,0,0,0,680522.9078,5308641.3427,11.415695658,47.905676414,2,#fc8d62,car
78849,9,1,81,121,2016,8,6,4,2,8,1,0,0,0,1,0,0,0,0,635554.7576,5311327.8156,10.815156607,47.94091629,2,#fc8d62,car
78854,9,1,79,138,2016,8,9,4,2,4,6,0,1,0,1,0,0,0,0,653653.6971,5335718.5355,11.066115788,48.156135251,2,#fc8d62,car
78859,9,1,88,141,2016,8,19,5,3,2,6,0,0,0,1,0,0,0,0,668839.3332,5312293771.0,11.260911448,47.941694492,2,#fc8d62,car
78866,9,1,81,120,2016,8,14,4,3,4,6,0,1,0,1,0,1,0,0,651034.4569,5321377.5154,11.025845928,48.027816972,2,#fc8d62,car
78869,9,1,81,128,2016,8,18,5,3,0,7,0,0,1,0,0,0,0,0,638535.0883,5327114676.0,10.860143663,48.082241068,1,#66c2a5,bicycle
78871,9,1,79,121,2016,8,13,7,2,0,7,0,0,0,0,0,0,0,1,663321.8561,5338362.8867,11.197038836,48.177499196,6,#ffd92f,circle
78873,9,1,84,135,2016,8,15,7,3,5,2,0,0,0,1,0,0,0,0,692577.2013,5349022.3286,11.595042353,48.265110804,2,#fc8d62,car
78874,9,1,88,121,2016,8,14,5,3,1,7,0,0,0,1,0,0,0,0,671263.0767,5330939.0296,11.300792335,48.108670355,2,#fc8d62,car
78878,9,1,74,121,2016,8,18,5,3,9,1,0,0,0,1,0,0,0,0,687209.0321,5352983.1686,11.524533234,48.302319938,2,#fc8d62,car
78882,9,1,74,115,2016,8,12,4,3,1,6,0,0,0,1,0,0,0,0,680774.3079,5347723003.0,11.435593371,48.256909731,2,#fc8d62,car
78883,9,1,78,122,2016,8,11,2,3,0,1,0,0,1,0,0,0,0,0,699434.4533,5386373.8225,11.705113125,48.59864998,1,#66c2a5,bicycle
78889,9,1,84,119,2016,8,17,5,3,8,1,0,0,0,1,0,0,0,0,696336.5286,5347780.1085,11.645068622,48.25279289,2,#fc8d62,car
78890,9,1,88,139,2016,8,11,7,3,3,6,0,0,1,1,0,0,0,0,678741.8523,5319634525.0,11.396451656,48.004997182,1,#66c2a5,bicycle
78891,9,1,78,137,2016,8,17,7,3,8,1,0,0,0,0,0,1,0,0,697769.9512,5366086.0756,11.672949619,48.416860979,4,#e78ac3,marker
78897,9,1,86,152,2016,8,5,3,3,3,6,0,0,0,1,0,0,0,0,691112.9024,5381045.6707,11.589914533,48.553360603,2,#fc8d62,car
78903,9,7,72,125,2016,8,10,4,3,5,2,0,0,0,1,0,0,0,1,626179.3501,5345536.4902,10.699786171,48.250473383,2,#fc8d62,car
78905,9,1,62,0,2016,8,19,5,3,3,2,0,1,1,1,0,0,0,0,694655.4893,5334154.0332,11.616200642,48.130847422,1,#66c2a5,bicycle
78907,9,1,81,114,2016,8,22,4,3,1,7,2,0,0,1,0,0,0,0,657013.4699,5313506.3156,11.103109445,47.955604288,2,#fc8d62,car
78912,9,1,85,131,2016,8,21,3,2,8,1,2,0,0,0,0,1,0,0,666757.7982,5372020.5028,11.256539145,48.47917957,4,#e78ac3,marker
78917,9,1,90,159,2016,8,17,6,1,5,3,0,0,0,1,0,1,0,0,662849967.0,5305235195.0,11.178103717,47.879782635,2,#fc8d62,car
78923,9,1,74,131,2016,8,18,4,1,5,2,0,0,1,1,0,0,0,0,676711.8381,5358555257.0,11.385444744,48.355425835,1,#66c2a5,bicycle
78925,9,1,74,141,2016,8,14,4,3,5,3,0,0,0,1,0,0,0,0,683072324.0,5355706.8421,11.469985825,48.328011715,2,#fc8d62,car
78927,9,2,74,194,2016,8,17,2,2,4,6,0,0,0,1,0,0,0,0,720634.9797,5378840.7055,11.988293865,48.523862474,2,#fc8d62,car
78939,9,1,74,113,2016,8,6,4,2,4,1,0,0,0,1,0,0,1,0,675069.4787,5345414.9925,11.357845883,48.237764443,2,#fc8d62,car
78944,9,7,71,111,2016,8,17,3,3,3,6,0,0,0,1,0,0,1,0,658333.5088,5357359.0232,11.137094377,48.349547078,2,#fc8d62,car
78945,9,7,61,0,2016,8,13,4,3,2,6,0,0,0,1,0,0,1,0,642144.1252,5358999.0025,10.919268124,48.368144324,2,#fc8d62,car
78946,9,1,78,123,2016,8,7,5,3,5,3,0,0,0,1,0,1,0,0,689226941.0,5358813633.0,11.554334311,48.354122291,2,#fc8d62,car
78947,9,1,78,124,2016,8,18,4,3,4,6,0,0,1,0,0,0,0,0,702444.8279,5366060.7783,11.736046381,48.415149279,1,#66c2a5,bicycle
78952,9,1,74,135,2016,8,9,3,3,2,6,0,0,0,1,0,0,0,0,663258.0416,5353274.1542,11.201930228,48.311570397,2,#fc8d62,car
78953,9,1,75,121,2016,8,14,4,3,4,6,0,0,0,0,0,1,0,1,713653.7221,5315614.7696,11.861972029,47.958163768,4,#e78ac3,marker
78954,9,1,62,0,2016,8,20,5,2,3,6,1,1,0,1,0,0,1,0,683432.7918,5342555.0597,11.469139851,48.209693982,2,#fc8d62,car
78965,9,7,71,129,2016,8,10,3,2,2,6,0,0,0,0,0,0,1,1,660519.7421,5355327.7253,11.165807036,48.330733444,5,#a6d854,bus
78973,9,1,84,135,2016,8,8,4,3,5,3,0,0,0,1,0,1,0,0,688634.0981,5345405.5285,11.540350992,48.233789598,2,#fc8d62,car
78975,9,1,84,114,2016,8,13,6,3,2,6,0,0,0,1,0,0,0,0,698818.8729,5321131.1771,11.666038128,48.012520275,2,#fc8d62,car
78977,9,1,62,0,2016,8,19,3,3,5,3,0,0,1,1,0,0,0,0,694974.6847,5334092.4691,11.62045786,48.130196416,1,#66c2a5,bicycle
78981,9,1,88,139,2016,8,17,6,3,9,7,0,0,0,1,0,0,0,0,674922.7598,5319242.8667,11.345133034,48.002532744,2,#fc8d62,car
78982,9,2,61,0,2016,8,18,3,2,3,2,0,0,1,1,0,0,0,0,731594.4715,5381550.1788,12.138008804,48.544254933,1,#66c2a5,bicycle
78985,9,1,88,139,2016,8,21,3,3,5,3,1,0,0,1,0,0,0,0,674193056.0,5319918359.0,11.335632852,48.008804448,2,#fc8d62,car
78993,9,1,62,0,2016,8,17,5,3,2,6,2,0,0,1,0,0,0,0,691662.0221,5339265.9161,11.578312815,48.177700594,2,#fc8d62,car