OBJECTID,ULAND,UREGBEZ,UKREIS,UGEMEINDE,UJAHR,UMONAT,USTUNDE,UWOCHENTAG,UKATEGORIE,UART,UTYP1,ULICHTVERH,STRZUSTAND,IstRad,IstPKW,IstFuss,IstKrad,IstGkfz,IstSonstig,LINREFX,LINREFY,XGCSWGS84,YGCSWGS84,Teilnehmer,color,symbol
78994,9,1,62,0,2016,8,14,3,3,5,3,0,0,1,1,0,0,0,0,682698.8245,5337973.2054,11.457298696,48.168721217,1,#66c2a5,bicycle
78995,9,1,84,145,2016,8,14,3,2,2,6,0,0,1,1,0,0,0,0,696173.3904,5323771.8772,11.631811603,48.03707142,1,#66c2a5,bicycle
78997,9,2,61,0,2016,8,18,2,3,0,6,0,0,1,1,0,0,0,0,732366.7929,5382658.2302,12.14907514,48.553922723,1,#66c2a5,bicycle
79000,9,1,79,142,2016,8,10,3,3,2,6,0,0,0,1,0,0,0,0,670869.0635,5341478.7228,11.299736053,48.203524843,2,#fc8d62,car
79004,9,2,61,0,2016,8,11,4,2,5,3,0,0,1,1,0,0,0,0,731102.5025,5381972.3063,12.131587385,48.548228242,1,#66c2a5,bicycle
79005,9,2,74,194,2016,8,12,2,3,2,7,0,0,1,0,0,0,0,0,721678.9063,5381326.1871,12.003734486,48.545824293,1,#66c2a5,bicycle
79007,9,1,81,121,2016,8,14,3,3,0,6,0,0,0,1,0,0,1,1,639307698.0,5312111.3613,10.865637064,47.947157254,2,#fc8d62,car
79008,9,2,74,124,2016,8,16,4,2,0,7,0,0,1,0,0,0,0,0,726070.6317,5375964.12,12.060248627,48.496087099,1,#66c2a5,bicycle
79017,9,1,84,127,2016,8,18,3,2,4,2,0,0,1,1,0,0,0,0,702655375.0,5322036342.0,11.717851673,48.019450133,1,#66c2a5,bicycle
79019,9,1,62,0,2016,8,17,3,3,5,2,0,0,0,1,0,0,0,0,694997.9891,5333476.4853,11.620488891,48.124653083,2,#fc8d62,car
79021,9,2,61,0,2016,8,21,4,3,9,1,2,0,0,0,0,1,0,0,731687.5588,5383829.8345,12.140536519,48.564698243,4,#e78ac3,marker
79025,9,7,78,134,2016,8,14,4,2,8,1,0,0,0,0,0,1,0,0,616566.98,5338330293.0,10.568367343,48.187505723,4,#e78ac3,marker
79041,9,1,81,144,2016,8,12,3,3,8,1,0,0,0,1,0,0,0,0,654556.3889,5320745.9934,11.072826651,48.021296301,2,#fc8d62,car
79042,9,1,74,126,2016,8,16,5,3,5,2,0,1,1,1,0,0,0,0,682915.7556,5344602.5673,11.463070055,48.228247258,1,#66c2a5,bicycle
79048,9,7,72,111,2016,8,6,6,3,2,3,0,0,0,1,0,0,0,0,627036.8704,5365047.4195,10.717216754,48.425756517,2,#fc8d62,car
79051,9,1,74,115,2016,8,15,3,1,5,3,0,0,1,1,0,0,0,0,682083368.0,5350458.1563,11.454391422,48.281119881,1,#66c2a5,bicycle
79055,9,7,71,142,2016,8,20,5,3,8,1,1,1,0,1,0,0,0,0,646954.6772,5350192.2366,10.981111213,48.28785856,2,#fc8d62,car
79058,9,1,75,132,2016,8,17,3,3,4,6,0,0,0,0,0,1,0,1,710814.2536,5334682.3428,11.833373512,48.130448691,4,#e78ac3,marker
79067,9,1,75,115,2016,8,7,5,3,8,1,0,0,0,1,0,0,0,0,717172.5671,5336789.9045,11.91979132,48.147248327,2,#fc8d62,car
79071,9,1,88,120,2016,8,8,6,2,6,4,0,1,1,0,1,0,0,0,677579.6844,5326410884.0,11.383693691,48.066236093,1,#66c2a5,bicycle
79077,9,1,77,115,2016,8,19,3,3,4,7,0,0,0,1,0,0,1,0,736550.7767,5353074.5309,12.189003668,48.286623159,2,#fc8d62,car
79086,9,1,62,0,2016,8,15,5,3,2,6,0,0,0,1,0,0,0,0,695480.4642,5330342.9257,11.625529639,48.096342097,2,#fc8d62,car
79091,9,1,77,131,2016,8,16,6,2,2,6,0,0,0,1,0,1,0,0,710041.3099,5347587.9904,11.829379546,48.246673492,2,#fc8d62,car
79093,9,7,78,209,2016,8,12,3,2,3,2,0,0,0,1,0,0,0,1,617308.2885,5326993.9132,10.575214957,48.085414808,2,#fc8d62,car
79098,9,1,62,0,2016,8,18,2,3,3,6,0,0,0,1,0,1,0,0,684774.3587,5329073.7945,11.481328874,48.088128702,2,#fc8d62,car
79104,9,1,73,147,2016,8,17,6,1,5,3,0,0,0,1,0,1,0,0,682352.72,5307843646.0,11.439821559,47.897988256,2,#fc8d62,car
79114,9,1,62,0,2016,8,13,2,3,5,3,0,0,0,1,0,0,0,0,694915.6953,5334916.6214,11.620042963,48.1376216,2,#fc8d62,car
79115,9,7,72,130,2016,8,18,3,3,4,3,0,0,1,1,0,0,0,0,631588.2844,5359219.8543,10.776883573,48.372419376,1,#66c2a5,bicycle
79116,9,7,61,0,2016,8,17,3,3,5,3,0,0,1,1,0,0,0,0,642329681.0,5359172.9598,10.921830958,48.369666653,1,#66c2a5,bicycle
79121,9,7,78,209,2016,8,1,2,3,2,6,2,0,0,1,0,0,0,0,618614.7768,5322975.2784,10.591636476,48.049031014,2,#fc8d62,car
79122,9,1,87,177,2016,8,13,5,3,2,6,0,0,0,1,0,1,0,1,737587809.0,5305199.9178,12.176357335,47.85617153,2,#fc8d62,car
79126,9,7,77,130,2016,8,21,5,2,4,1,2,1,0,1,0,0,0,0,624262.8154,5310762.2267,10.663856698,47.938119569,2,#fc8d62,car
79129,9,7,78,116,2016,8,16,2,3,4,6,0,0,0,1,0,1,0,0,620605.7785,5313424.5743,10.615656424,47.962762748,2,#fc8d62,car
79130,9,7,61,0,2016,8,14,3,3,0,7,0,0,1,0,0,0,0,0,641520.3223,5353587.9109,10.909031805,48.319629904,1,#66c2a5,bicycle
79137,9,1,78,130,2016,8,22,5,2,6,1,2,0,0,1,1,0,0,0,703065.2232,5354308.0228,11.738749132,48.309335826,2,#fc8d62,car
79161,9,1,62,0,2016,8,17,4,3,4,6,0,0,0,1,0,0,0,0,686186.9965,5335220.4687,11.502964091,48.142966552,2,#fc8d62,car
79163,9,1,84,131,2016,8,14,6,3,2,6,0,0,0,1,0,0,0,0,704715095.0,5337025.4847,11.752625878,48.153496291,2,#fc8d62,car
79165,9,7,61,0,2016,8,17,3,3,3,6,0,0,0,1,0,1,0,0,640887.4467,5360426978.0,10.902788429,48.381265917,2,#fc8d62,car
79182,9,1,62,0,2016,8,22,5,3,3,2,2,0,0,1,0,0,0,0,694536.8073,5334828.2508,11.614915124,48.136943301,2,#fc8d62,car
79213,9,7,72,147,2016,8,19,2,3,3,6,0,0,0,1,0,1,0,0,638907244.0,5364079.8772,10.877267859,48.41455091,2,#fc8d62,car
79218,9,7,72,162,2016,8,18,5,3,0,1,0,1,0,0,0,1,0,0,636089.1777,5335584.0731,10.83002322,48.158928189,4,#e78ac3,marker
79221,9,7,72,209,2016,8,11,2,3,2,6,0,0,0,0,0,1,0,0,633800.7609,5337131.3982,10.799753112,48.1733282,4,#e78ac3,marker
79230,9,1,82,137,2016,8,2,4,3,9,1,2,0,0,1,0,0,0,1,712315.2382,5304901.2204,11.838791122,47.862334279,2,#fc8d62,car
79234,9,7,72,147,2016,8,17,2,3,8,7,0,0,0,0,0,1,0,0,638193677.0,5366219826.0,10.868335015,48.433949651,4,#e78ac3,marker
79235,9,1,81,114,2016,8,18,5,3,3,7,0,1,0,1,0,1,0,0,657070.9434,5312557.4989,11.103532342,47.9470592,2,#fc8d62,car
79241,9,7,72,111,2016,8,13,6,3,8,7,0,0,0,1,0,0,0,0,627239.3512,5364951.2906,10.719923324,48.424851213,2,#fc8d62,car
79257,9,1,78,143,2016,8,13,5,3,5,3,0,0,0,0,1,0,1,0,716749.0745,5373197.7434,11.93280686,48.474516247,3,#8da0cb,toilet
79261,9,1,79,123,2016,8,5,6,2,5,3,1,0,0,0,0,0,0,1,676729.4864,5333745844.0,11.375328635,48.132408356,6,#ffd92f,circle
79262,9,1,82,120,2016,8,4,3,3,9,1,2,0,0,0,0,1,0,0,702854.8839,5308100.0697,11.713952279,47.894139799,4,#e78ac3,marker
79266,9,1,85,113,2016,8,10,4,2,2,6,0,0,0,0,0,1,0,0,669866.8515,5374022.8963,11.299389429,48.496347193,4,#e78ac3,marker
79273,9,1,62,0,2016,8,13,5,3,0,6,0,1,0,1,0,1,0,0,692187.3528,5339316.1676,11.585395038,48.177993581,2,#fc8d62,car
79278,9,1,75,133,2016,8,16,6,2,5,3,0,0,0,1,0,0,0,0,708585.1578,5341474.0189,11.806781621,48.192213971,2,#fc8d62,car
79282,9,1,86,143,2016,8,17,4,3,2,7,0,0,0,1,0,1,0,0,685374.1484,5377410.2332,11.5106062,48.522408921,2,#fc8d62,car
79283,9,1,88,141,2016,8,1,2,2,9,1,2,0,0,1,0,0,0,0,669697.7406,5306056.9819,11.269942153,47.88539743,2,#fc8d62,car
79288,9,7,72,200,2016,8,13,4,3,8,1,0,0,0,1,0,0,0,0,627346.5858,5339775.2525,10.71377202,48.19843025,2,#fc8d62,car
79293,9,1,73,120,2016,8,9,6,3,0,1,0,1,0,1,0,1,1,0,687660.49,5309569242.0,11.511518975,47.91196883,2,#fc8d62,car
79296,9,1,87,179,2016,8,20,3,3,9,1,0,0,0,0,0,1,0,0,722811.4989,5313167.7051,11.983208646,47.933056209,4,#e78ac3,marker
79299,9,1,88,139,2016,8,20,4,3,0,3,1,0,0,1,0,0,0,0,669697.0936,5319011.2943,11.275040707,48.001859338,2,#fc8d62,car
79300,9,1,88,126,2016,8,11,2,3,2,7,0,0,0,1,0,1,0,0,660161.0382,5328385.5076,11.150799239,48.088600954,2,#fc8d62,car
79312,9,1,63,0,2016,8,20,5,3,0,1,0,0,1,0,0,0,0,0,733813.1715,5303965.6803,12.125304783,47.846467378,1,#66c2a5,bicycle
79316,9,7,62,0,2016,8,18,5,3,1,6,0,1,0,1,0,0,0,0,622760.3101,5306409.2964,10.642507115,47.899260664,2,#fc8d62,car
79322,9,1,88,141,2016,8,12,4,2,2,6,0,0,0,1,0,0,0,0,670287.91,5308476.4046,11.278784746,47.90699231,2,#fc8d62,car
79325,9,1,75,135,2016,8,20,5,3,2,5,1,1,0,1,0,0,0,1,709608.9724,5338996.5399,11.819319103,48.16961433,2,#fc8d62,car
79331,9,7,72,171,2016,8,7,6,3,8,6,0,0,0,1,0,0,0,0,638915.8608,5369899.8111,10.879314292,48.466879842,2,#fc8d62,car
79335,9,7,61,0,2016,8,18,5,3,5,3,0,0,1,1,0,0,0,0,640837.6135,5360481.7716,10.902134144,48.381769727,1,#66c2a5,bicycle
79337,9,1,86,152,2016,8,12,3,3,2,6,0,0,0,1,0,0,0,0,691172.8572,5380920.9002,11.590668875,48.552221004,2,#fc8d62,car
79340,9,1,88,124,2016,8,15,4,3,0,7,0,0,1,0,0,0,0,0,660408.1769,5318933.7241,11.150573513,48.0035601,1,#66c2a5,bicycle
79346,9,1,62,0,2016,8,16,4,3,2,6,0,0,0,1,0,0,0,0,687711.4418,5331593.0469,11.521839487,48.109914409,2,#fc8d62,car
79348,9,1,74,135,2016,8,3,6,3,8,1,2,0,0,1,0,0,0,0,662128.2065,5352624.5741,11.186453643,48.306021221,2,#fc8d62,car
79353,9,1,79,136,2016,8,20,2,3,0,1,1,0,1,0,0,0,0,0,660291.8817,5341450.5618,11.157474765,48.206030529,1,#66c2a5,bicycle
79358,9,7,72,111,2016,8,6,2,3,3,6,0,0,0,1,0,0,1,0,626669.0001,5364133.7896,10.7119704,48.417614784,2,#fc8d62,car
79361,9,1,63,0,2016,8,12,2,3,5,2,0,0,1,1,0,0,0,0,733627091.0,5303420365.0,12.122527002,47.841635879,1,#66c2a5,bicycle
79366,9,1,84,148,2016,8,16,4,3,6,4,0,0,0,1,1,0,0,0,695550.5607,5326301.5601,11.62462072,48.059998386,2,#fc8d62,car
79371,9,1,78,145,2016,8,21,7,2,4,1,2,0,0,1,0,0,0,0,699727825.0,5356432701.0,11.694795843,48.329492293,2,#fc8d62,car
79372,9,1,74,115,2016,8,10,4,3,5,2,0,0,1,1,0,0,0,0,681393.7457,5346944.8862,11.44359778,48.249738543,1,#66c2a5,bicycle
79373,9,7,62,0,2016,8,4,7,2,9,1,2,0,0,1,0,0,0,0,622838.1187,5306016.0817,10.643435787,47.895709338,2,#fc8d62,car
79390,9,1,75,124,2016,8,13,7,3,4,6,0,0,0,1,0,0,0,0,714920109.0,5328695.6975,11.885470105,48.075282162,2,#fc8d62,car
79391,9,1,84,112,2016,8,15,3,3,4,6,0,0,0,0,0,0,1,0,702208.9834,5337263.3794,11.719081022,48.156435906,5,#a6d854,bus
79393,9,7,72,147,2016,8,17,7,3,9,6,0,0,0,1,0,0,1,0,629883.5651,5364221.8945,10.755422563,48.417752596,2,#fc8d62,car
79396,9,1,87,122,2016,8,16,2,3,0,6,0,0,0,1,0,1,0,0,718556.2162,5309278.6762,11.924341058,47.899576145,2,#fc8d62,car
79397,9,1,81,145,2016,8,14,1,2,9,1,0,0,0,0,0,1,0,0,643388.9324,5334284.4401,10.927690645,48.145637743,4,#e78ac3,marker
79399,9,7,61,0,2016,8,17,4,2,5,3,0,0,1,1,0,0,0,0,641333258.0,5365088947.0,10.910375579,48.423084539,1,#66c2a5,bicycle
79403,9,7,72,147,2016,8,5,7,2,8,1,2,0,0,1,0,0,0,0,629466.4562,5364188.0479,10.749777479,48.417534083,2,#fc8d62,car
79408,9,2,74,113,2016,8,14,3,2,4,6,0,0,0,1,0,0,1,0,726384.9172,5385215.3641,12.069521674,48.579081967,2,#fc8d62,car
79416,9,2,74,126,2016,8,5,3,3,5,3,1,0,0,1,0,1,0,0,733565.6702,5383897.7671,12.165992201,48.564611681,2,#fc8d62,car
79423,9,1,62,0,2016,8,19,7,3,0,7,0,0,0,1,0,0,0,0,678312444.0,5339053663.0,11.398809428,48.179679108,2,#fc8d62,car
79424,9,1,88,139,2016,8,23,5,2,8,1,2,0,0,0,0,1,0,0,679709.8955,5320172.0766,11.409643883,48.009557952,4,#e78ac3,marker
79443,9,1,62,0,2016,8,6,4,3,4,2,0,0,0,1,0,1,0,0,692156603.0,5339557366.0,11.585090872,48.180170708,2,#fc8d62,car
79450,9,1,75,111,2016,8,15,5,3,1,2,0,0,1,1,0,0,0,0,712226.7346,5336810.7747,11.853393674,48.149105013,1,#66c2a5,bicycle
79459,9,1,84,120,2016,8,15,2,3,9,1,0,0,0,0,0,1,0,0,681101.2,5333298.1667,11.433841964,48.127155319,4,#e78ac3,marker
79464,9,1,62,0,2016,8,17,4,3,1,6,0,0,1,0,0,0,0,0,686360.8291,5331799933.0,11.503802882,48.11217058,1,#66c2a5,bicycle
79468,9,1,62,0,2016,8,8,6,3,6,4,0,1,0,1,1,0,0,0,695717.2951,5333908.4188,11.630343119,48.128314364,2,#fc8d62,car
79469,9,1,62,0,2016,8,10,4,3,2,6,0,0,0,1,0,1,0,0,686304.8594,5343540.1266,11.508194492,48.217711509,2,#fc8d62,car
79476,9,1,62,0,2016,8,17,6,3,2,6,0,0,0,1,0,0,0,0,693982.7606,5331676.8505,11.606041726,48.108788679,2,#fc8d62,car
79477,9,1,88,139,2016,8,14,4,3,0,7,0,0,1,0,0,0,0,0,674344.3624,5318506.8049,11.337086303,47.996073765,1,#66c2a5,bicycle
79483,9,1,62,0,2016,8,8,2,3,3,6,0,0,0,1,0,0,1,0,686835.0216,5333243.8632,11.510800155,48.125010211,2,#fc8d62,car
79487,9,1,90,159,2016,8,10,5,3,4,1,0,0,0,1,0,0,0,1,665938.1632,5304900.9118,11.219247903,47.875986516,2,#fc8d62,car
79488,9,7,62,0,2016,8,16,4,3,2,6,0,0,0,1,0,0,0,0,622675.4524,5306464.7018,10.641387974,47.899775192,2,#fc8d62,car
79494,9,1,84,135,2016,8,20,6,3,8,1,1,0,0,1,0,0,0,0,692610.5656,5348887.0289,11.595429863,48.263884651,2,#fc8d62,car
79501,9,1,88,141,2016,8,6,2,3,2,6,0,0,0,1,0,0,0,0,667762.7099,5306743.6758,11.244345942,47.892079739,2,#fc8d62,car
79502,9,1,84,135,2016,8,22,1,3,4,6,2,0,0,1,0,0,0,0,692127024.0,5345082825.0,11.587194861,48.229840769,2,#fc8d62,car
79505,9,1,88,141,2016,8,12,2,3,5,3,0,0,1,1,0,0,0,0,666067.8853,5305822.1754,11.221335668,47.8842357,1,#66c2a5,bicycle
79508,9,7,72,223,2016,8,20,4,3,9,7,2,0,0,1,0,0,0,1,622075.8102,5363368.6487,10.649696638,48.411640726,2,#fc8d62,car
79520,9,1,79,121,2016,8,7,2,3,3,6,0,0,1,1,0,0,0,0,667620.4559,5338610.9357,11.254916437,48.17860976,1,#66c2a5,bicycle
79522,9,1,81,114,2016,8,10,5,2,2,7,0,0,0,1,0,1,0,0,656799952.0,5312665.1327,11.099944903,47.948093353,2,#fc8d62,car
79526,9,1,87,182,2016,8,15,4,3,2,7,0,0,0,1,0,0,0,0,737637.3184,5327674.7945,12.18943265,48.058052999,2,#fc8d62,car
79530,9,7,72,184,2016,8,9,3,3,3,2,0,0,1,1,0,0,0,0,635875.5947,5361525.2926,10.835491686,48.392241273,1,#66c2a5,bicycle
79542,9,1,79,138,2016,8,8,2,3,8,1,0,0,0,1,0,0,0,0,649517.5316,5337089.7673,11.011016619,48.169450555,2,#fc8d62,car
79549,9,1,74,115,2016,8,10,2,3,0,1,0,0,1,0,0,0,0,0,681844207.0,5346428.48,11.449438503,48.244967721,1,#66c2a5,bicycle
79551,9,1,78,150,2016,8,18,5,3,4,2,0,0,1,1,0,0,0,0,691102.9381,5371231.5248,11.585286118,48.465161926,1,#66c2a5,bicycle
79555,9,1,84,119,2016,8,13,6,3,3,6,0,0,1,1,0,0,0,0,696109.1285,5345102.6465,11.640768772,48.228800306,1,#66c2a5,bicycle
79563,9,1,74,126,2016,8,13,2,3,3,3,0,0,0,1,0,0,0,0,683410.9365,5344181.8662,11.469549504,48.224322818,2,#fc8d62,car
79569,9,1,74,115,2016,8,6,2,3,5,3,0,0,1,1,0,0,0,0,681163.1862,5349349.4507,11.441524416,48.271418158,1,#66c2a5,bicycle
79574,9,1,84,136,2016,8,8,4,3,6,4,0,0,0,1,1,0,0,0,698772046.0,5325948.08,11.667646112,48.055826169,2,#fc8d62,car
79579,9,1,62,0,2016,8,19,6,3,3,2,0,0,1,1,0,0,0,0,694286.2533,5340625.9092,11.614199017,48.189126674,1,#66c2a5,bicycle
79580,9,1,74,135,2016,8,8,4,3,2,6,0,0,0,1,0,0,0,0,663139.5086,5352946.16,11.200205926,48.308652296,2,#fc8d62,car
79586,9,1,84,121,2016,8,17,2,3,2,6,0,0,0,1,0,0,0,0,704526.1119,5330316.8258,11.746869136,48.093268857,2,#fc8d62,car
79587,9,1,82,137,2016,8,15,1,3,2,6,0,0,0,1,0,0,0,0,709568.1469,5305074.8435,11.802190623,47.86479644,2,#fc8d62,car
79596,9,1,73,147,2016,8,18,4,3,0,7,0,0,1,0,0,0,0,1,682081.5022,5308292.3794,11.436385514,47.902099028,1,#66c2a5,bicycle
79598,9,1,87,181,2016,8,9,3,2,3,6,0,0,1,0,0,0,1,0,736960.0081,5311880.6073,12.171643016,47.916419812,1,#66c2a5,bicycle
79604,9,1,84,135,2016,8,17,3,2,8,1,0,0,0,0,0,1,0,0,688843.5101,5345796.9433,11.543342743,48.237245292,4,#e78ac3,marker
79609,9,1,77,133,2016,8,12,2,2,5,2,0,0,0,1,0,0,0,0,709903.8445,5360106.6089,11.833754827,48.359207809,2,#fc8d62,car
79610,9,1,81,146,2016,8,11,1,3,3,6,0,0,0,1,0,0,0,0,650692.7391,5325728.3381,11.022797276,48.067018119,2,#fc8d62,car
79612,9,7,71,122,2016,8,13,4,2,5,3,0,0,0,0,0,1,1,0,654807522.0,5361799275.0,11.091170514,48.390341733,4,#e78ac3,marker
79620,9,2,61,0,2016,8,14,7,3,0,2,0,0,0,1,0,1,0,0,731595.2102,5381548.7584,12.138018008,48.544241901,2,#fc8d62,car
79621,9,1,86,152,2016,8,13,3,3,0,7,0,0,0,1,0,0,1,0,690966.1169,5376085.4972,11.58565528,48.508827376,2,#fc8d62,car
79627,9,1,75,135,2016,8,13,2,3,5,3,0,0,0,1,0,0,0,1,708546.9037,5339115.6823,11.805110125,48.171034278,2,#fc8d62,car
79629,9,1,77,133,2016,8,7,5,3,5,3,0,0,0,1,0,0,0,0,709743.8688,5358533.0491,11.830813923,48.345121526,2,#fc8d62,car
79633,9,1,78,157,2016,8,17,2,2,2,6,0,0,0,1,0,0,0,0,704600.6961,5371323.0909,11.767717317,48.461740243,2,#fc8d62,car
79634,9,1,84,127,2016,8,14,7,3,8,1,0,0,0,1,0,0,0,0,703749983.0,5319814217.0,11.731458928,47.999131964,2,#fc8d62,car
79648,9,1,77,130,2016,8,8,2,2,5,3,0,0,1,1,0,0,0,0,711249.5078,5352317.2954,11.847995949,48.288767933,1,#66c2a5,bicycle
79649,9,1,88,126,2016,8,18,3,3,0,7,0,0,0,1,0,0,0,0,661513.2364,5327762.3365,11.168708799,48.082657065,2,#fc8d62,car
79654,9,1,75,121,2016,8,17,5,3,5,3,0,0,0,1,0,1,0,0,714423.3045,5319263.7574,11.874088033,47.990696002,2,#fc8d62,car
79660,9,1,62,0,2016,8,5,4,2,0,6,2,0,0,1,0,1,0,0,678199.3456,5334780.0867,11.395499101,48.14129542,2,#fc8d62,car
79670,9,1,75,123,2016,8,17,2,3,0,1,0,0,0,0,0,1,0,0,726370.2643,5335206.1166,12.042431533,48.129813163,4,#e78ac3,marker
79671,9,1,81,129,2016,8,22,3,2,9,1,2,0,0,0,0,1,0,0,641878.4436,5304679.5277,10.89759981,47.879763127,4,#e78ac3,marker
79675,9,1,62,0,2016,8,15,4,3,2,6,2,0,0,1,0,0,1,0,687390.8522,5332689.6953,11.518018663,48.119865821,2,#fc8d62,car
79681,9,1,84,129,2016,8,16,4,3,2,6,0,0,0,1,0,0,0,0,701893.9261,5326881.1709,11.709935913,48.063231913,2,#fc8d62,car
79682,9,1,81,120,2016,8,18,3,3,5,3,0,0,1,1,0,0,0,0,649822656.0,5321228.69,11.009550234,48.026764191,1,#66c2a5,bicycle
79687,9,1,62,0,2016,8,17,1,3,5,2,0,0,1,1,0,0,0,0,684661.3661,5332062.8757,11.481106334,48.115029059,1,#66c2a5,bicycle
79694,9,1,84,118,2016,8,9,1,3,9,1,0,0,0,1,0,0,0,0,701520.2929,5336800.8285,11.709612008,48.152497624,2,#fc8d62,car
79695,9,1,75,132,2016,8,8,3,3,9,6,0,0,0,1,0,0,1,0,706715.7974,5336245.7052,11.779116243,48.145841826,2,#fc8d62,car
79698,9,1,90,158,2016,8,15,5,2,9,1,0,0,0,0,0,1,0,0,652198703.0,5302893.55,11.034915465,47.861340653,4,#e78ac3,marker
79700,9,2,61,0,2016,8,16,2,2,2,6,0,0,0,1,0,0,0,0,731224.0974,5384845.7445,12.134828664,48.573995054,2,#fc8d62,car
79702,9,2,74,185,2016,8,17,2,2,5,3,0,0,0,1,0,1,0,0,732572.6165,5371123.0234,12.145435925,48.450227996,2,#fc8d62,car
79707,9,1,62,0,2016,8,19,3,3,9,6,1,0,0,1,0,1,0,0,692588.1137,5339046.1779,11.590658216,48.175445663,2,#fc8d62,car
79712,9,1,88,132,2016,8,16,1,3,0,7,0,0,1,0,0,0,0,0,665452.7702,5323962.0587,11.220095485,48.047481145,1,#66c2a5,bicycle
79714,9,7,61,0,2016,8,15,4,3,2,2,0,0,0,1,0,1,0,0,641227.7636,5360983.6688,10.907569113,48.386195363,2,#fc8d62,car
79731,9,1,78,145,2016,8,12,3,3,3,6,0,0,0,1,0,0,1,0,696204.2996,5356112.6945,11.647159505,48.327719884,2,#fc8d62,car
79737,9,1,62,0,2016,8,21,7,3,9,1,1,0,0,1,0,0,0,0,693357.3009,5339241.8869,11.601083161,48.176971064,2,#fc8d62,car
79738,9,1,81,130,2016,8,14,5,3,0,1,0,0,0,0,0,1,0,0,636865386.0,5323456.8651,10.836565254,48.04970904,4,#e78ac3,marker
79747,9,7,72,162,2016,8,19,3,3,4,2,0,0,1,1,0,0,0,0,636576.4578,5335437.0644,10.836525106,48.157501754,1,#66c2a5,bicycle
79748,9,1,87,130,2016,8,11,7,3,8,1,0,0,0,0,0,1,0,0,712276688.0,5312461355.0,11.841994701,47.930284532,4,#e78ac3,marker
79750,9,1,78,124,2016,8,11,3,2,0,1,0,0,0,0,0,1,0,0,701068.8613,5358982.9291,11.714085765,48.351984913,4,#e78ac3,marker
79755,9,1,77,117,2016,8,14,3,3,2,6,0,0,1,1,0,0,0,0,715981.7713,5352386.3121,11.911745387,48.287791264,1,#66c2a5,bicycle
79763,9,1,78,143,2016,8,7,5,3,5,6,0,0,0,1,0,1,0,1,716746833.0,5373148715.0,11.932751162,48.474076517,2,#fc8d62,car
79766,9,1,86,143,2016,8,9,4,3,5,3,0,0,0,1,0,0,0,0,687877002.0,5377488.5044,11.544504153,48.522368437,2,#fc8d62,car
79773,9,1,77,120,2016,8,19,3,2,8,1,0,0,0,1,0,1,0,0,719224.3626,5359464.4984,11.959078999,48.350272056,2,#fc8d62,car
79776,9,2,61,0,2016,8,0,5,3,0,1,2,0,1,0,0,0,0,0,731864.0914,5379838.5383,12.140704187,48.52878002,1,#66c2a5,bicycle
79782,9,1,62,0,2016,8,9,4,3,3,6,0,0,0,1,0,0,1,0,685441.2183,5340927.7695,11.495437293,48.19448379,2,#fc8d62,car
79788,9,1,88,145,2016,8,21,4,3,0,7,2,0,1,0,0,0,0,0,663764.6177,5328141.1998,11.199061408,48.085488861,1,#66c2a5,bicycle
79793,9,1,79,113,2016,8,13,7,3,4,6,0,0,1,0,1,0,0,0,671022.4235,5333874.5692,11.298739762,48.135124781,1,#66c2a5,bicycle
79794,9,7,77,177,2016,8,16,1,2,5,2,0,0,1,1,0,0,0,0,632269.2162,5317362.2518,10.773040375,47.995870319,1,#66c2a5,bicycle
79795,9,1,62,0,2016,8,13,2,3,1,5,0,0,0,1,0,0,1,0,701843.6919,5332198.2373,11.711775047,48.111032128,2,#fc8d62,car
79797,9,1,82,123,2016,8,13,1,3,5,3,0,0,0,1,0,0,0,0,717461.1869,5301466.8673,11.905779664,47.829752804,2,#fc8d62,car
79799,9,7,62,0,2016,8,7,4,3,5,3,0,0,0,1,0,0,0,1,622761457.0,5303671.1728,10.641743844,47.874634678,2,#fc8d62,car
79800,9,1,73,137,2016,8,18,4,2,2,6,0,0,0,1,0,1,0,1,676374.8142,5307012.4167,11.359570731,47.89218677,2,#fc8d62,car
79807,9,7,78,134,2016,8,19,3,2,4,6,0,0,0,1,0,1,0,0,616312.5887,5339339.7456,10.565222448,48.196630898,2,#fc8d62,car
79808,9,1,62,0,2016,8,16,2,3,0,7,0,0,1,0,0,0,0,0,685983704.0,5335255588.0,11.500249213,48.143341677,1,#66c2a5,bicycle
79812,9,1,88,120,2016,8,17,7,3,0,1,0,1,1,0,0,0,0,0,677322956.0,5326442.91,11.380263931,48.0665954,1,#66c2a5,bicycle
79813,9,7,72,163,2016,8,20,1,2,8,1,1,0,0,0,0,1,0,0,638412287.0,5346678.7117,10.864865357,48.258190766,4,#e78ac3,marker
79814,9,1,62,0,2016,8,10,3,3,2,6,0,0,0,1,0,0,0,0,689419.1537,5340740.5714,11.548829502,48.191627294,2,#fc8d62,car
79815,9,1,62,0,2016,8,13,2,3,5,3,0,0,0,1,0,0,0,0,697384.7046,5331336564.0,11.651537064,48.104685361,2,#fc8d62,car
79818,9,1,74,131,2016,8,15,7,3,0,1,0,0,0,0,0,1,0,0,676983.7084,5356844.2508,11.388392257,48.339969787,4,#e78ac3,marker