OBJECTID,ULAND,UREGBEZ,UKREIS,UGEMEINDE,UJAHR,UMONAT,USTUNDE,UWOCHENTAG,UKATEGORIE,UART,UTYP1,ULICHTVERH,STRZUSTAND,IstRad,IstPKW,IstFuss,IstKrad,IstGkfz,IstSonstig,LINREFX,LINREFY,XGCSWGS84,YGCSWGS84,Teilnehmer,color,symbol
79822,9,7,72,151,2016,8,23,4,3,9,1,2,0,0,1,0,0,0,0,622675.6281,5344548.6626,10.652321292,48.242277714,2,#fc8d62,car
79834,9,1,84,118,2016,8,14,7,3,2,6,0,0,0,1,0,0,0,0,703084.2729,5335766.9548,11.730123191,48.142709045,2,#fc8d62,car
79837,9,1,74,143,2016,8,15,5,3,9,6,0,0,0,1,0,0,0,0,677417.0015,5352925.3059,11.392585298,48.304621575,2,#fc8d62,car
79842,9,1,77,143,2016,8,17,1,3,0,7,0,0,1,0,0,0,0,0,720886.8947,5366003.7708,11.984924106,48.408444251,1,#66c2a5,bicycle
79850,9,2,74,113,2016,8,17,4,2,3,6,0,0,1,1,0,0,0,0,729317.7102,5383872.5856,12.10848618,48.565953483,1,#66c2a5,bicycle
79853,9,1,62,0,2016,8,2,7,2,8,1,2,0,0,1,0,0,0,0,701177.8139,5335649.4362,11.704468324,48.142258571,2,#fc8d62,car
79857,9,2,74,124,2016,8,15,1,1,8,1,0,0,0,1,0,0,0,0,724986.3412,5377593.9444,12.046470745,48.511117976,2,#fc8d62,car
79860,9,1,77,130,2016,8,10,5,3,2,6,0,0,0,1,0,0,0,0,704916.5076,5350682.4403,11.76192849,48.276158428,2,#fc8d62,car
79863,9,1,82,133,2016,8,9,2,3,3,6,0,0,0,0,0,1,0,1,703700.6199,5307957756.0,11.72518683,47.892592935,4,#e78ac3,marker
79866,9,1,79,142,2016,8,9,4,3,2,6,0,0,0,1,0,0,0,0,674461.8644,5344836.6393,11.349431492,48.23273295,2,#fc8d62,car
79875,9,1,62,0,2016,8,13,1,3,5,3,0,0,0,1,0,0,0,0,686186132.0,5335258844.0,11.502969261,48.143311736,2,#fc8d62,car
79876,9,1,79,142,2016,8,19,2,3,8,1,0,1,0,1,0,0,0,0,670375848.0,5341752222.0,11.293213172,48.206116061,2,#fc8d62,car
79877,9,7,62,0,2016,8,22,7,3,2,6,2,0,0,1,0,0,0,0,623206.3487,5306008.2489,10.648357948,47.895568291,2,#fc8d62,car
79881,9,1,86,152,2016,8,10,7,3,2,6,0,0,0,1,0,0,0,0,691199638.0,5380865.5967,11.591006014,48.551715822,2,#fc8d62,car
79889,9,1,87,177,2016,8,18,2,3,2,6,0,0,0,1,0,0,0,0,735121.9846,5305155.9378,12.143418913,47.856683203,2,#fc8d62,car
79893,9,7,72,125,2016,8,13,3,3,0,5,0,0,1,1,0,0,0,0,636256.2779,5348272.8858,10.836346105,48.272993137,1,#66c2a5,bicycle
79895,9,1,77,117,2016,8,22,3,3,9,1,2,0,0,1,0,0,0,0,716795.7695,5354019.54,11.923542816,48.302187595,2,#fc8d62,car
79897,9,1,86,146,2016,8,14,7,3,4,6,0,0,0,1,0,0,0,0,686233.7744,5369931.5836,11.518903574,48.454938642,2,#fc8d62,car
79907,9,1,84,135,2016,8,11,1,3,0,1,0,0,0,0,0,1,0,0,692702.1405,5349316.4307,11.596858148,48.267716062,4,#e78ac3,marker
79917,9,1,62,0,2016,8,14,7,3,2,6,0,0,0,1,0,0,0,0,682369.8315,5341963.2508,11.454590941,48.204680746,2,#fc8d62,car
79924,9,1,62,0,2016,8,16,1,3,5,3,0,0,0,1,0,0,0,0,693714.0963,5337032.5305,11.604871312,48.157005564,2,#fc8d62,car
79926,9,1,81,130,2016,8,21,2,3,2,6,2,1,0,1,0,1,0,0,638976.8249,5325262.2329,10.865469305,48.065487206,2,#fc8d62,car
79929,9,1,87,179,2016,8,22,3,3,9,1,2,0,0,1,0,0,0,0,722819.5677,5313067.6426,11.983264768,47.932154334,2,#fc8d62,car
79932,9,1,62,0,2016,8,16,1,3,2,6,0,0,0,1,0,0,0,0,692628.2327,5331177.8534,11.587638483,48.104714828,2,#fc8d62,car
79937,9,1,81,130,2016,8,11,6,3,2,6,0,0,0,1,0,0,0,1,638989.5381,5325332.6285,10.865662744,48.066117455,2,#fc8d62,car
79942,9,1,81,137,2016,8,5,7,3,8,1,1,0,0,1,0,0,0,0,649202.6405,5306740797.0,10.996212105,47.896637573,2,#fc8d62,car
79945,9,7,72,223,2016,8,17,2,3,8,1,0,1,0,1,0,0,0,0,619025.2074,5363094.3713,10.608410996,48.409757719,2,#fc8d62,car
79947,9,1,88,124,2016,8,18,7,3,2,2,0,0,0,1,0,1,0,0,661956.0365,5317430.2959,11.170742804,47.989652931,2,#fc8d62,car
79948,9,2,61,0,2016,8,4,6,3,0,1,2,0,1,0,0,0,0,0,732254.8564,5380660.6269,12.146446942,48.536020217,1,#66c2a5,bicycle
79949,9,1,75,132,2016,8,17,3,2,2,6,0,0,0,1,0,0,0,0,704974.7364,5336342.4099,11.755783936,48.147274196,2,#fc8d62,car
79953,9,1,62,0,2016,8,13,6,2,2,6,0,0,0,1,0,0,1,0,678359.4219,5334356.6887,11.397471704,48.137444607,2,#fc8d62,car
79956,9,1,74,113,2016,8,13,2,3,5,3,0,1,0,1,0,1,0,0,674665.9253,5347659.6153,11.353341616,48.258053099,2,#fc8d62,car
79959,9,1,62,0,2016,8,17,3,3,4,2,0,0,0,1,0,0,0,0,697394641.0,5331321684.0,11.651663512,48.104548551,2,#fc8d62,car
79962,9,1,88,132,2016,8,10,7,3,5,2,0,0,0,1,0,0,0,0,663725.3118,5321173.6536,11.195867721,48.022857384,2,#fc8d62,car
79964,9,1,74,122,2016,8,11,4,3,5,3,0,0,1,1,0,0,0,0,682933.9542,5351069.1443,11.466110398,48.286366504,1,#66c2a5,bicycle
79965,9,1,81,118,2016,8,11,6,3,0,7,0,0,0,0,0,1,0,0,650983.0929,5328918.3831,11.027819697,48.095632494,4,#e78ac3,marker
79967,9,7,73,139,2016,8,20,7,3,0,1,0,0,1,0,0,0,0,0,615053.2278,5385755.8486,10.561006814,48.614291212,1,#66c2a5,bicycle
79970,9,1,79,111,2016,8,18,7,3,4,1,0,0,0,1,0,0,0,0,655023059.0,5340343072.0,11.086203291,48.19738183,2,#fc8d62,car
79977,9,1,63,0,2016,8,17,4,3,5,3,0,0,1,1,0,0,0,0,733677.6485,5303530.9612,12.123261386,47.842611111,1,#66c2a5,bicycle
79978,9,1,84,149,2016,8,16,6,3,8,6,0,0,0,1,0,0,0,0,688542.8041,5349362.4772,11.540885253,48.269381564,2,#fc8d62,car
79981,9,1,74,131,2016,8,17,2,3,1,6,0,1,0,1,0,0,0,0,676256228.0,5359053854.0,11.379508778,48.360034979,2,#fc8d62,car
79982,9,7,61,0,2016,8,14,7,3,9,7,0,0,0,1,0,0,0,0,639709.6748,5352574.3753,10.884285253,48.31091908,2,#fc8d62,car
79988,9,1,73,123,2016,8,9,3,3,8,7,0,0,0,1,0,0,0,0,678426.2629,5302770.4781,11.385239268,47.853486501,2,#fc8d62,car
79994,9,1,87,179,2016,8,9,2,3,5,3,0,0,0,1,0,0,0,0,727359731.0,5314523559.0,12.044732387,47.94364088,2,#fc8d62,car
79995,9,2,74,111,2016,8,14,3,3,5,3,0,0,1,1,0,0,0,0,738209.1295,5381179.7029,12.227276818,48.538451163,1,#66c2a5,bicycle
80003,9,1,78,138,2016,8,14,6,3,1,2,0,0,1,1,0,0,0,0,710954.6732,5369451.2263,11.852617849,48.442822892,1,#66c2a5,bicycle
80006,9,1,74,118,2016,8,13,2,3,5,3,0,0,0,1,0,0,0,0,668683.0693,5354861184.0,11.275675621,48.324413529,2,#fc8d62,car
80007,9,7,72,216,2016,8,8,7,3,5,3,0,0,0,1,0,0,0,1,622867038.0,5367771.66,10.661675245,48.451082023,2,#fc8d62,car
80008,9,7,71,130,2016,8,23,3,3,8,1,2,0,0,1,0,0,0,0,648633.1755,5362709.1829,11.008142659,48.40000808,2,#fc8d62,car
80011,9,1,75,132,2016,8,19,7,3,5,3,1,0,0,1,0,0,0,0,707796701.0,5333560.6382,11.792320648,48.121360951,2,#fc8d62,car
80018,9,1,63,0,2016,8,16,2,3,5,3,0,0,0,1,0,1,0,0,734918.5425,5304972.1937,12.140603474,47.85510686,2,#fc8d62,car
80021,9,1,77,139,2016,8,14,6,2,2,6,0,0,0,1,0,1,0,0,731632.9583,5360569.4603,12.126925139,48.355770555,2,#fc8d62,car
80023,9,7,72,217,2016,8,20,7,3,8,7,1,0,0,1,0,0,0,0,636286.5381,5381446.5449,10.847535999,48.571279786,2,#fc8d62,car
80025,9,1,84,135,2016,8,11,5,3,0,7,0,0,0,0,0,1,0,0,692560.0599,5349028.8372,11.594814576,48.265174511,4,#e78ac3,marker
80027,9,7,71,130,2016,8,11,7,3,8,1,0,0,0,1,0,0,0,0,654704.4011,5349481.3886,11.085255674,48.279620837,2,#fc8d62,car
80028,9,7,61,0,2016,8,8,3,3,5,3,0,0,0,1,0,0,0,1,641358.65,5355556878.0,10.907512566,48.337370395,2,#fc8d62,car
80030,9,1,62,0,2016,8,18,2,3,6,4,0,0,0,0,1,0,0,1,696963.8002,5329445.3579,11.645016619,48.087818536,3,#8da0cb,toilet
80032,9,1,75,121,2016,8,10,7,3,8,1,0,0,0,0,0,1,0,0,712940.3025,5319955.4686,11.854578887,47.997407131,4,#e78ac3,marker
80040,9,1,79,118,2016,8,7,4,3,4,2,0,0,1,1,0,0,0,0,672938.7127,5337206.0655,11.325828637,48.164555509,1,#66c2a5,bicycle
80041,9,1,84,132,2016,8,13,5,2,6,4,0,0,1,0,1,0,0,0,681079.5909,5322984.0904,11.429180443,48.034448753,1,#66c2a5,bicycle
80045,9,1,77,115,2016,8,7,7,3,9,7,0,1,0,0,0,1,0,0,733307804.0,5352289458.0,12.144919799,48.280774036,4,#e78ac3,marker
80048,9,7,71,130,2016,8,17,2,3,0,7,0,0,1,0,0,0,0,0,647202.4574,5358271.81,10.987270621,48.360446586,1,#66c2a5,bicycle
80054,9,1,84,140,2016,8,13,5,3,4,2,0,0,0,1,0,0,0,0,700683.9194,5328867.4734,11.694645681,48.081464784,2,#fc8d62,car
80058,9,1,62,0,2016,8,15,6,3,2,6,0,0,0,1,0,0,0,0,684821.5945,5342180.8395,11.487652926,48.20592749,2,#fc8d62,car
80059,9,1,73,120,2016,8,18,6,2,5,3,0,0,0,1,0,0,0,0,687662.2427,5309895.1161,11.511684244,47.914897491,2,#fc8d62,car
80061,9,1,79,119,2016,8,18,3,3,2,6,0,0,0,1,0,0,0,0,670398677.0,5338955.9831,11.292398068,48.18097267,2,#fc8d62,car
80065,9,1,84,118,2016,8,14,5,3,2,6,0,0,0,1,0,1,0,0,704035.6897,5336219.4094,11.743115014,48.146470707,2,#fc8d62,car
80068,9,1,74,131,2016,8,6,2,3,4,6,1,1,0,1,0,0,0,0,673809541.0,5362864.2416,11.348082281,48.394964943,2,#fc8d62,car
80071,9,1,84,112,2016,8,14,4,3,2,6,0,0,0,1,0,0,0,0,700395.5763,5341194864.0,11.696577802,48.192341946,2,#fc8d62,car
80072,9,1,62,0,2016,8,17,5,2,4,3,0,0,1,1,0,0,0,0,689935.3514,5339549.6187,11.555235836,48.180768936,1,#66c2a5,bicycle
80077,9,1,82,133,2016,8,17,1,3,2,6,0,0,0,0,0,1,0,0,706373.0444,5306607.5877,11.760251679,47.8796054,4,#e78ac3,marker
80088,9,1,62,0,2016,8,13,5,3,5,3,0,0,1,1,0,0,0,0,692538355.0,5339191197.0,11.590055271,48.176764129,1,#66c2a5,bicycle
80091,9,1,74,115,2016,8,7,2,3,5,2,0,0,1,1,0,0,0,0,680438.6161,5348278.3287,11.431311614,48.261997045,1,#66c2a5,bicycle
80097,9,1,62,0,2016,8,8,2,2,2,6,0,0,0,1,0,0,1,0,688091.0541,5344409.5086,11.532603163,48.22499863,2,#fc8d62,car
80099,9,1,62,0,2016,8,19,3,3,5,2,1,0,1,1,0,0,0,0,688712.9616,5336285.1972,11.537359024,48.151792258,1,#66c2a5,bicycle
80103,9,1,84,114,2016,8,15,1,3,3,6,0,0,0,1,0,0,0,0,699017.8068,5320782.2681,11.668540813,48.009322577,2,#fc8d62,car
80112,9,1,84,120,2016,8,14,5,2,5,3,0,0,1,0,0,0,1,0,682128.3754,5331992.2018,11.447075351,48.115123235,1,#66c2a5,bicycle
80115,9,7,72,184,2016,8,14,3,3,2,6,0,0,0,1,0,0,0,0,633288.2646,5358972.7039,10.799748966,48.369840196,2,#fc8d62,car
80117,9,1,78,124,2016,8,11,3,3,5,3,0,0,0,1,0,0,0,0,704359.5541,5369182.7649,11.763414606,48.442585645,2,#fc8d62,car
80121,9,1,63,0,2016,8,8,3,2,3,6,0,0,1,0,0,0,1,0,733693.4586,5303559.6405,12.123487857,47.842863021,1,#66c2a5,bicycle
80123,9,1,86,152,2016,8,11,3,3,2,6,0,0,0,1,0,0,0,0,691447.8161,5373629.3021,11.59104457,48.486606456,2,#fc8d62,car
80125,9,7,77,130,2016,8,18,1,3,0,1,0,0,0,0,0,1,0,0,624008.64,5309038487.0,10.659958506,47.922666338,4,#e78ac3,marker
80128,9,1,87,179,2016,8,16,1,3,8,1,0,0,0,1,0,0,0,0,723193.9306,5311299.4185,11.987354201,47.916136493,2,#fc8d62,car
80137,9,2,61,0,2016,8,16,7,3,2,6,0,0,0,1,0,0,0,0,732526.7647,5382065.8597,12.150908963,48.548542355,2,#fc8d62,car
80141,9,1,62,0,2016,8,16,2,3,1,6,0,0,0,1,0,0,0,0,690125.0698,5339033.9419,11.557554824,48.176077328,2,#fc8d62,car
80144,9,1,83,139,2016,8,15,6,3,2,6,0,0,0,1,0,1,0,0,735749.4408,5337226717.0,12.169410445,48.14456065,2,#fc8d62,car
80150,9,7,72,147,2016,8,17,1,3,9,1,0,0,0,0,0,1,0,0,638471.7863,5364217.4767,10.871431541,48.415884008,4,#e78ac3,marker
80152,9,1,62,0,2016,8,12,2,3,3,6,0,1,0,1,0,0,0,1,687813684.0,5344340397.0,11.528841598,48.224459625,2,#fc8d62,car
80154,9,1,88,120,2016,8,8,4,3,5,3,0,0,1,1,0,0,0,0,676074277.0,5326748321.0,11.363643118,48.06968675,1,#66c2a5,bicycle
80156,9,2,61,0,2016,8,14,7,3,4,2,0,0,0,1,0,0,0,0,730193404.0,5380891024.0,12.118690181,48.538849313,2,#fc8d62,car
80172,9,7,78,204,2016,8,18,6,3,9,1,0,0,0,0,0,1,0,0,615473.8052,5326604.0023,10.550485536,48.082243031,4,#e78ac3,marker
80174,9,1,74,126,2016,8,15,3,2,5,3,0,0,0,1,0,0,0,0,683682.2957,5347006.0588,11.474424245,48.249629336,2,#fc8d62,car
80180,9,7,72,215,2016,8,17,1,2,0,1,0,0,1,0,0,0,0,0,632696698.0,5346227954.0,10.787756126,48.25536023,1,#66c2a5,bicycle
80181,9,1,78,145,2016,8,12,2,3,2,6,0,0,0,0,0,0,1,1,693831.5942,5355903.2999,11.615085906,48.326569975,5,#a6d854,bus
80184,9,1,75,124,2016,8,21,4,3,5,3,2,0,0,1,0,0,0,0,714840.2293,5328723.2931,11.884412937,48.075557039,2,#fc8d62,car
80203,9,1,73,137,2016,8,21,7,3,4,2,2,0,0,1,0,0,0,0,679028333.0,5308235938.0,11.395545681,47.902450889,2,#fc8d62,car
80204,9,7,61,0,2016,8,18,1,3,1,5,0,0,1,1,0,0,0,0,644002.18,5357577.4962,10.943854607,48.354941768,1,#66c2a5,bicycle
80205,9,1,78,123,2016,8,19,2,2,0,1,0,1,0,0,0,1,0,0,692238.1057,5360853.3157,11.595870296,48.37154433,4,#e78ac3,marker
80210,9,1,81,130,2016,8,16,1,3,2,6,0,0,0,1,0,0,0,0,641834.8006,5324385.3147,10.903519016,48.056972774,2,#fc8d62,car
80212,9,1,88,139,2016,8,13,1,3,5,3,0,0,1,1,0,0,0,0,679415.6961,5320417.2685,11.405805281,48.011844687,1,#66c2a5,bicycle
80216,9,7,71,112,2016,8,13,1,3,2,6,0,0,0,1,0,0,0,0,642792.0218,5367879.0405,10.931032636,48.447842393,2,#fc8d62,car
80223,9,7,72,215,2016,8,13,3,3,3,1,0,0,1,0,0,0,0,0,633432.2427,5344834.4007,10.797221425,48.242674431,1,#66c2a5,bicycle
80230,9,1,75,133,2016,8,14,2,3,5,3,0,0,0,1,0,0,0,0,710534.4621,5342161.1148,11.833319548,48.197745017,2,#fc8d62,car
80232,9,7,62,0,2016,8,19,3,3,2,6,1,0,0,1,0,0,0,1,622079.0481,5301909.3716,10.63212387,47.858919599,2,#fc8d62,car
80234,9,1,81,128,2016,8,20,1,3,2,6,1,0,0,1,0,0,0,0,638388533.0,5327691267.0,10.858363727,48.087457788,2,#fc8d62,car
80235,9,7,72,145,2016,8,22,6,3,5,3,2,0,0,1,0,0,0,0,633436.6266,5369317.2328,10.805042082,48.462827582,2,#fc8d62,car
80236,9,1,79,130,2016,8,10,1,3,0,1,0,0,1,0,0,0,0,0,658856.6087,5337692.5231,11.13676483,48.172604236,1,#66c2a5,bicycle
80253,9,1,74,131,2016,8,14,1,3,5,6,0,0,0,1,0,1,0,0,676095.0103,5359932.7211,11.377702121,48.367979976,2,#fc8d62,car
80257,9,1,84,114,2016,8,8,2,3,5,3,0,0,0,0,0,0,1,1,700960.9744,5322853.8814,11.695537201,48.027332633,5,#a6d854,bus
80260,9,1,84,129,2016,8,12,1,3,2,6,0,0,0,1,0,0,0,0,699949.4351,5324523.9239,11.682764205,48.04265915,2,#fc8d62,car
80277,9,7,72,185,2016,8,20,2,3,5,3,2,0,0,1,0,1,0,0,634727242.0,5384748516.0,10.82747956,48.601307232,2,#fc8d62,car
80287,9,1,75,139,2016,8,14,2,2,2,6,0,0,0,1,0,0,0,0,709150.8758,5329445.5207,11.808478423,48.083938336,2,#fc8d62,car
80289,9,1,84,123,2016,8,16,3,3,5,3,0,0,0,1,0,0,0,1,704148621.0,5332906026.0,11.743044019,48.116658255,2,#fc8d62,car
80294,9,1,75,139,2016,8,16,2,3,1,6,0,0,0,1,0,0,0,1,709380.8469,5328771.0399,11.811232112,48.077801826,2,#fc8d62,car
80295,9,1,73,118,2016,8,11,2,3,5,3,0,0,0,1,0,0,0,0,693592.3594,5309662.7499,11.590866327,47.91104632,2,#fc8d62,car
80296,9,1,74,115,2016,8,13,4,3,5,5,0,0,0,1,0,1,0,0,681087046.0,5348695.76,11.440219335,48.265564171,2,#fc8d62,car
80297,9,7,62,0,2016,8,10,5,3,8,1,0,0,1,0,0,0,0,0,620733.1085,5304143.0943,10.614760974,47.879263638,1,#66c2a5,bicycle
80306,9,1,82,120,2016,8,17,6,3,0,7,0,0,0,1,0,1,0,1,699901189.0,5302299.0785,11.67179734,47.842929665,2,#fc8d62,car
80313,9,1,75,135,2016,8,9,2,3,5,2,0,1,1,1,0,0,0,0,708980.8649,5339468.0599,11.811113149,48.174058246,1,#66c2a5,bicycle
80318,9,1,78,123,2016,8,11,1,3,2,1,0,0,0,0,0,1,0,0,688103.2324,5361821.0509,11.54052608,48.381487924,4,#e78ac3,marker
80319,9,1,75,123,2016,8,12,1,3,5,3,0,0,0,1,0,0,0,0,724810095.0,5336761287.0,12.022313801,48.144338379,2,#fc8d62,car
80320,9,1,73,118,2016,8,1,3,2,8,1,2,1,0,1,0,0,0,1,688571.8344,5302630.6956,11.520674378,47.849333386,2,#fc8d62,car
80325,9,1,84,121,2016,8,20,7,3,0,1,1,0,1,0,0,0,0,0,705984.5496,5325517.1012,11.764120317,48.049666062,1,#66c2a5,bicycle
80334,9,7,77,141,2016,8,17,5,3,4,1,0,0,0,1,0,0,0,0,630044.0817,5308600.5309,10.740578056,47.917531786,2,#fc8d62,car
80337,9,1,74,136,2016,8,9,2,2,8,1,0,0,0,1,0,0,0,0,685757.5234,5362405.1475,11.509134869,48.387432715,2,#fc8d62,car
80339,9,7,72,200,2016,8,13,3,3,5,3,0,0,0,1,0,0,0,0,631513.2144,5337161.3345,10.769007954,48.174074948,2,#fc8d62,car
80341,9,1,78,155,2016,8,16,3,3,3,6,0,0,0,1,0,0,0,0,717437.5022,5375791.9665,11.943458763,48.497586545,2,#fc8d62,car
80344,9,1,63,0,2016,8,19,3,3,0,6,0,0,0,0,0,1,0,0,734560.3241,5304277.1069,12.135445086,47.848993073,4,#e78ac3,marker
80347,9,1,84,147,2016,8,12,3,3,2,6,0,0,0,1,0,0,0,0,700172.7701,5341251293.0,11.693609699,48.192919327,2,#fc8d62,car
80354,9,1,82,137,2016,8,7,7,3,2,6,0,0,0,1,0,0,0,0,714154.1752,5303835.1834,11.862819456,47.852144426,2,#fc8d62,car
80359,9,7,71,122,2016,8,10,5,3,0,7,0,0,0,1,0,0,1,0,652614.2308,5362280.0546,11.061737896,48.395198837,2,#fc8d62,car
80364,9,1,62,0,2016,8,15,2,3,3,6,0,0,0,1,0,0,1,0,692661.9943,5330158.0894,11.587631219,48.095539141,2,#fc8d62,car
80368,9,7,78,209,2016,8,12,7,2,5,3,0,0,0,1,0,0,0,0,617343.1726,5325600.6049,10.575300503,48.07287745,2,#fc8d62,car
80371,9,1,88,113,2016,8,21,4,2,8,6,2,0,0,1,0,0,0,0,679487.3404,5311266.0193,11.402943585,47.929561259,2,#fc8d62,car
80373,9,1,86,152,2016,8,18,6,3,2,6,0,0,0,1,0,0,0,0,691015.9969,5381823.4514,11.588959575,48.560380131,2,#fc8d62,car
80374,9,1,90,115,2016,8,16,2,2,4,1,0,1,0,1,0,0,0,0,670260793.0,5301791.2846,11.275787384,47.846898497,2,#fc8d62,car
80375,9,1,81,133,2016,8,17,4,3,5,3,0,0,0,1,0,1,0,0,643601571.0,5312708193.0,10.923307645,47.951575807,2,#fc8d62,car
80376,9,7,61,0,2016,8,9,5,3,5,3,0,0,1,1,0,0,0,0,642024614.0,5359586.6527,10.917853872,48.373455119,1,#66c2a5,bicycle
80382,9,7,71,113,2016,8,7,2,2,5,3,0,0,1,0,0,0,1,0,657009.4627,5370664.4222,11.124214401,48.469498031,1,#66c2a5,bicycle
80392,9,1,81,114,2016,8,16,3,3,9,7,0,0,0,1,0,0,0,0,657043.9513,5312848.3605,11.103277261,47.949681013,2,#fc8d62,car
80396,9,7,71,156,2016,8,18,5,3,8,1,0,0,0,1,0,0,0,0,655889.3883,5379519.2457,11.112379014,48.549383933,2,#fc8d62,car
80399,9,1,77,112,2016,8,11,2,3,8,1,0,1,0,0,0,0,1,0,716986.7661,5361405.7775,11.929918193,48.368486728,5,#a6d854,bus
80402,9,1,77,130,2016,8,16,4,3,1,6,0,0,0,1,0,0,0,0,707459.5977,5350921.1382,11.796280046,48.277475437,2,#fc8d62,car
80407,9,7,77,130,2016,8,15,7,2,1,6,0,0,0,1,0,1,0,0,623675.0006,5307238.7406,10.654978041,47.906544663,2,#fc8d62,car
80419,9,7,61,0,2016,9,13,6,3,0,7,0,0,0,0,0,1,0,1,642149778.0,5362243.8839,10.92044205,48.397319494,4,#e78ac3,marker
80422,9,1,84,114,2016,9,11,7,3,2,6,0,0,0,1,0,0,0,0,700090.2484,5318436146.0,11.681810654,47.987902437,2,#fc8d62,car
80425,9,1,73,137,2016,9,8,5,3,8,1,0,1,0,1,0,0,1,0,679154.9552,5307744.4018,11.397034356,47.897996898,2,#fc8d62,car
80426,9,1,81,113,2016,9,15,6,3,0,7,0,0,0,0,0,1,0,0,637148.0485,5305529.8755,10.834635803,47.888438054,4,#e78ac3,marker
80429,9,1,73,123,2016,9,5,3,3,9,7,2,0,0,1,0,0,0,0,678256.0402,5302510.5898,11.382858638,47.851197439,2,#fc8d62,car
80436,9,7,72,209,2016,9,17,1,3,9,1,0,0,0,1,0,0,0,0,636644.3907,5335862.3648,10.837574724,48.161311588,2,#fc8d62,car
80438,9,7,61,0,2016,9,14,6,3,5,3,0,0,1,0,0,1,0,0,644368667.0,5357611125.0,10.9488103,48.355160457,1,#66c2a5,bicycle
80440,9,1,79,123,2016,9,18,4,3,5,2,0,0,1,1,0,0,0,0,677910.6843,5334241.3445,11.391397142,48.136533383,1,#66c2a5,bicycle
80443,9,7,72,179,2016,9,19,2,3,6,3,0,0,0,1,1,0,0,0,618577.8,5337159284.0,10.595084576,48.176602129,2,#fc8d62,car
80444,9,1,88,144,2016,9,23,6,2,9,1,2,0,0,1,0,0,0,0,668945.3147,5325348.6628,11.267469374,48.059031971,2,#fc8d62,car
80449,9,1,88,144,2016,9,16,6,3,5,3,0,0,1,1,0,0,0,0,669491767.0,5328266177.0,11.27595438,48.085115416,1,#66c2a5,bicycle
80458,9,1,63,0,2016,9,10,2,3,0,1,0,1,0,0,0,1,0,0,732599.4515,5306875.4415,12.11067108,47.873049319,4,#e78ac3,marker
80460,9,7,61,0,2016,9,13,6,3,3,2,0,0,1,1,0,0,0,0,641433.8665,5354479.2384,10.90816526,48.327663785,1,#66c2a5,bicycle
80461,9,1,87,130,2016,9,8,7,2,5,3,0,0,1,1,0,0,0,0,712128.6069,5309797.4137,11.838703805,47.906394696,1,#66c2a5,bicycle
80462,9,1,84,118,2016,9,16,3,3,5,3,0,0,1,1,0,0,0,0,704530.6454,5336145886.0,11.749726083,48.14565105,1,#66c2a5,bicycle
80466,9,1,88,121,2016,9,12,6,3,1,6,0,0,0,1,0,0,0,0,671786006.0,5330472.4438,11.307623733,48.104335065,2,#fc8d62,car
80470,9,1,79,119,2016,9,16,3,2,4,6,0,0,0,1,0,0,0,0,668501.6853,5339880.5885,11.267265163,48.189790664,2,#fc8d62,car
80477,9,1,75,115,2016,9,18,2,2,5,2,0,0,0,1,0,0,0,0,723125862.0,5329904856.0,11.996116833,48.083328404,2,#fc8d62,car
80479,9,1,87,170,2016,9,0,3,3,2,2,2,1,0,1,0,0,0,0,732974382.0,5318621637.0,12.122027734,47.97844079,2,#fc8d62,car
80485,9,1,74,135,2016,9,6,2,2,2,7,0,1,0,1,0,0,1,0,663819767.0,5352727.8377,11.209288505,48.306513759,2,#fc8d62,car
80489,9,1,87,117,2016,9,11,7,3,2,6,0,0,0,1,0,0,0,0,723527.2109,5306401.4051,11.989272436,47.87201136,2,#fc8d62,car
80496,9,1,79,125,2016,9,18,5,3,2,2,0,0,0,1,0,1,0,0,661326.5096,5332608.1532,11.168035605,48.126271044,2,#fc8d62,car
80498,9,1,74,115,2016,9,10,6,3,0,3,0,0,1,1,0,0,0,0,681668.5977,5346613.9882,11.447154882,48.246685524,1,#66c2a5,bicycle
80501,9,1,62,0,2016,9,17,2,3,8,6,0,0,0,1,0,0,0,0,691109.8771,5330755.5977,11.567074124,48.101376881,2,#fc8d62,car
80511,9,1,84,141,2016,9,16,4,3,2,6,0,0,0,1,0,0,0,0,700356.8424,5317154.7319,11.684782094,47.976302511,2,#fc8d62,car
80514,9,1,62,0,2016,9,16,6,3,2,6,0,0,0,1,0,0,0,0,686401.1368,5343612.4325,11.509521152,48.218333135,2,#fc8d62,car
80521,9,7,61,0,2016,9,16,3,3,2,6,0,0,0,1,0,0,1,0,643069.3672,5363410.4231,10.933255944,48.407600361,2,#fc8d62,car
80523,9,1,86,152,2016,9,15,6,3,2,6,0,0,0,1,0,0,0,0,691073912.0,5375917.0869,11.58703617,48.507281058,2,#fc8d62,car
80526,9,1,75,113,2016,9,22,5,3,9,7,2,0,0,0,0,1,0,0,716726.1401,5318687.6901,11.904623228,47.984743615,4,#e78ac3,marker
80528,9,1,78,123,2016,9,11,6,3,1,6,0,0,0,1,0,0,0,0,692368.6821,5359374.7495,11.596955543,48.358216142,2,#fc8d62,car
80531,9,2,74,128,2016,9,5,2,3,8,1,1,0,0,1,0,0,0,0,735283.8827,5386277.3531,12.190591197,48.585343531,2,#fc8d62,car
80532,9,7,62,0,2016,8,21,4,3,1,6,2,0,0,1,0,0,0,0,621541.2406,5304382.4132,10.625632311,47.881263528,2,#fc8d62,car