OBJECTID,ULAND,UREGBEZ,UKREIS,UGEMEINDE,UJAHR,UMONAT,USTUNDE,UWOCHENTAG,UKATEGORIE,UART,UTYP1,ULICHTVERH,STRZUSTAND,IstRad,IstPKW,IstFuss,IstKrad,IstGkfz,IstSonstig,LINREFX,LINREFY,XGCSWGS84,YGCSWGS84,Teilnehmer,color,symbol
80541,9,1,83,126,2016,9,11,5,2,5,3,0,0,1,0,0,0,1,0,729932255.0,5338021.96,12.091753414,48.153833766,1,#66c2a5,bicycle
80542,9,1,75,132,2016,9,15,6,2,0,7,0,0,1,0,0,0,0,0,706296.5423,5331190.0027,11.771039984,48.100545095,1,#66c2a5,bicycle
80552,9,7,72,141,2016,9,12,1,2,2,6,0,0,0,1,0,0,0,0,622509.7151,5349951.7633,10.651652854,48.290900038,2,#fc8d62,car
80553,9,2,61,0,2016,9,17,3,3,2,6,0,0,0,1,0,0,0,0,731608.7462,5382196.6299,12.138561335,48.550056616,2,#fc8d62,car
80556,9,1,84,135,2016,8,5,4,3,0,1,1,0,0,0,0,1,0,0,693147.5337,5347250.1194,11.601910683,48.249009465,4,#e78ac3,marker
80561,9,7,72,145,2016,9,16,1,3,8,1,0,0,0,0,0,1,0,0,633619.9293,5369269.8899,10.807505275,48.462362967,4,#e78ac3,marker
80566,9,1,81,132,2016,9,12,7,2,4,1,0,0,0,1,0,0,0,0,641034.3129,5326634.6153,10.893524043,48.077376292,2,#fc8d62,car
80569,9,1,82,137,2016,9,13,5,3,2,6,0,0,0,1,0,0,0,0,710261.2745,5305138.8386,11.811478219,47.865145073,2,#fc8d62,car
80574,9,1,79,113,2016,9,18,1,3,3,6,0,0,1,0,0,0,0,0,670754.3173,5333281.3123,11.294901328,48.129863544,1,#66c2a5,bicycle
80578,9,7,73,179,2016,9,11,1,2,8,1,0,0,0,1,0,0,0,0,619376.3265,5374374.0768,10.616371889,48.511128414,2,#fc8d62,car
80579,9,1,87,150,2016,9,10,2,2,4,1,0,1,0,1,0,0,0,0,725710.34,5303993967.0,12.017169655,47.849617345,2,#fc8d62,car
80583,9,1,74,115,2016,9,15,7,3,6,1,0,0,1,0,1,0,0,0,680935414.0,5348571.4441,11.438124779,48.264490069,1,#66c2a5,bicycle
80587,9,1,78,123,2016,9,14,7,3,5,1,0,0,1,1,0,0,0,0,690566419.0,5357528.31,11.571815069,48.34216762,1,#66c2a5,bicycle
80588,9,1,84,119,2016,9,23,4,1,7,7,2,0,0,1,1,0,0,0,695943.1674,5346409.0992,11.639140611,48.240593028,2,#fc8d62,car
80591,9,7,61,0,2016,9,13,2,3,3,6,0,0,0,1,0,0,0,0,640552.4102,5360228.1523,10.898199608,48.379552878,2,#fc8d62,car
80592,9,1,77,117,2016,9,19,6,3,0,2,0,0,0,1,0,1,0,0,715206.7846,5351758.6316,11.900991719,48.282415355,2,#fc8d62,car
80596,9,1,78,145,2016,9,15,1,3,2,6,0,0,0,1,0,0,0,0,693260.2784,5357287.5509,11.608021079,48.339185615,2,#fc8d62,car
80597,9,7,77,130,2016,8,17,4,3,8,1,0,0,0,1,0,0,0,0,625706.1994,5313488.4705,10.683971318,47.962356135,2,#fc8d62,car
80600,9,1,81,114,2016,9,10,2,2,4,1,0,0,0,1,0,0,0,0,650529.1329,5315692.4996,11.017077723,47.976818899,2,#fc8d62,car
80604,9,1,78,143,2016,9,7,7,3,0,1,0,0,0,1,0,0,0,0,722176805.0,5374391596.0,12.006779254,48.483348075,2,#fc8d62,car
80610,9,1,86,152,2016,9,16,5,3,2,6,0,0,0,0,0,1,0,1,691509.5144,5373744.9778,11.591931714,48.487627265,4,#e78ac3,marker
80612,9,1,62,0,2016,9,19,5,3,4,2,1,1,0,1,0,0,0,1,688697.7051,5337857.8605,11.537851621,48.165932046,2,#fc8d62,car
80614,9,1,62,0,2016,9,12,7,2,0,1,0,0,1,0,0,0,0,0,689452963.0,5340666.1114,11.549250758,48.190947966,1,#66c2a5,bicycle
80616,9,7,61,0,2016,8,12,4,3,2,6,0,0,0,1,0,0,0,0,641521.6835,5353565.1547,10.909042519,48.319424983,2,#fc8d62,car
80620,9,1,62,0,2016,9,13,5,3,2,6,0,0,0,1,0,0,0,0,683562.3223,5342561.2022,11.470884402,48.209711748,2,#fc8d62,car
80622,9,1,62,0,2016,9,18,5,3,0,7,0,1,1,0,0,0,0,0,688714.7935,5336873.8234,11.537644663,48.157082352,1,#66c2a5,bicycle
80626,9,1,77,126,2016,9,6,3,3,5,3,0,0,0,1,0,0,0,0,720907.5576,5369488.9918,11.987038795,48.439749243,2,#fc8d62,car
80627,9,1,62,0,2016,9,10,7,2,5,7,0,0,0,1,0,1,0,0,694862.5897,5331945.1492,11.617971492,48.110931508,2,#fc8d62,car
80634,9,1,77,116,2016,9,12,7,3,4,6,0,0,0,1,0,0,0,0,711474.3856,5364471.0244,11.857125636,48.397899857,2,#fc8d62,car
80639,9,1,75,137,2016,9,8,7,2,2,6,0,0,0,1,0,0,0,1,726358.4692,5330126367.0,12.039578529,48.084179194,2,#fc8d62,car
80642,9,1,62,0,2016,9,15,5,2,3,2,0,0,1,0,0,0,0,0,688748.9642,5340162.8961,11.539563916,48.18663464,1,#66c2a5,bicycle
80647,9,1,84,147,2016,8,23,4,3,8,1,2,0,0,1,0,0,0,0,697407.7848,5339783.1288,11.655762414,48.180590031,2,#fc8d62,car
80649,9,1,62,0,2016,9,10,5,2,6,7,0,0,0,1,1,0,0,0,688341.4456,5340196.0602,11.534101144,48.187053673,2,#fc8d62,car
80651,9,1,62,0,2016,9,9,7,3,4,2,0,0,1,1,0,0,0,0,692190.2887,5342916.2284,11.58706389,48.21034898,1,#66c2a5,bicycle
80660,9,1,75,121,2016,9,14,7,2,5,3,0,0,0,1,0,1,0,0,712229.7371,5318858.9152,11.844523521,47.987789599,2,#fc8d62,car
80666,9,1,75,121,2016,9,13,7,3,2,2,0,0,0,1,0,0,0,0,713699.2971,5318991.1647,11.864260502,47.988488782,2,#fc8d62,car
80667,9,1,63,0,2016,9,12,4,3,5,3,0,0,0,1,0,1,0,0,733660.22,5303492.7218,12.12300816,47.842273899,2,#fc8d62,car
80670,9,1,62,0,2016,9,6,5,3,1,1,1,1,0,1,0,0,0,1,687879.4344,5329439.1567,11.523146005,48.090505086,2,#fc8d62,car
80674,9,1,62,0,2016,9,16,7,3,8,1,0,0,0,0,0,1,0,0,687969.6096,5340405.5508,11.529195923,48.189046733,4,#e78ac3,marker
80676,9,1,84,148,2016,8,18,4,3,2,6,0,0,0,1,0,0,0,0,696884.8821,5326545.0264,11.642621974,48.061776232,2,#fc8d62,car
80684,9,1,75,123,2016,9,2,7,3,8,1,2,0,0,1,0,0,0,0,722244.1638,5337506.6725,11.988255845,48.151936888,2,#fc8d62,car
80685,9,1,79,126,2016,9,13,4,3,4,6,0,0,1,1,0,0,0,0,677001.6811,5339844.1275,11.381521119,48.187151179,1,#66c2a5,bicycle
80687,9,1,82,120,2016,9,9,5,3,2,6,0,1,0,1,0,0,1,0,701728.9312,5305844.1468,11.697851963,47.874219857,2,#fc8d62,car
80689,9,1,84,141,2016,9,15,5,3,2,6,0,0,0,1,0,0,0,1,698018515.0,5315261.88,11.652611599,47.960018165,2,#fc8d62,car
80690,9,1,73,130,2016,9,18,6,3,0,7,0,0,0,0,0,1,0,1,679697.2229,5310604.1302,11.405474831,47.92355249,4,#e78ac3,marker
80707,9,1,82,137,2016,9,2,2,3,8,1,2,1,0,1,0,0,0,0,710357.2552,5305176.2531,11.812778217,47.865449881,2,#fc8d62,car
80710,9,1,62,0,2016,9,20,6,2,4,2,2,0,0,1,0,1,0,0,694090.6406,5331698.9882,11.607499545,48.108954785,2,#fc8d62,car
80711,9,1,62,0,2016,9,14,3,2,0,7,0,0,0,0,0,0,0,1,692046.3844,5341317319.0,11.584405363,48.196022014,6,#ffd92f,circle
80715,9,7,78,134,2016,9,14,5,3,5,3,0,0,0,1,0,1,0,0,616546449.0,5338469484.0,10.56812941,48.188761307,2,#fc8d62,car
80719,9,1,79,145,2016,9,17,3,3,5,3,0,0,1,1,0,0,0,0,676228.7744,5339171.1245,11.370851911,48.181316326,1,#66c2a5,bicycle
80720,9,7,72,197,2016,9,7,7,3,9,1,0,0,0,1,0,0,0,0,622471.0173,5341145.7038,10.648583168,48.211714131,2,#fc8d62,car
80726,9,1,77,133,2016,9,10,2,3,0,1,0,0,0,0,0,1,0,0,710394.3597,5361982.6845,11.841306781,48.375902125,4,#e78ac3,marker
80730,9,1,62,0,2016,9,21,6,3,5,2,2,0,1,1,0,0,0,0,692104.5515,5340017.3027,11.584599302,48.184320237,1,#66c2a5,bicycle
80731,9,7,71,130,2016,9,15,3,3,3,6,0,0,0,1,0,0,0,0,645005.0703,5362981.7339,10.95924864,48.403303553,2,#fc8d62,car
80734,9,1,85,158,2016,9,9,2,2,5,3,0,0,1,1,0,0,0,0,667604.0776,5380258853.0,11.271291189,48.553011636,1,#66c2a5,bicycle
80744,9,1,88,121,2016,9,13,5,3,2,6,0,0,0,1,0,1,0,0,670679.5099,5331608536.0,11.293226986,48.114845721,2,#fc8d62,car
80749,9,1,62,0,2016,9,13,2,3,5,2,0,0,0,1,0,0,0,0,699725307.0,5332953.4709,11.683700715,48.118487274,2,#fc8d62,car
80750,9,7,72,145,2016,9,16,7,2,4,1,0,0,0,1,0,1,0,0,636127.1113,5368143.4874,10.841036025,48.451697039,2,#fc8d62,car
80761,9,2,61,0,2016,9,18,5,3,2,6,0,0,0,1,0,0,0,0,732384.4273,5380365912.0,12.148035237,48.533324906,2,#fc8d62,car
80766,9,7,71,112,2016,9,23,7,2,9,1,2,0,0,0,0,1,0,0,646017.4766,5368038.9215,10.974680817,48.448539916,4,#e78ac3,marker
80768,9,1,84,148,2016,8,17,4,2,5,3,0,0,0,1,0,1,0,0,696281.1586,5326345.2164,11.634435895,48.060166432,2,#fc8d62,car
80773,9,1,75,127,2016,9,9,5,3,5,7,0,0,0,1,0,0,1,0,713230528.0,5341260508.0,11.869103413,48.188753036,2,#fc8d62,car
80789,9,7,72,207,2016,9,20,5,3,9,1,2,0,0,1,0,0,0,0,640555528.0,5383507.0976,10.906071377,48.588863939,2,#fc8d62,car
80804,9,1,74,115,2016,9,15,4,3,2,6,0,0,0,1,0,0,0,0,683374.98,5348791647.0,11.471062122,48.265767911,2,#fc8d62,car
80806,9,2,61,0,2016,9,21,2,3,5,7,2,0,1,0,0,0,0,0,733725268.0,5381378032.0,12.166737913,48.541918549,1,#66c2a5,bicycle
80829,9,1,62,0,2016,9,7,3,3,5,7,0,0,1,1,0,0,0,0,687101986.0,5335117.4241,11.515207012,48.141771937,1,#66c2a5,bicycle
80837,9,1,78,120,2016,9,5,3,3,3,6,2,0,0,1,0,0,1,0,694786.5457,5353692.8891,11.626934888,48.306411013,2,#fc8d62,car
80841,9,7,71,130,2016,9,8,2,2,4,6,0,0,0,1,0,0,1,0,645041.1992,5358571.4543,10.958214242,48.363641009,2,#fc8d62,car
80843,9,1,87,170,2016,9,8,6,3,2,6,0,0,0,1,0,0,0,0,735370.9042,5320941.9632,12.155364358,47.998408693,2,#fc8d62,car
80844,9,1,73,137,2016,9,12,7,3,5,3,0,0,1,0,0,0,0,1,674518.3531,5308545.7489,11.33537633,47.906478721,1,#66c2a5,bicycle
80852,9,1,79,121,2016,9,11,2,3,2,7,0,0,0,1,0,1,0,0,668093153.0,5338421737.0,11.261195436,48.17678401,2,#fc8d62,car
80853,9,2,74,146,2016,9,18,4,2,5,6,0,0,1,1,0,0,0,0,734137.9808,5377024.2656,12.16987713,48.502656673,1,#66c2a5,bicycle
80859,9,1,87,142,2016,9,15,6,3,5,2,0,0,0,1,0,0,0,0,733454.9544,5315961.1118,12.127013359,47.95436399,2,#fc8d62,car
80862,9,1,79,136,2016,9,16,5,3,2,6,0,0,0,1,0,0,0,0,661050.9002,5341613.6426,11.167745226,48.207304577,2,#fc8d62,car
80864,9,7,72,162,2016,9,17,5,3,1,1,0,0,0,1,0,0,0,0,637331.4031,5335190.6859,10.846591769,48.155123641,2,#fc8d62,car
80865,9,1,87,177,2016,9,13,6,3,4,2,0,0,0,1,0,1,0,0,738363.5459,5304924.4016,12.186559949,47.853409216,2,#fc8d62,car
80876,9,1,63,0,2016,9,18,4,2,5,3,0,0,1,1,0,0,0,0,733010369.0,5308028858.0,12.116780133,47.883262748,1,#66c2a5,bicycle
80887,9,7,72,202,2016,9,6,3,3,5,3,1,0,1,1,0,0,0,0,636378.6698,5357775.2476,10.841067343,48.358412486,1,#66c2a5,bicycle
80888,9,2,74,111,2016,9,10,5,2,8,1,0,0,0,0,0,1,0,0,738237.0933,5381214.1964,12.227674765,48.538750371,4,#e78ac3,marker
80889,9,7,71,130,2016,9,16,5,3,3,6,0,0,1,0,0,0,0,0,645790.4983,5357790.6898,10.968053871,48.356448314,1,#66c2a5,bicycle
80890,9,1,87,122,2016,9,16,6,3,1,6,0,0,0,1,0,0,0,0,717908852.0,5308220.5779,11.915156596,47.890288554,2,#fc8d62,car
80892,9,1,75,123,2016,9,12,5,3,2,6,0,0,0,1,0,0,0,1,724168.2514,5337104.2884,12.01387793,48.147646528,2,#fc8d62,car
80894,9,7,61,0,2016,9,15,5,3,5,3,0,0,0,1,0,1,0,0,636952.3644,5359694.9031,10.849432934,48.375549694,2,#fc8d62,car
80908,9,7,61,0,2016,9,3,5,3,0,7,2,1,1,0,0,0,0,0,641205.51,5360761422.0,10.907194016,48.384201992,1,#66c2a5,bicycle
80915,9,7,61,0,2016,9,17,5,2,2,6,0,0,0,1,0,0,0,0,642281.1226,5359424.4088,10.921260754,48.371938515,2,#fc8d62,car
80916,9,1,87,117,2016,9,14,6,3,1,6,0,0,0,1,0,0,0,0,723757.2543,5307574.5192,11.992952046,47.882471807,2,#fc8d62,car
80921,9,1,62,0,2016,8,13,4,3,2,6,0,0,0,1,0,0,1,0,692193064.0,5342944494.0,11.587114014,48.210602181,2,#fc8d62,car
80929,9,2,74,132,2016,9,8,1,2,3,6,0,0,1,1,0,0,0,0,724449.6352,5386250.0371,12.043878837,48.589073131,1,#66c2a5,bicycle
80936,9,1,87,117,2016,9,18,6,2,4,2,0,0,0,1,0,0,0,0,722801171.0,5303049295.0,11.977849861,47.842144091,2,#fc8d62,car
80957,9,1,78,142,2016,9,18,4,3,2,6,0,0,0,1,0,0,0,0,710661.3105,5377628.4052,11.85277623,48.516395398,2,#fc8d62,car
80959,9,1,86,143,2016,9,16,5,2,5,3,0,0,0,1,0,0,0,0,687770.5091,5377659.6451,11.543140403,48.52393842,2,#fc8d62,car
80961,9,7,61,0,2016,9,16,5,3,2,6,0,0,0,1,0,0,0,1,641498.9911,5353823.5663,10.908823306,48.321753618,2,#fc8d62,car
80970,9,1,74,115,2016,9,19,2,3,4,6,1,0,0,1,0,1,0,0,679986867.0,5347962.0438,11.425095658,48.259282546,2,#fc8d62,car
80974,9,7,72,207,2016,9,13,6,3,1,2,0,0,0,1,0,0,0,0,640143.4322,5381087.6814,10.899670616,48.567202525,2,#fc8d62,car
80979,9,1,62,0,2016,9,8,5,3,2,6,0,1,0,1,0,0,0,0,695525.0549,5344039.0237,11.632421832,48.21942148,2,#fc8d62,car
80981,9,7,61,0,2016,9,13,5,3,5,2,0,0,1,1,0,0,0,0,642309.78,5359172858.0,10.921562364,48.369670225,1,#66c2a5,bicycle
80982,9,7,71,142,2016,9,16,6,3,5,3,0,0,0,1,0,1,0,0,645427.9968,5352872.9187,10.961465988,48.312314367,2,#fc8d62,car
80986,9,1,79,142,2016,9,0,5,3,3,1,2,0,1,0,0,0,0,0,673171.0042,5339204.9737,11.329764325,48.182461401,1,#66c2a5,bicycle
80988,9,7,61,0,2016,9,5,5,3,5,3,2,0,0,1,0,1,0,0,640210527.0,5354193376.0,10.891574789,48.325365936,2,#fc8d62,car
80991,9,1,62,0,2016,9,16,2,3,5,1,0,0,0,1,0,1,0,0,690692.5325,5329603.1882,11.560959208,48.091144025,2,#fc8d62,car
80999,9,7,71,130,2016,9,7,6,3,2,6,0,0,0,1,0,1,0,0,647228.7201,5357283734.0,10.987279284,48.351556465,2,#fc8d62,car
81003,9,2,61,0,2016,9,14,5,3,2,6,0,0,0,1,0,1,0,0,732384471.0,5380367.8464,12.148036906,48.533342266,2,#fc8d62,car
81006,9,1,88,139,2016,9,18,6,3,4,6,0,0,1,0,0,0,0,0,678802628.0,5319772.0476,11.397323076,48.006216417,1,#66c2a5,bicycle
81007,9,1,84,114,2016,9,11,7,3,2,6,0,0,0,1,0,0,0,0,700069.4434,5318430.7997,11.68152963,47.987860896,2,#fc8d62,car
81010,9,1,62,0,2016,8,23,4,3,4,2,2,0,0,1,0,0,0,0,689791.8918,5339865.15,11.553448775,48.183647785,2,#fc8d62,car
81013,9,1,62,0,2016,9,13,4,2,3,2,0,0,1,0,0,0,1,0,687677.6524,5327380.2184,11.519534436,48.072058079,1,#66c2a5,bicycle
81016,9,1,87,170,2016,9,17,6,3,2,3,0,0,0,1,0,0,0,1,733402.8083,5319003.8316,12.127967724,47.981718247,2,#fc8d62,car
81018,9,1,78,116,2016,9,17,6,3,1,6,0,0,0,1,0,0,0,1,700131.5884,5379766.2232,11.711379411,48.539050382,2,#fc8d62,car
81029,9,1,81,114,2016,9,17,5,3,5,2,0,0,1,1,0,0,0,0,657055648.0,5312656158.0,11.103363653,47.947950014,1,#66c2a5,bicycle
81032,9,1,84,145,2016,9,11,5,3,3,6,0,0,1,1,0,0,0,0,696606.0309,5321649.3011,11.636635572,48.017861499,1,#66c2a5,bicycle
81042,9,1,75,111,2016,9,17,5,3,3,6,0,0,0,0,0,1,0,1,714405.6542,5338865608.0,11.883686419,48.166838153,4,#e78ac3,marker
81053,9,1,84,148,2016,9,18,5,3,2,6,0,0,0,1,0,0,0,0,696408206.0,5326380.3402,11.636155351,48.060443016,2,#fc8d62,car
81054,9,1,73,120,2016,9,14,6,3,0,1,0,0,1,0,0,0,0,0,683525.7511,5310304.3952,11.45654865,47.919773642,1,#66c2a5,bicycle
81055,9,1,78,137,2016,9,5,5,3,9,1,2,0,0,1,0,0,0,0,691681.5525,5363949.4216,11.589775203,48.39953949,2,#fc8d62,car
81062,9,1,75,135,2016,9,13,6,3,8,7,0,0,1,0,0,0,0,1,708887.8932,5339460.7326,11.809860497,48.174022965,1,#66c2a5,bicycle
81063,9,7,61,0,2016,9,13,5,3,2,6,0,0,0,1,0,0,1,0,637339.4254,5359478.7314,10.854586423,48.373521778,2,#fc8d62,car
81066,9,1,74,115,2016,9,12,6,3,4,2,0,0,0,1,0,1,0,0,681489.1024,5346784.7082,11.44481247,48.248271472,2,#fc8d62,car
81067,9,7,71,122,2016,9,12,5,3,3,6,0,0,0,1,0,0,0,0,655303.3163,5359958977.0,11.09718307,48.373674552,2,#fc8d62,car
81068,9,1,83,126,2016,9,17,5,3,3,3,0,0,0,0,0,1,0,1,728937.5056,5335017.9366,12.076783041,48.127204512,4,#e78ac3,marker
81074,9,1,78,116,2016,9,17,6,3,5,6,0,0,0,1,0,0,0,1,700131.5884,5379766.2232,11.711379411,48.539050382,2,#fc8d62,car
81078,9,1,87,182,2016,9,9,5,3,5,2,0,0,0,1,0,0,0,0,736492.0887,5327992.0209,12.174261889,48.06132812,2,#fc8d62,car
81096,9,7,78,204,2016,9,15,4,2,5,3,0,0,1,1,0,0,0,0,614604.3107,5327755.1087,10.539124007,48.092752763,1,#66c2a5,bicycle
81101,9,1,74,115,2016,9,14,5,3,5,3,0,0,1,1,0,0,0,0,681683.1246,5346598.3013,11.447343649,48.246540358,1,#66c2a5,bicycle
81106,9,1,84,123,2016,9,10,5,3,4,2,0,0,1,1,0,0,0,0,702308.9931,5332119.4326,11.717981722,48.110176305,1,#66c2a5,bicycle
81107,9,1,73,137,2016,9,13,6,2,2,6,0,0,0,1,0,0,0,0,679048.8666,5308237.8618,11.395820987,47.902462453,2,#fc8d62,car
81108,9,1,81,145,2016,9,8,6,3,8,6,0,0,0,1,0,1,0,0,647987703.0,5330161.11,10.988045626,48.107509306,2,#fc8d62,car
81109,9,1,62,0,2016,9,17,4,3,4,2,0,0,1,1,0,0,0,0,693016.0774,5331320.8612,11.592907692,48.105882768,1,#66c2a5,bicycle
81112,9,1,75,118,2016,9,7,5,3,2,6,0,0,0,0,0,0,1,1,718539.7007,5338702.4478,11.939128984,48.163964563,5,#a6d854,bus
81116,9,2,61,0,2016,9,15,5,3,3,6,0,0,0,1,0,0,0,0,731821293.0,5381190.6729,12.140877319,48.540941804,2,#fc8d62,car
81121,9,1,78,120,2016,9,15,6,3,3,6,0,0,0,1,0,0,0,0,694832.1644,5353622619.0,11.627517001,48.305765431,2,#fc8d62,car
81122,9,7,72,223,2016,9,18,5,2,5,3,0,0,0,1,0,1,0,0,619121.3465,5361969.4058,10.609390317,48.399622743,2,#fc8d62,car
81128,9,1,87,117,2016,9,14,6,3,0,1,0,0,1,0,0,0,0,0,726703015.0,5304875581.0,12.030882007,47.857189187,1,#66c2a5,bicycle
81132,9,1,78,145,2016,9,16,6,1,4,2,0,0,0,1,0,1,0,0,697319214.0,5354417.3345,11.661391729,48.312136724,2,#fc8d62,car
81139,9,1,85,158,2016,9,8,6,3,2,6,0,0,0,1,0,0,0,0,667123.5003,5380702.2605,11.264961945,48.557125798,2,#fc8d62,car
81141,9,1,79,123,2016,9,7,5,3,2,6,0,0,0,1,0,0,0,0,677455.96,5331926.27,11.384326491,48.115849717,2,#fc8d62,car
81147,9,1,75,123,2016,9,20,6,3,5,3,2,0,0,1,0,0,0,0,722142.3386,5337876.0809,11.987081458,48.155291481,2,#fc8d62,car
81156,9,1,84,147,2016,9,12,5,3,2,6,0,0,0,0,0,0,0,1,698478.6189,5341852.1214,11.671119157,48.198850702,6,#ffd92f,circle
81159,9,2,61,0,2016,9,16,5,2,0,2,0,0,1,1,0,0,0,0,732176.9649,5379349.6643,12.14466339,48.524272937,1,#66c2a5,bicycle
81163,9,1,62,0,2016,9,7,5,3,3,2,0,0,1,1,0,0,0,0,688144.6497,5333836.0562,11.528643442,48.12994728,1,#66c2a5,bicycle
81165,9,1,78,145,2016,9,16,5,3,5,1,0,0,0,1,0,1,0,0,698120.9161,5354658.0973,11.672305749,48.314049826,2,#fc8d62,car
81168,9,2,61,0,2016,9,15,5,3,3,6,0,0,0,0,0,1,1,0,731991.6349,5379902.0526,12.142464451,48.52930344,4,#e78ac3,marker
81172,9,1,75,132,2016,9,8,6,3,2,6,0,0,0,1,0,0,0,0,707399.6157,5330215.6404,11.78536537,48.091431023,2,#fc8d62,car
81173,9,7,72,125,2016,9,16,5,2,4,1,0,0,0,1,0,1,0,0,627168.8888,5345759.7106,10.713177342,48.252282962,2,#fc8d62,car
81178,9,1,81,114,2016,9,18,6,3,8,1,0,0,0,0,0,1,0,0,652295.6557,5311842.96,11.039370278,47.941787591,4,#e78ac3,marker
81179,9,7,72,162,2016,9,17,5,3,2,6,0,0,0,1,0,0,0,0,636905.9319,5335373.0112,10.840932517,48.156854911,2,#fc8d62,car
81180,9,1,83,126,2016,9,16,5,3,4,6,0,0,0,1,0,0,0,1,726658.8826,5336300.8236,12.046887266,48.139545581,2,#fc8d62,car
81181,9,1,62,0,2016,9,17,4,3,2,6,0,0,0,1,0,0,0,1,680793.81,5335136.1824,11.430494857,48.143764385,2,#fc8d62,car
81184,9,1,87,177,2016,9,19,6,2,0,1,1,0,1,0,0,0,0,0,735073.6738,5305137612.0,12.142764076,47.856536238,1,#66c2a5,bicycle
81185,9,7,73,139,2016,9,15,5,2,8,1,0,0,0,0,0,1,0,0,613815.0521,5385818.3675,10.544231174,48.61507988,4,#e78ac3,marker
81186,9,1,78,116,2016,9,17,6,3,1,6,0,0,0,1,0,0,0,1,700131.5884,5379766.2232,11.711379411,48.539050382,2,#fc8d62,car
81194,9,1,74,135,2016,9,11,6,3,2,6,0,0,0,1,0,0,0,0,660737.5132,5355120.9888,11.168664273,48.328819492,2,#fc8d62,car
81207,9,1,75,135,2016,9,17,5,2,5,3,0,0,1,1,0,0,0,0,707919.8143,5338870775.0,11.796565995,48.169038924,1,#66c2a5,bicycle
81210,9,1,74,126,2016,9,23,5,3,5,2,2,0,0,1,0,1,0,0,683692.7717,5343938.0721,11.473234993,48.222049947,2,#fc8d62,car
81217,9,1,84,136,2016,9,6,5,3,5,2,1,0,1,1,0,0,0,0,698481.2198,5326511.1714,11.664008671,48.060977389,1,#66c2a5,bicycle
81218,9,1,73,120,2016,9,13,6,3,8,1,0,0,0,0,0,1,0,0,685092.9122,5316207.4289,11.480043962,47.972384611,4,#e78ac3,marker
81219,9,1,62,0,2016,9,9,6,3,2,6,0,0,0,1,0,0,0,0,687427.1914,5333143577.0,11.518706026,48.123934747,2,#fc8d62,car
81220,9,1,77,123,2016,9,19,5,2,5,3,1,0,1,1,0,0,0,0,727097.5339,5344472.3527,12.057140597,48.212803095,1,#66c2a5,bicycle
81223,9,1,73,147,2016,9,7,5,2,5,3,0,0,0,1,0,0,0,0,681897.8174,5309629.6163,11.434493969,47.914171824,2,#fc8d62,car
81225,9,7,62,0,2016,9,18,5,3,5,3,0,0,1,1,0,0,0,0,622561.2262,5306594.6371,10.639897199,47.900965618,1,#66c2a5,bicycle
81232,9,1,77,116,2016,9,16,6,3,2,6,0,0,0,1,0,0,0,0,713935261.0,5365486.0539,11.890846726,48.406189998,2,#fc8d62,car
81233,9,7,72,159,2016,9,18,5,3,4,2,0,0,0,1,0,1,0,0,626021.58,5361251043.0,10.702358772,48.391821302,2,#fc8d62,car
81238,9,1,78,144,2016,9,14,6,3,0,7,0,0,1,0,0,0,0,0,706130.7283,5380124.8408,11.792733933,48.540330919,1,#66c2a5,bicycle
81241,9,1,78,130,2016,9,15,6,3,2,1,0,0,0,1,0,0,0,0,702660.9203,5358138.7098,11.735144183,48.343889637,2,#fc8d62,car
81258,9,1,62,0,2016,9,9,5,2,6,4,0,0,0,1,1,0,0,0,684646.1217,5335404952.0,11.482349932,48.145073845,2,#fc8d62,car
81265,9,1,74,115,2016,9,8,5,3,2,6,0,0,0,1,0,0,0,0,681433.5359,5346885.3164,11.444107766,48.249191706,2,#fc8d62,car
81268,9,2,61,0,2016,9,20,5,2,1,3,2,0,0,1,0,1,0,0,730442.4524,5380926.7274,12.122078848,48.539078638,2,#fc8d62,car
81271,9,1,73,120,2016,9,18,6,3,5,3,0,0,1,1,0,0,0,0,684272.0848,5310490.6593,11.466608635,47.921233911,1,#66c2a5,bicycle
81272,9,1,88,117,2016,9,14,6,2,9,7,0,0,1,0,0,0,0,0,665228.7675,5315801.5067,11.213948022,47.974172251,1,#66c2a5,bicycle
81273,9,7,72,162,2016,9,17,5,3,2,6,0,0,0,1,0,0,0,1,636898.6446,5335411.2722,10.840846891,48.157200534,2,#fc8d62,car
81274,9,2,74,194,2016,9,11,6,3,0,7,0,0,1,0,0,0,0,0,722271497.0,5382541.6855,12.012401224,48.556534526,1,#66c2a5,bicycle
81275,9,1,75,118,2016,9,7,5,3,2,6,0,0,0,1,0,0,0,1,718541.7743,5338701.6153,11.939156406,48.16395637,2,#fc8d62,car
81282,9,1,86,152,2016,9,15,6,3,1,6,0,0,0,1,0,0,0,0,691540.9654,5373860.5272,11.59240989,48.488656148,2,#fc8d62,car
81283,9,7,71,142,2016,9,12,5,3,0,7,0,0,1,0,0,0,0,0,645691802.0,5351359.1733,10.964499302,48.298642941,1,#66c2a5,bicycle
81287,9,7,61,0,2016,9,15,4,2,5,3,0,0,0,1,0,0,0,0,642137891.0,5362220.6145,10.920273674,48.397112947,2,#fc8d62,car