OBJECTID,ULAND,UREGBEZ,UKREIS,UGEMEINDE,UJAHR,UMONAT,USTUNDE,UWOCHENTAG,UKATEGORIE,UART,UTYP1,ULICHTVERH,STRZUSTAND,IstRad,IstPKW,IstFuss,IstKrad,IstGkfz,IstSonstig,LINREFX,LINREFY,XGCSWGS84,YGCSWGS84,Teilnehmer,color,symbol
81290,9,1,83,126,2016,9,15,7,1,8,1,0,0,0,0,0,1,0,0,728848.6846,5334977.8296,12.075569591,48.126876123,4,#e78ac3,marker
81291,9,1,83,123,2016,9,5,2,3,0,3,1,0,0,1,0,1,0,0,735229.2678,5339630032.0,12.163756651,48.166342664,2,#fc8d62,car
81295,9,1,62,0,2016,9,13,7,2,6,4,0,0,0,1,1,0,0,0,691637.9949,5331616.5877,11.574547314,48.108956777,2,#fc8d62,car
81305,9,1,78,140,2016,9,21,2,2,5,3,2,0,0,1,0,1,0,0,707653.0017,5366271.5209,11.806452522,48.415348549,2,#fc8d62,car
81306,9,1,84,132,2016,9,0,1,3,3,6,2,0,0,1,0,0,0,0,684291.6668,5326107.0908,11.473573847,48.061601714,2,#fc8d62,car
81308,9,1,62,0,2016,9,18,7,3,5,3,0,0,0,1,0,0,0,0,695137.1504,5331422.1007,11.621416962,48.106146509,2,#fc8d62,car
81309,9,7,71,145,2016,9,11,7,2,5,6,0,0,0,1,0,1,0,0,648704.4776,5344711.9634,11.002758942,48.238175296,2,#fc8d62,car
81329,9,1,88,139,2016,9,15,2,3,0,6,0,0,1,1,0,1,0,0,675961183.0,5322370.5258,11.360326276,48.030363948,1,#66c2a5,bicycle
81330,9,7,71,112,2016,9,17,1,2,8,1,0,0,0,0,0,1,0,0,646732.9494,5370062.2975,10.985059955,48.466565829,4,#e78ac3,marker
81338,9,1,63,0,2016,9,11,1,3,2,6,0,0,0,1,0,0,0,0,732729.4189,5307505311.0,12.112745789,47.878661049,2,#fc8d62,car
81340,9,1,84,135,2016,9,12,7,3,1,6,0,0,0,1,0,0,0,0,686304.1563,5347530529.0,11.509939788,48.25357817,2,#fc8d62,car
81344,9,1,74,115,2016,9,15,2,3,2,6,0,0,0,1,0,1,0,0,680918.7324,5348065.6841,11.437683911,48.259948748,2,#fc8d62,car
81345,9,1,81,114,2016,9,16,1,3,8,1,0,0,0,0,0,1,0,0,651687.5132,5311342.2879,11.031055622,47.937430017,4,#e78ac3,marker
81352,9,2,74,124,2016,9,13,1,3,2,6,0,0,0,1,0,0,0,1,725073.8895,5376060.2703,12.046827751,48.497308612,2,#fc8d62,car
81355,9,1,62,0,2016,9,11,7,3,0,6,0,0,0,1,0,1,0,0,694685.0313,5332110.0247,11.615663832,48.112467643,2,#fc8d62,car
81357,9,7,61,0,2016,9,19,6,3,0,7,0,0,1,0,0,0,0,0,637478826.0,5359473453.0,10.85646609,48.373443962,1,#66c2a5,bicycle
81359,9,1,84,114,2016,9,11,7,3,2,6,0,0,0,1,0,1,0,0,699383.1379,5320054.2003,11.673095491,48.002665313,2,#fc8d62,car
81362,9,7,61,0,2016,9,17,6,3,0,1,0,0,1,0,0,0,0,0,641131884.0,5356587.0425,10.904799525,48.346683988,1,#66c2a5,bicycle
81365,9,1,84,114,2016,9,19,7,3,2,6,0,0,0,1,0,0,0,0,699597.5635,5319627.2473,11.675768433,47.998761229,2,#fc8d62,car
81369,9,2,74,126,2016,9,20,7,3,5,3,2,0,0,1,0,0,0,0,733004.8379,5386145.7165,12.159661415,48.585012758,2,#fc8d62,car
81370,9,7,71,113,2016,9,7,7,2,5,3,0,0,1,1,0,0,0,0,657101339.0,5370554971.0,11.125415415,48.468491096,1,#66c2a5,bicycle
81376,9,1,82,120,2016,9,20,7,2,2,6,2,0,0,1,0,0,0,1,703062019.0,5309685.7648,11.717466546,47.908325278,2,#fc8d62,car
81378,9,1,84,120,2016,9,18,2,3,2,6,0,0,0,1,0,0,0,0,682825.8051,5333091.3117,11.45690842,48.124802986,2,#fc8d62,car
81390,9,1,81,133,2016,9,16,2,3,4,6,0,0,0,1,0,0,0,0,643577.34,5312803.3903,10.92301507,47.952437272,2,#fc8d62,car
81391,9,1,81,132,2016,9,19,1,3,9,1,0,0,0,1,0,0,0,0,645517.8559,5324532.8738,10.952968928,48.057470286,2,#fc8d62,car
81394,9,1,63,0,2016,9,16,7,3,5,2,0,0,1,1,0,0,0,0,732935.5768,5303177.1055,12.113167859,47.839701265,1,#66c2a5,bicycle
81402,9,1,82,120,2016,9,11,7,2,2,6,0,0,0,1,0,1,0,0,703463915.0,5307060363.0,11.721600913,47.884602965,2,#fc8d62,car
81404,9,1,84,114,2016,9,10,1,3,2,6,0,0,0,1,0,0,0,0,699607.0122,5319608.6942,11.675886329,47.998591536,2,#fc8d62,car
81406,9,1,75,132,2016,9,18,2,3,3,6,0,0,0,1,0,0,1,0,706982.4243,5336455.3667,11.782798358,48.147639226,2,#fc8d62,car
81407,9,1,75,123,2016,9,15,1,3,2,3,0,0,0,1,0,0,0,0,725600.6172,5336316.8524,12.032690623,48.140065629,2,#fc8d62,car
81419,9,1,62,0,2016,9,12,7,2,3,2,0,0,1,1,0,0,0,0,692190.3648,5342917.0269,11.587065275,48.210356133,1,#66c2a5,bicycle
81420,9,7,77,158,2016,9,15,7,2,9,1,0,0,0,0,0,1,0,0,617963.1435,5312680.6322,10.580065226,47.956564306,4,#e78ac3,marker
81428,9,1,75,118,2016,9,17,2,3,2,6,0,0,0,1,0,0,0,0,717979.8284,5339202.7552,11.931865946,48.168652079,2,#fc8d62,car
81432,9,1,84,140,2016,9,12,7,3,5,3,0,0,0,1,0,1,0,0,702285.0575,5328601.0003,11.715993573,48.078564063,2,#fc8d62,car
81448,9,1,81,120,2016,9,15,7,2,8,1,0,0,0,0,0,1,0,0,651363.0166,5319955502.0,11.029747886,48.014953163,4,#e78ac3,marker
81451,9,1,79,142,2016,9,6,2,3,2,6,1,0,0,1,0,0,1,1,677127.9583,5342645.8579,11.384387724,48.212300951,2,#fc8d62,car
81452,9,7,72,167,2016,9,14,1,2,4,2,0,0,0,1,0,1,0,0,625854.5368,5359583.5433,10.699603842,48.376859472,2,#fc8d62,car
81454,9,1,74,118,2016,9,16,7,3,8,1,0,0,1,0,0,0,0,0,668545.0559,5355650.0451,11.274130661,48.331541868,1,#66c2a5,bicycle
81455,9,2,74,113,2016,9,15,2,3,2,6,0,0,0,1,0,0,0,1,729592.9612,5381812.5473,12.111075598,48.547347363,2,#fc8d62,car
81458,9,1,78,124,2016,9,12,7,2,5,3,0,0,0,1,0,1,0,0,703227.3533,5365131.2359,11.74615946,48.406544386,2,#fc8d62,car
81462,9,1,62,0,2016,9,22,7,3,0,7,2,0,1,0,0,0,0,0,687667.4967,5335039.1803,11.522767044,48.140902114,1,#66c2a5,bicycle
81467,9,1,74,136,2016,9,14,2,3,5,3,0,0,0,1,0,0,0,0,681826.0082,5363711.2696,11.456646348,48.400318008,2,#fc8d62,car
81468,9,1,79,125,2016,9,17,1,3,8,1,0,0,1,0,0,0,0,0,662395.1993,5332917.6164,11.182504679,48.128781516,1,#66c2a5,bicycle
81473,9,1,62,0,2016,9,14,6,2,3,7,0,0,0,0,0,1,0,1,684381.9787,5335410.5346,11.478804707,48.145200635,4,#e78ac3,marker
81478,9,1,84,137,2016,9,9,7,2,5,3,0,0,0,1,0,1,0,0,706307.0256,5316866.4331,11.764281472,47.97182121,2,#fc8d62,car
81482,9,1,84,113,2016,9,14,6,2,4,7,0,0,0,1,0,0,0,0,686315.9101,5323163.8663,11.499435524,48.034558539,2,#fc8d62,car
81483,9,1,82,133,2016,9,14,2,3,0,6,0,0,0,1,0,1,0,0,704725.6693,5306208.1509,11.738054779,47.876542958,2,#fc8d62,car
81486,9,1,62,0,2016,9,8,6,3,3,6,0,0,0,1,0,0,1,0,692383.7572,5339283.8973,11.58801976,48.177644114,2,#fc8d62,car
81489,9,1,73,147,2016,9,20,1,3,8,1,2,0,1,0,0,0,0,0,680834.1193,5310592.6346,11.420674794,47.923129482,1,#66c2a5,bicycle
81491,9,7,61,0,2016,9,10,7,3,0,1,0,0,1,0,0,0,0,0,636415.26,5360890435.0,10.842571739,48.386416179,1,#66c2a5,bicycle
81495,9,1,62,0,2016,9,17,6,3,5,3,0,0,0,1,0,0,0,0,694496.3716,5340794908.0,11.617100572,48.190581249,2,#fc8d62,car
81502,9,1,62,0,2016,9,15,1,3,2,7,0,0,0,1,0,1,0,0,689429.5834,5331871.6192,11.545022342,48.11190961,2,#fc8d62,car
81507,9,1,84,142,2016,9,19,6,3,4,6,1,0,0,1,0,1,0,0,680644.0831,5318519302.0,11.421462582,47.9944376,2,#fc8d62,car
81510,9,1,88,141,2016,9,13,2,3,0,7,0,0,0,0,0,1,0,0,670729.9769,5309434.6144,11.285075004,47.915489265,4,#e78ac3,marker
81511,9,1,88,126,2016,9,18,1,3,2,6,0,0,0,1,0,0,0,0,661739.42,5327808.3194,11.171761015,48.083013135,2,#fc8d62,car
81525,9,1,74,115,2016,9,10,2,3,4,2,0,0,1,1,0,0,0,0,680967.3537,5347579.3197,11.438130412,48.255563115,1,#66c2a5,bicycle
81526,9,1,75,139,2016,9,10,1,3,2,6,0,0,0,1,0,1,0,0,709541.9628,5329130.8805,11.813569069,48.080982507,2,#fc8d62,car
81532,9,2,61,0,2016,9,9,1,3,5,3,0,0,0,1,0,0,0,0,734236.6423,5382234.1968,12.174136819,48.54941839,2,#fc8d62,car
81534,9,1,88,124,2016,9,10,7,3,3,6,0,0,1,1,0,0,0,0,663686409.0,5321114071.0,11.195323601,48.022331673,1,#66c2a5,bicycle
81538,9,1,84,142,2016,9,7,7,3,5,3,0,0,1,0,0,0,1,0,681314.8066,5318571.6874,11.430467131,47.994718689,1,#66c2a5,bicycle
81543,9,1,63,0,2016,9,18,2,2,0,6,0,0,1,1,0,0,0,0,733185687.0,5302889625.0,12.116350634,47.837027865,1,#66c2a5,bicycle
81547,9,1,84,149,2016,9,17,2,3,3,6,0,0,0,1,0,0,0,0,691151.8757,5352332.2028,11.577352847,48.295290418,2,#fc8d62,car
81567,9,1,81,130,2016,9,17,2,2,5,2,0,0,1,1,0,0,0,0,638960.2123,5322675.1567,10.864406149,48.04222698,1,#66c2a5,bicycle
81568,9,1,81,113,2016,9,9,1,2,4,6,0,0,0,1,0,1,0,0,639683.9699,5309588.5493,10.869854987,47.924388947,2,#fc8d62,car
81571,9,1,74,113,2016,9,7,2,3,3,6,0,0,0,1,0,1,0,0,670059.3535,5348479.6277,11.291657397,48.266677741,2,#fc8d62,car
81582,9,1,78,137,2016,9,16,1,3,5,3,0,0,1,0,0,0,0,0,694024143.0,5365240.93,11.62198821,48.410429985,1,#66c2a5,bicycle
81589,9,1,78,124,2016,9,10,5,3,2,6,0,0,0,1,0,0,0,0,700161.7508,5357012.5005,11.700919124,48.334565501,2,#fc8d62,car
81591,9,1,82,123,2016,9,4,3,3,1,7,2,0,0,1,0,0,1,0,717398.37,5301434.2492,11.904925032,47.829480934,2,#fc8d62,car
81592,9,7,73,182,2016,9,8,2,3,5,3,0,0,1,1,0,0,0,0,624522.0533,5380181.8678,10.687750531,48.562355416,1,#66c2a5,bicycle
81595,9,1,73,147,2016,9,14,5,3,2,2,0,0,0,1,0,1,0,0,680898.5414,5310337.0944,11.421429096,47.920814189,2,#fc8d62,car
81597,9,1,88,121,2016,9,15,4,3,0,7,0,0,0,0,0,1,0,0,670092.4387,5329267.1546,11.284412335,48.093954105,4,#e78ac3,marker
81600,9,1,84,149,2016,9,5,4,3,0,7,1,0,1,0,0,0,0,0,690153.7963,5350289.7773,11.562990273,48.277234344,1,#66c2a5,bicycle
81603,9,1,62,0,2016,9,14,4,3,3,7,0,0,0,1,0,0,1,0,695474.0092,5344450.2184,11.631924905,48.223132752,2,#fc8d62,car
81611,9,1,88,120,2016,9,17,4,3,0,3,0,0,0,1,0,1,0,0,672783581.0,5322950513.0,11.317972653,48.036445418,2,#fc8d62,car
81616,9,1,87,186,2016,9,3,3,3,0,7,2,0,0,0,0,1,0,0,731291.6078,5332590.1297,12.107056174,48.104542847,4,#e78ac3,marker
81621,9,7,71,122,2016,9,17,2,3,8,5,0,0,0,0,0,0,1,0,651869.5317,5362424.0032,11.051736189,48.39667284,5,#a6d854,bus
81625,9,1,63,0,2016,9,9,3,3,1,2,0,0,1,1,0,0,0,0,733503.2939,5305131.1648,12.121798089,47.857050768,1,#66c2a5,bicycle
81628,9,1,74,143,2016,9,21,4,3,8,1,2,0,0,1,0,0,0,0,674012.6035,5353077.2354,11.346777798,48.30693289,2,#fc8d62,car
81634,9,1,81,114,2016,9,20,5,3,8,1,2,0,0,1,0,0,0,0,657379.3593,5311661.9286,11.107332388,47.93893126,2,#fc8d62,car
81635,9,7,72,115,2016,9,14,2,3,5,3,0,0,0,0,0,1,1,0,617780205.0,5371030323.0,10.593825885,48.481359686,4,#e78ac3,marker
81636,9,1,82,120,2016,9,19,3,3,1,3,1,0,0,1,0,1,0,0,701818.1327,5306480.7575,11.699340926,47.879913299,2,#fc8d62,car
81637,9,7,72,200,2016,9,15,2,3,8,1,0,0,0,1,0,0,0,0,628699.3061,5339027.2916,10.731740982,48.191431249,2,#fc8d62,car
81646,9,1,85,131,2016,9,10,4,3,4,6,0,0,0,1,0,0,1,0,665934.4215,5378741.0011,11.248078329,48.539811061,2,#fc8d62,car
81649,9,1,73,126,2016,9,17,4,2,4,6,0,0,0,1,0,0,0,0,684586.7606,5303769.5258,11.467942813,47.860727175,2,#fc8d62,car
81650,9,1,82,120,2016,9,18,4,3,4,6,0,0,0,1,0,0,0,0,698185.0031,5305346.1723,11.65028124,47.870847578,2,#fc8d62,car
81652,9,1,77,113,2016,9,14,5,3,5,3,0,0,0,1,0,0,0,0,720783.2921,5353033.0951,11.97672505,48.291946107,2,#fc8d62,car
81654,9,1,87,150,2016,9,10,3,3,5,3,0,0,0,1,0,0,1,0,729320.8853,5303368.4156,12.065031116,47.842719262,2,#fc8d62,car
81658,9,1,90,157,2016,9,13,5,3,2,2,0,0,0,1,0,0,0,1,655135.6369,5303188.1763,11.074262002,47.863287308,2,#fc8d62,car
81661,9,1,88,141,2016,9,17,4,3,5,3,0,0,0,1,0,0,1,0,668838.7092,5312288714.0,11.260901115,47.941649193,2,#fc8d62,car
81664,9,1,84,121,2016,9,16,4,3,5,3,0,0,1,1,0,0,0,0,703183.3905,5330559.6748,11.728972684,48.095880755,1,#66c2a5,bicycle
81667,9,1,78,157,2016,9,20,4,2,0,6,1,0,0,1,0,0,1,0,701970503.0,5370829842.0,11.731941965,48.45815756,2,#fc8d62,car
81670,9,1,62,0,2016,9,16,4,3,3,2,0,0,1,1,0,0,0,0,684667.0896,5335403.8892,11.482631085,48.145058206,1,#66c2a5,bicycle
81674,9,1,62,0,2016,9,9,3,3,5,2,0,0,1,1,0,0,0,0,694780068.0,5340920658.0,11.620971458,48.191624491,1,#66c2a5,bicycle
81678,9,1,74,115,2016,9,13,4,3,0,1,0,0,0,0,0,1,0,0,680898.3845,5347656.7872,11.437235194,48.256279134,4,#e78ac3,marker
81682,9,7,78,204,2016,9,19,4,3,9,1,1,0,0,1,0,0,0,0,618953.1476,5327623.2241,10.597468583,48.090769702,2,#fc8d62,car
81683,9,1,75,132,2016,9,22,4,3,9,6,2,0,0,1,0,0,0,0,706669.3235,5336205.8423,11.778472855,48.145498701,2,#fc8d62,car
81688,9,1,63,0,2016,9,13,5,3,1,6,0,0,1,0,0,0,0,0,734145.8142,5304645546.0,12.130112123,47.852454226,1,#66c2a5,bicycle
81690,9,7,71,155,2016,9,17,3,3,4,6,0,0,0,1,0,0,0,0,648777.7677,5374718.9749,11.014363469,48.507953038,2,#fc8d62,car
81695,9,1,88,139,2016,9,18,3,3,5,3,0,0,1,0,0,0,0,1,670435.5734,5320607.1085,11.285567109,48.016009282,1,#66c2a5,bicycle
81698,9,1,88,144,2016,9,8,5,3,2,6,0,0,0,1,0,0,0,0,669051.3853,5329140.0082,11.270391624,48.093088073,2,#fc8d62,car
81701,9,1,74,113,2016,9,8,5,3,3,6,0,0,0,1,0,0,1,0,674249.1908,5344680.1184,11.346505603,48.231384409,2,#fc8d62,car
81703,9,1,88,139,2016,9,15,3,2,5,3,0,0,0,1,0,1,0,0,674722.2021,5318943.8735,11.342324804,47.99989974,2,#fc8d62,car
81706,9,1,81,133,2016,9,13,5,2,0,7,0,0,1,0,0,0,0,0,642311.6755,5314268.5147,10.906557892,47.965894573,1,#66c2a5,bicycle
81708,9,1,62,0,2016,9,18,3,3,2,6,0,0,0,1,0,1,0,0,685554.1804,5342882.9672,11.497810711,48.212024721,2,#fc8d62,car
81710,9,7,61,0,2016,9,18,4,3,5,3,0,0,1,1,0,0,0,0,640861.0834,5360469627.0,10.902446873,48.381655287,1,#66c2a5,bicycle
81711,9,1,81,130,2016,9,8,3,3,3,1,0,0,0,1,0,0,1,0,638911.3419,5325507.8174,10.864670611,48.067709843,2,#fc8d62,car
81716,9,1,87,130,2016,9,8,4,3,0,1,0,0,0,0,0,1,0,0,711701.1036,5309006.5837,11.832602153,47.899429248,4,#e78ac3,marker
81719,9,1,75,112,2016,9,19,5,1,4,1,0,0,0,1,0,1,0,0,723797.9966,5320980.3487,12.000464858,48.002908387,2,#fc8d62,car
81721,9,1,81,130,2016,9,15,3,3,9,1,0,0,0,0,0,1,0,0,640685.4055,5325919.8708,10.888606968,48.071026264,4,#e78ac3,marker
81723,9,1,84,121,2016,9,17,3,3,1,6,0,0,0,1,0,0,0,0,705976.8289,5330868.9324,11.766595757,48.097763215,2,#fc8d62,car
81734,9,1,84,135,2016,9,20,4,3,5,3,2,0,0,1,0,0,0,0,689442997.0,5347335.3009,11.552096513,48.250893045,2,#fc8d62,car
81735,9,1,79,123,2016,9,16,3,3,5,3,0,0,1,1,0,0,0,0,674936.5724,5332860.9395,11.350888889,48.124948936,1,#66c2a5,bicycle
81737,9,1,62,0,2016,9,15,3,3,2,6,0,0,0,1,0,0,0,0,697076.9379,5330490.0061,11.647016406,48.097172272,2,#fc8d62,car
81745,9,1,88,118,2016,9,11,4,2,6,4,0,0,0,1,1,0,0,0,671586.0313,5313045.5521,11.297961552,47.947723306,2,#fc8d62,car
81749,9,1,79,130,2016,9,15,3,2,5,3,0,0,0,0,0,1,1,0,659364.6242,5338707.0943,11.143973591,48.181598655,4,#e78ac3,marker
81751,9,1,87,130,2016,9,8,5,3,4,6,0,0,0,1,0,0,0,0,713096.0618,5313600.6155,11.853514244,47.940250202,2,#fc8d62,car
81758,9,1,79,121,2016,9,11,3,3,8,7,0,0,1,1,0,0,0,0,667400.0331,5338386.5903,11.251865206,48.176651016,1,#66c2a5,bicycle
81761,9,1,74,115,2016,9,9,3,3,5,3,0,0,1,1,0,0,0,0,680896.0726,5347658.5484,11.437204828,48.256295624,1,#66c2a5,bicycle
81766,9,1,81,139,2016,9,15,5,3,5,3,0,0,1,1,0,0,0,0,656031.1258,5325922.1465,11.094478121,48.067477167,1,#66c2a5,bicycle
81768,9,1,75,132,2016,9,17,3,3,5,3,0,0,1,1,0,0,0,0,705700.9163,5334904.7122,11.7648409,48.134119971,1,#66c2a5,bicycle
81772,9,1,78,143,2016,9,17,3,3,2,6,0,0,0,1,0,0,0,0,718172.5368,5371593.9415,11.951204724,48.45961474,2,#fc8d62,car
81780,9,1,62,0,2016,9,17,4,3,2,6,0,0,0,1,0,0,0,0,695472727.0,5330183207.0,11.625352703,48.094908986,2,#fc8d62,car
81782,9,1,88,113,2016,9,14,5,2,2,7,0,0,0,1,0,1,0,0,675381055.0,5312657.7761,11.348584578,47.943209506,2,#fc8d62,car
81784,9,1,82,120,2016,9,7,4,3,5,3,0,0,1,1,0,0,0,0,701647.3907,5306815.3869,11.697216072,47.882974386,1,#66c2a5,bicycle
81786,9,1,78,124,2016,9,9,5,3,5,2,0,0,1,1,0,0,0,0,703294.0955,5364960.4177,11.746977525,48.404987861,1,#66c2a5,bicycle
81788,9,1,78,124,2016,9,15,3,3,4,3,0,0,0,1,0,0,0,0,705367.8853,5364747.1806,11.774860937,48.402399624,2,#fc8d62,car
81793,9,1,63,0,2016,9,18,4,3,0,2,1,0,1,1,0,0,0,0,733728.1821,5303663.9056,12.124007547,47.843787123,1,#66c2a5,bicycle
81794,9,1,62,0,2016,9,6,4,3,2,7,2,0,0,1,0,0,0,0,686864.2213,5333238.9251,11.511190003,48.124957255,2,#fc8d62,car
81797,9,1,84,114,2016,9,13,4,2,4,6,0,0,1,0,0,0,0,0,700793.2146,5319120.2471,11.691541685,47.993830372,1,#66c2a5,bicycle
81798,9,1,77,142,2016,9,17,3,3,4,6,0,0,0,1,0,0,0,1,718959.2103,5350249.4852,11.950723844,48.267569536,2,#fc8d62,car
81800,9,1,62,0,2016,9,17,3,3,0,7,0,0,0,0,0,1,0,1,688560.9531,5335417.7332,11.534933018,48.144040456,4,#e78ac3,marker
81802,9,1,77,130,2016,9,7,3,2,5,2,0,0,0,1,0,1,0,0,704916.5076,5350682.4403,11.76192849,48.276158428,2,#fc8d62,car
81804,9,1,62,0,2016,9,7,3,3,3,2,0,0,1,1,0,0,0,0,691678.2027,5331694.2193,11.575121799,48.109642426,1,#66c2a5,bicycle
81808,9,1,79,121,2016,9,5,4,3,7,7,1,0,0,1,0,0,0,1,666125224.0,5339240464.0,11.235063897,48.184661939,2,#fc8d62,car
81809,9,7,77,158,2016,9,9,3,3,2,6,0,0,0,1,0,0,0,0,619535.5426,5308532.4611,10.599966628,47.918964979,2,#fc8d62,car
81813,9,1,62,0,2016,9,21,2,3,5,3,2,0,0,1,0,0,0,0,684615.5548,5342644.2132,11.485084008,48.210152425,2,#fc8d62,car
81815,9,1,86,162,2016,9,14,5,2,3,6,0,0,0,1,0,0,0,0,691126.6228,5383874.9363,11.591399883,48.578783287,2,#fc8d62,car
81818,9,1,87,177,2016,9,7,5,3,5,6,0,0,0,1,0,1,0,0,735299.6685,5305287.0448,12.145862043,47.857796021,2,#fc8d62,car
81824,9,1,84,148,2016,9,16,2,3,5,3,0,0,1,1,0,0,0,0,694431.6543,5327187.8874,11.610022254,48.068306392,1,#66c2a5,bicycle
81826,9,2,74,113,2016,9,17,3,2,2,6,0,0,0,1,0,1,0,0,730251.8271,5384462.2014,12.121455217,48.570907621,2,#fc8d62,car
81830,9,1,74,121,2016,9,9,5,2,4,1,0,0,0,0,0,1,1,0,688555.3183,5353828.4202,11.543047157,48.309517141,4,#e78ac3,marker
81832,9,1,62,0,2016,9,14,2,2,5,3,0,0,0,1,0,0,0,0,685238.7327,5328870.3049,11.487470598,48.086164847,2,#fc8d62,car
81839,9,7,71,130,2016,9,12,4,3,5,3,0,0,1,1,0,0,0,0,648399.7046,5355640.2215,11.002495964,48.336505339,1,#66c2a5,bicycle
81840,9,1,62,0,2016,9,18,2,3,6,7,0,0,1,0,1,0,0,0,699703.5265,5332943.3759,11.683403657,48.118403379,1,#66c2a5,bicycle
81844,9,1,87,117,2016,9,6,4,3,8,1,0,0,0,1,0,0,0,0,722999.6446,5303587.2724,11.980776024,47.846909149,2,#fc8d62,car
81846,9,1,75,122,2016,9,7,5,3,5,3,0,0,0,1,0,0,0,0,720540.5618,5325158.7679,11.959002803,48.041583937,2,#fc8d62,car
81854,9,1,88,118,2016,9,18,4,3,0,7,0,0,1,1,0,0,0,0,671546.4878,5312668.7664,11.297282223,47.944346582,1,#66c2a5,bicycle
81855,9,7,72,184,2016,9,14,3,3,4,2,0,0,1,1,0,0,0,0,635611265.0,5361849.3903,10.832027512,48.395212444,1,#66c2a5,bicycle
81858,9,1,86,152,2016,9,17,4,3,0,7,0,1,0,0,0,1,0,1,690820.2123,5374712204.0,11.583054222,48.496529597,4,#e78ac3,marker
81859,9,7,71,122,2016,9,7,3,3,3,6,0,0,0,1,0,0,1,0,649260.6204,5360409.6084,11.015797369,48.379184382,2,#fc8d62,car
81861,9,1,62,0,2016,9,15,4,3,3,7,0,0,1,1,0,0,0,0,689936.0322,5327996.2964,11.550095569,48.076926952,1,#66c2a5,bicycle
81867,9,1,73,147,2016,9,15,3,3,5,3,0,0,0,1,0,0,0,0,681651045.0,5309558854.0,11.431164468,47.913605672,2,#fc8d62,car
81868,9,7,61,0,2016,9,15,3,3,5,3,0,0,0,1,0,1,0,0,638505477.0,5361282503.0,10.870918191,48.389486056,2,#fc8d62,car
81870,9,7,78,203,2016,9,17,4,3,2,1,0,0,0,1,0,0,0,0,620574.7161,5321676.1342,10.617559281,48.03697985,2,#fc8d62,car
81878,9,1,73,126,2016,9,10,3,3,8,7,0,0,0,1,0,0,0,0,683845.1947,5306023.7168,11.458996435,47.881202933,2,#fc8d62,car
81887,9,1,88,139,2016,9,11,5,3,2,6,0,0,0,1,0,0,0,0,674905.6531,5319230.6647,11.344898915,48.002427733,2,#fc8d62,car
81889,9,1,82,137,2016,9,23,4,3,9,1,2,0,0,1,0,0,0,0,712203.0749,5304230.3683,11.836964153,47.85634281,2,#fc8d62,car
81893,9,1,79,123,2016,9,17,5,3,5,2,0,0,0,1,0,0,0,0,677729.1386,5334152.1859,11.388921884,48.135782654,2,#fc8d62,car
81905,9,7,71,162,2016,9,7,3,2,4,1,0,0,0,1,0,1,0,0,666084.2534,5368588.2976,11.246069708,48.448503922,2,#fc8d62,car
81907,9,1,84,148,2016,9,10,4,2,5,3,0,0,1,1,0,0,0,0,694773.67,5326956.08,11.61450288,48.066118638,1,#66c2a5,bicycle
81912,9,1,79,121,2016,9,15,6,3,2,6,0,0,0,1,0,0,0,0,667601.2561,5338659723.0,11.254677601,48.179053419,2,#fc8d62,car
81917,9,1,62,0,2016,9,19,6,3,0,1,2,1,1,0,0,0,0,0,688787.4163,5341907.0178,11.540856189,48.202299427,1,#66c2a5,bicycle
81924,9,1,79,123,2016,9,15,1,3,2,6,0,1,0,1,0,0,0,0,677380.4335,5332213.4295,11.383432072,48.118452096,2,#fc8d62,car
81925,9,1,84,119,2016,9,6,6,3,9,1,1,0,0,0,0,0,0,1,695970.6034,5346419.9219,11.639514744,48.240681816,6,#ffd92f,circle
81928,9,1,82,133,2016,9,17,2,3,4,1,0,1,0,1,0,0,0,0,706504.5149,5305809.0474,11.761626333,47.872386718,2,#fc8d62,car
81929,9,1,78,124,2016,9,6,2,3,2,6,2,1,0,1,0,0,0,0,701744.2943,5358528.8021,11.722974677,48.347688545,2,#fc8d62,car
81931,9,1,62,0,2016,9,18,6,3,0,1,1,1,1,0,0,0,0,0,688563.06,5334986.1212,11.534770192,48.140160439,1,#66c2a5,bicycle
81934,9,1,62,0,2016,9,12,6,3,0,7,0,0,0,0,0,1,0,0,688338.3054,5334046.7006,11.531336627,48.131783322,4,#e78ac3,marker
81942,9,1,78,130,2016,9,11,1,3,7,1,0,1,0,1,0,0,0,0,701566.9511,5355529797.0,11.719149387,48.320794556,2,#fc8d62,car
81943,9,1,78,125,2016,9,14,6,3,5,3,0,0,0,1,0,0,0,0,715253.2995,5381242.6759,11.916744082,48.547311483,2,#fc8d62,car
81945,9,1,62,0,2016,9,16,1,3,2,6,0,1,0,1,0,0,0,0,689411.4683,5339032.7164,11.547964807,48.176279405,2,#fc8d62,car
81947,9,1,62,0,2016,9,19,6,3,2,7,1,1,0,1,0,0,0,0,692621.5222,5330246.8166,11.587128248,48.096348843,2,#fc8d62,car
81955,9,7,72,125,2016,9,11,7,3,9,7,0,0,0,1,0,0,0,0,636856.8492,5349780.8698,10.844924106,48.286423542,2,#fc8d62,car
81956,9,1,62,0,2016,9,8,5,3,6,4,0,0,0,0,1,0,0,1,688466.1218,5340187.0041,11.535772918,48.186935299,3,#8da0cb,toilet
81961,9,1,84,148,2016,9,12,5,2,6,7,0,0,1,0,1,0,0,0,696241.4647,5326338.7797,11.633900764,48.060120791,1,#66c2a5,bicycle