OBJECTID,ULAND,UREGBEZ,UKREIS,UGEMEINDE,UJAHR,UMONAT,USTUNDE,UWOCHENTAG,UKATEGORIE,UART,UTYP1,ULICHTVERH,STRZUSTAND,IstRad,IstPKW,IstFuss,IstKrad,IstGkfz,IstSonstig,LINREFX,LINREFY,XGCSWGS84,YGCSWGS84,Teilnehmer,color,symbol
81965,9,1,62,0,2016,9,22,6,3,4,1,2,1,0,1,0,0,0,0,678856.0749,5334661415.0,11.404269496,48.140044403,2,#fc8d62,car
81967,9,1,90,115,2016,9,13,1,3,9,1,0,1,0,1,0,0,0,0,670270.9083,5301810.2793,11.275929954,47.847066586,2,#fc8d62,car
81969,9,1,62,0,2016,9,12,5,3,9,1,0,0,0,0,0,1,0,0,688282.3134,5333992.1826,11.530560744,48.131309869,4,#e78ac3,marker
81973,9,7,78,137,2016,9,19,5,3,5,3,1,0,1,1,0,0,0,0,624595.9099,5329899.5455,10.673879328,48.110162867,1,#66c2a5,bicycle
81976,9,1,84,142,2016,9,18,6,3,2,6,1,1,0,1,0,0,0,0,683336.3011,5318130.7428,11.457350647,47.990178756,2,#fc8d62,car
81984,9,7,72,223,2016,9,16,1,3,9,1,0,1,0,1,0,0,0,0,621232.1798,5363163692.0,10.638241708,48.409960438,2,#fc8d62,car
81995,9,1,62,0,2016,9,22,6,3,5,2,2,1,1,1,0,0,0,0,693825.7109,5331642.7327,11.603918617,48.108529844,1,#66c2a5,bicycle
82003,9,1,79,125,2016,9,21,1,3,9,1,2,1,0,1,0,0,0,0,662094.6882,5331644.6295,11.177984901,48.117413349,2,#fc8d62,car
82005,9,2,61,0,2016,9,23,6,3,0,4,2,1,0,0,1,1,0,0,732844224.0,5381394.4371,12.154828725,48.542393443,3,#8da0cb,toilet
82007,9,1,86,162,2016,9,7,7,3,8,1,0,1,0,1,0,0,0,0,694735.2048,5386214675.0,11.641369738,48.598698799,2,#fc8d62,car
82009,9,1,81,123,2016,9,0,1,3,2,6,2,1,0,1,0,0,0,0,655341.3021,5326551.1687,11.085453258,48.073301147,2,#fc8d62,car
82010,9,2,61,0,2016,9,17,6,3,5,3,0,0,1,1,0,0,0,0,730824.6473,5381847.5116,12.127758966,48.547209512,1,#66c2a5,bicycle
82013,9,1,87,182,2016,9,18,7,3,2,2,1,1,0,1,0,0,0,0,737651583.0,5327674945.0,12.189623878,48.058049039,2,#fc8d62,car
82014,9,1,87,170,2016,9,9,2,3,8,1,0,1,0,1,0,0,0,0,734754.4834,5319731.4185,12.146451736,47.98776019,2,#fc8d62,car
82015,9,1,74,121,2016,9,7,2,3,8,2,0,1,0,1,0,0,0,0,690752.5689,5354946.3373,11.57315611,48.318905761,2,#fc8d62,car
82028,9,1,79,142,2016,9,9,2,3,2,6,0,1,0,1,0,0,1,0,677003.6503,5342731.2078,11.382751484,48.213102847,2,#fc8d62,car
82029,9,1,84,141,2016,9,13,1,3,5,3,0,1,0,1,0,0,0,0,698083479.0,5316570.6575,11.654083846,47.971760813,2,#fc8d62,car
82033,9,1,78,124,2016,9,16,2,3,0,1,0,1,1,0,0,0,0,0,703775.3651,5362437.7948,11.752249023,48.382163768,1,#66c2a5,bicycle
82038,9,1,84,132,2016,9,19,6,3,3,1,1,1,0,1,0,0,0,0,681952.9858,5323936.4921,11.441290702,48.042761604,2,#fc8d62,car
82042,9,7,62,0,2016,9,19,7,3,2,6,1,1,0,1,0,0,0,0,622171.3775,5307887284.0,10.63504934,47.912665615,2,#fc8d62,car
82045,9,1,77,117,2016,9,20,7,3,8,1,2,1,0,1,0,0,0,0,716036.3901,5352232.5656,11.912402127,48.2863912,2,#fc8d62,car
82052,9,1,73,130,2016,9,21,6,3,9,1,2,1,0,1,0,0,0,0,679664.1328,5312669.7877,11.405893963,47.942130691,2,#fc8d62,car
82062,9,2,74,114,2016,9,17,2,3,9,1,0,1,0,1,0,0,0,0,736145.4852,5371383.2531,12.193826501,48.451235473,2,#fc8d62,car
82063,9,7,61,0,2016,9,15,7,3,1,6,0,1,0,1,0,0,0,0,643147.8151,5359563.9825,10.933004552,48.372997496,2,#fc8d62,car
82067,9,7,71,130,2016,9,4,1,2,9,1,2,1,0,1,0,0,0,0,645100.4612,5358414.8367,10.958959837,48.362219187,2,#fc8d62,car
82070,9,2,61,0,2016,9,20,7,3,4,6,2,1,0,1,0,0,0,1,732112.7817,5380735.8442,12.144567107,48.536748434,2,#fc8d62,car
82071,9,1,85,158,2016,9,0,7,3,0,1,2,1,1,0,0,0,0,0,667662.2442,5381634.0417,11.272632754,48.565357968,1,#66c2a5,bicycle
82077,9,1,87,177,2016,9,10,7,3,1,6,0,1,0,1,0,0,0,0,736339.3978,5305703.2635,12.159968438,47.861153711,2,#fc8d62,car
82088,9,1,86,152,2016,9,8,7,3,5,2,0,1,0,1,0,0,0,0,691076.6449,5375735.5814,11.586990053,48.505648998,2,#fc8d62,car
82090,9,1,74,135,2016,9,22,1,2,9,7,2,1,0,1,0,0,0,0,661593.6608,5354513.5877,11.17997388,48.323140562,2,#fc8d62,car
82094,9,1,82,133,2016,9,19,2,3,2,2,2,1,0,1,0,0,0,0,707363.1944,5311554.1758,11.775856303,47.923740318,2,#fc8d62,car
82095,9,1,78,124,2016,9,15,2,3,0,1,0,1,0,1,0,0,0,0,703240.2076,5361269.0716,11.744464695,48.371833923,2,#fc8d62,car
82101,9,7,78,137,2016,9,14,7,3,9,1,0,0,0,0,0,1,0,0,624829.7694,5335614.7802,10.678694781,48.161514811,4,#e78ac3,marker
82109,9,1,62,0,2016,9,14,1,3,2,6,0,1,0,1,0,0,0,0,685653.4863,5342974.0013,11.499186025,48.212813921,2,#fc8d62,car
82111,9,1,86,152,2016,9,3,2,3,2,1,2,1,0,1,0,0,0,0,691566.0842,5379331.4731,11.595261048,48.537816704,2,#fc8d62,car
82112,9,1,77,123,2016,9,7,2,3,4,6,0,1,0,1,0,0,0,0,726323957.0,5344403003.0,12.046705177,48.212456339,2,#fc8d62,car
82121,9,7,72,157,2016,9,4,7,3,8,1,2,1,0,1,0,0,0,0,627144.3477,5334824.5562,10.709570507,48.153949682,2,#fc8d62,car
82128,9,1,81,127,2016,9,10,2,3,9,1,0,1,0,0,0,0,1,0,636389.5753,5326461.2244,10.831142112,48.076827569,5,#a6d854,bus
82136,9,7,77,164,2016,9,17,5,3,2,6,0,0,0,1,0,0,0,0,622848.5623,5312176.6635,10.645331986,47.951113131,2,#fc8d62,car
82137,9,1,84,114,2016,9,20,6,2,8,1,2,1,0,1,0,0,0,0,697916768.0,5323326.0175,11.654968394,48.032526348,2,#fc8d62,car
82138,9,2,74,126,2016,9,19,2,3,8,1,2,1,0,1,0,0,0,0,734355.1442,5383863.3212,12.176657046,48.564007703,2,#fc8d62,car
82139,9,7,71,156,2016,9,11,7,3,9,1,0,1,0,1,0,0,0,0,652064.1054,5383473.9812,11.062025526,48.585877951,2,#fc8d62,car
82143,9,7,61,0,2016,9,15,1,3,0,7,0,1,0,0,0,1,0,0,642143.6854,5357582.0584,10.91878345,48.355403877,4,#e78ac3,marker
82152,9,1,82,123,2016,9,10,6,2,2,6,0,0,0,0,0,0,1,0,715285.8668,5302120.4916,11.877075387,47.836358038,5,#a6d854,bus
82153,9,7,71,129,2016,9,21,6,3,1,5,2,1,0,1,0,0,0,0,656996361.0,5354992.5269,11.118177224,48.328604891,2,#fc8d62,car
82156,9,1,63,0,2016,9,14,1,3,1,6,0,1,0,1,0,0,0,0,732602309.0,5306847104.0,12.110693985,47.872793697,2,#fc8d62,car
82157,9,1,87,159,2016,9,21,6,2,0,6,2,1,1,1,0,0,0,0,730761.4045,5325328.6448,12.096025016,48.039498578,1,#66c2a5,bicycle
82159,9,1,87,170,2016,9,20,6,3,0,6,2,0,0,1,0,0,0,0,733778495.0,5319573.4569,12.133304727,47.986698479,2,#fc8d62,car
82163,9,7,61,0,2016,9,7,6,3,5,2,0,0,1,1,0,0,0,0,639076.2299,5360948.7917,10.878513087,48.386359813,1,#66c2a5,bicycle
82166,9,1,83,123,2016,9,20,7,3,5,3,2,1,0,1,0,0,0,0,737867.4821,5340708.2637,12.19978581,48.175046789,2,#fc8d62,car
82170,9,1,79,121,2016,9,22,1,3,0,1,2,1,0,0,0,1,0,0,665289515.0,5338618598.0,11.223587081,48.179289285,4,#e78ac3,marker
82171,9,7,72,147,2016,9,12,5,3,9,6,0,0,0,0,0,1,1,0,638722.4589,5363278.0072,10.874506845,48.407381426,4,#e78ac3,marker
82172,9,1,87,170,2016,9,12,6,2,2,2,0,0,0,1,0,1,0,0,732557.8787,5318455.7078,12.116365043,47.977101583,2,#fc8d62,car
82173,9,1,87,150,2016,9,11,7,3,5,3,0,1,1,1,0,0,0,0,728972.2322,5304165.2618,12.060799581,47.850002836,1,#66c2a5,bicycle
82174,9,1,86,162,2016,9,11,2,2,1,6,0,0,0,1,0,0,0,0,691232.6908,5383006.4744,11.592437139,48.570946004,2,#fc8d62,car
82175,9,1,75,133,2016,9,19,2,3,2,2,2,1,0,1,0,0,0,0,707942.4731,5342118.4112,11.798459753,48.198215294,2,#fc8d62,car
82177,9,7,72,147,2016,9,16,5,3,1,6,0,0,0,1,0,0,0,0,635999.9005,5364422.3849,10.838108757,48.418264891,2,#fc8d62,car
82178,9,1,63,0,2016,9,15,6,3,0,1,0,0,0,0,0,1,0,0,733631.7802,5305056.5436,12.123472931,47.856333676,4,#e78ac3,marker
82179,9,1,87,130,2016,9,16,7,3,9,1,0,1,0,1,0,0,0,0,716478.8055,5312803.2154,11.898351359,47.931951127,2,#fc8d62,car
82180,9,1,84,146,2016,9,12,2,3,9,1,0,1,0,1,0,0,0,0,695036.8729,5328807.1602,11.618876783,48.082675112,2,#fc8d62,car
82182,9,7,61,0,2016,9,6,6,3,5,2,0,0,1,1,0,0,0,0,637519.2844,5352314.8922,10.854674764,48.309065902,1,#66c2a5,bicycle
82187,9,1,88,144,2016,9,16,7,3,9,1,0,1,0,1,0,0,0,0,668088.3447,5328989.1502,11.257408856,48.091986582,2,#fc8d62,car
82190,9,1,62,0,2016,9,5,4,3,2,6,2,0,0,1,0,0,0,0,684613143.0,5342671885.0,11.485063616,48.210401851,2,#fc8d62,car
82191,9,7,61,0,2016,9,14,5,3,5,3,0,0,1,1,0,0,0,0,643467.1509,5361435.8893,10.937953187,48.38975611,1,#66c2a5,bicycle
82193,9,1,62,0,2016,9,16,1,3,5,6,0,1,0,1,0,0,0,0,689011.1222,5341634.3656,11.54374252,48.199782274,2,#fc8d62,car
82195,9,7,71,155,2016,9,21,6,3,9,1,2,1,0,1,0,0,0,0,646603.7879,5375123.5685,10.985089732,48.512101918,2,#fc8d62,car
82198,9,1,82,120,2016,9,18,6,3,9,7,0,0,0,1,0,0,0,0,701772.3891,5305896.2209,11.698456803,47.874674216,2,#fc8d62,car
82200,9,7,71,113,2016,9,7,6,2,0,7,0,0,1,0,0,0,0,0,659744.1611,5364607.3082,11.158875683,48.414355418,1,#66c2a5,bicycle
82203,9,1,88,139,2016,9,17,7,3,5,3,0,1,1,1,0,0,0,0,674932.7727,5319248.7873,11.345269571,48.002583229,1,#66c2a5,bicycle
82206,9,7,77,158,2016,9,21,7,2,9,1,2,1,0,1,0,0,0,0,619185.1015,5307933.9599,10.59511241,47.913647407,2,#fc8d62,car
82209,9,1,78,130,2016,9,6,7,3,4,1,1,1,0,1,0,0,0,1,701067.6471,5353001.8656,11.711217074,48.298235985,2,#fc8d62,car
82212,9,7,71,113,2016,9,12,6,3,8,7,0,0,0,0,0,1,0,0,657137.6559,5366850.0509,11.124515793,48.435173752,4,#e78ac3,marker
82224,9,7,61,0,2016,9,1,7,2,8,1,2,1,0,1,0,0,0,0,642811.7742,5360276.1624,10.928711426,48.379477192,2,#fc8d62,car
82227,9,7,61,0,2016,9,13,1,3,0,1,0,1,0,1,0,0,0,0,640034.9583,5355712.2462,10.889712289,48.339062182,2,#fc8d62,car
82243,9,1,79,126,2016,9,20,7,3,1,5,2,1,0,1,0,0,0,0,676370.0464,5340393.3581,11.37325826,48.192263989,2,#fc8d62,car
82249,9,1,74,131,2016,9,11,7,3,8,1,0,1,0,1,0,0,0,0,676117.6489,5362955.6969,11.379274265,48.395146661,2,#fc8d62,car
82251,9,1,81,127,2016,9,1,1,3,2,6,2,1,0,1,0,0,0,1,634679323.0,5322818841.0,10.807045442,48.044436585,2,#fc8d62,car
82253,9,1,74,146,2016,9,22,6,2,2,6,2,1,0,1,0,0,0,1,668627.7191,5349860284.0,11.272931732,48.279472113,2,#fc8d62,car
82254,9,1,87,150,2016,9,17,7,3,8,1,0,1,0,1,0,0,0,0,725567.1857,5304062.4856,12.015294507,47.850283228,2,#fc8d62,car
82255,9,1,87,142,2016,9,8,2,3,5,3,0,1,0,1,0,0,0,0,733349.9759,5308496.5387,12.121568484,47.887341066,2,#fc8d62,car
82256,9,1,74,131,2016,9,17,2,3,2,6,0,1,0,1,0,0,0,0,676856.5916,5357274592.0,11.38685906,48.343873646,2,#fc8d62,car
82261,9,1,84,130,2016,9,9,7,3,2,6,0,1,0,1,0,0,1,1,697169.0479,5342579.7205,11.653852666,48.205797757,2,#fc8d62,car
82266,9,1,88,145,2016,9,7,2,3,2,6,0,1,0,1,0,1,0,0,663316.1932,5328029.4477,11.193001731,48.084599202,2,#fc8d62,car
82268,9,1,79,125,2016,9,11,1,3,5,3,0,1,0,1,0,0,0,0,661558.4747,5332372.3313,11.171061226,48.12409205,2,#fc8d62,car
82271,9,1,75,122,2016,9,12,2,3,5,3,0,1,0,1,0,0,0,1,721172822.0,5325330036.0,11.967562557,48.042904109,2,#fc8d62,car
82276,9,1,62,0,2016,9,6,6,3,2,6,0,0,0,1,0,0,0,0,687229.7659,5333176.2529,11.516069966,48.124286538,2,#fc8d62,car
82280,9,7,73,122,2016,9,9,7,2,2,3,0,0,0,1,0,1,0,0,626709.5057,5384546.0511,10.718715493,48.601160806,2,#fc8d62,car
82283,9,1,84,132,2016,9,6,6,3,3,6,1,0,1,1,0,0,0,0,682091.5482,5328413.9899,11.445054482,48.082969847,1,#66c2a5,bicycle
82288,9,1,62,0,2016,9,11,1,3,2,6,0,1,0,1,0,0,0,0,688511.0351,5334880.0462,11.534024602,48.139222435,2,#fc8d62,car
82291,9,2,61,0,2016,9,15,5,3,4,2,0,0,0,1,0,0,0,0,732104.7225,5379958.6555,12.144025395,48.529770093,2,#fc8d62,car
82294,9,1,88,117,2016,9,19,6,3,8,1,2,1,0,0,0,1,0,0,666976.6198,5312424123.0,11.236038363,47.943354595,4,#e78ac3,marker
82296,9,1,79,123,2016,9,21,6,3,5,2,2,1,0,1,0,0,0,0,677442.8931,5331965.8236,11.384167538,48.116208913,2,#fc8d62,car
82297,9,2,74,146,2016,9,11,2,3,5,3,0,1,0,1,0,0,0,0,733466051.0,5376491425.0,12.160496782,48.49812033,2,#fc8d62,car
82298,9,7,71,156,2016,9,7,7,3,9,1,0,1,0,1,0,0,0,0,652553.8321,5383437.4505,11.068648423,48.58543045,2,#fc8d62,car
82302,9,7,61,0,2016,9,21,1,3,5,2,2,1,0,1,0,0,0,0,641900.2,5357635.3679,10.915516551,48.355937977,2,#fc8d62,car
82306,9,2,74,146,2016,9,12,7,3,2,6,0,1,0,1,0,0,0,1,733463242.0,5377267992.0,12.160892944,48.505097038,2,#fc8d62,car
82308,9,1,84,121,2016,9,19,7,3,9,7,2,1,0,1,0,0,0,0,704950.8043,5332098.1787,11.753421506,48.109140796,2,#fc8d62,car
82309,9,2,61,0,2016,9,17,5,3,3,6,0,0,0,1,0,0,1,0,732282.8469,5380652.5598,12.146821049,48.535937394,2,#fc8d62,car
82320,9,2,74,185,2016,9,9,6,3,2,6,0,0,0,1,0,0,0,1,732002.5165,5371090024.0,12.137719356,48.45014192,2,#fc8d62,car
82321,9,1,62,0,2016,9,9,4,1,3,2,0,0,1,0,0,0,1,0,688288.7534,5340201.2426,11.533395196,48.187115873,1,#66c2a5,bicycle
82322,9,1,82,123,2016,9,16,6,2,5,3,0,0,0,1,0,0,0,0,718746.3653,5302689.6912,11.923547244,47.840305026,2,#fc8d62,car
82339,9,1,85,158,2016,9,18,6,3,5,3,0,0,1,1,0,0,0,0,666107.2485,5381523.1066,11.251527808,48.564774701,1,#66c2a5,bicycle
82351,9,7,72,209,2016,9,17,4,3,5,2,0,0,1,1,0,0,0,0,634832.1982,5335738.3542,10.813178046,48.160583363,1,#66c2a5,bicycle
82352,9,2,61,0,2016,9,18,4,3,6,4,1,0,0,0,1,0,0,1,731764.9453,5381274.5418,12.140161722,48.541715996,3,#8da0cb,toilet
82353,9,1,84,144,2016,9,16,5,3,8,1,0,0,0,0,0,1,0,0,687789.3815,5318700455.0,11.517227827,47.994007757,4,#e78ac3,marker
82358,9,1,74,151,2016,9,6,6,3,5,2,1,0,0,1,0,1,0,0,678724.2114,5361420.0988,11.41380232,48.380610499,2,#fc8d62,car
82369,9,2,61,0,2016,9,14,4,3,5,3,0,0,0,1,0,0,0,0,731009.3955,5383609.0314,12.13123575,48.562965019,2,#fc8d62,car
82371,9,2,61,0,2016,9,15,4,2,8,1,0,0,0,1,0,0,0,0,736317.8311,5383795101.0,12.203179162,48.56265833,2,#fc8d62,car
82379,9,1,62,0,2016,9,18,4,3,6,4,0,0,0,0,1,1,0,0,693025091.0,5331325.7799,11.593030874,48.105924245,3,#8da0cb,toilet
82381,9,1,84,148,2016,9,13,6,3,3,6,0,0,0,1,0,0,0,0,693407.7388,5326852.0961,11.596140138,48.065599623,2,#fc8d62,car
82384,9,1,81,130,2016,9,7,5,3,3,2,0,0,1,0,0,1,0,0,640312.3781,5323399.9008,10.882775413,48.048448301,1,#66c2a5,bicycle
82386,9,7,71,146,2016,9,11,5,2,0,7,0,0,1,0,0,0,0,0,647670.8477,5348687.4963,10.990234104,48.274162294,1,#66c2a5,bicycle
82388,9,1,84,145,2016,9,7,3,3,3,6,0,1,0,1,0,0,0,0,697286.7182,5322719.6825,11.646246708,48.027271818,2,#fc8d62,car
82407,9,1,87,150,2016,9,17,3,3,3,6,0,0,0,1,0,0,0,0,725583361.0,5304015.22,12.015485782,47.849852873,2,#fc8d62,car
82410,9,7,72,223,2016,9,15,6,3,4,2,0,0,0,1,0,0,0,0,618287.4547,5363915.4616,10.598677174,48.417280711,2,#fc8d62,car
82411,9,7,61,0,2016,9,8,3,3,3,6,0,0,0,0,0,1,0,1,641266.9281,5352290.7428,10.905181193,48.30802281,4,#e78ac3,marker
82418,9,1,88,141,2016,9,6,6,3,5,3,0,0,0,1,0,0,0,0,668132.9446,5306810.4359,11.249321039,47.892583053,2,#fc8d62,car
82420,9,7,72,171,2016,9,8,3,3,9,1,0,1,0,1,0,0,0,0,637181.2391,5373950.9883,10.857190433,48.503687502,2,#fc8d62,car
82426,9,7,61,0,2016,9,18,3,3,3,2,0,0,1,1,0,0,0,0,642295.9338,5359159.0091,10.921370827,48.369548824,1,#66c2a5,bicycle
82429,9,1,87,117,2016,9,13,5,3,8,1,0,0,1,0,0,0,0,0,721741.4769,5305008.0788,11.964710022,47.860110791,1,#66c2a5,bicycle
82432,9,7,61,0,2016,9,7,3,3,4,2,0,1,0,1,0,0,0,0,639828.8869,5352478.8029,10.885860504,48.310033364,2,#fc8d62,car
82438,9,1,84,145,2016,9,11,4,2,9,3,0,0,0,1,0,0,0,1,694095.1607,5323689.8705,11.603923436,48.036969402,2,#fc8d62,car
82439,9,1,84,130,2016,9,13,5,3,5,3,0,0,1,1,0,0,0,0,702597169.0,5349377288.0,11.730079516,48.265175848,1,#66c2a5,bicycle
82440,9,7,61,0,2016,9,17,3,3,5,3,0,0,1,1,0,0,0,0,640837.0855,5360494.5432,10.902131297,48.381884682,1,#66c2a5,bicycle
82444,9,2,61,0,2016,9,15,5,2,3,2,0,0,1,0,0,0,1,0,733032.7978,5382103.4285,12.157776264,48.548692068,1,#66c2a5,bicycle
82447,9,1,88,139,2016,9,5,5,3,5,3,2,0,1,1,0,0,0,0,675977458.0,5319001962.0,11.359161857,48.000077683,1,#66c2a5,bicycle
82448,9,2,74,146,2016,9,12,5,3,5,3,0,0,0,1,0,0,0,0,733346.8654,5373547.2328,12.157242298,48.471717666,2,#fc8d62,car
82450,9,7,73,182,2016,9,17,5,3,4,1,0,0,0,1,0,0,0,0,625146583.0,5380027.5382,10.696165028,48.560843263,2,#fc8d62,car
82451,9,1,87,124,2016,9,6,4,3,3,1,1,0,1,1,0,0,0,0,736081.6085,5327612.2966,12.168551509,48.058068924,1,#66c2a5,bicycle
82453,9,1,63,0,2016,9,16,4,3,6,3,0,0,0,1,1,0,0,0,733794.4565,5303927.8554,12.125034578,47.846134363,2,#fc8d62,car
82456,9,7,72,207,2016,9,17,4,3,2,6,0,0,0,1,0,0,0,0,639889.6794,5380964.6703,10.89619155,48.566153171,2,#fc8d62,car
82463,9,1,81,130,2016,9,17,3,3,5,2,0,0,1,1,0,0,0,0,639368011.0,5322925567.0,10.869956028,48.044389853,1,#66c2a5,bicycle
82467,9,1,74,141,2016,9,7,5,3,4,6,0,0,0,1,0,0,0,0,681996.6188,5355756025.0,11.455507693,48.328764416,2,#fc8d62,car
82470,9,7,61,0,2016,9,16,5,2,0,1,0,0,1,0,0,0,0,0,644008.9041,5361917.5048,10.945431934,48.393963031,1,#66c2a5,bicycle
82472,9,1,88,144,2016,9,12,3,3,5,3,0,0,0,1,0,0,0,0,668169.0332,5327518.9597,11.257912777,48.078748201,2,#fc8d62,car
82476,9,2,61,0,2016,9,6,5,3,5,3,1,0,0,1,0,0,0,0,732136563.0,5381992.2035,12.145588705,48.54802522,2,#fc8d62,car
82480,9,1,84,142,2016,9,17,4,3,4,2,0,0,0,1,0,1,0,0,683316.2284,5318053.9287,11.457049063,47.989494034,2,#fc8d62,car
82485,9,1,79,119,2016,9,5,3,3,5,3,2,0,1,1,0,0,0,0,670959.5336,5339029.0896,11.299966469,48.181479205,1,#66c2a5,bicycle
82488,9,7,71,145,2016,9,14,6,3,0,2,0,0,1,1,0,0,0,0,643538.9059,5347755.0496,10.934262743,48.266728162,1,#66c2a5,bicycle
82493,9,1,74,113,2016,9,15,6,1,5,3,0,0,0,1,0,1,0,0,677716813.0,5351087087.0,11.395851121,48.288013961,2,#fc8d62,car
82504,9,1,79,138,2016,9,7,3,3,8,1,0,1,0,1,0,0,1,0,653747.9523,5334471.2305,11.066931752,48.144897839,2,#fc8d62,car
82512,9,1,86,146,2016,9,15,4,1,4,2,0,0,0,0,0,1,1,0,685943.4982,5370399216.0,11.515189125,48.459227456,4,#e78ac3,marker
82513,9,1,62,0,2016,9,6,5,3,2,6,1,0,0,1,0,0,0,1,690851.6698,5339106.6146,11.567351486,48.176512707,2,#fc8d62,car
82517,9,1,74,150,2016,9,13,3,2,6,4,0,0,0,0,1,0,0,1,680920.0396,5359280.0143,11.442510069,48.360748727,3,#8da0cb,toilet
82520,9,1,74,111,2016,9,12,3,2,0,5,0,0,1,1,0,0,0,0,666957.6359,5361771341.0,11.255158118,48.386991527,1,#66c2a5,bicycle
82525,9,1,90,138,2016,9,21,5,2,0,4,2,0,0,1,1,0,0,0,663506.6356,5307953.9805,11.187909884,47.904059779,2,#fc8d62,car
82527,9,7,61,0,2016,9,16,4,3,2,1,0,0,0,1,0,0,0,0,640804.7548,5355565.7587,10.900045479,48.337573924,2,#fc8d62,car
82530,9,1,84,131,2016,9,15,3,3,2,6,0,0,0,1,0,0,1,0,704447.8407,5337454.9502,11.749242966,48.157441678,2,#fc8d62,car
82534,9,1,78,113,2016,9,18,3,3,2,6,0,0,0,1,0,0,0,0,692967712.0,5367541006.0,11.608785587,48.431425512,2,#fc8d62,car
82538,9,1,78,124,2016,9,9,5,2,5,3,0,0,0,1,0,1,0,0,698432.4006,5362630.7721,11.680259737,48.385600979,2,#fc8d62,car
82543,9,7,71,144,2016,9,7,5,3,0,7,0,0,1,0,0,0,0,0,661376.5897,5373272.3433,11.184260944,48.49183765,1,#66c2a5,bicycle
82544,9,1,79,145,2016,9,10,4,3,2,6,0,0,0,1,0,0,0,0,675875.5341,5338354.7265,11.365766035,48.174075418,2,#fc8d62,car
82545,9,1,81,130,2016,9,14,5,3,2,6,0,0,0,1,0,0,0,0,641903.9578,5324041.6575,10.904332627,48.053867189,2,#fc8d62,car
82548,9,7,72,163,2016,9,5,5,3,2,6,2,0,0,1,0,0,1,0,638527.6433,5346772.3405,10.866449383,48.259007465,2,#fc8d62,car
82549,9,1,74,115,2016,9,15,4,3,5,3,0,0,0,1,0,1,0,0,683285.5663,5348151.2598,11.469580936,48.260037727,2,#fc8d62,car
82550,9,1,75,122,2016,9,7,3,3,5,3,0,0,1,1,0,0,0,0,721067.0503,5325977.4859,11.96647967,48.048758103,1,#66c2a5,bicycle
82551,9,1,78,145,2016,9,18,4,3,2,6,0,0,0,1,0,0,0,0,697375.8616,5356574.3209,11.663164512,48.33150379,2,#fc8d62,car
82557,9,1,87,122,2016,9,12,6,3,2,6,0,0,0,1,0,0,1,0,720764.3768,5307487.0638,11.952930314,47.882721963,2,#fc8d62,car
82561,9,1,62,0,2016,9,1,2,3,8,1,0,0,0,1,0,0,0,0,694517.9215,5335004.0054,11.614741803,48.138528685,2,#fc8d62,car
82562,9,1,86,152,2016,9,14,4,3,2,6,0,0,0,1,0,0,0,0,691348.0471,5373346.8675,11.589566426,48.484098528,2,#fc8d62,car
82567,9,1,62,0,2016,9,9,2,3,2,6,0,1,0,1,0,0,0,0,692557383.0,5339181372.0,11.590306516,48.17667006,2,#fc8d62,car
82568,9,1,78,144,2016,9,8,4,2,1,5,0,0,0,1,0,0,0,1,706311.5334,5377694.2857,11.793977824,48.518431401,2,#fc8d62,car
82582,9,1,62,0,2016,9,8,2,3,3,2,0,1,1,1,0,0,0,0,694588.8912,5336161.8944,11.616223902,48.148913598,1,#66c2a5,bicycle
82587,9,1,87,150,2016,9,12,5,3,6,4,0,0,0,1,1,0,0,0,729336.8333,5303366.1275,12.065242745,47.842693017,2,#fc8d62,car
82590,9,7,71,112,2016,9,11,4,3,2,2,0,0,0,1,0,0,1,0,646614.0816,5369659.3649,10.983311658,48.462970756,2,#fc8d62,car
82591,9,1,77,117,2016,9,7,4,3,1,6,1,1,0,1,0,1,0,0,714499.5922,5355906.5711,11.893578806,48.319925531,2,#fc8d62,car
82592,9,1,62,0,2016,9,5,5,3,5,2,2,0,1,1,0,0,0,0,682664.9518,5337565.5433,11.456668434,48.165066622,1,#66c2a5,bicycle
82595,9,1,77,113,2016,9,17,6,3,5,3,0,0,0,1,0,0,0,1,720781961.0,5353033169.0,11.976707167,48.291947235,2,#fc8d62,car
82600,9,1,62,0,2016,9,8,2,2,6,4,0,1,0,1,1,0,0,0,687278.5728,5335092.3964,11.517567481,48.141495028,2,#fc8d62,car
82604,9,1,74,113,2016,9,22,5,3,8,7,2,0,0,1,0,0,1,0,669809.6534,5348791.2894,11.288420465,48.269546435,2,#fc8d62,car
82608,9,1,62,0,2016,9,6,3,3,5,7,0,0,0,1,0,1,0,0,694718431.0,5334150084.0,11.617043869,48.130792676,2,#fc8d62,car
82610,9,1,62,0,2016,9,14,3,3,3,2,0,0,1,1,0,0,0,0,687726393.0,5329433381.0,11.521090244,48.090498264,1,#66c2a5,bicycle
82618,9,1,79,126,2016,9,16,5,2,5,3,0,0,1,1,0,0,0,0,677158.7249,5339735.0215,11.383586711,48.186126636,1,#66c2a5,bicycle
82620,9,7,71,130,2016,9,11,5,3,4,2,0,0,0,1,0,0,0,0,650892.9126,5358330.1858,11.037081298,48.360100221,2,#fc8d62,car
82621,9,1,62,0,2016,9,16,3,3,0,3,0,0,1,1,0,0,0,0,687616.1664,5335046.0543,11.522080745,48.140979037,1,#66c2a5,bicycle