OBJECTID,ULAND,UREGBEZ,UKREIS,UGEMEINDE,UJAHR,UMONAT,USTUNDE,UWOCHENTAG,UKATEGORIE,UART,UTYP1,ULICHTVERH,STRZUSTAND,IstRad,IstPKW,IstFuss,IstKrad,IstGkfz,IstSonstig,LINREFX,LINREFY,XGCSWGS84,YGCSWGS84,Teilnehmer,color,symbol
82623,9,1,62,0,2016,9,8,3,3,2,6,0,0,0,1,0,0,0,0,689146.4258,5330863331.0,11.540774935,48.102931106,2,#fc8d62,car
82625,9,1,62,0,2016,9,20,5,3,2,6,2,0,0,1,0,0,0,0,694564.4364,5331194.0609,11.613627616,48.104272137,2,#fc8d62,car
82628,9,2,74,126,2016,9,7,6,3,5,3,1,0,0,1,0,0,0,0,733002.8605,5386148.4061,12.159636151,48.585037653,2,#fc8d62,car
82635,9,1,84,114,2016,9,16,4,3,4,2,0,0,0,1,0,0,0,0,701274601.0,5317811535.0,11.697373674,47.981917375,2,#fc8d62,car
82641,9,1,62,0,2016,9,8,3,3,9,1,0,1,0,1,0,0,0,0,694442.7671,5331867.4812,11.612301873,48.110361753,2,#fc8d62,car
82643,9,7,72,207,2016,9,17,6,3,0,1,0,1,1,0,0,0,0,1,641145191.0,5380734259.0,10.913121882,48.563800026,1,#66c2a5,bicycle
82646,9,1,87,137,2016,9,9,5,3,2,6,0,0,0,1,0,0,0,0,726488.1035,5307948.8364,12.02962337,47.884877559,2,#fc8d62,car
82648,9,7,72,223,2016,9,18,4,3,9,7,0,0,1,0,0,0,0,0,619376.0312,5361826.8613,10.612789289,48.398292669,1,#66c2a5,bicycle
82649,9,1,81,130,2016,9,21,6,3,5,3,2,0,1,1,0,0,0,0,639670195.0,5323246006.0,10.874112871,48.047205288,1,#66c2a5,bicycle
82666,9,1,62,0,2016,9,13,5,2,5,3,0,0,1,0,0,0,0,1,692538355.0,5339191197.0,11.590055271,48.176764129,1,#66c2a5,bicycle
82670,9,7,61,0,2016,9,14,2,3,3,6,0,1,0,1,0,0,1,0,637492.5158,5359866.6093,10.856779435,48.376976188,2,#fc8d62,car
82671,9,1,82,120,2016,9,14,5,3,5,3,0,0,1,1,0,0,0,0,702836.9468,5307460.9964,11.71341231,47.888401952,1,#66c2a5,bicycle
82674,9,1,81,130,2016,9,14,5,2,8,1,0,0,1,0,0,0,0,0,639899833.0,5323545056.0,10.877290231,48.049844137,1,#66c2a5,bicycle
82675,9,1,87,150,2016,9,15,5,3,3,3,0,0,0,1,0,1,0,0,725169.2783,5304174.9986,12.010041583,47.851433656,2,#fc8d62,car
82679,9,1,87,150,2016,9,17,5,3,2,6,0,0,0,0,0,1,0,0,728102.8418,5304467.0154,12.049354086,47.853023066,4,#e78ac3,marker
82684,9,7,71,111,2016,9,14,2,3,8,1,0,1,0,0,0,0,1,0,657948586.0,5357924.4361,11.132114811,48.354726742,5,#a6d854,bus
82688,9,7,72,147,2016,9,7,2,3,4,7,0,1,0,1,0,0,0,0,635571.0236,5364409.8403,10.832311298,48.418244519,2,#fc8d62,car
82692,9,1,77,133,2016,9,16,5,3,4,2,0,0,0,1,0,0,0,0,709843555.0,5359848.8471,11.832813421,48.356911698,2,#fc8d62,car
82697,9,7,61,0,2016,9,17,5,3,4,6,0,0,1,0,0,0,0,0,637809.6882,5352877.9729,10.858773143,48.31406589,1,#66c2a5,bicycle
82699,9,1,84,137,2016,9,13,7,3,2,6,0,0,0,1,0,1,0,0,703921.4525,5319475.0641,11.733593798,47.99602936,2,#fc8d62,car
82702,9,1,73,118,2016,9,16,1,3,3,6,0,0,1,1,0,0,0,0,688839193.0,5302859591.0,11.524344534,47.851312363,1,#66c2a5,bicycle
82709,9,1,78,124,2016,9,20,3,2,8,1,2,0,0,0,0,1,0,0,703527957.0,5364821625.0,11.750066465,48.403665194,4,#e78ac3,marker
82712,9,1,87,182,2016,9,13,3,3,2,2,0,0,0,1,0,1,0,0,738388.1112,5328331.1051,12.199858832,48.063668678,2,#fc8d62,car
82714,9,1,62,0,2016,9,14,7,3,3,2,0,0,1,1,0,0,0,0,693829.0258,5331643.5439,11.603963471,48.108536127,1,#66c2a5,bicycle
82717,9,2,61,0,2016,9,7,3,2,2,6,0,0,0,1,0,1,0,0,733292.7258,5381124.3288,12.160744678,48.53980058,2,#fc8d62,car
82722,9,1,78,133,2016,9,19,2,1,9,1,1,0,0,1,0,0,0,0,686595.2346,5367766.6489,11.522823092,48.435373677,2,#fc8d62,car
82725,9,1,78,124,2016,9,20,2,2,5,2,2,0,0,1,0,0,0,0,698431.2143,5362629637.0,11.680243196,48.385591151,2,#fc8d62,car
82727,9,1,77,131,2016,9,6,3,1,4,6,1,0,0,1,0,1,0,0,713062.2044,5347977.1376,11.870215936,48.249162155,2,#fc8d62,car
82730,9,1,63,0,2016,9,7,3,3,2,6,0,0,0,1,0,0,0,0,733252.7781,5305277.4444,12.11853286,47.858455922,2,#fc8d62,car
82738,9,1,75,115,2016,9,19,2,3,0,1,2,0,1,0,0,0,0,0,721034.6666,5329306419.0,11.967766096,48.078679817,1,#66c2a5,bicycle
82740,9,1,62,0,2016,9,16,1,3,3,7,0,0,0,1,0,1,0,0,687971.7739,5334999.8851,11.526835899,48.140459103,2,#fc8d62,car
82742,9,1,77,118,2016,9,15,3,3,0,7,0,0,0,1,1,0,0,0,708069574.0,5344642062.0,11.801405695,48.220851432,2,#fc8d62,car
82758,9,1,81,115,2016,9,6,4,3,2,6,1,0,0,1,0,0,0,0,656867.1676,5326840.0185,11.106029715,48.075524686,2,#fc8d62,car
82759,9,1,62,0,2016,9,15,1,3,2,6,0,0,0,1,0,0,0,0,687406.9453,5335075.6137,11.519284064,48.141306382,2,#fc8d62,car
82760,9,1,75,123,2016,9,16,3,2,5,3,0,0,0,1,0,0,0,0,725596888.0,5336317.5889,12.032640956,48.140073568,2,#fc8d62,car
82773,9,1,84,112,2016,9,18,3,3,5,3,0,0,1,1,0,0,0,0,701801.3179,5339301.4249,11.714572599,48.174880946,1,#66c2a5,bicycle
82774,9,1,62,0,2016,9,14,1,3,2,6,0,0,0,1,0,0,0,0,688743.1616,5329048.3549,11.534561066,48.086737291,2,#fc8d62,car
82776,9,1,75,123,2016,9,15,3,3,4,6,0,0,0,1,0,0,1,0,723325.3115,5337183.6643,12.002602655,48.148656143,2,#fc8d62,car
82780,9,1,78,123,2016,9,10,4,2,8,1,0,0,0,0,0,0,0,1,689974.8304,5359801.5439,11.564865378,48.362776717,6,#ffd92f,circle
82782,9,1,62,0,2016,9,8,2,3,2,6,0,0,0,1,0,0,0,0,688381.0813,5334055.3612,11.531914798,48.131848506,2,#fc8d62,car
82794,9,1,84,140,2016,9,15,2,3,2,6,0,0,0,1,0,0,0,0,700504.9249,5328917735.0,11.692268605,48.081972802,2,#fc8d62,car
82797,9,1,63,0,2016,9,14,3,3,2,6,0,1,0,1,0,0,0,0,730895.4642,5303350304.0,12.086035333,47.841993073,2,#fc8d62,car
82798,9,1,87,122,2016,9,3,7,3,8,1,2,0,0,1,0,0,0,0,718838719.0,5305576.7432,11.926240297,47.866215718,2,#fc8d62,car
82804,9,1,87,150,2016,9,10,7,2,2,6,0,0,0,1,0,1,0,0,729795.7631,5303379.3407,12.071374566,47.842647887,2,#fc8d62,car
82808,9,1,84,141,2016,9,11,1,3,2,6,0,0,0,1,0,0,0,1,700486.3408,5316678046.0,11.686293022,47.971977824,2,#fc8d62,car
82815,9,7,61,0,2016,9,18,3,3,4,2,0,0,1,1,0,0,0,0,641388.48,5357505955.0,10.908569337,48.354889133,1,#66c2a5,bicycle
82826,9,2,74,132,2016,9,11,3,3,2,6,0,0,0,0,0,0,1,1,722031217.0,5386053783.0,12.011024025,48.588171825,5,#a6d854,bus
82828,9,1,62,0,2016,9,8,2,3,2,7,0,0,0,0,0,0,0,1,680282.1628,5338539.9389,11.425065338,48.174505514,6,#ffd92f,circle
82834,9,1,62,0,2016,9,6,2,3,2,6,2,0,0,1,0,1,0,0,681375662.0,5341844.6678,11.441171963,48.203899653,2,#fc8d62,car
82839,9,7,78,209,2016,9,1,1,3,9,1,2,0,0,1,0,0,0,0,618450.0436,5325782501.0,10.59020446,48.074308709,2,#fc8d62,car
82847,9,7,77,130,2016,9,15,7,3,5,3,0,0,0,1,0,1,0,0,624038.9868,5308987.8179,10.660349961,47.922204773,2,#fc8d62,car
82848,9,1,87,182,2016,9,15,1,3,4,6,0,0,0,1,0,0,0,1,737665.3711,5327676.2606,12.189809367,48.058055723,2,#fc8d62,car
82850,9,1,79,121,2016,9,13,4,2,5,3,0,0,1,1,0,0,0,0,666829024.0,5338233308.0,11.24412995,48.175423177,1,#66c2a5,bicycle
82851,9,7,77,121,2016,9,17,1,3,4,1,0,0,0,1,0,0,0,0,628503.8541,5318884.2461,10.723046387,48.010325615,2,#fc8d62,car
82854,9,1,62,0,2016,9,9,7,2,2,6,0,0,0,1,0,0,0,0,682855.2233,5342276.8248,11.461252903,48.207359702,2,#fc8d62,car
82855,9,7,77,121,2016,9,11,7,3,6,4,0,0,0,1,1,0,0,0,628827.1634,5321903.1632,10.728287035,48.037409807,2,#fc8d62,car
82858,9,1,63,0,2016,9,20,1,3,4,2,2,0,0,1,0,1,0,0,734555885.0,5304278.81,12.135386762,47.849009994,2,#fc8d62,car
82862,9,1,74,115,2016,9,19,7,3,5,2,2,0,0,1,0,1,0,0,683268599.0,5348310671.0,11.469421593,48.261475488,2,#fc8d62,car
82871,9,7,72,149,2016,9,12,7,3,1,6,0,0,0,1,0,0,0,0,634978.2569,5338030457.0,10.81586895,48.181163866,2,#fc8d62,car
82873,9,1,78,122,2016,9,15,4,2,5,2,0,0,0,1,0,1,0,0,703014.7916,5384517.4665,11.752711735,48.580818553,2,#fc8d62,car
82878,9,1,78,150,2016,9,11,7,3,5,6,0,0,0,1,0,0,0,1,691391.5049,5371043.4596,11.589099747,48.463384014,2,#fc8d62,car
82879,9,7,72,209,2016,9,15,7,3,5,3,0,0,1,1,0,0,0,0,634815606.0,5335726343.0,10.812951229,48.160478872,1,#66c2a5,bicycle
82893,9,1,86,130,2016,9,17,3,3,0,1,0,0,0,0,0,1,0,0,684861.9704,5373419.1736,11.501909189,48.486689084,4,#e78ac3,marker
82894,9,1,78,113,2016,9,11,7,3,2,6,0,0,0,1,0,0,0,0,691490.5928,5368262.8536,11.589167119,48.438363785,2,#fc8d62,car
82895,9,7,71,113,2016,9,21,7,3,0,7,2,0,1,0,0,0,0,0,657486.1012,5368829.1766,11.129967593,48.452879576,1,#66c2a5,bicycle
82900,9,1,81,127,2016,9,17,2,3,2,6,0,0,0,1,0,0,0,0,634591.1332,5322769.6278,10.8058473,48.044012629,2,#fc8d62,car
82911,9,7,73,125,2016,9,16,1,3,5,3,0,0,0,1,0,0,0,0,618258.8671,5380837.0289,10.603082165,48.569459978,2,#fc8d62,car
82916,9,1,88,139,2016,9,16,3,3,5,2,0,0,1,1,0,0,0,0,677518824.0,5319237.3257,11.379904468,48.001767383,1,#66c2a5,bicycle
82918,9,1,78,113,2016,9,10,7,3,2,6,0,0,0,1,0,0,0,0,691497.9529,5368412.2472,11.58933481,48.439704192,2,#fc8d62,car
82920,9,1,87,117,2016,9,14,1,3,0,1,0,0,0,0,0,1,0,0,723882907.0,5304809079.0,11.99319798,47.857580267,4,#e78ac3,marker
82921,9,1,74,113,2016,9,6,2,3,2,6,0,0,0,1,0,0,0,0,669162489.0,5349490.1926,11.279985853,48.276002486,2,#fc8d62,car
82924,9,7,72,200,2016,9,18,1,3,5,3,0,0,0,1,0,1,0,0,630211.3571,5336206.4427,10.751212495,48.165755984,2,#fc8d62,car
82926,9,7,72,147,2016,9,15,1,2,4,2,0,0,1,1,0,0,0,0,638037.6346,5365068.2938,10.865847318,48.423629602,1,#66c2a5,bicycle
82927,9,1,75,132,2016,9,19,7,2,6,4,2,0,0,1,1,0,0,0,707353.6613,5336127.7894,11.78762384,48.144574625,2,#fc8d62,car
82933,9,1,75,133,2016,9,10,7,3,5,3,0,0,0,1,0,0,0,0,708319.6962,5341865.1083,11.803405786,48.195815459,2,#fc8d62,car
82936,9,1,75,135,2016,9,17,4,3,2,3,0,0,1,1,0,0,0,0,709570.4392,5339044.5358,11.818825123,48.170058327,1,#66c2a5,bicycle
82937,9,7,71,168,2016,9,14,1,3,5,3,0,0,0,1,0,1,0,0,648656.1701,5342180.9815,11.001221011,48.215429721,2,#fc8d62,car
82944,9,1,78,142,2016,9,19,7,3,7,7,2,0,0,0,0,1,0,0,712333.6195,5376845.3329,11.874994649,48.508796301,4,#e78ac3,marker
82955,9,1,84,122,2016,9,18,3,3,4,2,0,0,1,1,0,0,0,0,687865.8625,5322753.6888,11.520027566,48.030417631,1,#66c2a5,bicycle
82961,9,1,88,139,2016,9,9,3,3,3,6,0,0,0,1,0,0,0,0,675128.4447,5319249.9763,11.347891091,48.002540348,2,#fc8d62,car
82962,9,1,78,124,2016,9,14,7,3,2,6,0,0,0,1,0,0,0,0,703346.88,5366252.7211,11.748316109,48.416583713,2,#fc8d62,car
82966,9,7,72,147,2016,9,11,2,3,3,6,0,0,0,1,0,0,1,0,639140.4537,5364063.2002,10.880412286,48.414349505,2,#fc8d62,car
82968,9,1,75,119,2016,9,18,7,2,9,1,1,0,0,1,0,0,0,0,725483.4291,5324375.1172,12.024814232,48.03281696,2,#fc8d62,car
82974,9,1,86,143,2016,9,19,2,3,2,6,2,0,0,1,0,0,0,0,683451.6025,5378769.2887,11.485191932,48.535188652,2,#fc8d62,car
82979,9,7,72,115,2016,9,17,2,2,0,7,0,0,0,0,0,1,0,0,617403.7102,5367858.9017,10.587842935,48.452909546,4,#e78ac3,marker
82982,9,1,81,130,2016,9,15,3,3,6,7,0,0,0,1,1,0,0,0,639813755.0,5323317733.0,10.87606154,48.047818847,2,#fc8d62,car
82983,9,1,77,138,2016,9,13,7,3,5,3,0,0,1,1,0,0,0,0,728430.7156,5364704.8016,12.086008529,48.394086841,1,#66c2a5,bicycle
82988,9,1,88,121,2016,9,6,2,3,2,6,1,0,0,1,0,0,0,0,674342.7154,5330768.7499,11.342059884,48.106304159,2,#fc8d62,car
82991,9,1,62,0,2016,9,12,1,3,2,6,0,0,0,1,0,0,0,0,686864.2213,5333238.9251,11.511190003,48.124957255,2,#fc8d62,car
82994,9,1,79,113,2016,9,7,2,3,4,6,0,0,0,1,0,1,1,0,671183.0335,5335587.9406,11.301585567,48.150484287,2,#fc8d62,car
83000,9,7,72,159,2016,9,18,2,2,4,6,0,0,0,1,0,0,0,0,628873.5767,5360582.3945,10.740661465,48.385232165,2,#fc8d62,car
83003,9,1,62,0,2016,9,8,3,3,2,6,0,0,0,1,0,0,0,0,697200.6445,5335189.8016,11.650849669,48.139372799,2,#fc8d62,car
83006,9,1,62,0,2016,9,17,6,3,4,1,0,0,0,1,0,0,0,0,698196.3329,5329802.2066,11.661715386,48.090643641,2,#fc8d62,car
83008,9,1,62,0,2016,9,17,1,3,2,6,0,0,0,1,0,0,0,0,678473.6287,5336418.6898,11.39986991,48.155948033,2,#fc8d62,car
83009,9,1,81,115,2016,9,10,2,3,0,1,0,0,1,0,0,0,0,0,658494.2533,5327190.1111,11.127988569,48.078269983,1,#66c2a5,bicycle
83013,9,7,72,200,2016,9,15,2,3,4,2,0,0,0,1,0,0,0,0,629163779.0,5336773669.0,10.737302688,48.171070665,2,#fc8d62,car
83015,9,1,84,119,2016,9,8,6,3,1,6,0,0,0,1,0,0,0,0,695278.6005,5347366.7201,11.630641038,48.249404479,2,#fc8d62,car
83016,9,7,72,171,2016,9,14,2,3,2,6,0,0,0,1,0,0,0,0,637729761.0,5372059.5028,10.863988593,48.48655992,2,#fc8d62,car
83024,9,1,84,147,2016,9,8,3,3,2,6,0,0,0,1,0,1,0,0,698820.0495,5341681.5166,11.675629028,48.197210659,2,#fc8d62,car
83029,9,1,88,141,2016,9,18,1,3,0,7,0,0,0,1,0,0,0,1,670422134.0,5308944.7259,11.280764528,47.911166962,2,#fc8d62,car
83031,9,1,88,120,2016,9,8,4,3,6,2,0,0,0,0,1,1,0,0,677261508.0,5326486157.0,11.379457761,48.067001239,3,#8da0cb,toilet
83033,9,7,61,0,2016,9,17,2,3,6,2,0,0,0,1,1,0,0,0,641870.4771,5357641.2499,10.915117536,48.355997545,2,#fc8d62,car
83035,9,7,74,144,2016,9,12,6,3,1,6,0,0,0,1,0,0,0,0,613923.8439,5361973.4804,10.539197465,48.400620037,2,#fc8d62,car
83039,9,1,79,138,2016,9,12,1,3,5,3,0,0,0,1,0,0,0,0,654397.9106,5335735.0714,11.076122111,48.156103659,2,#fc8d62,car
83047,9,1,78,145,2016,9,12,1,3,2,6,0,0,0,1,0,0,0,0,697321.4161,5356545.4649,11.662417202,48.331261462,2,#fc8d62,car
83048,9,1,78,143,2016,9,18,4,3,0,7,0,0,0,0,0,1,0,0,718006.9757,5372160.4727,11.949263402,48.464762133,4,#e78ac3,marker
83050,9,7,61,0,2016,9,14,2,2,6,4,0,0,0,1,1,0,0,0,639822.3204,5360754.2556,10.888520171,48.384445661,2,#fc8d62,car
83055,9,1,78,116,2016,9,12,1,3,0,6,0,1,1,0,0,0,0,0,701431.9832,5368782.9361,11.723681719,48.439936054,1,#66c2a5,bicycle
83065,9,1,62,0,2016,9,2,3,3,9,7,2,0,0,1,0,0,0,0,688439.3742,5344364.2657,11.537268332,48.224488621,2,#fc8d62,car
83066,9,1,62,0,2016,9,23,3,3,1,2,2,0,0,1,0,0,0,0,688513006.0,5334964.3646,11.534088391,48.139979718,2,#fc8d62,car
83072,9,1,77,116,2016,9,16,3,3,8,1,0,0,0,1,0,0,0,0,711222.5603,5364251.0132,11.853617091,48.396007365,2,#fc8d62,car
83076,9,1,77,133,2016,9,13,1,3,9,1,0,0,0,0,0,1,0,0,707808.3579,5361743.6379,11.806309368,48.3746109,4,#e78ac3,marker
83079,9,1,74,111,2016,9,16,2,3,2,6,0,0,0,0,0,1,1,0,666103.7683,5361503.2723,11.243527863,48.3848071,4,#e78ac3,marker
83080,9,2,61,0,2016,9,19,7,1,4,6,2,0,0,1,0,1,0,0,733206.2089,5380944.4716,12.159473726,48.538217142,2,#fc8d62,car
83087,9,1,75,132,2016,9,18,3,2,2,6,1,0,0,1,0,0,1,0,706958.3623,5330405084.0,11.779538414,48.093276868,2,#fc8d62,car
83091,9,1,62,0,2016,9,8,7,3,2,6,0,0,0,1,0,0,0,0,694780.8896,5332311.8508,11.617042501,48.11425227,2,#fc8d62,car
83093,9,7,78,116,2016,9,18,6,3,2,6,0,0,0,1,0,0,0,0,620226.4804,5320633046.0,10.612596685,48.027664434,2,#fc8d62,car
83095,9,1,62,0,2016,9,14,7,3,3,2,0,0,1,1,0,0,0,0,694617906.0,5334176.8626,11.61570649,48.131064095,1,#66c2a5,bicycle
83096,9,1,84,147,2016,9,8,2,3,2,6,0,0,0,1,0,0,0,0,699523.9303,5341452.8091,11.684983285,48.194934508,2,#fc8d62,car
83100,9,2,74,126,2016,9,13,2,3,3,6,0,0,0,1,0,0,1,0,733823.5924,5382505.9129,12.168701056,48.552013176,2,#fc8d62,car
83102,9,7,78,216,2016,9,10,6,3,0,2,0,0,0,1,0,0,0,0,623759.3521,5322144.4888,10.660399507,48.040582582,2,#fc8d62,car
83108,9,7,62,0,2016,9,16,6,3,5,3,0,0,1,1,0,0,0,0,621779.4961,5303248.5846,10.628498035,47.871021013,1,#66c2a5,bicycle
83110,9,1,84,136,2016,9,22,7,3,8,1,2,0,0,1,0,0,0,0,698179.6605,5326943.0693,11.660165806,48.064952753,2,#fc8d62,car
83111,9,2,61,0,2016,9,10,2,3,4,2,0,0,0,1,0,0,0,0,732787715.0,5381508.39,12.154127951,48.543438012,2,#fc8d62,car
83112,9,1,62,0,2016,9,0,4,3,9,7,2,0,0,1,0,0,0,0,699892239.0,5335274.7336,11.687030024,48.139296276,2,#fc8d62,car
83119,9,1,90,138,2016,9,21,2,2,6,7,2,0,0,1,1,0,0,1,663514.5315,5307057.4129,11.18767567,47.895996927,2,#fc8d62,car
83120,9,7,62,0,2016,9,15,6,3,0,2,0,0,0,1,0,0,0,0,622173.7847,5304714.9794,10.634183227,47.884134461,2,#fc8d62,car
83125,9,1,84,142,2016,9,14,7,3,4,2,0,0,0,1,0,0,0,0,683153.1983,5318288.2416,11.454965947,47.99164696,2,#fc8d62,car
83128,9,1,90,138,2016,9,17,7,3,0,6,0,0,0,0,0,1,0,0,659958.1268,5310598.4025,11.141442667,47.928730496,4,#e78ac3,marker
83130,9,1,62,0,2016,9,8,7,3,2,6,0,0,0,1,0,0,0,0,687652.9452,5333395.4886,11.521847638,48.126132495,2,#fc8d62,car
83131,9,1,77,115,2016,9,9,4,3,2,6,0,0,0,1,0,0,1,0,733961.2463,5351541364.0,12.153300174,48.273812753,2,#fc8d62,car
83137,9,1,75,132,2016,9,16,3,3,5,3,0,0,0,1,0,0,0,0,708663928.0,5333239834.0,11.803802793,48.118194537,2,#fc8d62,car
83140,9,1,74,113,2016,9,8,5,3,2,6,0,0,0,1,0,0,0,0,673993377.0,5345233.4266,11.343290934,48.236428484,2,#fc8d62,car
83151,9,1,62,0,2016,10,22,1,2,6,4,2,1,0,1,1,0,0,0,695714.2233,5333909.6687,11.630302455,48.128326542,2,#fc8d62,car
83153,9,1,74,111,2016,10,4,1,2,8,1,2,1,0,0,0,0,0,1,667697.6703,5362679.6559,11.265508543,48.39496055,6,#ffd92f,circle
83157,9,2,61,0,2016,10,0,1,3,4,2,2,1,0,1,0,0,0,0,731596495.0,5381546288.0,12.138034016,48.544219236,2,#fc8d62,car
83158,9,1,79,123,2016,9,19,5,3,5,2,1,0,1,0,0,0,1,0,675945.5971,5333554.5155,11.364723106,48.130905636,1,#66c2a5,bicycle
83160,9,2,61,0,2016,9,16,5,3,3,2,0,0,1,1,0,0,0,0,732030.9451,5380860.6873,12.143529657,48.537900132,1,#66c2a5,bicycle
83176,9,1,77,144,2016,10,17,1,3,2,6,0,1,0,1,0,0,0,0,718161.6691,5346685601.0,11.938154186,48.235823388,2,#fc8d62,car
83181,9,1,79,121,2016,9,16,5,3,1,6,0,0,0,1,0,0,0,1,668280.8293,5338232.2323,11.263642991,48.175030712,2,#fc8d62,car
83190,9,7,78,203,2016,9,17,6,3,0,7,0,0,1,0,0,0,0,0,622789943.0,5324421.38,10.648052567,48.061246726,1,#66c2a5,bicycle
83191,9,1,74,115,2016,9,17,5,3,1,6,0,0,0,1,0,0,0,0,680936.0801,5348591.7317,11.438142424,48.264672236,2,#fc8d62,car
83193,9,1,62,0,2016,10,11,7,3,4,2,0,0,0,1,0,0,0,0,697391614.0,5331330012.0,11.651626747,48.104624336,2,#fc8d62,car
83199,9,1,84,135,2016,9,17,5,3,2,6,0,0,0,1,0,0,1,0,688005063.0,5347453665.0,11.532797572,48.252385044,2,#fc8d62,car
83201,9,1,90,159,2016,9,17,5,2,2,6,0,0,0,1,0,1,0,0,662892.9114,5305330.1311,11.17871347,47.880625299,2,#fc8d62,car
83211,9,1,62,0,2016,10,20,7,3,2,6,2,1,0,1,0,0,0,0,693368.6581,5337437.2855,11.600415137,48.160748497,2,#fc8d62,car
83214,9,1,84,147,2016,9,9,5,3,2,6,0,0,0,1,0,0,0,0,698497.6748,5341843.1954,11.671371148,48.198764527,2,#fc8d62,car
83226,9,2,74,126,2016,10,16,2,3,0,1,0,0,1,0,0,0,0,0,733058.6974,5383367.4032,12.158834094,48.560036267,1,#66c2a5,bicycle
83228,9,1,78,156,2016,10,3,2,2,8,1,2,1,0,1,0,0,0,0,701605.8915,5373202133.0,11.728159199,48.479592462,2,#fc8d62,car
83230,9,1,62,0,2016,10,15,7,2,4,2,0,0,0,1,0,1,0,0,697257.8823,5328986.0434,11.648749353,48.083599548,2,#fc8d62,car
83231,9,1,88,121,2016,10,9,2,1,9,1,0,1,0,0,0,1,0,0,671956902.0,5329578801.0,11.309557408,48.09625537,4,#e78ac3,marker
83240,9,1,75,133,2016,9,20,5,2,0,7,2,0,1,0,0,0,0,0,708666.2059,5340768.7688,11.807524422,48.18584992,1,#66c2a5,bicycle
83241,9,1,82,127,2016,9,9,6,3,2,6,0,0,0,1,0,0,0,1,702423.9902,5311769.6037,11.709916568,47.927254899,2,#fc8d62,car
83258,9,1,75,111,2016,9,17,5,2,5,3,0,0,0,1,0,0,0,0,712235.7834,5337876.8729,11.854046821,48.15868171,2,#fc8d62,car
83259,9,1,82,133,2016,9,4,6,3,9,1,2,0,0,1,0,0,0,0,705882.5839,5306860.0602,11.753819923,47.882031802,2,#fc8d62,car
83264,9,1,78,116,2016,9,17,5,2,5,3,0,0,0,1,0,0,0,0,703064.63,5379972309.0,11.751169257,48.539960003,2,#fc8d62,car
83285,9,7,72,147,2016,9,11,5,3,1,6,0,0,0,1,0,0,1,0,638255.2082,5364657.5056,10.868651182,48.419888191,2,#fc8d62,car
83286,9,1,78,124,2016,9,13,5,3,2,6,0,0,0,1,0,0,0,0,702622.3893,5362864.4546,11.736900835,48.386369173,2,#fc8d62,car
83290,9,1,82,137,2016,10,14,7,3,2,6,0,0,0,1,0,0,0,0,714490.3513,5303176929.0,11.866981363,47.846117163,2,#fc8d62,car
83291,9,7,71,113,2016,9,15,5,3,2,6,0,0,0,1,0,0,0,0,654245.4213,5363243.3114,11.084113215,48.403462213,2,#fc8d62,car
83297,9,1,87,164,2016,10,21,7,2,9,7,2,0,0,1,0,0,0,0,733872.0109,5322869.9215,12.136352528,48.016278745,2,#fc8d62,car
83298,9,7,72,209,2016,9,7,5,3,5,3,0,0,0,1,0,0,0,0,634798.3443,5335740.6964,10.812723769,48.160611604,2,#fc8d62,car
83304,9,1,62,0,2016,9,8,4,3,3,2,0,0,1,1,0,0,0,0,686244.6393,5331784.4549,11.50223663,48.112065443,1,#66c2a5,bicycle
83309,9,1,87,177,2016,10,21,7,3,5,2,2,0,0,1,0,0,0,0,736335943.0,5305684.2633,12.159911935,47.86098429,2,#fc8d62,car
83310,9,7,71,122,2016,9,14,5,3,4,3,0,0,1,1,0,0,0,0,652118069.0,5363177935.0,11.055364816,48.403391353,1,#66c2a5,bicycle
83311,9,1,62,0,2016,9,16,4,3,5,2,0,0,1,1,0,0,0,0,681462.4108,5335799.0501,11.439757276,48.149532412,1,#66c2a5,bicycle
83316,9,7,72,147,2016,9,15,6,3,2,6,0,0,0,1,0,0,0,0,638320537.0,5364072949.0,10.869340898,48.414617672,2,#fc8d62,car
83321,9,1,84,148,2016,9,8,4,3,1,3,0,0,1,0,0,0,0,0,694968361.0,5326773.6095,11.617030256,48.064419179,1,#66c2a5,bicycle
83328,9,7,71,122,2016,9,7,5,3,2,6,0,0,0,1,0,0,0,0,653987.2452,5362884.6911,11.080495673,48.400301112,2,#fc8d62,car
83329,9,1,84,123,2016,9,11,4,3,5,4,0,0,0,1,1,0,0,0,703934.7512,5334146.1283,11.740766989,48.127871195,2,#fc8d62,car
83332,9,1,87,150,2016,9,8,6,3,5,3,0,0,1,1,0,0,0,0,728665.2558,5304400.3782,12.056826353,47.85222453,1,#66c2a5,bicycle
83338,9,7,61,0,2016,9,15,5,2,4,2,0,0,0,1,0,0,0,0,640990.3507,5360401.8613,10.904168999,48.381017088,2,#fc8d62,car
83339,9,1,87,122,2016,9,14,6,2,1,6,0,0,0,1,0,0,0,1,717398.5569,5308365.4419,11.908411989,47.89176329,2,#fc8d62,car
83342,9,7,61,0,2016,9,15,6,3,1,6,0,0,0,1,0,0,0,0,640680.3787,5363941.9952,10.901171087,48.412917778,2,#fc8d62,car
83343,9,1,74,141,2016,10,18,2,3,9,1,1,1,0,1,0,0,0,0,679329.9693,5355817.5663,11.419588899,48.33007976,2,#fc8d62,car
83348,9,1,62,0,2016,9,9,4,3,2,6,0,0,1,0,0,0,0,0,691430.5378,5339279.1753,11.575208036,48.177889541,1,#66c2a5,bicycle