OBJECTID,ULAND,UREGBEZ,UKREIS,UGEMEINDE,UJAHR,UMONAT,USTUNDE,UWOCHENTAG,UKATEGORIE,UART,UTYP1,ULICHTVERH,STRZUSTAND,IstRad,IstPKW,IstFuss,IstKrad,IstGkfz,IstSonstig,LINREFX,LINREFY,XGCSWGS84,YGCSWGS84,Teilnehmer,color,symbol
83359,9,1,90,138,2016,10,21,2,3,5,3,2,1,0,1,0,0,1,0,661007.7991,5310519.1895,11.155455313,47.92775548,2,#fc8d62,car
83360,9,1,84,135,2016,10,15,1,3,3,6,0,1,0,1,0,0,0,0,687502.9777,5347468842.0,11.526047056,48.25267019,2,#fc8d62,car
83362,9,7,62,0,2016,10,16,7,3,5,3,0,0,1,1,0,0,0,0,622538.4144,5304878.8916,10.639104933,47.88553913,1,#66c2a5,bicycle
83370,9,1,82,133,2016,9,19,5,3,2,6,1,0,0,1,0,0,0,0,703499225.0,5308474264.0,11.722739161,47.897298772,2,#fc8d62,car
83378,9,7,61,0,2016,9,6,6,3,2,6,1,0,0,1,0,0,0,0,638421.1799,5362446.4595,10.870163804,48.399970591,2,#fc8d62,car
83384,9,1,86,162,2016,9,10,6,3,2,6,0,0,0,1,0,0,0,0,691047.5575,5383990.8402,11.590382271,48.579849034,2,#fc8d62,car
83385,9,1,87,150,2016,10,16,2,3,4,6,0,0,0,1,0,0,0,0,728262.0096,5304455.1295,12.051472504,47.852859773,2,#fc8d62,car
83386,9,7,72,223,2016,9,15,6,3,4,2,0,0,0,1,0,0,0,0,618210.2848,5365447.6271,10.598066631,48.431073985,2,#fc8d62,car
83397,9,1,85,166,2016,10,11,7,2,2,7,0,0,0,1,0,0,0,0,675541.1898,5383569.7363,11.380153632,48.580600324,2,#fc8d62,car
83400,9,7,72,200,2016,9,15,6,3,5,3,0,0,1,1,0,0,0,0,626515.0518,5340065.4889,10.702673276,48.201206558,1,#66c2a5,bicycle
83403,9,7,71,145,2016,9,17,6,1,5,2,0,0,0,1,0,1,0,0,647502.4505,5346298.8209,10.987132964,48.252724117,2,#fc8d62,car
83409,9,1,85,166,2016,10,12,7,3,6,7,0,0,0,1,0,0,0,1,674381298.0,5383571662.0,11.364441533,48.580941525,2,#fc8d62,car
83415,9,7,71,142,2016,9,16,6,3,4,2,0,0,0,1,0,0,0,0,645791.4492,5350782.3292,10.965642937,48.29343334,2,#fc8d62,car
83416,9,1,87,142,2016,9,16,5,3,5,3,0,0,0,1,0,1,0,0,733301.3009,5311448.0761,12.122514057,47.913875293,2,#fc8d62,car
83419,9,7,71,130,2016,9,17,6,3,3,2,0,0,0,0,0,1,0,1,651359.1587,5351775.6373,11.041017477,48.301057029,4,#e78ac3,marker
83420,9,7,72,125,2016,10,11,7,3,0,1,0,0,0,0,0,1,0,0,632920.0131,5348022.7351,10.791327235,48.271452764,4,#e78ac3,marker
83425,9,7,61,0,2016,10,14,7,3,1,6,0,0,0,1,0,0,0,0,639225.3985,5360874.8275,10.880502281,48.385661839,2,#fc8d62,car
83429,9,1,63,0,2016,9,15,5,3,2,3,0,0,1,1,0,0,0,0,732987341.0,5308042153.0,12.11647975,47.883390547,1,#66c2a5,bicycle
83433,9,1,81,114,2016,9,13,6,3,5,3,0,0,0,1,0,1,0,0,656423.3079,5312777.9835,11.094945211,47.949200116,2,#fc8d62,car
83435,9,2,74,126,2016,10,22,2,3,1,1,2,0,0,1,0,0,0,0,733068.7272,5383384.0578,12.158979145,48.560182141,2,#fc8d62,car
83436,9,7,71,130,2016,9,18,6,3,5,3,0,0,1,1,0,0,0,0,647202.5176,5358271.5911,10.987271357,48.360444603,1,#66c2a5,bicycle
83437,9,1,78,123,2016,10,18,2,2,8,1,1,1,0,0,0,0,0,1,688091.2652,5361046.9793,11.540018278,48.374534336,6,#ffd92f,circle
83439,9,7,61,0,2016,10,14,7,2,5,3,0,0,1,1,0,0,0,0,641734.5947,5359773.3853,10.914002774,48.375199343,1,#66c2a5,bicycle
83440,9,1,88,121,2016,10,18,2,3,8,1,1,1,0,1,0,0,0,0,673628.2924,5329966.3631,11.332144356,48.09928618,2,#fc8d62,car
83445,9,1,74,113,2016,9,13,6,3,2,6,0,0,0,1,0,0,0,0,674261.1032,5344695.9824,11.346672404,48.231523742,2,#fc8d62,car
83449,9,7,71,156,2016,10,14,7,3,8,1,0,0,0,1,0,0,0,0,653726.8733,5384082.7876,11.084782811,48.590945452,2,#fc8d62,car
83453,9,1,62,0,2016,9,16,6,3,2,6,0,0,0,1,0,0,0,0,695472.3407,5344461.3578,11.6319076,48.22323338,2,#fc8d62,car
83454,9,2,74,113,2016,9,8,6,2,4,6,0,0,0,1,0,0,0,0,730371.5105,5383530.7801,12.122559574,48.562496767,2,#fc8d62,car
83456,9,1,82,120,2016,9,18,5,3,2,6,1,0,0,1,0,0,0,0,703402.6345,5306767957.0,11.720644449,47.881994467,2,#fc8d62,car
83457,9,2,74,113,2016,9,17,6,3,4,2,0,0,1,1,0,0,0,0,729336.06,5381920.5591,12.107659289,48.5484116,1,#66c2a5,bicycle
83462,9,1,82,137,2016,10,20,2,2,8,1,2,1,0,1,0,0,0,0,710915.2286,5307986.1886,11.821601592,47.890518325,2,#fc8d62,car
83463,9,1,62,0,2016,10,17,1,3,2,1,0,1,0,1,0,0,0,0,694008.0655,5331682.0129,11.606383665,48.108827371,2,#fc8d62,car
83471,9,1,78,120,2016,9,10,6,3,2,6,0,0,0,1,0,0,0,0,694913.1266,5353435.2381,11.628521137,48.304056457,2,#fc8d62,car
83473,9,2,74,124,2016,9,13,6,3,2,6,0,0,0,1,0,0,0,0,725250461.0,5376088651.0,12.049229783,48.497500316,2,#fc8d62,car
83481,9,1,88,124,2016,10,14,7,2,5,3,0,0,0,1,0,1,0,0,661441.7965,5319101.0995,11.164483906,48.004804742,2,#fc8d62,car
83486,9,7,72,125,2016,9,14,6,3,2,1,0,0,0,1,0,1,0,0,635481.2328,5346431.8422,10.82531648,48.256604398,2,#fc8d62,car
83492,9,1,85,158,2016,10,11,1,3,0,7,0,1,1,1,0,0,0,0,667102353.0,5380881588.0,11.26474757,48.558743458,1,#66c2a5,bicycle
83493,9,1,78,145,2016,10,13,7,3,0,1,0,0,1,0,0,0,0,0,700070.2779,5354627.0722,11.698554367,48.313157374,1,#66c2a5,bicycle
83496,9,1,77,119,2016,9,20,6,3,0,1,2,0,0,0,0,1,0,0,720818772.0,5341738.3943,11.971314714,48.190454542,4,#e78ac3,marker
83498,9,1,78,116,2016,10,17,7,2,5,3,1,0,0,1,0,1,0,0,702231.3319,5382961142.0,11.741344644,48.567086807,2,#fc8d62,car
83501,9,7,72,215,2016,9,13,6,3,2,2,0,0,0,1,0,0,0,0,633897.5363,5345651.5408,10.803743762,48.249924323,2,#fc8d62,car
83513,9,7,72,202,2016,9,15,6,3,0,6,0,0,0,1,0,1,0,0,636789.0427,5356615.2195,10.846227258,48.347892792,2,#fc8d62,car
83518,9,1,78,144,2016,10,13,7,3,0,6,0,0,0,1,1,1,0,0,705599.0534,5378281.1165,11.784630184,48.523938174,2,#fc8d62,car
83521,9,1,78,136,2016,9,18,6,2,4,3,0,0,0,1,0,1,0,0,696331.8996,5370605.3449,11.655652931,48.457924551,2,#fc8d62,car
83522,9,1,86,162,2016,9,16,5,3,2,6,0,0,0,1,0,0,0,0,691232.8403,5382996.5266,11.59243459,48.570856557,2,#fc8d62,car
83525,9,7,61,0,2016,9,17,6,3,1,6,0,0,0,1,0,0,0,0,637697272.0,5360897.9746,10.859881003,48.386205412,2,#fc8d62,car
83529,9,7,77,130,2016,9,6,4,3,5,3,1,0,0,1,0,0,0,0,626074.3114,5313179346.0,10.688809727,47.959503683,2,#fc8d62,car
83531,9,1,78,123,2016,9,21,6,3,5,1,2,0,0,1,0,0,0,0,688099.1425,5361877.9725,11.540496373,48.382000739,2,#fc8d62,car
83532,9,1,73,130,2016,9,17,6,2,2,2,0,0,0,1,0,0,0,0,682837916.0,5316233047.0,11.449869134,47.973263069,2,#fc8d62,car
83534,9,1,86,152,2016,9,17,5,3,2,6,0,0,0,1,0,0,0,0,691255.2953,5373116.8973,11.588207296,48.482059954,2,#fc8d62,car
83536,9,1,75,122,2016,10,10,7,2,5,3,0,0,0,1,0,1,0,0,718113.1649,5323863869.0,11.925819183,48.030782539,2,#fc8d62,car
83539,9,1,62,0,2016,9,10,6,3,5,3,0,0,0,1,0,0,0,0,688536.7718,5340182.3144,11.536720451,48.186872184,2,#fc8d62,car
83541,9,1,78,120,2016,9,15,6,3,3,1,0,0,0,1,0,0,0,0,695384.3179,5353232.2957,11.634774528,48.302087238,2,#fc8d62,car
83544,9,7,61,0,2016,9,15,6,3,2,2,0,0,0,1,0,0,0,0,644275.3085,5358798.2945,10.947957917,48.365856128,2,#fc8d62,car
83549,9,1,77,142,2016,9,13,6,3,4,6,0,0,0,1,0,0,1,0,722549435.0,5349485.3152,11.998635945,48.259452927,2,#fc8d62,car
83553,9,1,73,118,2016,9,11,6,3,5,3,0,0,0,1,0,0,0,1,687308.3968,5306742.4225,11.505584365,47.886662241,2,#fc8d62,car
83557,9,1,87,130,2016,10,8,2,3,9,1,0,1,0,1,0,0,0,0,713675934.0,5307905.9683,11.858447081,47.888884429,2,#fc8d62,car
83558,9,7,71,113,2016,9,18,6,3,4,1,0,0,0,1,0,0,0,0,657105.1895,5370549.5668,11.125465441,48.468441549,2,#fc8d62,car
83564,9,1,86,162,2016,10,12,1,3,8,1,0,1,0,1,0,0,0,0,696023.0395,5384663.6158,11.658086534,48.584358297,2,#fc8d62,car
83567,9,1,77,113,2016,10,16,2,3,2,6,0,1,0,1,0,0,0,0,719057.5535,5353307.8075,11.953632388,48.295013904,2,#fc8d62,car
83574,9,7,73,139,2016,9,16,4,3,0,1,0,0,0,0,0,1,0,0,615148.4491,5385358.9794,10.562188115,48.610704701,4,#e78ac3,marker
83575,9,1,84,123,2016,9,14,5,3,2,6,0,0,0,1,0,0,0,0,703701.6131,5331717795.0,11.736477485,48.106123073,2,#fc8d62,car
83577,9,1,86,152,2016,9,15,5,3,2,6,0,0,0,1,0,0,0,0,691321.5931,5380602.9679,11.592536246,48.549318362,2,#fc8d62,car
83579,9,2,61,0,2016,10,21,1,3,5,3,2,1,0,1,0,0,0,0,732441.8344,5382730.5918,12.150130906,48.554544923,2,#fc8d62,car
83580,9,1,62,0,2016,9,18,6,3,0,6,2,0,0,1,0,1,0,0,688683.4561,5336749.4381,11.537168541,48.155973662,2,#fc8d62,car
83590,9,1,88,117,2016,10,14,1,3,8,1,0,1,0,1,0,0,0,0,662115.5174,5315331368.0,11.172086669,47.970741606,2,#fc8d62,car
83591,9,1,62,0,2016,9,18,6,3,5,3,0,0,1,1,0,0,0,0,692206.1273,5342931.9531,11.587283991,48.210485512,1,#66c2a5,bicycle
83593,9,1,62,0,2016,9,10,5,3,3,6,0,0,0,1,0,0,0,0,682185.2078,5335470.5051,11.44932546,48.146372598,2,#fc8d62,car
83596,9,7,61,0,2016,9,17,4,3,2,6,0,0,0,1,0,0,0,0,640837.2946,5360494.1824,10.902133998,48.381881391,2,#fc8d62,car
83597,9,1,62,0,2016,9,16,5,3,5,3,0,0,0,1,0,0,0,0,693507238.0,5331529221.0,11.599593231,48.107606454,2,#fc8d62,car
83598,9,1,86,128,2016,9,12,5,3,2,6,0,0,0,1,0,0,0,0,677889.5535,5385533.8516,11.412806559,48.597592015,2,#fc8d62,car
83599,9,1,84,142,2016,9,17,6,2,4,2,0,0,0,1,0,1,0,0,681317.0106,5318571.5673,11.430496597,47.994716984,2,#fc8d62,car
83606,9,7,72,121,2016,9,6,4,3,2,3,0,0,0,1,0,0,0,0,632349011.0,5376053975.0,10.792471696,48.523634188,2,#fc8d62,car
83611,9,1,62,0,2016,9,10,6,3,2,6,0,0,0,1,0,0,0,0,692070.6022,5340521.8151,11.584371133,48.188864923,2,#fc8d62,car
83613,9,7,71,130,2016,9,17,4,2,5,3,0,0,0,1,0,0,1,0,644696.4576,5363209.9715,10.955160003,48.405426619,2,#fc8d62,car
83614,9,1,62,0,2016,9,17,5,3,3,7,0,0,0,1,0,0,0,0,695098.7075,5341616.3405,11.62557406,48.197779091,2,#fc8d62,car
83621,9,2,74,128,2016,10,12,7,3,1,6,0,0,0,1,0,1,0,0,735140.4044,5385898942.0,12.188434661,48.58199838,2,#fc8d62,car
83636,9,1,84,122,2016,9,9,6,3,2,6,0,0,0,1,0,0,0,0,688006.6585,5323791.3314,11.522369763,48.039702956,2,#fc8d62,car
83639,9,1,74,113,2016,9,8,5,3,2,6,0,0,0,1,0,0,0,0,672988.6749,5345924.3585,11.330053747,48.242914398,2,#fc8d62,car
83642,9,1,75,132,2016,10,14,2,3,2,6,0,0,0,1,0,0,0,0,706352.2205,5330690.0783,11.7715453,48.0960345,2,#fc8d62,car
83647,9,7,71,122,2016,10,7,1,3,9,7,0,1,0,1,0,0,0,0,649129.0587,5362664.1074,11.01482209,48.39948571,2,#fc8d62,car
83648,9,1,74,121,2016,10,20,1,3,5,3,2,1,0,1,0,0,0,0,690669587.0,5355609.5696,11.572337789,48.324891658,2,#fc8d62,car
83650,9,1,84,145,2016,10,8,6,3,4,2,0,1,0,1,0,0,0,0,698257.9118,5324456.3191,11.660062823,48.042579045,2,#fc8d62,car
83662,9,7,72,177,2016,10,8,2,3,8,1,0,0,0,1,0,0,0,0,635795064.0,5375613.6932,10.838975302,48.518939302,2,#fc8d62,car
83663,9,7,71,113,2016,10,9,1,3,5,3,0,0,0,1,0,0,0,1,657731.0803,5369788.8428,11.133640162,48.461445838,2,#fc8d62,car
83667,9,7,62,0,2016,10,7,4,3,2,6,0,0,0,1,0,0,0,0,623200001.0,5305987677.0,10.648267186,47.895384494,2,#fc8d62,car
83670,9,1,74,115,2016,10,18,3,3,6,2,2,1,0,1,1,0,0,0,681831.5341,5346441.5597,11.449273578,48.245088924,2,#fc8d62,car
83671,9,1,75,122,2016,10,10,3,2,6,4,0,1,0,1,1,0,0,0,720962.9152,5325468.1588,11.964821343,48.044217823,2,#fc8d62,car
83672,9,1,62,0,2016,10,8,6,3,1,5,0,1,0,1,0,0,0,0,683543.7398,5331979.5813,11.466068548,48.114603446,2,#fc8d62,car
83673,9,1,86,125,2016,10,11,4,3,2,6,0,0,0,1,0,0,0,0,673144.1218,5378187.7829,11.345441953,48.532890252,2,#fc8d62,car
83675,9,1,84,121,2016,10,19,3,2,5,3,2,1,0,1,0,0,0,0,705962651.0,5325468.6833,11.763803513,48.049238014,2,#fc8d62,car
83676,9,2,61,0,2016,10,17,5,3,0,1,0,1,0,0,0,1,0,0,731827.9832,5381180.1677,12.140961976,48.540844967,4,#e78ac3,marker
83686,9,1,88,120,2016,10,10,6,2,5,3,0,1,1,1,0,0,0,0,676960.9811,5326505.7818,11.375435378,48.067261094,1,#66c2a5,bicycle
83693,9,1,74,115,2016,10,12,6,3,2,6,0,1,0,1,0,0,0,0,679986867.0,5347962.0438,11.425095658,48.259282546,2,#fc8d62,car
83699,9,1,62,0,2016,10,14,2,3,5,3,0,0,0,1,0,0,0,1,688563639.0,5334969.1842,11.534770468,48.140008035,2,#fc8d62,car
83701,9,1,62,0,2016,10,11,6,3,2,6,0,1,0,1,0,0,0,0,695405.7433,5335029.1822,11.626674621,48.138482953,2,#fc8d62,car
83702,9,1,86,125,2016,10,12,4,3,5,3,0,0,0,1,0,0,0,1,674765594.0,5373396.32,11.365380714,48.489371793,2,#fc8d62,car
83704,9,7,72,223,2016,10,16,3,3,2,6,0,1,0,1,0,0,0,1,618171927.0,5362007545.0,10.596579111,48.400144407,2,#fc8d62,car
83708,9,2,74,124,2016,10,7,2,3,2,6,1,1,0,1,0,0,0,0,723268.0081,5374940.1187,12.021818479,48.487889437,2,#fc8d62,car
83709,9,1,74,115,2016,10,7,6,3,5,2,1,0,1,1,0,0,0,0,681162448.0,5347274832.0,11.440626061,48.252770451,1,#66c2a5,bicycle
83712,9,1,62,0,2016,10,14,3,3,8,1,0,1,0,1,0,0,0,0,694625.6016,5330447.7454,11.614108047,48.097545831,2,#fc8d62,car
83714,9,1,77,133,2016,10,6,6,2,5,3,2,1,0,1,0,0,0,0,709262.2215,5360141.5653,11.825121102,48.359734862,2,#fc8d62,car
83719,9,7,72,159,2016,10,7,4,3,4,2,0,0,0,1,0,0,0,1,626019.2544,5361251.0141,10.702327362,48.391821507,2,#fc8d62,car
83720,9,1,62,0,2016,10,14,1,3,2,6,0,0,0,1,0,0,0,0,681061.5471,5339851.4004,11.436098211,48.186072361,2,#fc8d62,car
83723,9,7,71,130,2016,10,18,6,3,2,6,0,0,0,1,0,0,0,0,648433.7341,5362724.1503,11.00545507,48.400189639,2,#fc8d62,car
83726,9,7,72,131,2016,10,19,4,3,2,6,2,0,0,1,0,0,0,0,621227.7007,5356997.0223,10.636402202,48.354505004,2,#fc8d62,car
83731,9,1,75,115,2016,10,16,1,2,1,6,0,0,0,1,0,0,0,0,722089.5338,5329172.4153,11.981840011,48.077109329,2,#fc8d62,car
83736,9,1,75,118,2016,10,18,6,3,9,7,1,0,0,1,0,0,0,0,718701.8899,5338637.0227,11.94127364,48.163320948,2,#fc8d62,car
83742,9,7,71,130,2016,10,5,6,2,8,1,2,1,0,0,0,0,1,0,644548.9665,5363306.5883,10.953201562,48.40632917,5,#a6d854,bus
83744,9,1,79,134,2016,10,8,4,2,4,6,0,0,0,1,0,1,0,0,668842.02,5344831.7823,11.273811518,48.234210363,2,#fc8d62,car
83746,9,7,72,130,2016,10,8,4,3,2,6,0,0,0,1,0,0,0,0,632603.5697,5358188.9117,10.790261343,48.362936401,2,#fc8d62,car
83752,9,1,79,118,2016,10,11,4,2,0,6,0,0,0,1,0,1,0,0,672657.7023,5337965.0717,11.322360784,48.171454996,2,#fc8d62,car
83757,9,1,62,0,2016,10,17,1,3,5,7,0,0,0,1,0,0,0,0,696315883.0,5333740702.0,11.638301754,48.1266227,2,#fc8d62,car
83758,9,1,78,113,2016,10,19,6,2,4,2,2,0,0,1,0,1,0,0,691397.8815,5367183553.0,11.587422005,48.428691952,2,#fc8d62,car
83763,9,7,72,121,2016,10,8,4,3,9,1,0,0,0,1,0,0,0,0,636008.4335,5374902.2172,10.8416313,48.512495722,2,#fc8d62,car
83767,9,1,79,121,2016,10,11,2,2,6,4,0,0,0,1,1,0,0,0,667616.4282,5338621.1702,11.254866335,48.17870283,2,#fc8d62,car
83768,9,1,78,124,2016,10,18,6,3,2,6,2,0,0,1,0,0,0,0,703189.5664,5362111.8477,11.744188949,48.379423639,2,#fc8d62,car
83772,9,1,79,142,2016,10,18,3,3,9,1,0,1,0,1,0,0,0,0,675156.0041,5344262.6397,11.358533835,48.227381832,2,#fc8d62,car
83775,9,1,88,120,2016,10,8,4,3,5,2,0,0,0,1,1,0,0,0,676892.8109,5326511.1291,11.374523322,48.06732807,2,#fc8d62,car
83776,9,1,73,118,2016,10,7,5,2,4,6,0,1,0,1,0,0,0,0,688178.3123,5303706.9689,11.515887569,47.859123048,2,#fc8d62,car
83777,9,7,71,160,2016,10,18,4,3,9,1,0,0,0,1,0,0,0,0,652632209.0,5349927794.0,11.057504744,48.284137379,2,#fc8d62,car
83787,9,1,84,138,2016,10,12,5,3,8,1,0,1,0,1,0,0,0,0,680432.9983,5330384.4831,11.423637541,48.10115413,2,#fc8d62,car
83791,9,7,61,0,2016,10,0,4,3,0,1,2,0,1,0,0,0,0,0,638430.0096,5361301.64,10.869905656,48.3896747,1,#66c2a5,bicycle
83794,9,1,77,120,2016,10,9,3,3,5,3,0,0,0,1,0,0,0,0,719197764.0,5359433672.0,11.958704423,48.350004322,2,#fc8d62,car
83797,9,1,75,132,2016,10,17,4,3,2,6,0,0,0,1,0,0,0,1,706588.3309,5336139.3138,11.777353034,48.144927156,2,#fc8d62,car
83799,9,7,62,0,2016,10,17,3,3,0,3,1,0,0,0,0,1,0,1,621277328.0,5304467.33,10.622127754,47.882077162,4,#e78ac3,marker
83802,9,1,74,126,2016,10,20,3,3,9,1,2,1,0,1,0,0,0,0,682979.8114,5344554.9094,11.463911202,48.22780041,2,#fc8d62,car
83803,9,7,78,116,2016,10,13,2,3,0,6,0,0,0,1,0,0,0,0,615773.8871,5318841.6871,10.552413356,48.012375878,2,#fc8d62,car
83805,9,1,84,119,2016,10,18,4,3,2,6,1,0,0,1,0,0,0,0,696102.2254,5346941.5883,11.64152715,48.24532946,2,#fc8d62,car
83807,9,7,61,0,2016,10,17,4,3,5,3,0,0,1,1,0,0,0,0,638221.5916,5361322.6047,10.867098811,48.389908921,1,#66c2a5,bicycle
83809,9,1,78,145,2016,10,12,4,3,2,6,0,0,0,1,0,0,0,0,693660.1696,5356373.2317,11.612991523,48.330845932,2,#fc8d62,car
83818,9,1,73,126,2016,10,18,3,3,5,3,0,1,0,1,0,1,0,0,684910.0312,5302332.3193,11.471646424,47.847715126,2,#fc8d62,car
83821,9,1,62,0,2016,10,12,5,3,4,3,0,0,0,1,0,0,0,1,692114569.0,5340016923.0,11.584733764,48.184313795,2,#fc8d62,car
83825,9,7,61,0,2016,10,9,4,3,6,3,0,1,0,1,1,0,0,0,641305.2896,5355867.8313,10.906897239,48.340178319,2,#fc8d62,car
83829,9,2,61,0,2016,10,6,3,3,2,6,1,0,0,1,0,0,0,0,731286353.0,5384878497.0,12.135689591,48.574266295,2,#fc8d62,car
83831,9,1,78,143,2016,10,14,4,3,5,3,0,0,0,1,0,1,0,0,716063915.0,5371529292.0,11.922686986,48.4597614,2,#fc8d62,car
83832,9,1,62,0,2016,10,8,7,3,5,3,0,0,0,1,0,0,0,1,687330.9696,5331971.2724,11.516899203,48.113426032,2,#fc8d62,car
83836,9,2,61,0,2016,10,13,3,3,0,3,0,1,0,1,0,1,0,0,732853.1868,5382091.2861,12.155339453,48.548649685,2,#fc8d62,car
83839,9,1,84,131,2016,10,17,5,3,5,3,1,0,0,1,0,0,0,0,704865457.0,5336965.6821,11.754616455,48.152910459,2,#fc8d62,car
83843,9,1,87,130,2016,10,7,3,3,5,3,0,0,0,1,0,1,0,0,713273.3604,5308556.7417,11.853390071,47.894866275,2,#fc8d62,car
83844,9,2,74,113,2016,10,19,6,2,2,6,2,0,0,1,0,0,0,1,729408.8749,5383893.4403,12.109731551,48.566107472,2,#fc8d62,car
83845,9,2,74,194,2016,10,7,3,3,8,1,0,1,0,0,0,0,1,0,723255.7602,5379860.2115,12.02428451,48.532095164,5,#a6d854,bus
83858,9,1,86,151,2016,10,13,1,2,4,2,0,0,0,1,0,1,0,0,681226257.0,5371630691.0,11.451975787,48.471672535,2,#fc8d62,car
83862,9,1,78,124,2016,10,12,4,3,0,7,0,0,0,0,0,1,0,0,699488.1465,5363220.3183,11.694783419,48.39056606,4,#e78ac3,marker
83875,9,1,77,130,2016,10,9,4,3,3,6,0,0,0,1,0,0,0,0,712558.0664,5351895.6105,11.865402516,48.284540879,2,#fc8d62,car
83876,9,1,87,137,2016,10,14,5,2,9,1,0,0,0,1,0,0,0,0,729365.0903,5308311.2375,12.06824321,47.887112257,2,#fc8d62,car
83879,9,1,86,162,2016,10,14,5,3,2,6,0,0,0,1,0,0,0,1,689036.8598,5385521.0628,11.563844171,48.594211356,2,#fc8d62,car
83886,9,1,62,0,2016,10,20,3,3,2,6,2,1,0,1,0,0,0,0,689642.6683,5340144.5654,11.551567923,48.186203721,2,#fc8d62,car
83889,9,1,84,149,2016,10,22,1,3,3,6,2,0,0,1,0,0,0,0,689400627.0,5350731.1117,11.55304693,48.281426685,2,#fc8d62,car
83893,9,1,62,0,2016,10,4,3,3,3,2,2,0,0,1,0,0,0,0,686247.5754,5331794.6011,11.502280468,48.112155783,2,#fc8d62,car
83896,9,1,62,0,2016,10,18,2,3,1,7,0,1,0,1,0,0,0,0,701239.3068,5332354.5642,11.703738258,48.112628268,2,#fc8d62,car
83897,9,1,78,143,2016,10,21,2,2,8,1,2,1,0,1,0,0,0,0,720692.5045,5373252.6684,11.986119173,48.47363844,2,#fc8d62,car
83903,9,1,81,130,2016,10,13,3,3,5,7,0,0,1,1,0,0,0,0,639864.5033,5323502.1437,10.876802387,48.049466001,1,#66c2a5,bicycle
83907,9,1,84,131,2016,10,20,3,3,8,1,2,1,0,1,0,0,0,0,705487.2549,5339274.3569,11.764082335,48.173456678,2,#fc8d62,car
83911,9,1,88,144,2016,10,18,4,3,0,7,2,0,0,1,0,0,0,0,667826.3801,5327283.0554,11.253223202,48.076717679,2,#fc8d62,car
83912,9,1,62,0,2016,10,14,5,3,8,1,0,1,0,1,0,0,0,0,680945.7955,5339451.8701,11.434372124,48.182514057,2,#fc8d62,car
83914,9,1,83,126,2016,10,9,3,3,2,6,0,1,0,1,0,0,0,1,727018.6567,5336471.0823,12.051807206,48.140946978,2,#fc8d62,car
83918,9,1,84,132,2016,10,14,3,3,8,1,0,1,0,1,0,0,0,0,681702455.0,5323771823.0,11.437862564,48.04135275,2,#fc8d62,car
83923,9,7,72,130,2016,10,7,2,2,9,1,0,0,0,1,0,0,0,0,630433.9764,5359684.6245,10.761448434,48.376838388,2,#fc8d62,car
83924,9,7,77,121,2016,10,11,1,3,2,6,0,0,0,1,0,0,0,1,629224.5213,5320921.3869,10.733319074,48.028500381,2,#fc8d62,car
83931,9,1,74,131,2016,10,16,3,3,2,6,0,1,0,1,0,0,0,0,676101.4356,5361398.8319,11.378402865,48.381156819,2,#fc8d62,car
83934,9,1,62,0,2016,10,18,3,3,3,6,2,1,0,1,0,1,0,0,688701.2889,5337396.4099,11.537695046,48.161783421,2,#fc8d62,car
83937,9,1,84,119,2016,10,18,3,3,5,3,2,1,0,1,0,0,0,0,696961.1186,5347636.3596,11.653406929,48.251307214,2,#fc8d62,car
83938,9,1,81,146,2016,10,15,5,3,5,3,0,0,0,1,0,0,0,0,651667.9902,5326550.0739,11.036171414,48.074175518,2,#fc8d62,car
83939,9,7,72,163,2016,10,16,7,3,2,6,0,0,0,1,0,0,0,0,638717.2514,5345855.0707,10.868701967,48.250717895,2,#fc8d62,car
83954,9,1,62,0,2016,10,9,3,3,2,6,0,0,0,1,0,0,0,0,685920708.0,5340768.4536,11.501813539,48.192911622,2,#fc8d62,car
83962,9,7,72,186,2016,10,15,2,2,4,1,0,0,0,1,0,0,0,0,638635582.0,5343184.0445,10.866728088,48.226717822,2,#fc8d62,car
83967,9,7,72,159,2016,10,12,3,2,4,6,0,0,0,1,0,0,0,0,626858.9215,5362060.4924,10.713909264,48.39893242,2,#fc8d62,car
83973,9,1,84,145,2016,10,7,7,2,2,6,1,1,0,1,0,0,0,0,693900.7074,5323889.0295,11.601407666,48.038818484,2,#fc8d62,car
83977,9,7,61,0,2016,10,16,5,3,2,6,0,0,0,1,0,0,0,0,640348.7262,5364016.3689,10.896716535,48.413660467,2,#fc8d62,car
83980,9,1,79,121,2016,10,6,5,3,1,6,1,1,0,1,0,0,0,0,668413933.0,5338037278.0,11.265354752,48.173242837,2,#fc8d62,car
83982,9,1,74,146,2016,10,9,1,2,3,6,0,0,0,1,0,0,0,0,667485.5382,5350605146.0,11.257843984,48.286471395,2,#fc8d62,car
83989,9,1,88,124,2016,10,12,2,3,1,5,0,0,1,1,0,0,0,0,662303.4787,5318231.6841,11.175699198,47.996769902,1,#66c2a5,bicycle
83990,9,7,72,171,2016,10,8,5,3,9,6,0,1,0,1,0,0,1,0,637134.7483,5373882.9174,10.856539013,48.503085582,2,#fc8d62,car
83993,9,1,84,114,2016,10,7,3,3,2,6,1,1,0,1,0,0,0,0,701955.1389,5312872156.0,11.70416408,47.937311701,2,#fc8d62,car