OBJECTID,ULAND,UREGBEZ,UKREIS,UGEMEINDE,UJAHR,UMONAT,USTUNDE,UWOCHENTAG,UKATEGORIE,UART,UTYP1,ULICHTVERH,STRZUSTAND,IstRad,IstPKW,IstFuss,IstKrad,IstGkfz,IstSonstig,LINREFX,LINREFY,XGCSWGS84,YGCSWGS84,Teilnehmer,color,symbol
83996,9,7,72,125,2016,10,17,5,3,2,6,1,1,0,1,0,0,0,0,637039.3798,5347035.0681,10.846493277,48.261693592,2,#fc8d62,car
84006,9,1,81,139,2016,10,18,5,3,3,6,1,0,0,1,0,0,0,1,655665.5199,5324515.0529,11.089061654,48.054915175,2,#fc8d62,car
84009,9,1,78,123,2016,10,8,5,3,8,7,0,1,0,1,0,0,0,0,691102.14,5358075323.0,11.579285568,48.346922104,2,#fc8d62,car
84011,9,1,63,0,2016,10,18,3,3,4,2,0,1,0,1,0,0,0,0,734284.5458,5304534.4141,12.131903678,47.851405273,2,#fc8d62,car
84017,9,1,75,123,2016,10,15,2,3,8,1,0,1,0,1,0,0,0,0,722136837.0,5336527.1887,11.98630374,48.14317399,2,#fc8d62,car
84018,9,7,61,0,2016,10,6,5,3,3,3,2,1,0,1,0,0,0,0,642860905.0,5360047069.0,10.929296695,48.377406179,2,#fc8d62,car
84025,9,1,74,115,2016,10,23,3,3,4,6,2,1,1,0,0,0,0,0,681793355.0,5346480.9432,11.448776701,48.245453875,1,#66c2a5,bicycle
84026,9,7,71,145,2016,10,14,2,3,4,2,0,0,0,1,0,0,0,0,648045.3096,5345422.3418,10.99413517,48.244716811,2,#fc8d62,car
84030,9,1,77,117,2016,10,7,5,3,6,2,1,1,0,1,1,0,0,0,714979547.0,5351782195.0,11.89794461,48.282704268,2,#fc8d62,car
84034,9,1,63,0,2016,10,19,7,3,5,3,1,1,1,1,0,0,0,0,732722108.0,5307418.9144,12.112601619,47.877887504,1,#66c2a5,bicycle
84036,9,1,74,146,2016,10,6,3,3,2,6,2,1,0,1,0,0,0,0,665683.6083,5351420.59,11.233891629,48.294276345,2,#fc8d62,car
84039,9,7,78,203,2016,10,13,3,2,5,3,0,0,0,1,0,0,0,0,620919.8705,5322582.6281,10.622443787,48.045067139,2,#fc8d62,car
84040,9,1,62,0,2016,10,8,4,3,2,6,0,0,0,1,0,0,0,0,696744.1292,5333699.9345,11.644031815,48.126124102,2,#fc8d62,car
84043,9,1,62,0,2016,10,19,4,3,5,3,2,0,0,1,0,0,0,0,687572372.0,5331571866.0,11.519963693,48.109764997,2,#fc8d62,car
84045,9,1,63,0,2016,10,8,3,3,5,3,1,1,1,1,0,0,0,0,731363.6279,5301739.5645,12.091422658,47.82735338,1,#66c2a5,bicycle
84049,9,2,61,0,2016,10,19,3,3,6,4,2,0,0,1,1,0,0,0,731593.6606,5381551738.0,12.137998701,48.544269238,2,#fc8d62,car
84058,9,1,62,0,2016,10,8,3,3,2,6,2,0,0,1,0,0,0,0,686014.5578,5343304.4813,11.504186728,48.215678635,2,#fc8d62,car
84059,9,7,72,202,2016,10,18,2,3,5,3,0,1,0,1,0,0,0,0,636760.81,5359202919.0,10.846687508,48.371167358,2,#fc8d62,car
84061,9,7,78,203,2016,10,7,3,3,2,6,0,0,0,1,0,0,0,0,622058.6738,5322346.8426,10.637650021,48.042729866,2,#fc8d62,car
84063,9,1,84,147,2016,10,17,3,3,5,3,0,1,0,1,0,1,0,0,695602.7509,5339715.5479,11.631474561,48.180540877,2,#fc8d62,car
84064,9,1,62,0,2016,10,13,4,3,6,4,0,0,0,1,1,1,0,0,682761.8206,5335562.7806,11.457109761,48.147036636,2,#fc8d62,car
84065,9,7,61,0,2016,10,14,7,3,2,6,0,0,0,1,0,0,0,0,641295.5469,5355907.8529,10.906779264,48.340540358,2,#fc8d62,car
84066,9,1,87,117,2016,10,13,6,3,0,6,0,0,0,0,0,1,0,0,723447.2016,5306249.0332,11.988125186,47.870670114,4,#e78ac3,marker
84071,9,1,62,0,2016,10,19,4,3,2,6,2,0,0,1,0,1,0,0,690273.1776,5344696.4539,11.562083435,48.226926944,2,#fc8d62,car
84072,9,1,62,0,2016,10,17,4,2,4,6,0,0,1,0,0,0,0,0,695815082.0,5343693324.0,11.63616266,48.216225137,1,#66c2a5,bicycle
84075,9,1,87,150,2016,10,12,3,3,2,6,0,1,0,1,0,0,0,0,730271247.0,5303402.5746,12.077732618,47.842686532,2,#fc8d62,car
84077,9,1,88,121,2016,10,16,7,3,2,6,0,1,0,1,0,0,0,0,669923.9359,5329163.0217,11.282109688,48.093062913,2,#fc8d62,car
84087,9,1,87,150,2016,10,22,1,3,0,6,2,1,0,1,0,0,0,0,727467.8846,5303188.8857,12.040206344,47.841764412,2,#fc8d62,car
84090,9,1,86,162,2016,10,9,3,3,2,6,0,1,0,0,0,0,1,0,691819.3019,5384829014.0,11.601221786,48.58714592,5,#a6d854,bus
84094,9,7,72,177,2016,10,13,3,3,5,3,0,0,1,1,0,0,0,0,636910252.0,5378304955.0,10.854953254,48.542895955,1,#66c2a5,bicycle
84095,9,1,86,152,2016,10,6,6,3,4,2,2,1,1,1,0,0,0,0,691076.3457,5375736.0198,11.586986207,48.505653029,1,#66c2a5,bicycle
84096,9,1,81,130,2016,10,17,3,3,0,1,0,1,0,0,0,1,0,0,639913.8223,5323532.9346,10.877473884,48.049732071,4,#e78ac3,marker
84101,9,1,81,145,2016,10,8,7,3,0,1,0,1,0,0,0,1,0,0,647284.0036,5329577.5607,10.978396639,48.102425343,4,#e78ac3,marker
84108,9,1,84,119,2016,10,16,4,3,2,6,0,0,0,1,0,0,0,0,695542.1284,5347260.7492,11.634138242,48.248370851,2,#fc8d62,car
84110,9,1,75,118,2016,10,16,1,3,2,6,0,0,0,1,0,0,0,0,716006.2666,5340251.4431,11.905889602,48.178748538,2,#fc8d62,car
84111,9,1,88,145,2016,10,16,7,2,5,2,0,0,0,1,0,0,0,0,665554.1454,5328418.1002,11.223180198,48.087516033,2,#fc8d62,car
84118,9,1,85,158,2016,10,22,1,3,1,7,2,0,0,1,0,0,0,0,665475.0274,5381951.9403,11.243135686,48.568796858,2,#fc8d62,car
84121,9,1,81,133,2016,10,6,3,3,4,6,2,1,0,1,0,0,0,1,644003.5853,5315752.0224,10.9297084,47.978856063,2,#fc8d62,car
84123,9,7,73,182,2016,10,7,3,3,0,1,0,0,0,0,0,1,0,0,624980.3658,5379805.7874,10.693846646,48.558882357,4,#e78ac3,marker
84124,9,1,73,118,2016,10,9,4,3,4,6,0,0,0,1,0,0,0,0,689194843.0,5301548.3652,11.528520728,47.839421614,2,#fc8d62,car
84125,9,1,79,123,2016,10,11,7,3,5,3,0,0,0,1,0,0,0,0,676550.8886,5334262.4578,11.373144442,48.137101895,2,#fc8d62,car
84130,9,1,88,121,2016,10,9,7,3,4,6,0,1,0,1,0,0,0,1,672196.0236,5329757.7102,11.312838517,48.097799138,2,#fc8d62,car
84136,9,7,71,130,2016,10,0,3,3,8,6,2,0,0,1,0,0,0,0,647795.8505,5362786.8822,10.996864308,48.400903522,2,#fc8d62,car
84137,9,1,84,136,2016,10,15,4,3,6,4,0,0,1,0,1,0,0,0,698380.6588,5326702.9372,11.662749399,48.062732131,1,#66c2a5,bicycle
84142,9,1,79,123,2016,10,12,3,3,1,6,0,1,0,1,0,0,0,0,676523.2565,5334326.1337,11.37279974,48.137681959,2,#fc8d62,car
84144,9,1,79,121,2016,10,17,7,3,2,5,0,0,0,1,0,0,0,0,665378.0804,5338518.2036,11.224738521,48.178363682,2,#fc8d62,car
84145,9,1,74,113,2016,10,15,6,3,3,6,0,0,0,1,0,0,0,0,674027.37,5345190518.0,11.343730717,48.236033439,2,#fc8d62,car
84146,9,1,74,115,2016,10,13,3,3,1,6,0,1,0,1,0,0,0,0,681163.0942,5347273.7858,11.440634311,48.252760862,2,#fc8d62,car
84150,9,1,84,135,2016,10,20,2,3,4,2,2,0,0,1,0,0,0,0,692574.5727,5349029.6931,11.595010323,48.265177792,2,#fc8d62,car
84151,9,1,81,114,2016,10,18,2,2,4,6,1,2,0,1,0,0,0,0,653881.5422,5314609.5858,11.061582193,47.966284557,2,#fc8d62,car
84156,9,1,74,113,2016,10,7,3,3,2,6,0,0,0,1,0,0,0,0,670305.0521,5348126.2584,11.294823302,48.263435103,2,#fc8d62,car
84164,9,1,74,137,2016,10,7,3,3,0,7,0,0,0,0,0,1,0,0,659105.1537,5354257.0435,11.146330625,48.321465329,4,#e78ac3,marker
84166,9,1,78,123,2016,10,14,7,3,2,6,0,0,0,1,0,0,0,0,692277.4534,5361852.6285,11.596858069,48.380513515,2,#fc8d62,car
84177,9,1,84,131,2016,10,17,2,3,5,3,0,0,0,1,0,0,0,0,705335873.0,5340048.5226,11.762422488,48.180462597,2,#fc8d62,car
84180,9,7,61,0,2016,10,5,2,3,3,6,2,1,0,1,0,0,0,0,641314.8205,5363802211.0,10.90969298,48.411518954,2,#fc8d62,car
84181,9,1,62,0,2016,10,15,1,3,2,6,0,0,0,1,0,0,0,0,694947.4328,5332886.2841,11.619540332,48.119364085,2,#fc8d62,car
84189,9,1,74,115,2016,10,17,3,3,5,3,0,1,1,1,0,0,0,0,680200355.0,5348307952.0,11.42811679,48.26233113,1,#66c2a5,bicycle
84195,9,1,77,144,2016,10,19,4,3,8,1,2,0,0,1,0,0,0,0,714513.1746,5345555.0249,11.888510191,48.226909272,2,#fc8d62,car
84198,9,1,88,145,2016,10,12,6,3,3,6,0,1,0,1,0,0,0,0,664591825.0,5328225473.0,11.21019323,48.086033461,2,#fc8d62,car
84199,9,1,84,118,2016,10,17,3,3,2,6,0,1,0,1,0,0,1,1,704794.8769,5336824.3847,11.753600586,48.151663413,2,#fc8d62,car
84202,9,1,78,120,2016,10,13,7,3,1,6,0,0,0,1,0,0,0,1,695285.9039,5353154.8909,11.633413057,48.301421968,2,#fc8d62,car
84212,9,1,81,123,2016,10,7,6,3,2,6,0,1,0,1,0,0,0,0,655150.2622,5326538.7451,11.082885799,48.073235951,2,#fc8d62,car
84213,9,1,78,120,2016,10,17,3,3,9,1,0,1,0,1,0,0,0,0,694274.3522,5354643.1812,11.620472391,48.315109052,2,#fc8d62,car
84217,9,1,77,126,2016,10,17,3,3,2,6,0,0,0,1,0,0,0,0,718364.5411,5369157.7918,11.952528166,48.437660512,2,#fc8d62,car
84221,9,1,87,137,2016,10,14,4,3,0,1,0,0,0,0,0,1,0,0,729895.5256,5310961.1013,12.076739925,47.910729884,4,#e78ac3,marker
84222,9,7,72,147,2016,10,12,3,3,3,6,0,0,0,1,0,0,0,0,635679.2648,5364338.0153,10.833750219,48.417575375,2,#fc8d62,car
84223,9,1,88,137,2016,10,20,6,3,9,1,2,1,0,1,0,0,0,0,672380.1237,5314270131.0,11.309078165,47.958518998,2,#fc8d62,car
84224,9,1,84,135,2016,10,15,3,3,2,6,0,1,0,1,0,0,0,0,688003.7426,5347411.0186,11.53276086,48.25200213,2,#fc8d62,car
84228,9,1,75,132,2016,10,0,7,3,5,3,2,0,0,1,0,0,0,0,707237.3802,5336755.9877,11.786368286,48.150257694,2,#fc8d62,car
84238,9,1,81,118,2016,10,6,6,1,9,1,2,1,0,1,0,0,0,1,650152.5889,5328539.7904,11.016539409,48.092424633,2,#fc8d62,car
84239,9,1,75,127,2016,10,15,3,3,0,6,0,1,0,0,0,1,0,0,713705.7205,5342897.0104,11.8763126,48.203298204,4,#e78ac3,marker
84243,9,1,78,124,2016,10,16,7,2,5,3,0,1,0,1,0,0,0,0,702855507.0,5359048016.0,11.73820528,48.351998541,2,#fc8d62,car
84245,9,1,81,122,2016,10,15,2,2,8,1,0,0,0,1,0,0,0,0,648298.2778,5331690.4298,10.992747074,48.121188044,2,#fc8d62,car
84249,9,1,75,123,2016,10,19,7,3,5,2,1,0,1,1,0,0,0,0,722966.6167,5338060.4462,11.99824616,48.156659509,1,#66c2a5,bicycle
84251,9,1,81,130,2016,10,12,3,3,5,3,0,0,0,1,0,0,1,0,639108.4253,5325315.3836,10.867252083,48.065936467,2,#fc8d62,car
84253,9,1,63,0,2016,10,17,2,3,5,2,0,0,1,1,0,0,0,0,734079.5766,5304401.3577,12.129095906,47.850284565,1,#66c2a5,bicycle
84257,9,1,62,0,2016,10,12,6,2,0,1,0,0,1,0,0,0,0,0,697294.5736,5328914.9967,11.649208682,48.082949668,1,#66c2a5,bicycle
84259,9,1,87,179,2016,10,13,3,3,4,6,0,1,0,1,0,0,0,0,723254.9162,5310934.4594,11.987980356,47.912836083,2,#fc8d62,car
84269,9,1,79,145,2016,10,16,6,2,0,1,0,0,1,0,0,0,0,0,673572.9345,5336487.8762,11.334057811,48.15792653,1,#66c2a5,bicycle
84270,9,1,78,124,2016,10,7,3,3,5,3,0,1,1,1,0,0,0,0,702168711.0,5365401323.0,11.732001352,48.40931185,1,#66c2a5,bicycle
84276,9,1,77,116,2016,10,18,2,3,2,6,1,1,0,1,0,0,0,1,710133.5394,5363949.7954,11.838772556,48.393664556,2,#fc8d62,car
84284,9,1,79,137,2016,10,15,3,2,6,4,0,1,0,0,1,0,0,1,655590.8339,5346740.3783,11.096187134,48.254759924,3,#8da0cb,toilet
84287,9,1,79,126,2016,10,18,4,3,5,7,1,0,1,1,0,0,0,0,677094.0095,5339777.2811,11.382734395,48.186524557,1,#66c2a5,bicycle
84292,9,1,82,127,2016,10,20,1,3,5,3,2,0,0,1,0,0,0,1,699927369.0,5309621.2817,11.67553506,47.908730366,2,#fc8d62,car
84294,9,2,74,128,2016,10,6,4,3,5,3,1,1,0,1,0,0,0,0,735125744.0,5386246.6752,12.188432851,48.585127334,2,#fc8d62,car
84304,9,1,63,0,2016,10,4,3,3,2,6,2,1,0,1,0,0,0,0,734521.2693,5303753.3326,12.134640017,47.844301761,2,#fc8d62,car
84313,9,1,73,137,2016,10,21,4,3,2,6,2,0,0,1,0,0,0,0,679086.7926,5308553.2505,11.396458943,47.905287042,2,#fc8d62,car
84337,9,1,87,130,2016,10,7,6,3,5,3,0,0,0,1,0,0,0,0,712363.2007,5310158.6143,11.842016982,47.909562925,2,#fc8d62,car
84344,9,1,77,116,2016,10,16,5,2,9,1,0,0,0,1,0,0,0,0,714770.5598,5360467.4633,11.899554386,48.360813762,2,#fc8d62,car
84350,9,2,74,124,2016,10,6,2,3,0,7,2,1,0,1,0,0,0,1,722893455.0,5374061156.0,12.016287723,48.480125789,2,#fc8d62,car
84355,9,1,82,120,2016,10,18,1,3,5,6,1,0,0,1,0,1,0,0,700855.3466,5303642.0516,11.685159178,47.854702316,2,#fc8d62,car
84359,9,2,61,0,2016,10,10,2,2,6,2,0,0,0,1,1,0,0,0,734439.3586,5381963.0657,12.176726833,48.546907239,2,#fc8d62,car
84392,9,7,62,0,2016,10,14,2,3,5,3,0,0,0,1,0,0,0,0,622889.5122,5306329.3505,10.644212304,47.898516924,2,#fc8d62,car
84394,9,7,71,113,2016,10,13,3,3,5,3,0,0,0,1,0,0,0,0,658021.7453,5369719.9194,11.137543135,48.460753264,2,#fc8d62,car
84395,9,7,73,125,2016,10,16,1,3,9,6,0,0,0,1,0,1,0,0,616206059.0,5379745.96,10.574961207,48.560032107,2,#fc8d62,car
84398,9,7,72,200,2016,10,15,4,3,5,3,0,0,0,1,0,1,0,0,629650905.0,5338655198.0,10.744425687,48.187891557,2,#fc8d62,car
84402,9,7,71,122,2016,10,20,1,3,2,6,2,0,0,1,0,0,0,0,652559.2339,5362301.0532,11.061003045,48.395400938,2,#fc8d62,car
84412,9,1,62,0,2016,10,19,1,3,2,6,2,0,0,1,0,0,0,0,686388.3312,5333314.8068,11.504834244,48.125778816,2,#fc8d62,car
84418,9,1,82,127,2016,10,16,7,3,9,1,0,0,0,0,0,1,0,0,699929585.0,5309617358.0,11.675562863,47.908694411,4,#e78ac3,marker
84421,9,7,72,157,2016,10,10,1,3,3,6,0,0,0,1,0,1,0,0,628273.1894,5336095.6287,10.725125003,48.165153541,2,#fc8d62,car
84423,9,1,86,143,2016,10,6,3,3,4,7,2,0,1,1,0,0,0,0,685437.2531,5377874.5389,11.511666462,48.526563331,1,#66c2a5,bicycle
84425,9,1,79,123,2016,10,9,1,3,2,6,0,0,0,1,0,0,0,0,676912.9541,5332036.2977,11.377082747,48.116989868,2,#fc8d62,car
84426,9,1,82,120,2016,10,18,7,3,0,1,1,0,1,0,0,0,0,0,701510.8911,5305515.0326,11.694785837,47.871330418,1,#66c2a5,bicycle
84428,9,2,61,0,2016,10,7,3,3,4,2,0,1,0,1,0,0,0,0,732292.7042,5380043.0889,12.146614783,48.530459011,2,#fc8d62,car
84437,9,1,73,126,2016,10,17,2,3,8,7,0,0,0,1,0,0,0,0,683977.5488,5305748.0921,11.460647635,47.878687412,2,#fc8d62,car
84440,9,1,79,117,2016,10,7,1,2,8,1,1,0,0,1,0,0,0,0,662446.1074,5348644.6822,11.189207103,48.270159821,2,#fc8d62,car
84448,9,7,71,130,2016,10,13,2,3,8,6,0,0,0,1,0,0,0,1,647138.3193,5362821.5011,10.987998137,48.401368585,2,#fc8d62,car
84449,9,1,87,150,2016,10,22,7,3,2,6,2,0,0,1,0,0,0,0,729049.9441,5303450.4639,12.061458563,47.843553001,2,#fc8d62,car
84452,9,7,71,130,2016,10,17,1,3,4,2,0,0,0,1,0,0,0,0,644696721.0,5363209.0357,10.955163237,48.405418144,2,#fc8d62,car
84454,9,1,86,151,2016,10,16,3,3,7,6,0,1,0,1,0,0,0,0,680016.0015,5374942.7116,11.437043357,48.501789458,2,#fc8d62,car
84456,9,1,81,113,2016,10,12,1,3,4,2,0,0,0,1,0,0,0,0,639234.2083,5310212.2304,10.864039215,47.930095271,2,#fc8d62,car
84469,9,7,61,0,2016,10,15,1,3,0,7,0,0,0,1,0,0,0,0,639548.9923,5352492.5349,10.882092249,48.31021866,2,#fc8d62,car
84472,9,7,61,0,2016,10,13,2,3,2,6,0,0,0,1,0,0,0,0,639926.3722,5355256.3768,10.888096377,48.334987169,2,#fc8d62,car
84479,9,7,72,171,2016,10,17,2,3,5,3,0,0,0,1,0,0,0,0,637732.6388,5372043.2808,10.864022171,48.486413427,2,#fc8d62,car
84484,9,1,87,159,2016,10,15,2,3,4,6,0,0,1,0,0,0,0,0,731466.1568,5328915.1103,12.107405985,48.071463846,1,#66c2a5,bicycle
84488,9,1,79,121,2016,10,19,1,3,7,7,2,0,0,1,0,0,0,0,665727076.0,5339016.19,11.229623905,48.182749692,2,#fc8d62,car
84492,9,1,63,0,2016,10,14,2,3,5,2,0,0,1,1,0,0,0,0,734143146.0,5304647.8179,12.130077739,47.852475609,1,#66c2a5,bicycle
84493,9,1,79,142,2016,10,13,6,3,3,6,0,0,0,1,0,0,0,1,677389.3042,5342411.8879,11.387804797,48.210124796,2,#fc8d62,car
84495,9,7,71,122,2016,10,8,2,3,1,6,1,1,0,1,0,1,0,0,652100.8874,5360370.6542,11.054116302,48.378155852,2,#fc8d62,car
84500,9,7,78,203,2016,10,7,4,3,3,6,0,1,0,1,0,0,0,0,620753.8218,5322151.6543,10.620095175,48.041222603,2,#fc8d62,car
84501,9,7,71,122,2016,10,8,2,3,0,1,0,1,0,0,0,1,0,0,652130.1195,5360375043.0,11.054512405,48.378188263,4,#e78ac3,marker
84506,9,1,88,124,2016,10,15,6,3,5,2,0,0,0,1,0,0,0,0,662829206.0,5319474412.0,11.183212974,48.007809171,2,#fc8d62,car
84508,9,1,79,119,2016,10,16,1,2,5,2,0,0,1,1,0,1,0,0,670947998.0,5339025879.0,11.299810115,48.181453447,1,#66c2a5,bicycle
84515,9,1,86,152,2016,10,7,2,2,3,6,2,1,0,1,0,0,1,0,690998.0278,5376035.2113,11.586063881,48.508365743,2,#fc8d62,car
84518,9,1,74,141,2016,10,15,6,3,2,6,0,0,0,1,0,0,0,0,682295.1238,5355750.2702,11.459528795,48.328626674,2,#fc8d62,car
84521,9,1,74,115,2016,10,22,1,3,4,3,2,0,0,1,0,0,0,0,683368.7383,5347712.0083,11.470510161,48.256065491,2,#fc8d62,car
84526,9,1,74,131,2016,10,15,6,3,5,3,0,0,0,1,0,0,0,1,676346.2883,5358581.6526,11.380525655,48.355765285,2,#fc8d62,car
84531,9,1,79,142,2016,10,22,3,3,1,6,2,0,0,1,0,0,0,0,671014.9195,5340994.5609,11.301502416,48.199133146,2,#fc8d62,car
84538,9,1,77,133,2016,10,21,6,3,2,6,2,0,0,1,0,0,0,0,709347.9697,5360056.2635,11.826234838,48.358939948,2,#fc8d62,car
84540,9,1,74,126,2016,10,19,1,3,5,3,2,0,1,1,0,0,0,0,683839.4469,5343806.8455,11.475151013,48.220827943,1,#66c2a5,bicycle
84547,9,7,71,122,2016,10,22,2,3,8,1,2,1,0,1,0,0,0,0,648421.2614,5359886.6627,11.004284236,48.374680542,2,#fc8d62,car
84548,9,1,79,121,2016,10,23,7,3,9,1,2,0,0,1,0,0,0,0,667072.4182,5339483.9471,11.247893146,48.186602442,2,#fc8d62,car
84552,9,7,72,125,2016,10,17,2,3,2,6,0,0,0,1,0,0,0,0,637539.5441,5346902.6227,10.853185864,48.260394244,2,#fc8d62,car
84556,9,1,81,122,2016,10,6,3,3,5,3,2,1,0,1,0,1,0,0,648851.7819,5331776.0093,11.000209937,48.121828361,2,#fc8d62,car
84558,9,1,74,126,2016,10,14,1,2,5,3,0,0,1,1,0,0,0,0,683120.8537,5344435.5357,11.465757006,48.226686721,1,#66c2a5,bicycle
84559,9,1,88,113,2016,10,15,7,3,0,1,0,0,1,0,0,0,0,0,676142.5827,5314760.4095,11.359634355,47.961902471,1,#66c2a5,bicycle
84561,9,1,73,147,2016,10,6,3,3,2,2,0,1,0,1,0,0,0,0,681353.0171,5309516.8295,11.427161779,47.913312249,2,#fc8d62,car
84563,9,1,77,139,2016,10,18,6,1,5,3,0,0,0,1,0,1,0,0,726546.6981,5354306.9198,12.055000585,48.301353697,2,#fc8d62,car
84564,9,1,84,123,2016,10,16,1,3,9,6,0,0,0,1,0,0,0,0,705252394.0,5333255025.0,11.75802509,48.119439778,2,#fc8d62,car
84572,9,7,71,141,2016,10,11,2,3,5,3,0,0,0,1,0,0,0,0,655765.1444,5377802151.0,11.110054621,48.533977732,2,#fc8d62,car
84573,9,1,74,113,2016,10,19,7,3,9,1,2,0,0,0,0,1,0,0,678049.4275,5347859.8583,11.398972004,48.258911393,4,#e78ac3,marker
84579,9,1,77,143,2016,10,12,1,3,0,1,0,0,0,0,0,1,0,0,720751156.0,5366529216.0,11.983368792,48.41321257,4,#e78ac3,marker
84583,9,1,84,120,2016,10,15,5,3,0,1,0,0,1,0,0,0,0,0,681731.0841,5331974.5258,11.441734848,48.115077845,1,#66c2a5,bicycle
84586,9,1,79,113,2016,10,5,3,3,2,6,2,1,0,1,0,0,0,0,671765.8908,5335757.8046,11.309484145,48.151854164,2,#fc8d62,car
84588,9,1,77,117,2016,10,15,1,3,4,6,0,0,0,1,0,0,0,0,714223.8112,5350237.8651,11.886988155,48.269084111,2,#fc8d62,car
84592,9,1,62,0,2016,10,18,5,3,3,1,2,0,0,1,0,0,0,0,692666.8779,5330147.4636,11.587691945,48.095442162,2,#fc8d62,car
84594,9,1,63,0,2016,10,7,4,3,6,2,0,1,1,0,0,0,0,1,732656.4186,5307199927.0,12.111606465,47.875943899,1,#66c2a5,bicycle
84599,9,7,71,113,2016,10,8,2,3,5,3,0,0,0,1,0,0,0,0,658248.3385,5367777.7899,11.1398719,48.443236193,2,#fc8d62,car
84600,9,1,78,145,2016,10,18,7,3,2,6,2,0,0,1,0,0,0,0,696377.7116,5356212.8359,11.649543206,48.328566013,2,#fc8d62,car
84613,9,1,84,135,2016,10,7,5,3,1,6,0,0,0,1,0,0,0,0,690094055.0,5347344947.0,11.560862542,48.250784821,2,#fc8d62,car
84618,9,1,87,177,2016,10,7,4,3,2,6,1,1,0,1,0,1,0,0,735803.9092,5308260.1402,12.154214977,47.884320755,2,#fc8d62,car
84622,9,1,74,118,2016,10,19,3,3,8,1,2,1,0,1,0,0,0,0,672305.0206,5355975.4367,11.324952901,48.333453041,2,#fc8d62,car
84625,9,1,78,145,2016,10,14,7,3,5,6,0,1,0,1,0,0,0,0,696317.8396,5355449.3215,11.648380788,48.321722865,2,#fc8d62,car
84628,9,1,88,139,2016,10,11,2,3,0,1,0,0,0,0,0,1,0,0,674777.4049,5319087.1958,11.343122587,48.00117307,4,#e78ac3,marker
84630,9,1,74,126,2016,10,11,3,3,4,2,0,1,0,1,0,0,0,0,683844.8769,5346477.9564,11.476382978,48.244835414,2,#fc8d62,car
84631,9,1,62,0,2016,10,14,5,3,2,6,0,0,0,1,0,0,0,0,688916.4881,5340122.2848,11.541797541,48.186219828,2,#fc8d62,car
84640,9,1,62,0,2016,10,7,5,3,3,6,1,0,0,1,0,0,1,0,692090272.0,5331318.4625,11.58048279,48.106141036,2,#fc8d62,car
84645,9,1,84,147,2016,10,13,3,3,2,6,0,1,0,1,0,0,0,0,698560.7386,5341794.6803,11.672196208,48.198308802,2,#fc8d62,car
84646,9,7,61,0,2016,10,11,4,3,2,6,0,0,0,1,0,0,0,0,639804.7691,5352973.9558,10.885699512,48.314491021,2,#fc8d62,car
84647,9,1,78,150,2016,10,11,7,3,8,1,0,0,0,1,0,0,0,0,689162.6431,5372551.7786,11.559661868,48.477614057,2,#fc8d62,car
84651,9,1,88,139,2016,10,16,2,2,6,4,0,0,0,1,1,0,0,0,674465.7714,5318540.8368,11.338726221,47.996346589,2,#fc8d62,car
84652,9,1,62,0,2016,10,10,5,3,2,6,0,0,0,1,0,0,0,0,688256.7676,5331618.3685,11.529169538,48.109981067,2,#fc8d62,car
84656,9,1,84,147,2016,10,13,3,3,2,6,0,1,0,0,0,0,1,0,700177.6008,5341250018.0,11.693674027,48.192906346,5,#a6d854,bus
84657,9,7,77,114,2016,10,16,4,3,5,3,0,0,0,1,0,0,0,0,616632665.0,5313605686.0,10.562501864,47.965127894,2,#fc8d62,car
84659,9,1,75,123,2016,10,15,7,2,0,1,0,0,0,0,0,1,0,0,725646.1664,5336307.9053,12.0332973,48.139969096,4,#e78ac3,marker
84662,9,1,81,113,2016,10,22,2,3,4,1,2,1,0,1,0,0,0,0,637223.2989,5309664.1816,10.836957411,47.925600572,2,#fc8d62,car
84667,9,2,61,0,2016,10,11,4,3,4,2,0,0,1,1,0,0,0,0,733725268.0,5381378032.0,12.166737913,48.541918549,1,#66c2a5,bicycle
84671,9,2,74,126,2016,10,16,5,3,5,2,0,0,1,1,0,0,0,0,732896.7083,5383158.9303,12.156525369,48.558223808,1,#66c2a5,bicycle
84673,9,1,77,139,2016,10,10,7,3,5,3,0,0,0,1,0,0,0,0,732560832.0,5359588096.0,12.138889429,48.346613886,2,#fc8d62,car
84674,9,2,61,0,2016,10,7,5,3,2,6,0,0,0,1,0,0,0,0,731272.8398,5382048281.0,12.133934151,48.548847943,2,#fc8d62,car
84677,9,1,77,133,2016,10,22,3,3,2,6,2,1,0,1,0,0,0,1,708511.7571,5360320.2426,11.815090813,48.361588659,2,#fc8d62,car
84680,9,1,62,0,2016,10,8,6,3,2,6,0,0,0,1,0,0,0,0,687291.5805,5331559.2068,11.516189582,48.109733837,2,#fc8d62,car
84682,9,1,83,126,2016,10,10,3,3,2,6,0,1,0,1,0,0,1,0,727101.1924,5336514.9455,12.052938487,48.141311604,2,#fc8d62,car
84683,9,1,81,145,2016,10,17,2,2,5,3,0,0,0,1,0,0,0,0,647630.0735,5330739.0046,10.983444292,48.112788504,2,#fc8d62,car