OBJECTID,ULAND,UREGBEZ,UKREIS,UGEMEINDE,UJAHR,UMONAT,USTUNDE,UWOCHENTAG,UKATEGORIE,UART,UTYP1,ULICHTVERH,STRZUSTAND,IstRad,IstPKW,IstFuss,IstKrad,IstGkfz,IstSonstig,LINREFX,LINREFY,XGCSWGS84,YGCSWGS84,Teilnehmer,color,symbol
84698,9,1,73,118,2016,10,14,5,3,5,3,0,0,0,1,0,0,0,0,689121.7347,5301669.2676,11.527597466,47.840529874,2,#fc8d62,car
84700,9,1,62,0,2016,10,18,6,3,2,6,1,0,0,1,0,0,0,0,688065.3168,5331600.1967,11.526592041,48.109874289,2,#fc8d62,car
84705,9,1,78,130,2016,10,5,3,3,5,2,2,1,0,1,0,0,1,0,702782.7466,5358695414.0,11.737054483,48.348853297,2,#fc8d62,car
84707,9,7,77,139,2016,10,13,7,3,8,1,0,0,0,1,0,0,0,0,616592.4089,5306545.0759,10.560051077,47.901632463,2,#fc8d62,car
84712,9,1,79,126,2016,10,14,2,3,5,3,0,0,0,1,0,1,0,0,676426635.0,5340349297.0,11.37400074,48.1918522,2,#fc8d62,car
84720,9,1,77,130,2016,10,11,3,3,5,3,0,1,0,1,0,0,0,0,709715347.0,5350847875.0,11.82660998,48.276074144,2,#fc8d62,car
84721,9,1,62,0,2016,10,16,4,2,6,4,0,0,0,1,1,0,0,1,685132.9208,5331933.5713,11.487379818,48.113729897,2,#fc8d62,car
84723,9,1,62,0,2016,10,8,6,3,3,6,0,0,0,0,0,1,0,0,694992.3858,5332986.7406,11.62018966,48.120253181,4,#e78ac3,marker
84726,9,1,74,115,2016,10,11,2,3,5,3,0,0,0,0,0,0,0,1,683339.5705,5347779.1061,11.470146635,48.256677033,6,#ffd92f,circle
84728,9,1,75,124,2016,10,11,3,2,6,4,0,1,0,0,1,0,1,0,714948.6785,5328687.4781,11.885849035,48.075198678,3,#8da0cb,toilet
84731,9,7,77,140,2016,10,12,7,3,5,3,0,0,0,1,0,0,0,0,628242.5472,5318253.8816,10.719355803,48.004709161,2,#fc8d62,car
84734,9,1,84,130,2016,10,5,6,3,2,6,2,0,0,1,0,0,0,0,701692.4491,5348870.9829,11.717660941,48.260914532,2,#fc8d62,car
84745,9,1,78,124,2016,10,17,2,3,5,3,0,0,1,1,0,0,0,0,702449509.0,5364218277.0,11.735220899,48.398590541,1,#66c2a5,bicycle
84751,9,1,75,115,2016,10,8,3,3,5,3,0,1,0,1,0,0,0,0,722368.6955,5329554898.0,11.985781867,48.080448599,2,#fc8d62,car
84754,9,1,62,0,2016,10,14,6,3,5,2,0,0,1,1,0,0,0,0,684292.1166,5335411.5631,11.477598231,48.145235918,1,#66c2a5,bicycle
84757,9,1,84,145,2016,10,12,1,3,5,2,0,0,0,1,0,0,0,0,698546.8668,5324555.8598,11.663981607,48.043383865,2,#fc8d62,car
84761,9,7,61,0,2016,10,16,7,3,2,6,1,0,0,1,0,0,0,0,637546.6826,5360260.0458,10.857639287,48.380502108,2,#fc8d62,car
84767,9,1,62,0,2016,10,1,5,3,2,6,2,0,0,1,0,0,0,0,692835.7045,5329808.1476,11.589803789,48.092341383,2,#fc8d62,car
84776,9,1,77,139,2016,10,16,3,3,2,6,0,1,0,1,0,0,0,0,731604.3241,5357261.0014,12.124720418,48.326060342,2,#fc8d62,car
84778,9,1,84,113,2016,10,5,6,3,8,7,2,0,0,1,0,0,0,0,685352.9423,5321338.3673,11.485740296,48.018429951,2,#fc8d62,car
84779,9,1,87,179,2016,10,12,5,3,3,2,0,0,0,1,0,0,0,0,725219.9693,5311204.1261,12.014383422,47.914572051,2,#fc8d62,car
84783,9,2,61,0,2016,10,13,7,3,6,7,0,0,1,0,1,0,0,0,728407.0428,5380759.7096,12.094453277,48.538322377,1,#66c2a5,bicycle
84784,9,7,61,0,2016,10,13,7,3,0,1,0,0,1,0,0,0,0,0,643344.3955,5357596.7628,10.934987154,48.355264665,1,#66c2a5,bicycle
84785,9,2,61,0,2016,10,6,6,3,8,1,0,0,0,1,0,0,0,0,732232.9994,5381561.0088,12.146653053,48.544116218,2,#fc8d62,car
84786,9,2,61,0,2016,10,17,7,3,0,1,0,0,0,0,0,1,0,0,734845.9686,5381968.0273,12.182230477,48.546799743,4,#e78ac3,marker
84794,9,1,90,157,2016,10,23,1,3,5,2,2,0,0,1,0,0,0,1,658913.1355,5301404.8334,11.124078838,47.846329552,2,#fc8d62,car
84795,9,1,62,0,2016,10,17,2,3,5,3,0,0,1,1,0,0,0,0,693935.3009,5331667.2907,11.605400471,48.108717209,1,#66c2a5,bicycle
84797,9,7,72,131,2016,10,18,7,3,0,7,2,0,1,0,0,0,0,0,618221.1945,5356237.1095,10.595621771,48.348241055,1,#66c2a5,bicycle
84804,9,1,62,0,2016,10,9,2,3,2,6,0,1,0,1,0,0,1,0,688851.4526,5339877.1574,11.540814442,48.18403595,2,#fc8d62,car
84805,9,7,61,0,2016,10,16,4,3,5,2,0,0,1,1,0,0,0,0,641930.3248,5358851.3149,10.916333175,48.366864494,1,#66c2a5,bicycle
84806,9,7,61,0,2016,10,7,7,3,5,3,0,1,1,1,0,0,0,0,640816.0472,5354477.6849,10.89983416,48.327787762,1,#66c2a5,bicycle
84808,9,1,62,0,2016,10,14,5,3,2,7,2,0,0,1,0,0,0,0,679270.3124,5337444272.0,11.411005007,48.164942863,2,#fc8d62,car
84809,9,1,87,170,2016,10,7,3,3,4,2,0,1,0,1,0,0,1,0,735337603.0,5320960.6029,12.154928845,47.998588399,2,#fc8d62,car
84819,9,1,88,139,2016,10,6,5,3,9,1,2,2,0,1,0,0,0,0,672378.6438,5318010489.0,11.310558854,47.992144863,2,#fc8d62,car
84822,9,1,88,139,2016,10,8,5,3,1,7,0,0,0,1,0,0,0,0,674409.6698,5318124.7718,11.337805771,47.992621594,2,#fc8d62,car
84829,9,1,87,182,2016,10,7,3,2,5,2,1,1,0,1,0,1,0,0,738458.6225,5328297729.0,12.20078516,48.063342514,2,#fc8d62,car
84837,9,1,79,142,2016,10,0,5,3,9,6,2,0,0,1,0,0,1,0,671905.8288,5342902222.0,11.314254961,48.216041519,2,#fc8d62,car
84839,9,7,77,121,2016,10,7,5,2,6,4,0,0,0,0,1,0,0,1,628054385.0,5321922.3216,10.717930362,48.037737558,3,#8da0cb,toilet
84841,9,1,88,139,2016,10,6,4,3,5,3,2,1,0,1,0,0,1,0,673493.6287,5317875.9332,11.325437,47.990633746,2,#fc8d62,car
84844,9,1,79,123,2016,10,19,5,3,2,6,2,0,0,1,0,0,0,0,677380.4335,5332213.4295,11.383432072,48.118452096,2,#fc8d62,car
84848,9,1,79,121,2016,10,7,5,3,5,3,0,0,1,1,0,0,0,0,668276094.0,5338239134.0,11.263582077,48.175094011,1,#66c2a5,bicycle
84863,9,1,74,113,2016,10,16,5,3,3,6,0,0,0,1,0,0,1,0,674609.7706,5345119.4944,11.351538133,48.235234897,2,#fc8d62,car
84869,9,7,72,223,2016,10,9,6,3,2,6,0,0,0,1,0,0,1,0,617569.8963,5363049036.0,10.588740302,48.409623188,2,#fc8d62,car
84870,9,1,74,113,2016,10,8,5,2,4,6,0,0,0,1,0,0,0,0,674216.5735,5344631.8369,11.346046899,48.230959354,2,#fc8d62,car
84877,9,7,72,163,2016,10,14,6,3,2,6,0,0,0,1,0,0,0,1,638756.8576,5348886.1126,10.870229611,48.277964278,2,#fc8d62,car
84878,9,1,75,132,2016,10,18,5,3,2,6,1,0,0,1,0,0,0,0,705114.0259,5335816.1189,11.757400839,48.142499773,2,#fc8d62,car
84883,9,7,61,0,2016,10,8,5,3,5,3,0,0,0,1,0,0,0,0,640354.9824,5355581.3136,10.893984803,48.33781386,2,#fc8d62,car
84889,9,1,73,126,2016,10,16,7,2,4,6,0,0,0,1,0,0,0,0,684600241.0,5305058.3118,11.468673263,47.872308248,2,#fc8d62,car
84892,9,1,84,147,2016,10,6,5,3,2,6,2,0,0,1,0,0,0,0,699176.4308,5341570.5219,11.680367534,48.196101472,2,#fc8d62,car
84895,9,1,62,0,2016,10,8,5,2,2,6,0,0,0,1,0,0,0,1,696155213.0,5343512684.0,11.640653093,48.214496635,2,#fc8d62,car
84899,9,7,72,163,2016,10,17,4,3,0,6,0,0,0,1,0,0,0,0,639034.2549,5346541.8325,10.873195675,48.256823775,2,#fc8d62,car
84901,9,1,78,143,2016,10,11,5,3,0,7,0,1,0,0,0,1,0,0,716999384.0,5372540.7382,11.935848296,48.468526995,4,#e78ac3,marker
84902,9,1,63,0,2016,10,19,3,3,5,3,2,0,1,1,0,0,0,0,733676.5379,5303528.5162,12.123245245,47.842589548,1,#66c2a5,bicycle
84904,9,1,79,118,2016,10,5,4,3,5,3,2,1,0,1,0,0,0,0,672662.2855,5338055.2338,11.322458998,48.172264265,2,#fc8d62,car
84906,9,1,90,157,2016,10,15,5,3,2,3,0,0,0,1,0,0,0,1,661423561.0,5302691025.0,11.15808946,47.857268213,2,#fc8d62,car
84908,9,1,62,0,2016,10,15,5,3,2,6,0,0,0,1,0,0,0,0,688099.1625,5331601.3129,11.52704678,48.109874328,2,#fc8d62,car
84912,9,1,62,0,2016,10,8,4,2,1,5,0,1,1,1,0,0,0,0,692192492.0,5342938.7435,11.587103717,48.210550671,1,#66c2a5,bicycle
84915,9,1,79,132,2016,10,8,5,3,5,3,0,0,0,1,0,0,0,0,661442.61,5337530.9337,11.171461803,48.170499819,2,#fc8d62,car
84939,9,1,79,126,2016,10,0,5,2,8,1,2,1,0,1,0,0,0,0,677040.6399,5339815.0353,11.382032706,48.18687881,2,#fc8d62,car
84946,9,1,62,0,2016,10,17,5,3,2,6,0,0,0,1,0,0,0,0,686871.5786,5331215.3568,11.510402026,48.106766544,2,#fc8d62,car
84948,9,1,75,118,2016,10,10,6,3,4,2,0,1,0,1,0,0,0,0,715242.26,5338732118.0,11.894856067,48.165355998,2,#fc8d62,car
84949,9,7,71,130,2016,10,20,5,3,5,3,2,0,1,0,0,0,0,1,649313.6225,5356374379.0,11.015080651,48.342890913,1,#66c2a5,bicycle
84957,9,7,71,144,2016,10,16,3,2,4,2,0,0,0,1,0,0,0,1,660562893.0,5372465426.0,11.172945598,48.48479192,2,#fc8d62,car
84959,9,1,90,159,2016,10,14,5,2,6,4,0,0,0,1,1,0,0,0,662061.1745,5306082.4299,11.167879476,47.887599645,2,#fc8d62,car
84962,9,1,62,0,2016,10,8,5,3,3,6,0,0,0,1,0,0,0,0,684683286.0,5332056917.0,11.481397982,48.114969143,2,#fc8d62,car
84963,9,2,74,126,2016,10,14,6,3,2,1,0,0,0,1,0,1,0,0,732973.1152,5383240.4831,12.157604936,48.558927989,2,#fc8d62,car
84965,9,2,74,146,2016,10,9,5,3,1,6,0,0,0,1,0,0,0,0,733355.9353,5373538.9634,12.157360209,48.471640019,2,#fc8d62,car
84969,9,1,79,121,2016,10,14,5,3,0,7,0,1,1,0,0,0,0,0,668000154.0,5338402.8709,11.259937963,48.176639,1,#66c2a5,bicycle
84973,9,1,74,115,2016,10,4,5,1,8,1,2,1,0,1,0,0,0,0,680860945.0,5344853199.0,11.435533864,48.231089313,2,#fc8d62,car
84981,9,1,79,125,2016,10,18,5,3,8,1,2,0,0,1,0,0,0,0,663163.6956,5331362.5687,11.192229819,48.114604479,2,#fc8d62,car
85004,9,1,62,0,2016,10,5,6,3,3,6,2,1,0,1,0,0,1,0,683811.1335,5342570.8033,11.474234504,48.209726044,2,#fc8d62,car
85005,9,7,73,182,2016,10,14,5,2,0,1,0,1,1,1,0,0,0,0,624624.6047,5379732.3528,10.689005247,48.558292822,1,#66c2a5,bicycle
85012,9,1,74,113,2016,10,7,5,3,4,2,0,1,0,1,0,0,0,0,677729226.0,5347681.5261,11.394586739,48.257398274,2,#fc8d62,car
85016,9,1,90,138,2016,10,7,6,3,4,2,0,1,1,1,0,0,0,0,660988.6105,5310766.3147,11.155290975,47.929982184,1,#66c2a5,bicycle
85019,9,1,62,0,2016,10,11,5,3,1,6,0,0,0,1,0,0,0,0,695366.3169,5342344.3335,11.629506584,48.204239572,2,#fc8d62,car
85026,9,1,62,0,2016,10,16,5,3,2,6,0,0,0,1,0,0,0,0,694480434.0,5341479.6882,11.617199967,48.196740582,2,#fc8d62,car
85027,9,1,87,130,2016,10,17,5,3,4,3,0,0,0,1,0,0,0,0,712397.4321,5310700.0564,11.842741191,47.91441712,2,#fc8d62,car
85035,9,7,72,111,2016,10,17,4,3,4,2,1,0,0,1,0,0,0,0,627248.8047,5364850.9519,10.720020595,48.423947011,2,#fc8d62,car
85054,9,7,71,114,2016,10,7,5,3,2,2,1,0,0,1,0,0,0,1,648424.7733,5372524.0373,11.00880704,48.488302162,2,#fc8d62,car
85055,9,1,75,135,2016,10,18,6,3,0,1,2,1,0,0,0,1,0,0,709068588.0,5339105372.0,11.812113336,48.170770259,4,#e78ac3,marker
85056,9,7,72,177,2016,10,14,5,3,5,3,0,0,0,1,0,0,0,0,635858.2392,5378879.6566,10.840895031,48.548292204,2,#fc8d62,car
85057,9,2,74,182,2016,10,7,4,2,5,3,1,1,0,1,0,1,0,0,728996328.0,5375319687.0,12.099439719,48.489238881,2,#fc8d62,car
85068,9,1,84,141,2016,10,0,5,3,5,3,2,0,0,1,0,0,0,0,700206.6399,5317219.7312,11.68280195,47.97693369,2,#fc8d62,car
85071,9,2,74,126,2016,10,7,5,3,5,3,0,1,0,1,0,0,0,0,733007047.0,5386142712.0,12.15968964,48.584984948,2,#fc8d62,car
85075,9,1,75,133,2016,10,15,5,3,5,3,0,0,0,1,0,0,1,0,708883.4617,5342095.2233,11.81109625,48.19769811,2,#fc8d62,car
85081,9,1,78,113,2016,10,15,5,3,2,6,0,0,0,1,0,0,0,0,693250.3926,5367432.2012,11.612552934,48.430361001,2,#fc8d62,car
85085,9,1,73,118,2016,10,17,6,3,2,2,0,1,0,1,0,0,0,1,688182.1015,5303407.5947,11.515807911,47.856430945,2,#fc8d62,car
85089,9,1,74,113,2016,10,18,4,3,2,6,2,1,0,1,0,0,0,0,678916.2483,5341978.3595,11.408157136,48.205799274,2,#fc8d62,car
85092,9,1,74,113,2016,10,14,4,3,0,7,0,1,0,0,0,1,0,1,674885.7714,5345336.8632,11.355341619,48.237112816,4,#e78ac3,marker
85095,9,1,84,123,2016,10,7,4,3,2,6,1,0,0,1,0,0,0,0,705228.2158,5332853.2104,11.757507208,48.115836635,2,#fc8d62,car
85097,9,1,75,132,2016,10,11,4,3,2,6,0,1,0,1,0,1,0,0,707323.6053,5330242.2042,11.784358701,48.091694464,2,#fc8d62,car
85099,9,1,87,170,2016,10,7,6,3,2,6,0,1,0,1,0,0,0,0,733539488.0,5317761.9431,12.129121764,47.970511515,2,#fc8d62,car
85101,9,1,78,120,2016,10,16,4,3,2,6,0,0,0,1,0,0,0,0,695972.9316,5353649.4608,11.642896954,48.305654317,2,#fc8d62,car
85104,9,1,77,137,2016,10,9,4,3,5,3,0,0,0,1,0,0,0,0,732875.5819,5345931.4921,12.135605258,48.223817687,2,#fc8d62,car
85105,9,1,62,0,2016,10,8,3,3,5,3,0,1,0,1,0,0,0,0,686792.7825,5335160.2169,11.511073313,48.142247423,2,#fc8d62,car
85109,9,1,84,119,2016,10,7,3,3,2,6,2,1,0,1,0,0,0,0,697769386.0,5346291.2467,11.663655284,48.238966921,2,#fc8d62,car
85110,9,1,73,137,2016,10,19,5,3,1,6,2,0,0,1,0,0,0,0,679008598.0,5308240553.0,11.395283764,47.902497882,2,#fc8d62,car
85112,9,1,77,139,2016,10,19,6,3,2,6,2,0,0,1,0,0,0,0,732012.6887,5359504.3014,12.131456443,48.346062667,2,#fc8d62,car
85113,9,1,74,113,2016,10,16,6,3,2,6,0,1,0,1,0,0,0,0,672410.9952,5346320.3106,11.322440616,48.246631132,2,#fc8d62,car
85115,9,1,62,0,2016,10,9,3,3,6,4,0,1,0,1,1,0,0,0,685706.5092,5335289.7401,11.496541346,48.143729621,2,#fc8d62,car
85119,9,7,72,171,2016,10,6,3,3,2,6,2,1,0,1,0,0,0,0,637580.9057,5372070.2308,10.861978675,48.486688982,2,#fc8d62,car
85124,9,1,73,120,2016,10,18,6,3,4,6,1,0,0,1,0,0,0,0,689937.2194,5311638.4001,11.542870176,47.929897161,2,#fc8d62,car
85125,9,1,62,0,2016,10,8,3,3,5,2,0,1,0,1,0,0,0,0,696796632.0,5333691081.0,11.64473253,48.126028304,2,#fc8d62,car
85129,9,1,62,0,2016,10,14,3,3,2,6,0,1,0,1,0,0,0,0,679812.3409,5336355.9738,11.417828017,48.155007165,2,#fc8d62,car
85132,9,1,62,0,2016,10,15,3,3,0,1,0,1,0,0,0,1,0,0,695703.0143,5333914.0724,11.630153998,48.128369567,4,#e78ac3,marker
85134,9,1,62,0,2016,10,15,4,2,3,6,0,1,0,1,0,1,0,0,688690.2254,5337296952.0,11.537502296,48.160892767,2,#fc8d62,car
85155,9,1,84,113,2016,10,5,5,3,7,7,2,1,1,0,0,1,0,0,684281.3907,5319994.6669,11.470806351,48.006661639,1,#66c2a5,bicycle
85166,9,1,79,121,2016,10,12,6,3,2,6,0,1,0,1,0,0,1,0,666059095.0,5339511.1997,11.234280729,48.187113155,2,#fc8d62,car
85167,9,7,61,0,2016,10,14,5,3,2,6,0,0,0,1,0,0,0,0,639809.0679,5352992.3016,10.885763543,48.314655032,2,#fc8d62,car
85168,9,7,72,111,2016,10,14,3,3,1,6,0,0,0,1,0,0,0,0,626937998.0,5364977331.0,10.715859652,48.425146181,2,#fc8d62,car
85172,9,1,62,0,2016,10,6,4,3,2,6,2,0,0,1,0,0,0,0,684634.6239,5342579.2926,11.485312191,48.209563347,2,#fc8d62,car
85175,9,1,77,126,2016,10,13,1,3,4,6,0,0,0,1,0,0,0,0,717154.6228,5367366.2601,11.935263179,48.421982514,2,#fc8d62,car
85177,9,1,62,0,2016,10,0,1,3,2,6,2,0,0,1,0,0,0,0,696006.5765,5333814.3488,11.634183394,48.127379907,2,#fc8d62,car
85180,9,1,62,0,2016,10,14,7,3,1,7,0,0,1,1,0,0,0,0,693472.0528,5339408267.0,11.602700913,48.178431498,1,#66c2a5,bicycle
85186,9,1,62,0,2016,10,12,7,3,2,6,0,0,0,1,0,0,0,0,694353.6716,5331808.38,11.611079255,48.109857763,2,#fc8d62,car
85191,9,1,87,130,2016,10,19,3,3,0,1,2,1,0,1,0,0,0,0,713171.6321,5313009926.0,11.854232485,47.934917067,2,#fc8d62,car
85192,9,1,77,133,2016,10,6,3,3,1,6,2,1,0,1,0,0,0,0,709832651.0,5359848.8948,11.832666431,48.35691575,2,#fc8d62,car
85195,9,1,84,138,2016,10,11,7,3,2,6,0,0,0,1,0,0,0,1,680488.4337,5331098.3488,11.424683432,48.107555338,2,#fc8d62,car
85206,9,7,77,141,2016,10,10,7,3,8,1,0,0,0,1,0,0,0,0,630675.2993,5308014.0627,10.748844756,47.912129266,2,#fc8d62,car
85207,9,1,81,122,2016,10,10,1,3,2,6,0,0,0,1,0,0,0,0,651034.2688,5331579.2249,11.029448649,48.119544978,2,#fc8d62,car
85210,9,7,72,160,2016,10,8,7,3,8,1,0,0,0,0,0,0,0,1,637883.9905,5340685.4809,10.855801054,48.204414265,6,#ffd92f,circle
85211,9,1,79,123,2016,10,14,1,2,3,3,0,0,0,1,0,0,0,0,676081.9734,5334923.0931,11.367120162,48.143170458,2,#fc8d62,car
85235,9,7,72,223,2016,10,9,2,2,2,6,0,0,0,1,0,0,1,0,615112.8259,5362105.1237,10.555291487,48.401587954,2,#fc8d62,car
85247,9,1,86,152,2016,10,8,2,3,2,6,0,0,0,1,0,0,1,0,690991.7013,5381407.1376,11.588439614,48.556646071,2,#fc8d62,car
85251,9,7,61,0,2016,10,21,6,3,2,6,2,0,0,1,0,0,1,1,639804587.0,5352973.1789,10.885696799,48.314484075,2,#fc8d62,car
85255,9,7,71,130,2016,10,8,6,3,0,1,0,1,0,0,0,1,0,0,646925.1233,5362811.8069,10.985116035,48.401331144,4,#e78ac3,marker
85263,9,1,86,152,2016,10,7,2,3,2,6,0,0,0,1,0,0,0,0,692780.2512,5372749.1255,11.608652343,48.478289042,2,#fc8d62,car
85269,9,1,62,0,2016,10,18,3,3,3,6,2,1,0,1,0,0,1,0,686804.8568,5333248.9645,11.510397422,48.125064915,2,#fc8d62,car
85272,9,1,73,118,2016,10,18,2,1,4,1,2,0,0,1,0,1,0,0,687834.4761,5305614.3595,11.512124043,47.876368689,2,#fc8d62,car
85275,9,1,62,0,2016,10,8,2,3,0,1,0,0,1,0,0,0,0,0,683832.15,5332022.9977,11.469958572,48.114910514,1,#66c2a5,bicycle
85277,9,1,74,147,2016,10,11,1,3,9,1,0,0,0,1,0,0,0,0,672357.5493,5368090.6178,11.330631195,48.442343793,2,#fc8d62,car
85284,9,7,77,140,2016,10,7,2,3,0,1,1,1,0,0,0,1,0,0,629298.0863,5317372.8086,10.733235289,47.996572975,4,#e78ac3,marker
85290,9,7,71,130,2016,10,13,2,3,8,1,0,1,0,1,0,0,0,0,649950386.0,5357902656.0,11.024212953,48.356480857,2,#fc8d62,car
85299,9,7,72,147,2016,10,15,6,3,0,3,0,0,1,0,0,0,0,0,637451528.0,5364901666.0,10.857874667,48.42225948,1,#66c2a5,bicycle
85304,9,7,72,149,2016,10,14,1,3,5,3,0,0,0,1,0,0,0,0,637746454.0,5340314161.0,10.85383041,48.20110516,2,#fc8d62,car
85311,9,1,88,144,2016,10,7,2,3,2,6,1,0,0,1,0,0,0,0,667102.6705,5329069.8117,11.244213482,48.092970941,2,#fc8d62,car
85315,9,7,71,145,2016,10,16,6,3,4,7,0,0,0,1,0,0,0,0,651427791.0,5344230866.0,11.039240776,48.233205157,2,#fc8d62,car
85318,9,1,63,0,2016,10,18,3,3,2,6,2,1,0,1,0,0,0,0,732574.9797,5306034.5463,12.109891871,47.865503475,2,#fc8d62,car
85319,9,1,81,123,2016,10,7,3,3,2,6,0,1,0,1,0,0,0,1,655680.4507,5326660.6307,11.090043056,48.074202626,2,#fc8d62,car
85327,9,1,79,134,2016,10,19,2,2,9,1,2,0,0,1,0,0,0,0,668718.4607,5346489.3524,11.272809246,48.249144342,2,#fc8d62,car
85331,9,1,85,113,2016,10,17,3,3,8,1,1,1,0,1,0,0,0,0,670733.0368,5376751745.0,11.31222084,48.520642229,2,#fc8d62,car
85335,9,1,78,113,2016,10,17,1,3,2,6,0,0,0,1,0,0,0,0,691652.6919,5364533.1973,11.589652177,48.404794862,2,#fc8d62,car
85341,9,1,79,142,2016,10,19,3,3,5,3,2,1,1,1,0,0,0,0,672681.5422,5341124.3398,11.323965401,48.199848728,1,#66c2a5,bicycle
85356,9,1,79,142,2016,10,7,2,2,5,6,0,1,0,1,0,1,0,0,672420866.0,5341187985.0,11.320486036,48.200491707,2,#fc8d62,car
85360,9,7,72,223,2016,10,12,2,3,0,6,0,0,0,1,0,0,1,0,618556.6955,5363094.3857,10.602082487,48.409846158,2,#fc8d62,car
85371,9,1,79,140,2016,10,21,2,2,8,1,2,0,0,0,0,1,0,0,660995639.0,5344334.9386,11.168035238,48.231784125,4,#e78ac3,marker
85388,9,1,78,155,2016,10,10,3,3,2,6,0,0,0,1,0,0,0,0,721415.2924,5374683.7254,11.996642944,48.486241211,2,#fc8d62,car
85389,9,1,74,115,2016,10,11,2,3,5,2,0,0,1,1,0,0,0,0,681076.5522,5347412.6671,11.439528929,48.254033946,1,#66c2a5,bicycle
85399,9,1,78,120,2016,10,21,1,3,2,6,2,0,0,1,0,0,0,0,691470.9303,5352598.4001,11.581770916,48.297586439,2,#fc8d62,car
85402,9,1,62,0,2016,10,15,2,3,0,7,0,0,1,1,0,0,0,0,683315.8146,5342578.0854,11.467576718,48.209934743,1,#66c2a5,bicycle
85403,9,1,84,114,2016,10,11,7,3,2,6,0,0,0,1,0,0,0,0,699404.4058,5320012.5105,11.673360931,48.002283999,2,#fc8d62,car
85404,9,1,78,113,2016,10,20,1,3,5,3,2,1,0,1,0,0,0,0,691812.0355,5367338.4958,11.593085701,48.429958494,2,#fc8d62,car
85405,9,1,90,140,2016,10,8,3,2,0,1,0,1,0,1,0,0,0,0,648513.4457,5302095.6352,10.985400044,47.855028307,2,#fc8d62,car
85406,9,1,78,113,2016,10,7,2,3,2,6,1,1,0,0,0,0,1,0,691525.2559,5367461.5596,11.58926911,48.43115177,5,#a6d854,bus
85407,9,1,82,120,2016,10,12,7,3,8,6,0,0,0,1,0,0,0,0,703217.1653,5309241.6657,11.719331142,47.904284945,2,#fc8d62,car
85409,9,1,82,120,2016,10,16,7,3,2,6,0,0,0,1,0,0,0,0,701451.7313,5305385.7784,11.693935355,47.870187311,2,#fc8d62,car
85417,9,7,72,147,2016,10,7,2,3,2,6,2,0,0,1,0,0,0,0,638627.9382,5368624.4886,10.874998796,48.455476127,2,#fc8d62,car
85419,9,1,74,115,2016,10,10,7,3,4,2,0,0,0,1,0,0,0,0,679412.9211,5349492.8195,11.418018971,48.273205077,2,#fc8d62,car
85422,9,7,72,223,2016,10,6,2,3,3,1,2,1,0,1,0,0,1,0,617485.2318,5363020.4916,10.587588683,48.409382275,2,#fc8d62,car
85423,9,1,75,132,2016,10,19,7,2,2,6,2,0,0,1,0,1,0,0,706486.9219,5330625.1974,11.773320917,48.09540782,2,#fc8d62,car
85429,9,1,75,127,2016,10,8,7,2,6,4,0,0,0,0,1,0,0,1,712890503.0,5341493844.0,11.864651126,48.190963747,3,#8da0cb,toilet
85433,9,1,78,124,2016,10,16,2,3,5,3,0,0,0,1,0,0,0,0,705817.9511,5365703.7884,11.781403682,48.410848892,2,#fc8d62,car
85435,9,1,77,130,2016,10,12,7,3,2,6,0,0,0,1,0,0,0,0,712445.2247,5352036.2265,11.863954018,48.285842256,2,#fc8d62,car
85439,9,1,77,123,2016,10,15,2,3,5,3,0,0,0,1,0,0,0,0,727102.1308,5344469.2191,12.057200711,48.212773298,2,#fc8d62,car
85440,9,1,62,0,2016,10,21,6,3,2,2,2,1,0,1,0,0,0,0,694368288.0,5331817.1099,11.611279387,48.109931764,2,#fc8d62,car
85445,9,1,87,177,2016,10,17,3,3,1,6,2,1,0,1,0,0,0,0,736143.4369,5305685.2419,12.157342624,47.86106385,2,#fc8d62,car
85446,9,1,62,0,2016,10,11,6,3,5,3,0,1,0,1,0,0,0,0,690227.5882,5339021.8166,11.558927044,48.175937668,2,#fc8d62,car
85448,9,1,84,135,2016,10,8,1,3,0,3,0,1,1,1,0,0,0,0,690174.3991,5347421688.0,11.561978255,48.251450452,1,#66c2a5,bicycle
85449,9,1,84,145,2016,10,15,6,3,0,6,0,1,0,1,0,0,0,0,698307.4356,5324474003.0,11.660734742,48.042722597,2,#fc8d62,car
85451,9,1,62,0,2016,10,7,6,3,5,2,2,1,1,1,0,0,0,0,686168.4662,5335223.3735,11.5027165,48.142998084,1,#66c2a5,bicycle
85462,9,1,77,117,2016,10,20,1,3,5,3,1,1,0,1,0,0,0,1,715977557.0,5352266854.0,11.911627585,48.286719358,2,#fc8d62,car
85470,9,1,79,142,2016,10,21,3,3,0,1,2,1,0,0,0,1,0,0,672687796.0,5341506991.0,11.32420518,48.203286854,4,#e78ac3,marker
85476,9,7,71,113,2016,10,6,2,3,5,3,2,1,1,1,0,0,0,0,657472012.0,5368854056.0,11.129786535,48.453106773,1,#66c2a5,bicycle
85483,9,1,84,135,2016,10,16,1,3,5,3,0,0,1,1,0,0,0,0,689348.6229,5346943.8318,11.550651368,48.247402772,1,#66c2a5,bicycle