OBJECTID,ULAND,UREGBEZ,UKREIS,UGEMEINDE,UJAHR,UMONAT,USTUNDE,UWOCHENTAG,UKATEGORIE,UART,UTYP1,ULICHTVERH,STRZUSTAND,IstRad,IstPKW,IstFuss,IstKrad,IstGkfz,IstSonstig,LINREFX,LINREFY,XGCSWGS84,YGCSWGS84,Teilnehmer,color,symbol
85490,9,7,71,129,2016,10,16,1,3,9,1,1,0,0,1,0,0,0,0,658833.1179,5356960344.0,11.143682518,48.345837378,2,#fc8d62,car
85491,9,7,61,0,2016,10,18,5,3,3,6,2,0,0,1,0,0,1,0,640021.5949,5355721.6662,10.889535189,48.339149846,2,#fc8d62,car
85494,9,7,72,163,2016,10,13,6,3,1,6,0,0,0,1,0,0,0,0,638820.6372,5345158.1823,10.869865415,48.244428837,2,#fc8d62,car
85499,9,1,77,117,2016,10,15,6,2,4,6,0,0,0,1,0,0,1,0,714841.4984,5351799.6841,11.896095063,48.282908267,2,#fc8d62,car
85501,9,7,61,0,2016,10,16,4,3,2,6,0,0,0,1,0,0,0,0,637363269.0,5358987.8128,10.854747851,48.369102306,2,#fc8d62,car
85503,9,1,85,113,2016,10,14,6,3,2,6,0,0,0,1,0,0,0,0,669129591.0,5378716295.0,11.29132071,48.538735848,2,#fc8d62,car
85505,9,1,84,147,2016,10,12,7,3,8,1,0,1,0,1,0,0,0,0,696223326.0,5339247872.0,11.639598152,48.176146374,2,#fc8d62,car
85506,9,7,72,147,2016,10,8,5,3,2,6,0,0,0,1,0,0,0,1,635352.0556,5364370.7907,10.829340803,48.417940466,2,#fc8d62,car
85512,9,1,77,144,2016,10,9,6,3,8,1,0,0,0,1,0,0,0,0,713074.2638,5347629.1921,11.870203089,48.246031639,2,#fc8d62,car
85513,9,1,81,128,2016,10,12,7,3,1,6,0,1,0,1,0,0,0,0,638529.4676,5327616.8081,10.860231094,48.086757616,2,#fc8d62,car
85514,9,7,72,163,2016,10,8,4,3,2,6,0,0,0,1,0,0,0,0,638889.9006,5349420342.0,10.872197418,48.282738865,2,#fc8d62,car
85516,9,1,75,132,2016,10,13,6,2,2,6,0,0,0,1,0,1,0,0,705286.2761,5333453.4946,11.758575384,48.121212414,2,#fc8d62,car
85522,9,1,78,124,2016,10,7,5,3,1,6,2,1,0,1,0,0,0,0,703041.4212,5365791.9285,11.743969647,48.412541422,2,#fc8d62,car
85528,9,1,84,112,2016,10,23,5,3,0,7,2,0,0,1,0,0,1,0,702349643.0,5340243084.0,11.722388223,48.18316905,2,#fc8d62,car
85532,9,1,84,130,2016,10,21,6,3,2,6,2,0,0,1,0,0,0,0,698888.5714,5346151.2696,11.678646247,48.237358916,2,#fc8d62,car
85534,9,1,78,144,2016,10,7,6,2,9,6,2,0,0,1,0,0,0,0,711158.8338,5377950.6376,11.859668049,48.519123627,2,#fc8d62,car
85538,9,2,61,0,2016,10,13,6,3,2,6,0,0,0,1,0,0,0,1,732647.4831,5378797.7117,12.150718358,48.519140731,2,#fc8d62,car
85543,9,7,72,147,2016,10,8,5,2,2,1,0,0,0,1,0,0,1,1,634765.2749,5364435.6401,10.821435228,48.41864937,2,#fc8d62,car
85547,9,7,61,0,2016,10,11,6,3,2,6,0,0,0,1,0,0,1,0,637781.3403,5361238.0675,10.861127432,48.38924511,2,#fc8d62,car
85558,9,7,62,0,2016,10,11,4,3,1,6,0,1,0,1,0,0,0,0,621088.1154,5304482.7079,10.619602326,47.882251187,2,#fc8d62,car
85561,9,1,74,115,2016,10,14,1,3,4,2,0,0,0,1,0,0,0,0,681044.8114,5349034.3212,11.439795671,48.268619434,2,#fc8d62,car
85565,9,7,72,163,2016,10,10,6,2,5,3,0,0,0,1,0,0,0,0,639605.5922,5346124.3523,10.880751222,48.252944197,2,#fc8d62,car
85570,9,1,77,118,2016,10,19,6,3,4,6,2,0,0,1,0,0,0,0,711323754.0,5343221.6499,11.84445607,48.20701259,2,#fc8d62,car
85574,9,1,79,126,2016,10,11,6,3,0,2,0,0,1,1,0,0,0,0,677558.1757,5339357.5346,11.388798523,48.182621857,1,#66c2a5,bicycle
85576,9,1,77,115,2016,10,14,6,2,5,3,0,0,1,0,0,0,0,1,733333.5399,5350761311.0,12.144422919,48.26703692,1,#66c2a5,bicycle
85577,9,2,61,0,2016,10,14,7,3,9,1,0,0,0,1,0,0,0,0,725417.5188,5377846.1358,12.052436776,48.513228989,2,#fc8d62,car
85579,9,1,82,120,2016,10,16,6,3,1,7,0,0,0,1,0,1,0,0,701829723.0,5306462.4019,11.699487193,47.879744687,2,#fc8d62,car
85581,9,1,62,0,2016,10,17,7,3,2,6,0,0,0,1,0,0,0,0,694591152.0,5332007257.0,11.614357008,48.111572693,2,#fc8d62,car
85588,9,1,62,0,2016,10,16,5,3,1,1,0,0,0,1,0,0,0,0,698015.5373,5329895.9019,11.659333516,48.091541904,2,#fc8d62,car
85590,9,1,84,118,2016,10,17,7,3,2,6,0,0,0,1,0,0,0,0,703276.0594,5335776.4697,11.732702936,48.142733309,2,#fc8d62,car
85592,9,1,78,113,2016,10,16,6,3,5,3,0,0,0,1,0,0,0,0,691741987.0,5363405352.0,11.590342444,48.394631368,2,#fc8d62,car
85594,9,1,75,127,2016,10,19,6,3,5,3,2,0,1,1,0,0,0,0,713306.1475,5341566.6776,11.870273333,48.191478763,1,#66c2a5,bicycle
85595,9,7,61,0,2016,10,13,7,3,2,1,0,1,0,1,0,0,0,0,639337622.0,5352487.7658,10.879241525,48.310222381,2,#fc8d62,car
85603,9,1,75,133,2016,10,15,5,3,4,6,0,0,0,1,0,0,0,0,708012.6125,5342269.8964,11.799476732,48.199553588,2,#fc8d62,car
85607,9,1,84,136,2016,10,11,6,3,1,3,0,0,1,1,0,0,0,0,698960.3182,5325537.9345,11.669979296,48.052081392,1,#66c2a5,bicycle
85616,9,1,86,151,2016,10,11,1,3,1,6,0,0,0,1,0,0,0,0,679944712.0,5376357789.0,11.436689217,48.514528942,2,#fc8d62,car
85619,9,1,84,119,2016,10,23,4,3,5,2,2,0,0,1,0,0,0,1,695905133.0,5346861344.0,11.638838087,48.244669219,2,#fc8d62,car
85625,9,7,77,172,2016,10,15,6,3,8,7,0,0,1,1,0,0,0,0,627575.0057,5306823.0934,10.707020081,47.902042753,1,#66c2a5,bicycle
85629,9,1,84,135,2016,10,14,5,3,5,2,0,0,0,1,0,1,0,0,692026.2199,5345070.0777,11.585833087,48.229756726,2,#fc8d62,car
85632,9,2,74,132,2016,10,7,4,2,4,6,0,1,0,1,0,0,0,0,725165.6754,5386044.2228,12.053463582,48.586967257,2,#fc8d62,car
85633,9,1,84,114,2016,10,19,6,3,2,6,2,0,0,1,0,0,0,0,700968696.0,5314895.8488,11.691915724,47.955809414,2,#fc8d62,car
85635,9,1,74,131,2016,10,14,1,1,5,3,0,0,1,1,0,0,0,0,676237.6634,5358434.5434,11.378999029,48.354473265,1,#66c2a5,bicycle
85641,9,7,72,151,2016,10,6,6,2,1,6,2,0,0,1,0,0,0,1,632591.6077,5343259.2273,10.785411458,48.22868616,2,#fc8d62,car
85646,9,1,62,0,2016,10,15,5,3,2,6,2,0,0,1,0,0,0,0,688653.9017,5336433.7804,11.536631598,48.153145263,2,#fc8d62,car
85652,9,1,84,141,2016,10,5,7,2,0,7,2,0,0,0,0,1,0,0,697909.2779,5313816.9912,11.650485258,47.947065826,4,#e78ac3,marker
85656,9,1,74,126,2016,10,6,5,3,5,3,2,0,1,1,0,0,0,0,683286.2928,5344292.8843,11.467920848,48.225356724,1,#66c2a5,bicycle
85658,9,1,88,113,2016,10,7,4,2,8,1,0,1,0,1,0,0,0,0,679995.8742,5314865.3954,11.411250798,47.961774529,2,#fc8d62,car
85659,9,1,78,124,2016,10,13,7,3,2,6,0,1,0,1,0,0,0,0,702999.8685,5363841.9351,11.742465846,48.395031714,2,#fc8d62,car
85662,9,1,90,157,2016,10,7,5,3,4,6,1,1,0,1,0,0,0,0,661489.1903,5302805.3119,11.159008901,47.858279278,2,#fc8d62,car
85664,9,1,84,114,2016,10,7,5,3,2,2,1,0,0,1,0,0,0,1,700509.8026,5317435.6669,11.686960526,47.978779457,2,#fc8d62,car
85667,9,1,83,126,2016,10,6,4,3,5,3,2,1,0,1,0,0,0,1,732917.3767,5336971.4902,12.131255979,48.14331082,2,#fc8d62,car
85668,9,1,79,113,2016,10,6,6,3,5,2,2,0,0,1,0,0,0,0,671217.1661,5334735.9105,11.30170142,48.142815616,2,#fc8d62,car
85673,9,1,78,124,2016,10,19,5,2,1,6,2,0,0,1,0,0,0,0,700908.0538,5363849.1668,11.714242687,48.395766536,2,#fc8d62,car
85684,9,2,61,0,2016,10,17,6,3,9,1,1,0,0,1,0,0,0,0,732331.4254,5383472.0927,12.149050753,48.561246516,2,#fc8d62,car
85685,9,1,63,0,2016,10,10,5,2,5,3,0,0,0,1,0,1,0,0,734083466.0,5304403.0112,12.129148713,47.850298004,2,#fc8d62,car
85687,9,1,78,120,2016,10,10,4,3,0,7,0,0,0,1,0,0,0,0,693893.1068,5354496.5461,11.615268133,48.313908195,2,#fc8d62,car
85693,9,7,61,0,2016,10,13,6,3,2,6,0,0,0,1,0,0,0,0,641826.6622,5363702.7403,10.916572238,48.410509584,2,#fc8d62,car
85694,9,1,63,0,2016,10,16,4,3,6,6,0,0,0,1,1,0,0,0,730890.1714,5303379.3308,12.08598018,47.842255761,2,#fc8d62,car
85700,9,7,71,111,2016,10,18,4,3,2,6,2,0,0,1,0,0,0,0,657636.4858,5358415.6321,11.128088853,48.359220782,2,#fc8d62,car
85708,9,1,88,120,2016,10,13,1,1,4,1,0,0,0,1,0,1,0,0,676172.1597,5323863.7732,11.363768075,48.043729286,2,#fc8d62,car
85712,9,7,71,145,2016,10,17,6,3,4,6,0,0,0,1,0,0,0,0,644884.3938,5344506.7614,10.951271073,48.237214639,2,#fc8d62,car
85720,9,1,85,158,2016,10,16,4,2,5,3,0,0,0,1,0,1,0,0,668962.3855,5381578.8362,11.290218911,48.564512645,2,#fc8d62,car
85721,9,1,62,0,2016,10,19,6,3,2,6,2,0,0,1,0,0,0,0,680399.8311,5341886.5529,11.428068136,48.204554186,2,#fc8d62,car
85726,9,1,86,146,2016,10,9,4,2,5,3,0,0,1,1,0,0,0,0,683327156.0,5368813.8365,11.479139361,48.445745713,1,#66c2a5,bicycle
85727,9,1,63,0,2016,10,9,6,3,5,3,0,0,1,1,0,0,0,0,732597553.0,5306901.3037,12.110659649,47.873282356,1,#66c2a5,bicycle
85729,9,1,75,118,2016,10,13,1,3,5,3,0,0,1,1,0,0,0,0,715083849.0,5338145.0527,11.892431542,48.16013456,1,#66c2a5,bicycle
85737,9,1,88,139,2016,10,13,4,3,6,4,0,0,0,1,1,0,0,0,674756.5325,5319032.9402,11.342820911,48.000691037,2,#fc8d62,car
85738,9,1,74,136,2016,10,6,7,2,8,1,2,1,0,1,0,0,0,0,681232351.0,5365718.3299,11.449499864,48.418529013,2,#fc8d62,car
85740,9,1,81,141,2016,10,7,4,3,4,2,2,1,0,1,0,0,1,0,643938234.0,5319891119.0,10.930221451,48.016089868,2,#fc8d62,car
85741,9,1,78,113,2016,10,16,6,3,2,6,0,0,0,1,0,0,0,0,691600.6686,5365726.1184,11.589494625,48.415531869,2,#fc8d62,car
85742,9,7,72,171,2016,10,11,7,3,2,1,0,1,0,1,0,0,0,0,637182.6265,5373997.1249,10.857224368,48.504102044,2,#fc8d62,car
85743,9,1,79,121,2016,10,13,4,3,6,4,0,0,0,1,1,0,0,0,668404.2331,5338049.6784,11.265229296,48.173356885,2,#fc8d62,car
85746,9,1,79,121,2016,10,17,4,3,5,3,0,0,0,1,0,0,0,0,664683.5294,5335654.8361,11.214293528,48.152801839,2,#fc8d62,car
85747,9,1,84,136,2016,10,21,4,3,1,5,2,0,0,1,0,0,0,0,699438.1381,5327447.2785,11.677274474,48.069092043,2,#fc8d62,car
85750,9,1,74,121,2016,10,11,4,3,8,1,0,0,0,1,0,0,0,0,689392.2138,5353910.7947,11.554359715,48.31000748,2,#fc8d62,car
85751,9,1,75,111,2016,10,7,4,3,9,7,0,0,0,1,0,0,0,0,714507.5824,5338945.2666,11.885095695,48.167519543,2,#fc8d62,car
85752,9,1,62,0,2016,10,20,5,3,7,1,2,0,0,1,0,0,0,0,692832.3942,5339148.8717,11.593987326,48.176294568,2,#fc8d62,car
85756,9,1,84,147,2016,10,16,4,3,3,3,0,0,0,1,0,0,1,0,700798.7393,5341076.2705,11.701940548,48.191148835,2,#fc8d62,car
85757,9,1,62,0,2016,10,13,6,3,4,2,0,0,1,1,0,0,0,0,686374.5948,5329041.1967,11.502783005,48.087369837,1,#66c2a5,bicycle
85760,9,1,78,116,2016,10,14,4,3,9,7,0,0,0,1,0,0,0,0,703330.0846,5379696.1845,11.754626646,48.537392808,2,#fc8d62,car
85761,9,2,61,0,2016,10,17,6,3,4,2,0,0,0,1,0,0,0,0,732125.2493,5379968.8952,12.14430871,48.529854484,2,#fc8d62,car
85764,9,7,78,203,2016,10,17,4,3,5,3,0,0,0,1,0,0,0,0,622754.9521,5324424.4289,10.647584005,48.06128088,2,#fc8d62,car
85765,9,1,84,119,2016,10,5,3,3,5,3,2,1,0,1,0,0,0,0,697266.9254,5348894.1206,11.658108372,48.262515729,2,#fc8d62,car
85772,9,1,62,0,2016,10,11,3,3,0,7,0,1,0,0,0,1,0,0,692650.6212,5339128.6435,11.591535538,48.176167893,4,#e78ac3,marker
85774,9,1,62,0,2016,10,15,5,3,2,6,0,0,0,1,0,0,0,0,681069.4839,5341005.4942,11.436696957,48.19644395,2,#fc8d62,car
85777,9,1,62,0,2016,10,16,3,1,6,2,0,1,0,0,1,0,1,0,692069.9427,5340420.9358,11.584316653,48.187958447,3,#8da0cb,toilet
85779,9,1,74,126,2016,10,12,1,3,0,6,0,0,0,0,0,1,0,0,683917.2885,5343737.1465,11.476167798,48.2201789,4,#e78ac3,marker
85782,9,7,71,112,2016,10,14,6,2,5,3,0,0,0,1,0,0,0,0,645970.6579,5368044.4391,10.974049974,48.448600385,2,#fc8d62,car
85785,9,1,79,134,2016,10,14,5,2,5,3,0,0,1,1,0,0,0,0,667708.2832,5342721.7621,11.257720923,48.215542458,1,#66c2a5,bicycle
85788,9,7,72,200,2016,10,7,6,3,5,3,1,1,1,1,0,0,0,0,631282.0051,5337536.3077,10.766015282,48.177494753,1,#66c2a5,bicycle
85791,9,1,81,130,2016,10,17,5,3,3,6,0,0,0,1,0,0,1,0,636852.6843,5323516.7629,10.836414059,48.050250393,2,#fc8d62,car
85798,9,1,62,0,2016,10,10,7,3,5,3,0,1,0,1,0,0,0,0,684190.8016,5335413.3236,11.476238248,48.145281084,2,#fc8d62,car
85805,9,1,78,120,2016,10,12,7,3,2,6,0,0,0,1,0,0,0,0,695652283.0,5353426.8783,11.63847427,48.303753179,2,#fc8d62,car
85808,9,1,75,132,2016,10,13,6,3,6,4,0,0,0,1,1,0,0,0,706312.8951,5331517.4268,11.771417652,48.103482194,2,#fc8d62,car
85810,9,1,86,126,2016,10,20,7,3,8,7,2,0,0,1,0,0,0,0,687277.6274,5375004.8344,11.535280291,48.500225367,2,#fc8d62,car
85812,9,7,61,0,2016,10,7,3,3,1,6,2,1,0,1,0,0,0,0,641613.9686,5363735.7197,10.913710807,48.410853947,2,#fc8d62,car
85813,9,1,79,123,2016,10,18,6,3,2,6,2,0,0,1,0,0,0,0,677368.6505,5332260.3545,11.383293409,48.118877197,2,#fc8d62,car
85817,9,1,88,126,2016,10,7,5,2,4,7,1,0,0,1,0,1,0,0,660234.6637,5327905.0582,11.15160698,48.084262874,2,#fc8d62,car
85819,9,7,61,0,2016,10,6,3,3,2,6,2,1,0,1,0,0,1,1,641608.6475,5363736.9032,10.913639341,48.410865784,2,#fc8d62,car
85820,9,1,78,124,2016,10,7,5,2,6,4,2,0,0,1,1,0,0,0,703168.5071,5365817.7646,11.745697586,48.412732639,2,#fc8d62,car
85821,9,1,88,120,2016,10,6,5,2,5,2,2,0,0,1,0,1,0,0,671721435.0,5326298664.0,11.305079049,48.066831206,2,#fc8d62,car
85823,9,7,72,130,2016,10,7,3,3,8,7,1,1,0,1,0,0,0,0,629516.8044,5359362263.0,10.748969171,48.374128518,2,#fc8d62,car
85827,9,7,61,0,2016,10,4,3,3,4,2,2,1,0,1,0,0,0,1,642132.0448,5362209.99,10.920191142,48.397018735,2,#fc8d62,car
85829,9,1,79,121,2016,10,9,5,2,5,2,0,0,1,1,0,0,0,0,667160.5648,5339867.6397,11.249229182,48.19002863,1,#66c2a5,bicycle
85830,9,7,61,0,2016,10,18,3,3,2,6,2,1,0,1,0,0,0,0,641387.4116,5357504.2906,10.908554364,48.354874407,2,#fc8d62,car
85831,9,1,81,114,2016,10,17,5,3,4,2,0,0,0,1,0,1,0,0,657050.9803,5313039159.0,11.103440979,47.951394795,2,#fc8d62,car
85834,9,1,62,0,2016,10,20,4,3,5,3,2,0,1,1,0,0,0,0,692489.0546,5339235.2763,11.58941274,48.177175236,1,#66c2a5,bicycle
85841,9,1,74,118,2016,10,17,5,3,4,6,0,0,0,1,0,0,0,0,668730.0031,5357395.4729,11.277323174,48.347183115,2,#fc8d62,car
85848,9,1,75,111,2016,10,15,1,3,8,6,0,0,0,1,0,0,0,0,713550.1821,5338480.6988,11.872002371,48.163667439,2,#fc8d62,car
85849,9,1,84,123,2016,11,18,4,2,6,2,2,1,0,1,1,0,0,0,703338665.0,5331804.1435,11.73164863,48.107015015,2,#fc8d62,car
85866,9,1,84,145,2016,10,12,1,3,2,6,0,0,0,1,0,0,0,0,696857465.0,5322710.0496,11.640490964,48.027317663,2,#fc8d62,car
85868,9,1,88,139,2016,11,15,4,3,2,6,0,1,0,1,0,0,0,1,674494.9411,5318612614.0,11.339146087,47.996983884,2,#fc8d62,car
85870,9,1,78,120,2016,11,12,6,3,5,3,0,0,0,1,0,0,0,1,698334.7965,5350685.2873,11.673321446,48.278279503,2,#fc8d62,car
85871,9,1,74,146,2016,11,6,6,3,4,2,0,1,0,1,0,0,0,0,668396274.0,5349724575.0,11.269760559,48.278313729,2,#fc8d62,car
85877,9,7,71,130,2016,11,14,4,3,5,3,0,1,0,1,0,1,0,0,647741744.0,5356720584.0,10.994002057,48.346373274,2,#fc8d62,car
85900,9,7,72,131,2016,10,9,2,2,5,2,0,0,1,1,0,0,0,0,618491.8114,5356355.9094,10.599306225,48.349258725,1,#66c2a5,bicycle
85908,9,1,75,139,2016,11,17,5,3,5,3,2,0,0,1,0,0,0,0,710390.4324,5331075.2466,11.825905169,48.098175383,2,#fc8d62,car
85909,9,7,72,200,2016,10,17,2,3,0,6,1,0,1,1,0,0,0,0,630524.1897,5337515.1459,10.755819574,48.177460583,1,#66c2a5,bicycle
85911,9,1,79,117,2016,11,6,4,3,8,1,2,1,0,1,0,0,0,0,661243.5109,5346776667.0,11.172300422,48.253673109,2,#fc8d62,car
85913,9,1,84,114,2016,11,18,6,2,3,6,2,0,0,1,0,0,0,1,699427.4274,5319966.2241,11.673647716,48.001860825,2,#fc8d62,car
85923,9,1,78,155,2016,11,9,3,3,2,6,0,0,0,1,0,0,0,0,721370.6192,5374595.4868,11.995992461,48.485464197,2,#fc8d62,car
85925,9,7,78,173,2016,11,17,4,3,2,6,2,1,0,1,0,0,0,0,614573.57,5322507.5805,10.537304776,48.0455629,2,#fc8d62,car
85926,9,7,71,130,2016,10,18,2,3,9,1,1,0,0,0,0,1,0,0,645430.4706,5358076412.0,10.963295504,48.359100362,4,#e78ac3,marker
85928,9,7,77,130,2016,11,17,3,3,2,6,2,0,0,1,0,0,0,0,624655.9326,5311546.6671,10.669345336,47.945098033,2,#fc8d62,car
85929,9,1,81,141,2016,11,17,4,2,4,6,2,1,0,1,0,0,0,0,643725.7428,5317673.7903,10.926630645,47.996199297,2,#fc8d62,car
85931,9,1,88,121,2016,11,16,6,3,5,2,0,0,1,1,0,0,0,0,670070039.0,5329288892.0,11.284120404,48.0941555,1,#66c2a5,bicycle
85936,9,2,61,0,2016,11,10,5,3,5,3,0,0,0,1,0,0,0,1,732448.4132,5382736.9368,12.150223466,48.55459948,2,#fc8d62,car
85938,9,7,72,147,2016,11,19,4,3,8,1,2,0,0,1,0,0,0,0,633889.4952,5364519.0295,10.809631314,48.419585929,2,#fc8d62,car
85940,9,7,61,0,2016,10,19,2,3,8,1,2,0,0,1,0,0,0,0,636955.2854,5359550.3391,10.849425264,48.374249155,2,#fc8d62,car
85947,9,1,63,0,2016,10,14,1,3,2,6,0,0,0,1,0,0,0,0,733952.2223,5304236.8911,12.127307182,47.848853356,2,#fc8d62,car
85948,9,7,72,163,2016,11,12,3,2,9,1,0,0,0,1,0,0,0,0,638849583.0,5349405427.0,10.871649348,48.282613595,2,#fc8d62,car
85949,9,1,79,123,2016,11,19,4,3,2,6,2,0,0,1,0,0,0,0,674881.0954,5334995.9721,11.351020497,48.144156831,2,#fc8d62,car
85951,9,1,74,113,2016,11,19,6,3,0,1,2,1,0,1,0,0,0,0,678377.7241,5345132.4177,11.402242256,48.234302426,2,#fc8d62,car
85963,9,7,71,130,2016,11,7,3,2,5,3,0,0,0,1,0,0,0,0,647624.7033,5358931.3649,10.993198919,48.366278164,2,#fc8d62,car
85966,9,7,71,156,2016,11,7,3,3,9,7,0,1,0,0,0,1,0,0,650708.6259,5377563.5001,11.041516838,48.533066863,4,#e78ac3,marker
85967,9,1,88,120,2016,11,14,4,3,9,1,0,1,0,1,0,0,0,0,676452433.0,5323492938.0,11.367372451,48.040318285,2,#fc8d62,car
85968,9,1,73,147,2016,11,10,4,3,5,3,0,0,0,1,0,1,0,0,680522.9088,5308641.3259,11.415695665,47.905676263,2,#fc8d62,car
85969,9,1,62,0,2016,11,17,5,3,5,2,2,0,1,1,0,0,0,0,688144.0481,5333835.5472,11.52863514,48.129942883,1,#66c2a5,bicycle
85974,9,1,63,0,2016,11,18,5,3,5,3,2,0,1,1,0,0,0,0,734847.3478,5304931.5064,12.139631069,47.854767347,1,#66c2a5,bicycle
85984,9,1,75,122,2016,11,18,5,3,6,4,2,0,0,1,1,0,0,0,721027038.0,5325530521.0,11.965712726,48.044755957,2,#fc8d62,car
85989,9,1,81,132,2016,11,10,5,3,2,6,0,0,0,1,0,0,0,0,645563.7214,5324556.8075,10.953592254,48.057675032,2,#fc8d62,car
85998,9,1,87,159,2016,10,11,2,3,0,1,0,0,0,0,0,1,0,0,732176.5069,5323653.4481,12.114074104,48.023935998,4,#e78ac3,marker
86005,9,1,87,159,2016,10,3,2,2,8,1,2,0,0,1,0,0,0,0,732118.9558,5325881.1586,12.114510377,48.043970283,2,#fc8d62,car
86006,9,1,63,0,2016,10,14,1,3,6,4,0,0,0,1,1,0,0,0,732706.4285,5305595.5891,12.111410632,47.861512236,2,#fc8d62,car
86008,9,1,74,122,2016,11,17,4,3,2,6,2,1,0,1,0,0,0,0,683385.4578,5351535.8748,11.472393794,48.290431007,2,#fc8d62,car
86010,9,1,62,0,2016,11,10,4,3,3,7,0,1,0,1,0,0,1,0,695266.7432,5344135.1328,11.628992152,48.220364789,2,#fc8d62,car
86012,9,1,86,130,2016,11,18,6,3,5,3,2,0,0,1,0,0,0,0,685381482.0,5373436258.0,11.508940793,48.486689649,2,#fc8d62,car
86023,9,1,63,0,2016,10,18,1,3,2,6,1,1,0,1,0,0,0,0,733854.4005,5304895.3962,12.126357494,47.854804965,2,#fc8d62,car
86025,9,1,78,120,2016,11,18,4,2,3,6,2,0,0,1,0,0,1,1,696126.6388,5350046592.0,11.643294841,48.273227196,2,#fc8d62,car
86027,9,1,78,123,2016,11,4,6,3,9,3,2,1,0,1,0,0,0,0,688633.0032,5359084.9138,11.546446693,48.356738166,2,#fc8d62,car
86030,9,1,84,148,2016,11,6,5,3,0,7,2,0,0,1,1,0,0,0,693305.0644,5328761.3803,11.595626886,48.082791065,2,#fc8d62,car
86034,9,1,81,114,2016,11,9,6,1,0,1,0,1,0,1,0,0,0,1,657322.5533,5311831.7404,11.106634334,47.940472021,2,#fc8d62,car
86038,9,1,73,147,2016,11,11,5,3,6,4,0,0,0,1,1,0,0,0,681406577.0,5309520987.0,11.427879688,47.913334474,2,#fc8d62,car
86040,9,7,71,130,2016,11,19,4,3,1,6,2,0,0,1,0,0,0,0,645577931.0,5357722734.0,10.965162633,48.355886345,2,#fc8d62,car
86043,9,1,88,113,2016,10,13,2,3,8,1,0,0,0,1,0,0,0,0,677754934.0,5311837308.0,11.380007026,47.935179654,2,#fc8d62,car
86045,9,1,82,120,2016,11,18,3,3,5,7,2,0,1,1,0,0,0,0,701978573.0,5306125.2797,11.701318169,47.876668043,1,#66c2a5,bicycle
86048,9,1,79,121,2016,10,5,2,3,7,1,2,0,0,1,0,0,0,0,667366119.0,5339228.51,11.251740971,48.184228764,2,#fc8d62,car
86050,9,1,87,130,2016,11,13,3,3,5,3,0,0,1,1,0,0,0,0,711448.1621,5308950.4664,11.82919452,47.899008354,1,#66c2a5,bicycle
86051,9,1,86,152,2016,11,21,5,3,2,6,2,0,0,1,0,0,1,0,691254.0982,5380782.1978,11.591704931,48.550949704,2,#fc8d62,car
86052,9,1,75,132,2016,10,9,2,3,5,3,0,0,0,1,0,1,0,0,705875.6116,5334705.9429,11.767090108,48.132277251,2,#fc8d62,car
86055,9,1,73,147,2016,11,14,6,3,2,6,0,0,0,1,0,0,0,0,681005.4046,5309454.4758,11.422487592,47.912849937,2,#fc8d62,car
86059,9,1,77,133,2016,10,14,2,3,5,3,0,0,0,1,0,0,1,0,713841.6043,5355787.3809,11.884653891,48.319077424,2,#fc8d62,car
86061,9,1,84,141,2016,10,11,1,3,5,3,0,0,1,1,0,0,0,0,698059.1262,5316309.7645,11.653637697,47.969423555,1,#66c2a5,bicycle
86064,9,7,61,0,2016,11,14,5,3,5,3,0,0,1,1,0,0,0,0,643661522.0,5359243.7694,10.939827892,48.370001583,1,#66c2a5,bicycle
86065,9,1,78,140,2016,11,10,5,3,2,6,0,0,0,1,0,0,0,1,706678.5151,5363411.1211,11.791890445,48.389965729,2,#fc8d62,car
86067,9,1,62,0,2016,10,13,1,3,5,3,0,0,0,1,0,0,0,0,696279.8011,5331318.3791,11.63670249,48.104863288,2,#fc8d62,car
86068,9,1,77,117,2016,11,18,4,3,2,7,2,1,0,1,0,0,0,0,712789.8268,5352161.0439,11.868656381,48.28684807,2,#fc8d62,car
86070,9,1,84,114,2016,11,18,6,2,2,6,2,0,0,1,0,0,0,0,699427.7189,5319965.6479,11.673651352,48.001855556,2,#fc8d62,car
86074,9,1,88,145,2016,11,15,3,3,5,3,0,1,0,1,0,0,0,0,665562.8483,5328421.6493,11.223298352,48.08754568,2,#fc8d62,car
86082,9,1,81,114,2016,11,15,3,3,0,6,0,0,0,1,0,1,0,0,654761.1984,5313757.0306,11.073052304,47.958406861,2,#fc8d62,car
86084,9,1,62,0,2016,11,13,4,3,6,2,0,1,0,1,1,0,0,0,689119.8522,5330981.9279,11.540470899,48.104004964,2,#fc8d62,car
86088,9,1,77,135,2016,11,16,4,3,5,3,2,1,0,1,0,0,0,0,719395986.0,5343957.3676,11.95334311,48.210884806,2,#fc8d62,car
86090,9,1,74,135,2016,11,14,6,3,3,6,0,0,0,1,0,0,1,0,663459.3597,5353080.4521,11.204568356,48.30977701,2,#fc8d62,car
86092,9,7,61,0,2016,10,15,1,3,8,1,0,0,0,1,0,0,0,0,637611.9502,5360614.0024,10.858636185,48.383670599,2,#fc8d62,car