OBJECTID,ULAND,UREGBEZ,UKREIS,UGEMEINDE,UJAHR,UMONAT,USTUNDE,UWOCHENTAG,UKATEGORIE,UART,UTYP1,ULICHTVERH,STRZUSTAND,IstRad,IstPKW,IstFuss,IstKrad,IstGkfz,IstSonstig,LINREFX,LINREFY,XGCSWGS84,YGCSWGS84,Teilnehmer,color,symbol
86094,9,1,74,143,2016,11,16,3,3,5,3,1,0,1,1,0,0,0,0,674426.9501,5352841.2349,11.352263353,48.304697338,1,#66c2a5,bicycle
86097,9,7,71,122,2016,11,21,4,3,3,6,2,0,0,1,0,0,0,0,652269.1478,5362383.2619,11.057116558,48.396210171,2,#fc8d62,car
86103,9,1,78,130,2016,11,17,4,3,2,6,1,1,0,1,0,0,0,0,702756.8889,5358588477.0,11.736654392,48.347900622,2,#fc8d62,car
86104,9,1,87,150,2016,11,17,4,3,5,2,2,1,0,1,0,1,0,0,725409.6767,5303372.0441,12.012832381,47.844134879,2,#fc8d62,car
86108,9,1,75,132,2016,11,14,4,3,5,3,0,1,0,1,0,0,0,0,707874.8632,5333543.1641,11.793361158,48.121178411,2,#fc8d62,car
86109,9,1,87,150,2016,11,10,4,3,2,6,0,0,0,1,0,0,0,0,730321.2474,5303406.7201,12.078402116,47.842705869,2,#fc8d62,car
86110,9,1,74,126,2016,11,23,6,1,8,1,2,1,0,0,0,1,0,0,682635.4351,5344665483.0,11.459326097,48.228893549,4,#e78ac3,marker
86113,9,1,84,118,2016,11,14,3,3,3,6,0,0,0,1,0,0,0,0,704887.9536,5336670.5557,11.754776517,48.150251048,2,#fc8d62,car
86123,9,1,62,0,2016,11,18,3,3,2,6,2,0,0,1,0,0,0,0,693570511.0,5340044052.0,11.604313632,48.184115694,2,#fc8d62,car
86125,9,1,81,132,2016,11,12,5,2,2,6,0,0,0,1,0,0,0,0,646060.2127,5324612.6708,10.960270642,48.058063884,2,#fc8d62,car
86128,9,1,78,130,2016,11,13,3,3,5,2,0,0,0,1,0,0,0,0,702778.9978,5358697.3647,11.737004883,48.34887203,2,#fc8d62,car
86131,9,1,77,139,2016,11,7,6,3,2,6,0,0,0,1,0,0,1,0,731950.5881,5359597.2416,12.130670761,48.346920367,2,#fc8d62,car
86134,9,1,77,126,2016,11,18,3,3,5,2,2,0,0,1,0,0,0,0,720907.0866,5369488.4924,11.987032172,48.439744921,2,#fc8d62,car
86135,9,1,87,164,2016,11,5,5,3,0,7,2,1,1,1,0,0,0,0,736394.2846,5322126.0324,12.169714293,48.008668217,1,#66c2a5,bicycle
86144,9,1,62,0,2016,10,18,2,3,5,3,2,0,0,1,0,0,0,0,694591.4111,5334166.5216,11.615346055,48.130979255,2,#fc8d62,car
86146,9,1,77,126,2016,11,6,5,2,4,2,1,0,0,1,0,0,0,0,720905788.0,5369487115.0,11.987013911,48.439733002,2,#fc8d62,car
86149,9,1,78,123,2016,11,14,4,3,9,1,0,1,0,1,0,0,0,0,689041.4084,5359040.6149,11.551934373,48.356217897,2,#fc8d62,car
86151,9,1,73,126,2016,11,15,6,3,5,3,0,0,0,1,0,0,0,0,685055.5986,5303866.9355,11.474246877,47.86146793,2,#fc8d62,car
86156,9,1,84,135,2016,10,11,2,3,2,6,0,0,0,0,0,1,1,0,692624.9836,5348888.2505,11.595624495,48.263891247,4,#e78ac3,marker
86162,9,1,77,113,2016,11,15,4,1,4,6,0,1,0,1,0,0,1,0,718771.2094,5353393.7753,11.949821359,48.295885346,2,#fc8d62,car
86163,9,1,86,143,2016,11,17,4,3,5,2,2,0,0,1,0,0,0,0,687877.4835,5377487.8135,11.544510357,48.522362083,2,#fc8d62,car
86164,9,1,79,123,2016,11,19,6,3,5,2,2,0,0,1,0,0,0,0,676716.0155,5333790.1782,11.375166131,48.132810627,2,#fc8d62,car
86168,9,1,84,135,2016,10,18,2,3,5,2,2,0,0,1,0,0,0,0,689439.4649,5347334.3576,11.552048557,48.250885623,2,#fc8d62,car
86171,9,1,82,137,2016,11,8,6,3,3,6,0,0,0,1,0,0,0,0,709640.2487,5307908.8833,11.804528708,47.890241283,2,#fc8d62,car
86175,9,1,62,0,2016,10,12,2,3,2,6,0,0,0,1,0,1,0,0,682661.0872,5337552.6989,11.456610992,48.164952278,2,#fc8d62,car
86183,9,1,84,130,2016,11,15,3,2,3,2,0,0,1,0,0,0,0,1,698816.4681,5345702.6402,11.677465736,48.233349702,1,#66c2a5,bicycle
86185,9,1,84,149,2016,11,13,6,3,1,6,0,0,0,1,0,0,0,1,688722.8508,5349720.4613,11.54346893,48.272545468,2,#fc8d62,car
86195,9,7,72,184,2016,11,13,4,3,1,6,0,1,0,1,0,0,1,0,633344857.0,5358999.0033,10.800521063,48.37006473,2,#fc8d62,car
86200,9,1,62,0,2016,11,1,3,3,6,7,2,0,0,1,1,0,0,0,682930.8651,5339523.1973,11.461083735,48.182586744,2,#fc8d62,car
86203,9,1,62,0,2016,11,17,5,3,5,3,2,0,0,1,0,0,0,0,701299697.0,5332337.99,11.704540868,48.112460233,2,#fc8d62,car
86208,9,1,87,122,2016,11,15,5,3,2,6,0,0,0,1,0,0,0,0,719975.3516,5307603.1821,11.942449922,47.88403614,2,#fc8d62,car
86211,9,2,74,126,2016,11,6,6,2,5,3,0,0,1,1,0,0,0,0,733041.9525,5383339.5981,12.15859193,48.559792727,1,#66c2a5,bicycle
86219,9,7,72,186,2016,11,18,5,3,2,6,2,0,0,1,0,0,0,0,638649.4988,5343182476.0,10.866914861,48.226700676,2,#fc8d62,car
86220,9,1,86,152,2016,11,16,5,3,0,6,0,0,0,1,0,0,0,1,691347.9856,5375517.2491,11.590559763,48.503604218,2,#fc8d62,car
86226,9,2,74,126,2016,10,12,1,3,5,3,0,0,0,1,0,1,0,0,733562893.0,5383896109.0,12.165953685,48.564597822,2,#fc8d62,car
86235,9,1,88,113,2016,11,7,2,2,4,6,1,2,0,1,0,0,0,1,677381.9554,5314255.8857,11.376014375,47.957024878,2,#fc8d62,car
86237,9,1,79,123,2016,11,17,1,3,5,2,2,1,0,1,0,0,0,0,677442.6334,5331966.7338,11.384164431,48.116217168,2,#fc8d62,car
86243,9,1,74,143,2016,11,22,4,3,5,3,2,1,0,1,0,0,0,0,675958.6806,5352040.6159,11.37256772,48.297076403,2,#fc8d62,car
86244,9,1,74,115,2016,11,17,1,2,6,4,2,1,0,1,1,0,0,0,680639.5923,5348408.1176,11.434072542,48.263106403,2,#fc8d62,car
86249,9,1,74,126,2016,11,13,2,3,1,6,0,0,0,1,0,1,0,0,683403.4016,5344188.5719,11.469451049,48.22438527,2,#fc8d62,car
86251,9,1,62,0,2016,11,21,7,3,4,2,2,1,1,1,0,0,0,0,692105.8589,5341877.36,11.585458303,48.201037509,1,#66c2a5,bicycle
86252,9,1,62,0,2016,11,14,2,3,2,6,0,1,0,1,0,0,0,1,701322.5826,5332331.5991,11.704844973,48.112395565,2,#fc8d62,car
86260,9,1,75,119,2016,11,8,4,3,7,1,0,2,0,0,0,0,1,0,725332.0686,5324500.9411,12.02285287,48.03400085,5,#a6d854,bus
86261,9,1,62,0,2016,11,15,7,3,2,6,0,0,0,1,0,0,0,0,688322.7378,5334976.7044,11.531538755,48.140146972,2,#fc8d62,car
86265,9,1,62,0,2016,11,18,3,3,2,6,2,0,0,1,0,0,0,0,692918.8133,5329623.9688,11.590835557,48.090660864,2,#fc8d62,car
86266,9,1,78,113,2016,11,6,2,3,2,6,1,1,0,1,0,0,0,1,691504.0923,5367962.1345,11.589212022,48.435657026,2,#fc8d62,car
86268,9,1,84,138,2016,11,0,7,3,5,3,2,1,0,1,0,0,0,0,682493.0649,5331965.4383,11.451959215,48.114778263,2,#fc8d62,car
86270,9,1,84,132,2016,11,10,7,3,6,4,0,0,1,0,1,0,0,0,684121353.0,5329244.2859,11.472641667,48.089850143,1,#66c2a5,bicycle
86271,9,7,72,177,2016,11,14,1,3,3,6,0,1,0,1,0,0,0,0,637079.9785,5377639.1661,10.857032504,48.536872379,2,#fc8d62,car
86272,9,2,74,113,2016,11,17,4,3,5,3,2,1,1,1,0,0,0,0,729711119.0,5381753.63,12.112641733,48.546774856,1,#66c2a5,bicycle
86274,9,1,63,0,2016,11,8,2,3,2,6,0,0,0,1,0,0,0,0,733916.4278,5304167.4957,12.126791933,47.848242932,2,#fc8d62,car
86280,9,1,84,148,2016,11,18,2,3,2,6,2,0,0,1,0,0,0,0,696906.3521,5326548.6799,11.642911512,48.061802442,2,#fc8d62,car
86281,9,1,75,118,2016,11,17,2,3,5,3,2,1,0,1,0,0,0,0,715122.9451,5338911.5173,11.893344229,48.167008362,2,#fc8d62,car
86283,9,7,78,116,2016,11,12,6,3,9,6,0,0,0,1,0,0,0,0,618496.2384,5322045.4977,10.589789093,48.040690913,2,#fc8d62,car
86287,9,1,81,146,2016,11,8,3,3,2,6,0,0,0,1,0,0,1,0,650869.5404,5325841.7662,11.025209029,48.067996209,2,#fc8d62,car
86288,9,1,75,111,2016,11,16,2,3,2,6,1,1,0,1,0,0,0,0,710718.9916,5338283.9105,11.833877303,48.162843727,2,#fc8d62,car
86289,9,7,78,203,2016,11,15,6,3,1,3,0,0,0,1,0,0,0,1,620719.7942,5322070.8046,10.619616034,48.040501915,2,#fc8d62,car
86290,9,1,84,135,2016,11,9,2,3,2,6,0,1,0,1,0,0,0,0,689913.7762,5349400.8686,11.559359235,48.269317064,2,#fc8d62,car
86297,9,1,85,143,2016,11,7,2,2,0,1,1,1,0,1,0,0,0,0,664302.5203,5384285.3532,11.22817622,48.590081446,2,#fc8d62,car
86299,9,7,72,147,2016,11,14,7,3,2,6,0,0,0,1,0,0,1,0,630263.9633,5364238.8767,10.760566532,48.417826774,2,#fc8d62,car
86303,9,1,62,0,2016,11,4,4,2,3,1,2,1,0,1,0,0,1,0,679443.5681,5333489.6105,11.411666014,48.129345645,2,#fc8d62,car
86304,9,7,72,148,2016,11,14,7,3,1,6,0,1,0,1,0,0,0,0,628232.8183,5354254.0028,10.730082577,48.328454596,2,#fc8d62,car
86306,9,7,72,160,2016,11,23,3,2,2,6,2,1,0,1,0,0,0,0,638249.1874,5341830.4712,10.86108675,48.214630709,2,#fc8d62,car
86309,9,7,61,0,2016,11,14,7,3,5,2,0,1,1,1,0,0,0,0,643344.8964,5360648.1323,10.93603399,48.382700841,1,#66c2a5,bicycle
86311,9,1,63,0,2016,11,9,4,3,2,2,0,0,0,1,0,0,0,0,732586.7728,5306149.9426,12.110111403,47.866535941,2,#fc8d62,car
86313,9,1,81,130,2016,11,10,2,2,5,3,0,1,0,1,0,0,1,0,638752114.0,5326258959.0,10.86277823,48.074499003,2,#fc8d62,car
86321,9,1,75,132,2016,11,18,4,3,2,6,2,0,0,1,0,0,0,0,704555.8192,5335839.2896,11.74991683,48.142887702,2,#fc8d62,car
86327,9,1,75,132,2016,11,23,2,3,2,6,2,0,0,1,0,0,1,0,707266.2522,5330264.0905,11.783600014,48.091909795,2,#fc8d62,car
86328,9,7,73,116,2016,11,8,6,3,5,3,0,0,0,1,0,0,1,0,619979.3859,5380824.5462,10.626391684,48.569020712,2,#fc8d62,car
86330,9,1,84,119,2016,11,8,2,3,4,2,1,1,0,1,0,0,0,0,697577.7277,5349501.7282,11.662575447,48.267879484,2,#fc8d62,car
86333,9,1,78,130,2016,11,13,2,3,5,3,0,0,1,1,0,0,0,0,703806.4694,5355962.4426,11.749533761,48.323964592,1,#66c2a5,bicycle
86348,9,1,78,130,2016,11,8,2,3,0,3,0,1,1,0,0,0,0,0,700415.1534,5354581.6533,11.703179109,48.312640024,1,#66c2a5,bicycle
86349,9,7,61,0,2016,11,16,6,3,2,6,0,0,0,1,0,0,0,0,637729367.0,5361003.3231,10.860348809,48.38714568,2,#fc8d62,car
86350,9,1,62,0,2016,11,12,2,3,2,6,0,0,0,1,0,0,0,0,691937.3678,5331719.5762,11.578611336,48.109792291,2,#fc8d62,car
86359,9,2,61,0,2016,11,18,4,3,5,3,1,0,1,1,0,0,0,0,735718.4785,5382447.7006,12.194305574,48.550781141,1,#66c2a5,bicycle
86362,9,7,72,223,2016,11,9,6,3,2,6,0,0,0,1,0,0,0,0,616663.0473,5357951.2067,10.575075102,48.363946054,2,#fc8d62,car
86366,9,1,74,113,2016,11,6,3,2,5,3,1,1,0,1,0,0,1,0,678213.4979,5350259.4801,11.402191903,48.280435109,2,#fc8d62,car
86367,9,1,78,113,2016,11,17,2,3,5,3,1,1,0,1,0,0,0,1,692106.0492,5367428.7241,11.597097544,48.430679799,2,#fc8d62,car
86368,9,7,71,129,2016,11,15,6,3,8,1,0,0,0,0,0,1,0,0,658766.1725,5354730.0941,11.141939229,48.325803452,4,#e78ac3,marker
86374,9,1,79,142,2016,11,6,2,3,2,6,2,1,0,1,0,0,0,0,676965.5629,5342762.9412,11.382252466,48.213398722,2,#fc8d62,car
86375,9,7,61,0,2016,11,16,6,3,5,2,1,0,0,1,0,0,0,0,644813.7272,5356426.4816,10.954406969,48.34440695,2,#fc8d62,car
86382,9,7,61,0,2016,11,13,6,3,2,1,0,0,0,1,0,0,0,1,641401.5336,5352650.9359,10.907116209,48.311231484,2,#fc8d62,car
86385,9,1,78,124,2016,11,7,2,3,8,1,1,1,0,1,0,0,0,0,700303135.0,5364762.8735,11.70651567,48.404169988,2,#fc8d62,car
86388,9,1,85,158,2016,11,8,4,3,2,6,0,0,0,1,0,0,0,0,668186.0556,5384833.1015,11.281021223,48.593974459,2,#fc8d62,car
86405,9,1,79,142,2016,11,5,4,3,4,1,2,2,0,1,0,0,0,0,671451.9851,5340710736.0,11.30726483,48.196463815,2,#fc8d62,car
86409,9,7,77,158,2016,11,11,2,3,5,3,0,1,0,1,0,0,0,0,620133.04,5310113.2425,10.608401617,47.933070458,2,#fc8d62,car
86411,9,1,77,135,2016,11,18,2,3,5,3,2,1,0,1,0,0,0,0,719826.2198,5343552.7143,11.958916951,48.207100216,2,#fc8d62,car
86424,9,7,71,129,2016,11,23,3,3,8,1,2,2,0,1,0,0,0,0,659442.8741,5356558.3234,11.151753832,48.342069483,2,#fc8d62,car
86425,9,1,77,133,2016,11,17,2,3,2,6,1,1,0,1,0,0,0,0,708793.8611,5361731.7758,11.819595305,48.374179063,2,#fc8d62,car
86427,9,1,75,137,2016,11,11,4,3,8,7,0,0,0,1,0,0,0,0,726013.7459,5332832.0106,12.03638855,48.108610047,2,#fc8d62,car
86431,9,7,62,0,2016,11,16,2,3,2,6,1,0,0,1,0,0,0,0,621590.0456,5304391.3709,10.626287336,47.88133485,2,#fc8d62,car
86433,9,1,77,117,2016,11,5,2,3,5,3,2,0,0,1,0,0,0,0,716029.3364,5352238.4983,11.912310197,48.286446913,2,#fc8d62,car
86439,9,2,74,182,2016,11,9,4,3,2,6,0,1,0,1,0,0,0,0,728617.6826,5377897.2395,12.095733596,48.512531514,2,#fc8d62,car
86441,9,1,63,0,2016,11,20,2,2,5,2,2,0,0,1,0,0,0,0,732928.5515,5303176.4785,12.113073772,47.839698176,2,#fc8d62,car
86448,9,1,78,155,2016,11,7,3,3,2,6,0,0,0,1,0,0,0,0,715634.6886,5376269.0596,11.919333479,48.502494253,2,#fc8d62,car
86449,9,1,84,149,2016,11,10,1,3,4,2,0,1,0,1,0,0,0,0,691165.7425,5352530.0352,11.57762918,48.29706427,2,#fc8d62,car
86465,9,1,62,0,2016,11,18,4,3,2,6,2,0,0,1,0,0,0,1,679550.0198,5337730.7632,11.414884285,48.167439174,2,#fc8d62,car
86467,9,2,74,114,2016,11,16,1,3,8,1,1,1,0,1,0,0,0,0,735816.1698,5371481.9018,12.189435306,48.452245033,2,#fc8d62,car
86471,9,1,62,0,2016,11,6,1,2,6,4,2,1,0,1,1,0,0,0,693726.7995,5331616.7522,11.602579433,48.108326427,2,#fc8d62,car
86477,9,1,81,141,2016,11,7,2,3,4,1,0,2,0,1,0,0,0,0,643660.7031,5321135.4072,10.926919009,48.027341039,2,#fc8d62,car
86485,9,1,74,118,2016,11,17,4,1,6,4,2,0,0,1,1,0,0,0,668637.1794,5357736.4491,11.276207945,48.350273118,2,#fc8d62,car
86491,9,1,84,122,2016,11,6,1,3,1,5,2,1,0,1,0,0,0,0,689535.4963,5326618.5201,11.544112587,48.064662404,2,#fc8d62,car
86505,9,1,62,0,2016,11,10,3,3,1,5,0,0,0,1,0,1,0,0,695196.3054,5331361.7587,11.622183165,48.105586057,2,#fc8d62,car
86507,9,2,61,0,2016,11,19,1,3,4,2,2,1,0,1,0,0,0,0,732795.6341,5383060.4864,12.155102596,48.557377046,2,#fc8d62,car
86509,9,7,73,139,2016,11,14,2,3,2,6,0,1,0,1,0,0,1,0,615533.5741,5386073.6101,10.567609956,48.617060287,2,#fc8d62,car
86511,9,1,87,137,2016,11,6,3,3,0,6,1,1,0,1,0,0,0,1,729942243.0,5310954899.0,12.077360914,47.910657417,2,#fc8d62,car
86512,9,1,84,127,2016,11,15,1,3,2,6,0,1,0,1,0,0,0,0,702214.2416,5322007.4067,11.711928769,48.019329839,2,#fc8d62,car
86516,9,2,74,126,2016,11,2,7,3,3,6,2,1,0,1,0,0,0,0,732371.9466,5385460.2872,12.150709564,48.579090816,2,#fc8d62,car
86528,9,1,73,123,2016,11,9,7,2,5,3,0,0,1,1,0,0,0,0,679989.74,5303992376.0,11.406629758,47.864034737,1,#66c2a5,bicycle
86530,9,1,73,120,2016,11,15,1,3,4,1,1,2,0,1,0,0,0,0,689978.7927,5311666.6685,11.543438656,47.930138928,2,#fc8d62,car
86532,9,7,72,147,2016,11,6,2,2,2,6,2,1,0,1,0,0,0,0,633990.2766,5364524.5186,10.810994507,48.419613862,2,#fc8d62,car
86534,9,1,74,126,2016,11,18,3,3,5,2,2,0,1,0,0,0,0,1,683606.6753,5344010.5729,11.472108311,48.222726538,1,#66c2a5,bicycle
86535,9,1,62,0,2016,11,18,1,3,6,4,2,1,0,1,1,0,0,0,694745.0746,5332213.0438,11.616516701,48.113375183,2,#fc8d62,car
86539,9,1,90,158,2016,11,9,1,3,5,3,0,1,0,1,0,0,0,0,653858.8594,5303952.6085,11.057474226,47.870467833,2,#fc8d62,car
86542,9,1,88,145,2016,11,17,2,3,2,6,2,1,0,1,0,0,0,0,665814.7004,5328410109.0,11.226673279,48.087376464,2,#fc8d62,car
86547,9,7,74,144,2016,11,16,1,3,8,1,1,0,0,1,0,0,0,0,613777.6741,5362022344.0,10.537236584,48.40108588,2,#fc8d62,car
86552,9,1,87,150,2016,11,17,4,3,2,6,2,0,0,1,0,0,0,0,729299.1913,5303373.8325,12.064744459,47.842775667,2,#fc8d62,car
86554,9,1,79,121,2016,11,15,2,3,0,7,0,0,0,1,0,0,0,0,666214.0319,5339265704.0,11.236267658,48.184865618,2,#fc8d62,car
86556,9,1,84,148,2016,11,18,7,3,3,3,2,0,0,1,0,1,0,0,696366.5503,5326670.7298,11.63573019,48.063065731,2,#fc8d62,car
86562,9,1,86,152,2016,11,22,4,3,9,1,2,1,0,1,0,0,0,0,691167.1306,5372934.0822,11.58693185,48.480443761,2,#fc8d62,car
86564,9,1,84,114,2016,11,11,1,3,2,6,0,1,0,1,0,0,0,0,699563.2483,5319695.4686,11.675340651,47.999385069,2,#fc8d62,car
86566,9,7,72,147,2016,11,6,2,3,2,6,0,0,0,1,0,0,0,0,638642918.0,5363616.8024,10.873544574,48.410445282,2,#fc8d62,car
86568,9,7,71,111,2016,11,18,4,3,2,6,2,1,0,1,0,0,0,0,658717.5545,5357040.0213,11.142153989,48.346582751,2,#fc8d62,car
86572,9,7,61,0,2016,11,7,2,3,1,6,0,1,0,1,0,0,0,0,641384.6991,5355333472.0,10.907788899,48.335355775,2,#fc8d62,car
86585,9,1,81,132,2016,11,17,7,3,5,3,1,1,0,1,0,0,0,0,646477.0496,5328154072.0,10.967075372,48.089811775,2,#fc8d62,car
86586,9,1,88,121,2016,11,8,3,3,2,6,0,0,0,1,0,0,0,0,671144.9064,5329301.9089,11.29854959,48.093984767,2,#fc8d62,car
86589,9,1,79,121,2016,11,22,7,3,5,3,2,1,0,1,0,0,0,0,666130.5559,5338491.7203,11.234842826,48.177929302,2,#fc8d62,car
86594,9,1,81,139,2016,11,15,7,3,0,1,0,0,0,0,0,1,0,0,655262815.0,5323956.7943,11.08345841,48.049993898,4,#e78ac3,marker
86602,9,1,74,113,2016,11,22,7,3,9,1,2,1,0,1,0,0,0,0,678553.4374,5345054.4746,11.404573607,48.233552357,2,#fc8d62,car
86606,9,1,84,135,2016,11,17,7,3,2,6,2,0,0,1,0,0,0,0,692583.3936,5344993.5612,11.593293274,48.228900109,2,#fc8d62,car
86607,9,1,75,139,2016,11,7,3,3,8,7,0,1,0,1,0,0,0,0,711501.6465,5327876713.0,11.839228269,48.069065565,2,#fc8d62,car
86609,9,1,63,0,2016,11,9,2,3,2,6,0,0,0,1,0,0,0,0,734688.2842,5303752351.0,12.136868369,47.844232005,2,#fc8d62,car
86610,9,1,75,139,2016,11,9,7,3,2,2,0,0,0,1,0,0,0,0,711222.8165,5328132.6608,11.835616419,48.071457909,2,#fc8d62,car
86613,9,1,78,120,2016,11,11,7,3,1,1,0,1,1,1,0,0,0,0,694365.1426,5352558.9885,11.620735881,48.296349931,1,#66c2a5,bicycle
86614,9,1,88,141,2016,11,12,1,3,8,1,0,1,0,1,0,0,0,0,666716.7464,5309463.0779,11.231415004,47.916801113,2,#fc8d62,car
86618,9,1,62,0,2016,11,15,6,2,6,7,0,0,0,1,1,0,0,0,687917.0778,5327726.5132,11.522897694,48.075100198,2,#fc8d62,car
86620,9,1,62,0,2016,11,14,6,3,1,6,0,0,0,1,0,0,0,0,701417.8757,5335906.2217,11.707813242,48.144490329,2,#fc8d62,car
86624,9,1,79,145,2016,11,19,1,3,0,3,2,1,0,1,0,0,0,0,674102.8469,5335220.4035,11.340658939,48.146387804,2,#fc8d62,car
86635,9,1,62,0,2016,11,19,2,3,2,6,2,1,0,1,0,0,0,0,694567.7584,5331449.6815,11.613788753,48.106568551,2,#fc8d62,car
86643,9,1,78,155,2016,11,8,4,3,4,6,0,1,0,1,0,1,1,0,716975.74,5375416886.0,11.937021607,48.494376199,2,#fc8d62,car
86644,9,1,78,124,2016,11,18,5,3,2,6,2,1,0,1,0,0,0,0,702889642.0,5363633.41,11.740877769,48.393193322,2,#fc8d62,car
86653,9,1,87,182,2016,11,7,2,3,2,6,1,1,0,1,0,0,0,0,738320905.0,5328182973.0,12.198875655,48.062363104,2,#fc8d62,car
86654,9,1,86,152,2016,11,12,7,3,2,6,0,0,0,1,0,0,0,0,691043.7881,5381245.1353,11.589070434,48.555174271,2,#fc8d62,car
86656,9,1,87,142,2016,11,7,7,3,5,3,1,1,1,1,0,0,0,0,733139.2152,5311509.6513,12.120381317,47.914487415,1,#66c2a5,bicycle
86662,9,1,79,121,2016,11,18,3,3,6,4,2,1,0,1,1,0,0,0,667799.1698,5338338192.0,11.257210966,48.176110646,2,#fc8d62,car
86663,9,1,62,0,2016,11,7,3,3,2,6,0,0,0,1,0,0,0,0,688333.1244,5331632.3015,11.530200482,48.110083728,2,#fc8d62,car
86664,9,1,77,123,2016,11,17,5,3,9,1,2,1,0,1,0,0,0,0,726998.23,5344235.0153,12.055678781,48.210706365,2,#fc8d62,car
86675,9,1,62,0,2016,11,19,6,2,2,6,2,1,0,1,0,0,0,0,694672.0886,5331939.3335,11.615412229,48.11093749,2,#fc8d62,car
86680,9,7,72,147,2016,11,17,3,3,3,6,2,1,0,1,0,0,0,0,638130.8542,5365111.0483,10.867120752,48.423993606,2,#fc8d62,car
86687,9,1,62,0,2016,11,19,2,2,3,2,2,0,1,1,0,0,0,0,692457344.0,5330612163.0,11.585090196,48.09968213,1,#66c2a5,bicycle
86691,9,1,87,142,2016,11,7,6,3,2,6,1,1,0,1,0,0,0,0,734082.0719,5313980909.0,12.134323531,47.936345388,2,#fc8d62,car
86706,9,1,63,0,2016,11,15,2,3,5,3,0,0,0,1,0,0,0,0,734923086.0,5304976946.0,12.140666702,47.855147894,2,#fc8d62,car
86718,9,1,81,127,2016,11,7,4,3,2,6,0,1,0,1,0,0,0,0,631335.4717,5322014.4866,10.761955182,48.037899897,2,#fc8d62,car
86727,9,2,61,0,2016,11,16,7,3,2,6,0,0,0,1,0,0,0,0,730593.5159,5380930.4382,12.12412437,48.539056485,2,#fc8d62,car
86733,9,7,71,129,2016,11,6,3,3,2,6,1,0,0,1,0,0,0,0,659823.7384,5356267.1979,11.156779522,48.339355951,2,#fc8d62,car
86734,9,1,62,0,2016,11,15,3,3,0,6,0,0,0,1,0,0,0,1,682659.6857,5335564.1202,11.455738509,48.147078013,2,#fc8d62,car
86735,9,1,62,0,2016,11,6,4,3,9,1,2,2,0,1,0,0,0,0,685385.0716,5341243.2931,11.49482025,48.197336216,2,#fc8d62,car
86737,9,1,85,158,2016,11,16,6,3,6,5,1,0,0,1,1,0,0,0,667576.7421,5380330.9987,11.270950092,48.553667476,2,#fc8d62,car
86741,9,1,75,135,2016,11,14,4,3,1,6,0,1,0,1,0,0,0,0,707669.1998,5338505.8397,11.79302113,48.165841455,2,#fc8d62,car
86742,9,1,88,127,2016,11,14,4,3,1,3,0,0,1,1,0,0,0,0,679521.8722,5329502.4241,11.411039289,48.093482623,1,#66c2a5,bicycle
86748,9,1,87,159,2016,11,1,1,3,8,1,2,1,0,1,0,0,0,0,731536858.0,5329569.6559,12.108708223,48.077318504,2,#fc8d62,car
86751,9,1,88,139,2016,11,11,7,3,5,7,0,1,0,1,0,0,0,0,672994.5734,5319176.0785,11.319277589,48.002456988,2,#fc8d62,car
86756,9,1,78,124,2016,11,9,3,3,0,1,0,0,0,1,0,0,0,0,705364.9081,5364445124.0,11.774673022,48.399686314,2,#fc8d62,car
86761,9,1,74,113,2016,11,19,6,2,2,6,2,1,0,0,0,0,1,0,679892.3836,5341913.1511,11.421255826,48.204937267,5,#a6d854,bus
86762,9,7,77,130,2016,11,17,6,3,2,6,2,1,0,1,0,0,0,0,623902.5246,5308044.8861,10.65825303,47.913750866,2,#fc8d62,car
86769,9,1,73,120,2016,11,13,4,3,2,2,0,1,0,0,0,0,1,1,683375436.0,5310165.3735,11.454479402,47.918566976,5,#a6d854,bus
86770,9,1,87,179,2016,11,0,1,3,9,1,2,1,0,1,0,0,0,0,720504488.0,5314775.5475,11.95318631,47.94830099,2,#fc8d62,car
86772,9,1,85,158,2016,11,8,2,3,6,4,0,0,0,1,1,0,0,0,667008.7623,5380959.4398,11.2635114,48.559468224,2,#fc8d62,car
86773,9,1,81,138,2016,11,16,7,3,5,3,1,0,0,1,0,0,0,0,639972.2503,5334743.7593,10.881934553,48.150529012,2,#fc8d62,car
86777,9,7,77,130,2016,11,7,6,2,2,6,0,1,0,1,0,0,1,0,624764.8706,5311713.4559,10.670851907,47.946576828,2,#fc8d62,car
86779,9,1,62,0,2016,11,18,2,2,6,4,2,0,0,1,1,0,0,0,692058.1418,5340548179.0,11.584215572,48.189105642,2,#fc8d62,car
86783,9,1,88,126,2016,11,15,6,3,2,6,0,1,0,1,0,0,0,0,658682.0887,5327239.8513,11.130527167,48.078670471,2,#fc8d62,car
86788,9,1,87,170,2016,11,16,4,2,2,6,2,1,0,1,0,0,0,1,735270.2597,5320881.5555,12.153984134,47.99790305,2,#fc8d62,car
86791,9,1,62,0,2016,11,21,6,3,3,6,2,1,0,1,0,0,1,0,686835.0216,5333243.8632,11.510800155,48.125010211,2,#fc8d62,car
86794,9,1,86,162,2016,11,17,1,3,2,6,2,0,0,1,0,0,0,0,691352.5414,5384186.4037,11.594603091,48.581513509,2,#fc8d62,car