OBJECTID,ULAND,UREGBEZ,UKREIS,UGEMEINDE,UJAHR,UMONAT,USTUNDE,UWOCHENTAG,UKATEGORIE,UART,UTYP1,ULICHTVERH,STRZUSTAND,IstRad,IstPKW,IstFuss,IstKrad,IstGkfz,IstSonstig,LINREFX,LINREFY,XGCSWGS84,YGCSWGS84,Teilnehmer,color,symbol
86797,9,7,71,111,2016,11,13,6,3,3,6,0,0,0,1,0,0,0,0,658587.0089,5357132.1985,11.140428058,48.347444245,2,#fc8d62,car
86803,9,1,74,115,2016,11,17,6,3,1,6,2,0,0,1,0,0,0,0,680660.4875,5344794.7198,11.432812034,48.23062079,2,#fc8d62,car
86807,9,2,61,0,2016,11,16,3,3,4,2,1,0,1,1,0,0,0,0,732193.7009,5381522.1234,12.146099742,48.543781463,1,#66c2a5,bicycle
86810,9,1,79,147,2016,11,21,4,1,4,6,2,1,0,1,0,0,0,1,663326.3022,5334158.3807,11.195484422,48.1396982,2,#fc8d62,car
86814,9,7,72,115,2016,11,6,6,3,2,6,2,1,0,1,0,0,0,0,617371.0925,5367374.3347,10.587266115,48.448557909,2,#fc8d62,car
86819,9,1,86,162,2016,11,12,2,3,9,6,0,0,0,1,0,0,0,0,696767.5353,5384175.4912,11.66793953,48.579738385,2,#fc8d62,car
86821,9,1,79,136,2016,11,13,7,3,2,6,0,0,0,1,0,0,0,0,660390.1888,5341513.0203,11.15882058,48.206567229,2,#fc8d62,car
86823,9,1,62,0,2016,11,15,2,3,2,6,0,0,0,1,0,0,0,0,681700.4598,5341860.1527,11.445545983,48.203945967,2,#fc8d62,car
86825,9,1,78,120,2016,11,8,7,3,3,6,0,1,0,1,0,0,0,0,695786.0703,5351302.7002,11.639291728,48.284621453,2,#fc8d62,car
86830,9,1,87,150,2016,11,8,3,3,2,6,0,0,0,1,0,0,0,0,726274.5778,5303490.5049,12.024437984,47.844895445,2,#fc8d62,car
86831,9,1,78,143,2016,11,15,4,3,5,3,0,1,1,1,0,0,0,0,717016.9809,5372651.8266,11.936143672,48.469519013,1,#66c2a5,bicycle
86834,9,1,84,118,2016,11,12,6,2,2,6,0,0,0,1,0,0,1,0,704821.2426,5336811.4621,11.753948447,48.151538794,2,#fc8d62,car
86835,9,7,71,130,2016,11,13,6,2,6,2,0,1,0,1,1,0,0,0,647220.1083,5357671.0686,10.987298593,48.35504108,2,#fc8d62,car
86839,9,1,88,121,2016,11,0,1,3,1,6,2,0,0,1,0,0,0,0,671186.8502,5331008.9501,11.299797203,48.109319414,2,#fc8d62,car
86841,9,1,81,130,2016,11,5,2,3,4,2,2,1,0,1,0,0,0,0,642254104.0,5324565807.0,10.909203145,48.058502433,2,#fc8d62,car
86842,9,1,77,130,2016,11,21,7,3,3,1,2,1,0,1,0,0,0,0,712612.1867,5352162.4678,11.866265415,48.286920546,2,#fc8d62,car
86845,9,7,61,0,2016,11,7,6,3,5,3,0,1,1,1,0,0,0,0,640350.9216,5355581.4659,10.893930087,48.337816131,1,#66c2a5,bicycle
86846,9,1,62,0,2016,11,17,2,3,2,6,2,0,0,1,0,0,0,0,690478.5655,5331977.8912,11.559148537,48.112551942,2,#fc8d62,car
86851,9,1,62,0,2016,11,18,6,3,2,6,2,1,0,1,0,0,0,0,686001.0369,5343311.2021,11.504007834,48.215743007,2,#fc8d62,car
86856,9,1,81,128,2016,11,7,3,3,4,2,0,0,0,1,0,0,0,0,638560.8875,5327021.5133,10.860459667,48.081397713,2,#fc8d62,car
86857,9,1,84,136,2016,11,11,3,3,5,3,0,0,0,1,0,0,0,0,697898822.0,5327552805.0,11.656682523,48.070519867,2,#fc8d62,car
86860,9,1,77,121,2016,11,18,6,3,2,6,2,1,0,1,0,0,0,0,731666.9689,5364541.7323,12.129571742,48.391441692,2,#fc8d62,car
86861,9,7,71,144,2016,11,16,6,2,4,1,1,1,0,1,0,0,0,1,660156.5272,5374730.5447,11.168318798,48.505258911,2,#fc8d62,car
86864,9,1,74,131,2016,11,2,1,3,9,1,2,1,0,1,0,0,0,0,676977484.0,5355948.1577,11.387931945,48.331916697,2,#fc8d62,car
86866,9,1,75,115,2016,11,0,7,3,8,1,2,1,0,1,0,0,0,0,722006.48,5335840766.0,11.984195965,48.13705215,2,#fc8d62,car
86869,9,1,62,0,2016,11,15,5,3,5,3,0,1,0,1,0,0,0,0,684375.8319,5332105.3075,11.477291969,48.115493192,2,#fc8d62,car
86873,9,1,84,130,2016,11,8,2,2,5,3,0,0,1,1,0,0,0,0,698152.9104,5344445.0451,11.66795175,48.222255274,1,#66c2a5,bicycle
86874,9,7,72,151,2016,11,19,3,3,6,2,2,1,0,1,1,0,0,0,632331695.0,5343293391.0,10.781924032,48.229047659,2,#fc8d62,car
86876,9,1,77,116,2016,11,18,1,3,8,1,2,0,0,1,0,0,0,0,708511.0543,5363664.3595,11.816739776,48.391638182,2,#fc8d62,car
86878,9,1,84,135,2016,11,18,5,3,1,6,2,1,0,1,0,0,0,0,687898.6295,5347460.6918,11.531368277,48.252479763,2,#fc8d62,car
86879,9,1,62,0,2016,11,19,1,3,2,6,2,0,0,1,0,0,0,0,694635.7319,5344586.2898,11.620712824,48.224613395,2,#fc8d62,car
86885,9,1,62,0,2016,11,17,7,3,6,7,2,1,1,0,1,0,0,0,695072.0591,5334062.2986,11.621751339,48.129895423,1,#66c2a5,bicycle
86891,9,1,62,0,2016,11,6,5,3,3,6,2,1,0,1,0,0,1,0,692035.5952,5341168.9008,11.584193199,48.194691336,2,#fc8d62,car
86896,9,1,79,121,2016,11,20,2,3,5,2,2,0,0,1,0,0,0,0,668398.2653,5338057.7902,11.265152301,48.173431391,2,#fc8d62,car
86903,9,1,75,118,2016,11,17,4,3,5,2,2,1,0,0,0,0,1,1,717970.14,5339219064.0,11.931744171,48.168801938,5,#a6d854,bus
86904,9,7,73,122,2016,11,18,4,3,1,5,2,1,0,1,0,0,0,0,626283.4071,5385413542.0,10.713202393,48.609047564,2,#fc8d62,car
86906,9,1,62,0,2016,11,7,5,3,2,6,0,1,0,1,0,0,0,0,690573292.0,5331989.0626,11.560424895,48.112624015,2,#fc8d62,car
86913,9,1,62,0,2016,11,4,5,3,5,3,2,1,0,1,0,0,0,0,684486967.0,5343039238.0,11.483526588,48.21374045,2,#fc8d62,car
86916,9,1,84,149,2016,11,10,7,3,2,6,0,1,0,1,0,0,0,0,692286.0843,5349803.0869,11.591478614,48.272216336,2,#fc8d62,car
86918,9,1,75,115,2016,11,16,2,3,6,4,1,0,0,1,1,0,0,0,721066.5155,5330067.5906,11.968586947,48.085507882,2,#fc8d62,car
86920,9,1,84,136,2016,11,19,6,3,0,2,2,1,0,0,0,1,0,1,699876.1058,5327609.3956,11.683222906,48.070411941,4,#e78ac3,marker
86926,9,1,77,115,2016,11,14,4,3,2,6,0,1,0,1,0,0,0,0,728421.1379,5353239.5362,12.079662462,48.291090812,2,#fc8d62,car
86927,9,7,61,0,2016,11,17,4,3,2,6,1,1,0,1,0,0,0,0,642850.1066,5360015992.0,10.92914039,48.377129196,2,#fc8d62,car
86929,9,1,84,119,2016,11,17,5,3,0,2,2,1,0,1,0,1,0,0,696529.3333,5346924.8355,11.647266214,48.245046643,2,#fc8d62,car
86934,9,1,84,120,2016,11,19,7,3,6,4,2,1,0,1,1,0,0,0,682124.9563,5333127.8741,11.447514601,48.125332522,2,#fc8d62,car
86936,9,1,77,115,2016,11,7,2,2,5,3,0,0,0,1,0,0,1,0,731945.4823,5353077.6225,12.127017184,48.288354814,2,#fc8d62,car
86944,9,1,62,0,2016,11,17,6,2,3,6,2,1,0,1,0,1,0,0,695162.3172,5337836.8053,11.624693367,48.163791178,2,#fc8d62,car
86949,9,1,75,135,2016,11,14,3,3,5,3,0,0,0,1,0,0,0,0,709076.6675,5338864.8118,11.812103595,48.16860591,2,#fc8d62,car
86950,9,1,62,0,2016,11,18,3,3,2,7,2,1,0,1,0,0,0,0,693055.0236,5338898.0916,11.596865057,48.17397305,2,#fc8d62,car
86954,9,1,84,149,2016,11,15,5,3,2,6,0,1,0,1,0,0,0,0,690123.7419,5350226.9831,11.562557363,48.276678989,2,#fc8d62,car
86956,9,2,61,0,2016,11,12,5,3,2,6,0,1,0,1,0,0,0,0,733322.3249,5380833.7708,12.1609824,48.5371796,2,#fc8d62,car
86958,9,7,72,148,2016,11,15,7,3,2,6,0,0,0,1,0,1,0,0,627703503.0,5354289.2027,10.722955227,48.328878307,2,#fc8d62,car
86959,9,2,61,0,2016,11,17,5,3,4,2,2,1,0,1,0,0,0,0,732722.4449,5382083.5444,12.153566272,48.548628656,2,#fc8d62,car
86963,9,1,62,0,2016,11,16,5,3,3,6,2,0,0,1,0,0,1,0,687468.0111,5332941.8561,11.519165311,48.122109603,2,#fc8d62,car
86968,9,7,72,202,2016,11,14,3,3,2,6,0,1,0,1,0,0,0,0,636108.1582,5359665.9008,10.838029329,48.375471569,2,#fc8d62,car
86975,9,1,62,0,2016,11,6,2,2,6,4,1,0,0,1,1,0,0,1,695712.4346,5333919.5641,11.630282986,48.128416027,2,#fc8d62,car
86985,9,1,87,169,2016,11,7,4,3,5,3,1,1,1,1,0,0,0,0,736130307.0,5302212186.0,12.155272616,47.82986756,1,#66c2a5,bicycle
86992,9,7,71,145,2016,11,12,1,3,5,3,0,0,0,1,0,0,0,0,645916.1223,5345724.0821,10.965577171,48.247923598,2,#fc8d62,car
86999,9,1,79,123,2016,11,15,4,3,5,3,2,1,0,1,0,0,0,1,676036.1209,5334919.6063,11.366502858,48.143151803,2,#fc8d62,car
87002,9,7,62,0,2016,11,6,5,3,6,4,2,1,0,1,1,0,0,0,620861714.0,5304437674.0,10.61656276,47.881888828,2,#fc8d62,car
87007,9,7,72,125,2016,11,11,1,2,9,1,0,1,0,1,0,0,0,0,626576.3098,5345527.2903,10.705128485,48.250311491,2,#fc8d62,car
87008,9,1,90,138,2016,11,15,7,2,4,6,0,1,0,1,0,0,0,0,661682846.0,5308520.6062,11.163735972,47.909616517,2,#fc8d62,car
87014,9,1,79,123,2016,11,17,3,3,5,2,2,1,0,1,0,0,0,0,676716.1221,5333789.8278,11.375167417,48.132807448,2,#fc8d62,car
87015,9,1,84,135,2016,11,16,3,3,2,6,2,1,0,1,0,0,1,0,690236.7872,5347473.5736,11.562841176,48.251898066,2,#fc8d62,car
87022,9,1,87,137,2016,11,5,3,3,8,1,2,0,0,1,0,0,0,0,730039.5086,5310964.0094,12.078665553,47.910704396,2,#fc8d62,car
87023,9,1,78,155,2016,11,21,4,3,9,6,0,1,0,1,0,0,0,0,712219.7453,5374058.5945,11.872038985,48.483795695,2,#fc8d62,car
87026,9,7,71,122,2016,11,15,5,2,2,3,0,0,0,1,0,0,1,0,652696.9254,5362244.7811,11.062841478,48.394861684,2,#fc8d62,car
87036,9,1,78,156,2016,11,6,3,3,5,3,1,0,0,1,0,0,0,0,697690.3138,5376409774.0,11.676751865,48.509661409,2,#fc8d62,car
87039,9,1,86,162,2016,11,8,5,3,8,1,0,1,0,1,0,0,0,0,694218.5471,5381064.9426,11.631964547,48.55257979,2,#fc8d62,car
87042,9,7,71,130,2016,11,7,5,3,5,3,0,1,0,1,0,0,0,0,648693.0275,5356898.2343,11.006895665,48.347747333,2,#fc8d62,car
87044,9,1,74,113,2016,11,9,5,2,2,6,0,1,0,1,0,0,0,1,673153.0762,5345811.4924,11.332220082,48.241854926,2,#fc8d62,car
87048,9,7,61,0,2016,11,11,5,3,4,1,0,1,0,1,0,1,0,0,641249.3781,5356101.9571,10.906221672,48.342296002,2,#fc8d62,car
87050,9,1,81,140,2016,11,6,5,3,5,3,2,1,1,1,0,0,0,0,643781283.0,5324305.6846,10.929600113,48.055821093,1,#66c2a5,bicycle
87059,9,1,79,136,2016,11,12,5,3,0,2,0,1,0,1,0,0,0,0,660224017.0,5341399354.0,11.156542665,48.20558728,2,#fc8d62,car
87062,9,1,84,130,2016,11,14,2,2,3,6,0,0,0,1,0,0,0,0,701639364.0,5348841.2514,11.716932323,48.260664241,2,#fc8d62,car
87063,9,7,61,0,2016,11,17,3,3,2,6,2,1,0,1,0,0,0,0,637371.1529,5357273337.0,10.854294434,48.353684195,2,#fc8d62,car
87064,9,1,74,113,2016,11,18,5,3,5,3,2,1,0,1,0,0,0,0,677730.0664,5347681.9115,11.394598214,48.257401502,2,#fc8d62,car
87068,9,1,74,141,2016,11,7,5,3,5,3,0,1,0,1,0,0,0,0,683068248.0,5355706.7617,11.469930851,48.328012173,2,#fc8d62,car
87072,9,1,74,126,2016,11,19,5,3,5,3,2,0,0,1,0,0,0,0,683692.7717,5343938.0721,11.473234993,48.222049947,2,#fc8d62,car
87077,9,1,74,111,2016,11,15,5,3,4,6,0,1,0,1,0,0,0,0,664132.6454,5360648.9419,11.216591539,48.377642733,2,#fc8d62,car
87080,9,1,62,0,2016,11,16,5,3,2,6,0,1,0,1,0,0,0,0,685653.7002,5342954.8784,11.499180532,48.212641976,2,#fc8d62,car
87084,9,1,62,0,2016,11,8,5,3,2,6,0,1,0,1,0,0,0,0,694694.7634,5342252.2264,11.620435476,48.20361806,2,#fc8d62,car
87086,9,1,87,177,2016,11,4,3,3,8,1,2,0,0,1,0,0,0,0,736226.0356,5305848.6831,12.158534551,47.862501802,2,#fc8d62,car
87087,9,1,84,112,2016,11,7,4,3,2,6,0,1,0,1,0,0,0,1,700492.5673,5341168.9237,11.697869192,48.192078215,2,#fc8d62,car
87092,9,1,75,132,2016,11,8,6,3,2,6,0,1,0,1,0,0,0,1,708527.1124,5336860.3841,11.803738791,48.150774332,2,#fc8d62,car
87105,9,1,78,136,2016,11,13,2,3,8,1,0,1,0,0,0,1,0,0,697539.7623,5369150.6306,11.671286177,48.444473493,4,#e78ac3,marker
87107,9,1,81,130,2016,11,20,1,3,3,2,2,0,1,1,0,0,0,0,639363.5523,5322920.9655,10.869894738,48.044349448,1,#66c2a5,bicycle
87108,9,1,77,126,2016,11,17,6,3,8,1,2,1,0,1,0,0,0,0,717142.6974,5369109.4259,11.936005072,48.437648428,2,#fc8d62,car
87110,9,1,84,148,2016,11,8,5,3,2,6,0,1,0,1,0,0,0,0,695960.1869,5327255.7879,11.630549848,48.068448933,2,#fc8d62,car
87111,9,7,72,131,2016,11,0,7,2,9,1,2,1,0,1,0,0,0,0,616798.9089,5356635.3335,10.576543393,48.352087002,2,#fc8d62,car
87123,9,1,82,137,2016,11,9,5,3,0,7,0,1,0,1,0,0,0,0,708923052.0,5305210.1446,11.793640895,47.866222448,2,#fc8d62,car
87128,9,1,62,0,2016,11,19,7,3,4,2,2,1,0,1,0,1,0,0,695157.3914,5334043.9881,11.622888565,48.1297047,2,#fc8d62,car
87129,9,1,84,130,2016,11,14,5,3,2,6,0,1,0,1,0,0,0,0,698279.5081,5344647.7667,11.669749162,48.224037596,2,#fc8d62,car
87131,9,1,87,124,2016,11,18,5,3,8,1,2,1,0,1,0,0,0,0,735597.7934,5329603.9739,12.163165532,48.076139661,2,#fc8d62,car
87134,9,7,71,111,2016,11,0,2,3,8,7,2,0,0,1,0,0,1,0,657988.6969,5357855.3417,11.132629934,48.354095522,2,#fc8d62,car
87135,9,1,87,142,2016,11,12,5,3,9,1,0,0,0,1,0,0,0,0,731458.4261,5311758.4795,12.098053025,47.917331655,2,#fc8d62,car
87139,9,1,62,0,2016,11,19,5,3,5,2,2,1,1,1,0,0,0,0,684364224.0,5332104436.0,11.477135778,48.115488719,1,#66c2a5,bicycle
87140,9,1,63,0,2016,11,10,5,3,5,3,0,1,1,1,0,0,0,0,733963811.0,5304789611.0,12.127760721,47.853814775,1,#66c2a5,bicycle
87141,9,2,74,165,2016,11,7,6,3,5,3,0,0,0,1,0,0,1,0,716950344.0,5385377951.0,11.941864009,48.583880045,2,#fc8d62,car
87147,9,7,77,177,2016,11,12,7,3,5,3,0,1,0,1,0,0,0,0,632892.1823,5319615.2122,10.78208493,48.016001621,2,#fc8d62,car
87148,9,1,62,0,2016,11,18,5,3,5,2,2,1,1,1,0,0,0,0,698102.9903,5333325.6937,11.662099164,48.122339305,1,#66c2a5,bicycle
87154,9,1,87,122,2016,11,7,5,3,5,3,0,1,0,1,0,0,0,0,718841.1967,5307990.4709,11.927495952,47.887903733,2,#fc8d62,car
87157,9,1,62,0,2016,11,13,5,3,3,6,2,0,0,1,0,0,1,0,687336.2914,5332086.0632,11.517021055,48.114456243,2,#fc8d62,car
87164,9,1,87,181,2016,11,15,2,3,2,6,0,0,0,1,0,0,0,0,737035.9931,5312001.6343,12.172724978,47.917478982,2,#fc8d62,car
87177,9,1,85,158,2016,11,11,5,3,5,2,0,1,0,1,0,0,0,0,667574.7111,5380336052.0,11.270924625,48.553713444,2,#fc8d62,car
87182,9,7,72,184,2016,11,12,2,3,8,1,0,0,0,1,0,0,0,0,633138.9147,5363004.5809,10.799011175,48.406126923,2,#fc8d62,car
87185,9,1,88,141,2016,11,20,2,3,4,6,2,0,0,1,0,0,0,0,666923.4384,5306457.0778,11.233016102,47.889721913,2,#fc8d62,car
87191,9,1,63,0,2016,11,21,7,3,2,6,2,0,0,1,0,0,0,0,733995.3192,5304760.9844,12.128165809,47.853546125,2,#fc8d62,car
87198,9,1,84,120,2016,11,17,5,3,2,6,1,0,0,1,0,0,0,1,681441.5142,5333363.9187,11.438439192,48.127649444,2,#fc8d62,car
87201,9,1,62,0,2016,11,15,1,3,2,6,0,0,0,1,0,0,0,0,684602.2288,5342835.4872,11.484988035,48.211875545,2,#fc8d62,car
87203,9,1,84,131,2016,11,11,1,3,9,1,0,1,0,1,0,0,0,0,703823.9571,5338586.8856,11.741405855,48.167814221,2,#fc8d62,car
87206,9,1,74,113,2016,11,7,5,3,2,6,0,1,0,1,0,0,0,0,670220.8857,5348262.7549,11.293745052,48.264684766,2,#fc8d62,car
87207,9,7,61,0,2016,11,21,7,3,4,1,2,0,0,1,0,0,0,0,638361.5332,5355293.4341,10.867005112,48.335664962,2,#fc8d62,car
87208,9,1,62,0,2016,11,10,2,3,3,6,0,0,0,0,0,0,1,0,696141.2027,5343526354.0,11.640471015,48.214623821,5,#a6d854,bus
87210,9,1,63,0,2016,11,21,1,1,4,6,2,0,0,1,0,0,0,0,732003.2474,5303191.0029,12.100733689,47.84016315,2,#fc8d62,car
87212,9,1,74,146,2016,11,7,5,3,2,6,1,1,0,1,0,0,0,0,666680.4799,5351007.2174,11.247158473,48.290298433,2,#fc8d62,car
87215,9,1,63,0,2016,11,2,7,3,8,1,2,1,0,1,0,0,0,0,732320.3677,5301828.8114,12.104234879,47.827810429,2,#fc8d62,car
87216,9,1,77,116,2016,11,5,3,3,2,6,2,0,0,1,0,0,0,0,711429.1705,5364470.4419,11.856515254,48.397909783,2,#fc8d62,car
87222,9,1,81,126,2016,11,17,5,3,2,6,2,1,0,1,0,0,0,0,636458.6523,5331313.0441,10.833620337,48.120442404,2,#fc8d62,car
87227,9,1,79,121,2016,11,17,5,3,6,4,2,1,0,1,1,0,0,0,666852.1322,5338240.1321,11.244443225,48.175478458,2,#fc8d62,car
87228,9,7,71,112,2016,11,6,6,3,2,6,1,1,0,1,0,0,0,0,642974.6013,5368366.5307,10.933666739,48.452184141,2,#fc8d62,car
87233,9,1,74,122,2016,11,16,5,3,5,3,1,1,0,1,0,0,0,0,683280.9935,5351430.8385,11.470941198,48.289517161,2,#fc8d62,car
87236,9,1,74,115,2016,11,18,5,3,4,6,2,1,0,1,0,0,0,0,679483.0019,5349357.8328,11.418905301,48.271971861,2,#fc8d62,car
87240,9,7,74,198,2016,11,13,2,2,4,7,0,1,0,1,0,0,1,0,615175.6351,5351181.4042,10.553150582,48.30333601,2,#fc8d62,car
87246,9,1,74,122,2016,11,6,5,3,5,3,2,1,0,1,0,0,0,0,683268.2876,5351413.0444,11.470762346,48.2893609,2,#fc8d62,car
87251,9,1,75,118,2016,11,17,5,3,2,6,1,1,0,1,0,0,0,0,716510524.0,5340794561.0,11.912940894,48.183456998,2,#fc8d62,car
87254,9,7,72,211,2016,11,5,5,3,3,6,2,0,0,1,0,0,0,0,623155.8417,5353103.2358,10.661279744,48.319115579,2,#fc8d62,car
87257,9,1,77,126,2016,11,7,5,3,2,6,0,1,0,1,0,0,0,1,718117931.0,5368845588.0,11.949035837,48.434940954,2,#fc8d62,car
87262,9,7,61,0,2016,11,17,5,3,2,6,2,1,0,1,0,0,0,0,636414019.0,5360896.31,10.842556893,48.386469275,2,#fc8d62,car
87264,9,1,75,133,2016,11,14,5,3,5,3,0,1,0,1,0,0,0,0,708884.0118,5342093.3642,11.811102729,48.197681223,2,#fc8d62,car
87270,9,1,78,143,2016,11,13,5,3,5,2,0,1,0,1,0,0,0,1,716680.4303,5372040.0418,11.931279661,48.464138343,2,#fc8d62,car
87274,9,1,62,0,2016,11,15,4,3,4,2,0,1,1,1,0,0,0,0,697145.1045,5330661.0435,11.648009956,48.098688372,1,#66c2a5,bicycle
87279,9,7,61,0,2016,11,19,2,3,2,6,2,0,0,1,0,0,0,0,641636.8419,5359692.4583,10.912656208,48.374493631,2,#fc8d62,car
87281,9,1,62,0,2016,11,6,4,3,5,2,2,1,0,1,0,0,0,0,694526.7033,5334808623.0,11.614770492,48.136769983,2,#fc8d62,car
87283,9,1,79,123,2016,11,8,2,3,5,2,0,0,0,1,0,0,0,0,676716726.0,5333787843.0,11.375174703,48.132789439,2,#fc8d62,car
87288,9,1,62,0,2016,11,17,4,2,6,3,2,1,0,1,1,0,0,0,696053211.0,5333801943.0,11.634803733,48.12725405,2,#fc8d62,car
87291,9,1,74,126,2016,11,22,3,3,5,3,2,0,0,1,0,0,0,0,683216.3922,5344355.1732,11.467007476,48.225936798,2,#fc8d62,car
87302,9,1,62,0,2016,11,16,4,3,2,6,2,1,0,1,0,0,0,0,688292.4264,5340193.4226,11.533441099,48.187044497,2,#fc8d62,car
87305,9,1,75,132,2016,11,20,2,3,5,2,2,0,0,1,0,0,0,0,707236.4031,5336760.8016,11.786357508,48.150301271,2,#fc8d62,car
87307,9,1,88,118,2016,11,15,1,3,9,7,0,1,0,1,0,0,0,0,670388.8871,5311174965.0,11.28120172,47.931226034,2,#fc8d62,car
87310,9,1,84,119,2016,11,16,4,3,0,7,2,1,0,0,0,0,0,1,696979092.0,5347918.5585,11.653780114,48.253837786,6,#ffd92f,circle
87313,9,1,79,142,2016,11,23,7,3,9,1,2,1,0,1,0,0,0,0,671045.2604,5340932.5279,11.301885403,48.198567322,2,#fc8d62,car
87314,9,1,62,0,2016,11,11,2,3,2,6,0,0,0,1,0,0,0,0,682870.5523,5335925622.0,11.458726066,48.150266846,2,#fc8d62,car
87319,9,1,84,149,2016,11,17,4,3,1,6,2,1,0,1,0,0,0,1,691252.2201,5352285.6951,11.578683332,48.29484211,2,#fc8d62,car
87321,9,2,61,0,2016,11,6,2,3,2,6,2,0,0,1,0,0,0,1,726705.5829,5379787.9255,12.070908068,48.530209375,2,#fc8d62,car
87323,9,1,84,147,2016,11,9,4,3,2,6,0,1,0,1,0,0,0,0,695546.0441,5339913.1172,11.630803428,48.182333967,2,#fc8d62,car
87330,9,1,62,0,2016,11,12,4,3,4,2,0,1,0,1,0,0,0,1,698064.6261,5333332.8171,11.661587514,48.122415261,2,#fc8d62,car
87333,9,7,77,130,2016,11,14,1,3,5,3,0,0,0,1,0,0,0,0,624646.3306,5309197.2569,10.668536719,47.923970554,2,#fc8d62,car
87335,9,1,62,0,2016,11,14,7,3,4,2,0,1,0,1,0,0,0,0,692091.14,5341870477.0,11.585257303,48.2009801,2,#fc8d62,car
87338,9,1,84,135,2016,11,7,4,3,0,1,0,1,0,0,0,1,0,0,689826.9184,5349131.0405,11.558068803,48.266917942,4,#e78ac3,marker
87340,9,1,77,115,2016,11,13,7,3,5,3,0,1,0,1,0,0,0,0,731943602.0,5353079.0151,12.126992639,48.288368013,2,#fc8d62,car
87347,9,1,62,0,2016,11,12,4,3,2,6,0,1,0,1,0,0,0,0,696984584.0,5329311533.0,11.645233697,48.086609369,2,#fc8d62,car
87354,9,1,62,0,2016,11,13,6,3,5,6,0,0,0,1,0,1,0,0,695130.3041,5334049.2069,11.622527301,48.129759908,2,#fc8d62,car
87355,9,7,77,130,2016,11,20,7,3,0,1,2,1,0,0,0,1,0,0,623878.8871,5308973194.0,10.658203638,47.922104211,4,#e78ac3,marker
87357,9,1,84,118,2016,11,16,6,3,2,6,0,1,0,1,0,0,0,0,704231911.0,5336175.5341,11.745728883,48.146013455,2,#fc8d62,car
87359,9,7,72,145,2016,11,19,2,3,8,7,2,1,0,1,0,0,0,0,634257.3779,5370402.6692,10.816487275,48.472413117,2,#fc8d62,car
87363,9,1,84,112,2016,11,16,6,2,4,6,1,0,0,1,0,0,0,0,701894.9155,5337066.1389,11.714769129,48.154763122,2,#fc8d62,car
87370,9,1,87,163,2016,11,16,6,3,2,6,2,0,0,1,0,0,0,0,738801.0909,5309020.3346,12.194662889,47.890042212,2,#fc8d62,car
87382,9,1,74,113,2016,11,14,2,3,5,3,0,0,0,1,0,0,0,0,678981.4458,5342768308.0,11.409367118,48.21288166,2,#fc8d62,car
87386,9,1,63,0,2016,11,6,6,3,0,2,2,0,0,1,1,0,0,0,732864786.0,5305502.5422,12.113474624,47.860618927,2,#fc8d62,car
87389,9,1,88,139,2016,11,10,2,3,6,4,0,0,0,1,1,0,0,0,674508.6079,5319413359.0,11.339654779,48.004178594,2,#fc8d62,car
87391,9,2,74,126,2016,11,20,1,3,4,2,2,0,0,1,0,0,0,0,733071.8698,5382815.2457,12.158703242,48.555071548,2,#fc8d62,car
87393,9,1,82,127,2016,11,8,6,2,6,2,0,0,0,1,1,0,0,0,699925.9086,5309623.8676,11.675516737,47.908754062,2,#fc8d62,car
87394,9,7,73,116,2016,11,7,4,3,3,6,1,1,1,1,0,0,0,0,619429.5771,5381816.7819,10.619226781,48.578048592,1,#66c2a5,bicycle
87395,9,1,84,145,2016,11,18,6,3,4,2,2,0,0,1,0,0,0,0,698255.2903,5324455.4337,11.66002728,48.042571901,2,#fc8d62,car
87402,9,7,73,125,2016,11,16,4,3,2,6,2,1,0,1,0,0,0,0,613978.8248,5384352522.0,10.546049828,48.601867793,2,#fc8d62,car
87405,9,1,62,0,2016,11,12,1,3,0,7,0,0,0,0,0,0,0,1,695088.8209,5334058.4639,11.621974616,48.129855821,6,#ffd92f,circle
87407,9,1,81,126,2016,11,11,1,2,8,1,0,0,0,1,0,0,0,0,636619.9933,5332164.7468,10.836060174,48.128066625,2,#fc8d62,car
87409,9,1,87,117,2016,11,16,6,3,6,4,0,0,0,1,1,0,0,0,726708.9256,5304860.1221,12.030952811,47.857048207,2,#fc8d62,car
87413,9,1,62,0,2016,11,9,6,3,5,2,0,0,0,1,0,0,0,0,698802.8278,5333037.4915,11.671358578,48.119531044,2,#fc8d62,car
87421,9,1,77,133,2016,11,17,3,3,2,6,2,0,0,1,0,0,0,0,713703.3825,5356044.9736,11.882922301,48.321438691,2,#fc8d62,car
87433,9,7,72,216,2016,11,16,4,3,9,1,1,1,0,1,0,0,0,0,619804.4747,5367162.3251,10.620099707,48.44619283,2,#fc8d62,car
87434,9,7,71,149,2016,11,19,6,3,9,7,2,1,0,1,0,0,0,0,653579.4068,5364974.5413,11.075754085,48.419189667,2,#fc8d62,car
87438,9,7,71,145,2016,11,7,4,3,5,3,0,1,0,1,0,0,0,0,647686.5843,5345962661.0,10.989494743,48.249658697,2,#fc8d62,car
87441,9,7,61,0,2016,11,9,4,3,0,1,0,0,0,0,0,1,0,0,639801395.0,5354242926.0,10.886074751,48.325902098,4,#e78ac3,marker