OBJECTID,ULAND,UREGBEZ,UKREIS,UGEMEINDE,UJAHR,UMONAT,USTUNDE,UWOCHENTAG,UKATEGORIE,UART,UTYP1,ULICHTVERH,STRZUSTAND,IstRad,IstPKW,IstFuss,IstKrad,IstGkfz,IstSonstig,LINREFX,LINREFY,XGCSWGS84,YGCSWGS84,Teilnehmer,color,symbol
87464,9,1,81,132,2016,11,14,6,3,2,6,0,0,0,1,0,0,0,0,645465.2959,5324535.8884,10.952264979,48.057509377,2,#fc8d62,car
87472,9,1,88,121,2016,11,13,6,3,2,6,0,0,0,1,0,0,0,0,673245271.0,5329771.6636,11.326925058,48.097640166,2,#fc8d62,car
87481,9,7,72,125,2016,11,12,2,3,5,3,0,0,0,1,0,0,0,0,636241972.0,5348244.4334,10.836144236,48.272740368,2,#fc8d62,car
87484,9,1,81,118,2016,11,7,2,3,5,3,0,0,0,1,0,0,0,0,650792.8721,5328463.1318,11.025105739,48.091584184,2,#fc8d62,car
87488,9,1,81,130,2016,11,13,6,3,4,6,0,0,0,1,0,0,0,0,640505.9922,5325512.4326,10.886065898,48.067402053,2,#fc8d62,car
87491,9,1,88,120,2016,11,6,3,3,2,6,2,0,0,1,0,0,0,0,671926.2613,5326370.7444,11.307855181,48.06742402,2,#fc8d62,car
87501,9,1,62,0,2016,11,19,1,3,2,6,2,0,0,1,0,0,0,0,691096807.0,5330706.24,11.566876644,48.100937175,2,#fc8d62,car
87509,9,1,84,135,2016,11,9,2,3,1,6,0,0,0,1,0,0,1,0,692651.8706,5344982.4214,11.594209328,48.228779195,2,#fc8d62,car
87517,9,1,84,134,2016,11,6,2,3,4,3,0,0,0,1,0,0,0,0,693660.7713,5322263.2038,11.597457126,48.024278573,2,#fc8d62,car
87531,9,1,79,136,2016,11,10,6,3,5,3,0,0,0,1,0,0,0,1,661679.0063,5341986.5412,11.176335324,48.210497396,2,#fc8d62,car
87534,9,7,77,130,2016,11,8,6,2,3,6,0,1,0,1,0,0,0,0,623433.1697,5306866.2801,10.651636736,47.903241489,2,#fc8d62,car
87535,9,1,77,133,2016,11,13,1,3,5,3,0,0,0,1,0,0,0,0,709263.1312,5360140.4955,11.825132835,48.359724948,2,#fc8d62,car
87537,9,1,74,111,2016,11,17,6,3,9,1,2,1,0,1,0,0,0,0,663620.9683,5362124.2391,11.210261203,48.391038369,2,#fc8d62,car
87540,9,7,72,147,2016,11,17,6,3,2,6,2,1,0,1,0,0,0,0,638737.0045,5364103606.0,10.874976281,48.414801777,2,#fc8d62,car
87541,9,7,62,0,2016,11,12,2,3,2,6,0,0,0,1,0,0,0,0,622347.8068,5307023.8574,10.637164553,47.904866618,2,#fc8d62,car
87549,9,1,74,126,2016,11,17,6,3,9,1,2,1,0,1,0,0,0,0,683079.4446,5344471.4614,11.465215478,48.227021591,2,#fc8d62,car
87555,9,7,62,0,2016,11,23,7,3,0,3,2,0,1,1,0,0,0,0,622303.3288,5307112.53,10.63659478,47.905672592,1,#66c2a5,bicycle
87557,9,7,61,0,2016,11,19,6,3,0,1,2,1,1,0,0,0,0,0,640662.2527,5360328.4748,10.89971579,48.380430462,1,#66c2a5,bicycle
87559,9,2,61,0,2016,11,17,5,3,4,6,2,1,1,0,0,0,0,0,732316.8419,5380633.2269,12.147270093,48.535751149,1,#66c2a5,bicycle
87568,9,1,74,126,2016,11,11,6,3,2,6,0,1,0,1,1,0,0,0,683231.8092,5344341548.0,11.467208976,48.225809875,2,#fc8d62,car
87578,9,1,81,114,2016,11,13,2,3,2,6,0,1,0,1,0,1,0,0,657307.3265,5311846.5349,11.106435988,47.94060878,2,#fc8d62,car
87581,9,1,78,124,2016,11,15,3,3,8,1,0,0,0,1,0,0,0,0,705195364.0,5362843124.0,11.77160258,48.385345888,2,#fc8d62,car
87594,9,1,79,145,2016,11,18,3,3,2,6,2,0,0,1,0,0,0,0,673686.9637,5336519042.0,11.335602578,48.158175557,2,#fc8d62,car
87599,9,1,63,0,2016,11,14,2,3,6,7,0,0,1,0,1,0,0,0,732822.4361,5305529.7059,12.11292388,47.860878313,1,#66c2a5,bicycle
87607,9,7,62,0,2016,11,17,6,3,5,3,1,1,0,1,0,0,0,0,622654.8818,5306459.3201,10.641111328,47.899730724,2,#fc8d62,car
87620,9,1,84,114,2016,11,0,2,3,9,7,2,0,0,1,0,0,0,0,698373.8127,5319280.3656,11.659221088,47.99602444,2,#fc8d62,car
87625,9,1,75,111,2016,11,8,2,3,2,6,0,0,0,1,0,0,0,1,712099.4312,5338185.1298,11.852369254,48.161497129,2,#fc8d62,car
87627,9,1,74,131,2016,11,18,1,3,4,1,2,1,0,1,0,0,0,0,673970.9531,5362445.4461,11.350087511,48.391155886,2,#fc8d62,car
87629,9,7,62,0,2016,11,15,4,3,1,3,0,0,1,1,0,0,0,0,620476.1672,5305604.1196,10.611733586,47.892452081,1,#66c2a5,bicycle
87635,9,1,86,143,2016,11,8,4,3,8,1,0,1,0,1,0,0,0,0,688594.4297,5378163.8102,11.554515974,48.528222599,2,#fc8d62,car
87637,9,1,85,166,2016,11,7,4,2,5,3,0,0,0,1,0,0,0,0,671809.4868,5382443.3813,11.329134347,48.571510112,2,#fc8d62,car
87647,9,1,81,114,2016,11,10,4,3,8,1,0,1,0,1,0,0,0,0,650529.1329,5315692.4996,11.017077723,47.976818899,2,#fc8d62,car
87648,9,1,62,0,2016,11,14,6,3,2,6,0,0,0,1,0,0,0,0,680059.7804,5338281736.0,11.421967369,48.172247609,2,#fc8d62,car
87651,9,7,73,182,2016,11,16,4,3,2,6,2,0,0,1,0,0,0,0,624915.8072,5379726.8776,10.692948403,48.558185636,2,#fc8d62,car
87652,9,1,74,136,2016,11,8,4,2,8,7,0,1,0,1,0,0,0,0,683791.8037,5361342.0085,11.482143874,48.378452872,2,#fc8d62,car
87657,9,1,74,115,2016,11,7,4,2,5,3,1,1,0,1,0,0,0,0,679420624.0,5349481.8744,11.418118045,48.273104512,2,#fc8d62,car
87658,9,1,81,120,2016,11,15,6,2,9,1,0,1,0,0,0,0,0,1,651901.8628,5318293896.0,11.036380536,47.999884995,6,#ffd92f,circle
87659,9,1,84,119,2016,11,22,7,3,9,1,2,1,0,1,0,0,0,0,697082.6841,5348501.9096,11.655445856,48.259048223,2,#fc8d62,car
87664,9,1,77,142,2016,11,13,4,2,9,1,0,0,0,1,0,0,0,0,719661.7053,5349678.0365,11.959880936,48.262192031,2,#fc8d62,car
87667,9,1,62,0,2016,11,11,3,3,3,6,2,0,0,1,0,0,1,0,687337.8582,5332049.1435,11.517025868,48.114123936,2,#fc8d62,car
87668,9,1,62,0,2016,11,14,3,3,2,6,0,0,0,1,0,0,0,1,697576.6405,5333564.4909,11.655144666,48.124649002,2,#fc8d62,car
87670,9,2,74,124,2016,11,7,2,3,2,6,0,1,0,1,0,0,0,0,723062.2553,5374800.9658,12.018963477,48.486712334,2,#fc8d62,car
87671,9,7,71,130,2016,11,2,2,3,2,7,2,0,0,1,0,0,1,0,645545.3444,5362876.3644,10.966507602,48.402231645,2,#fc8d62,car
87673,9,7,61,0,2016,11,15,4,3,2,6,0,0,0,1,0,0,0,0,643092343.0,5360506.9339,10.932576914,48.381488596,2,#fc8d62,car
87676,9,1,62,0,2016,11,23,3,3,6,4,2,0,0,1,1,0,0,0,687636751.0,5333349244.0,11.521609866,48.125721609,2,#fc8d62,car
87677,9,1,74,141,2016,11,9,6,3,2,6,0,0,0,1,0,0,0,0,680313236.0,5356448.4181,11.433113036,48.335470466,2,#fc8d62,car
87682,9,7,62,0,2016,11,20,3,3,4,2,2,1,1,1,0,0,0,0,622719.4992,5304713.4821,10.641479128,47.884016895,1,#66c2a5,bicycle
87686,9,1,62,0,2016,11,9,3,3,5,6,0,0,1,1,0,0,0,0,681623.5746,5335759.6886,11.441905283,48.149132602,1,#66c2a5,bicycle
87690,9,7,73,122,2016,11,17,6,3,5,3,2,1,0,1,0,0,0,0,626771.4421,5384304.2162,10.719481386,48.598973643,2,#fc8d62,car
87693,9,1,87,181,2016,11,17,3,2,5,3,2,0,0,1,0,0,0,1,737478679.0,5314659.56,12.180105854,47.941192514,2,#fc8d62,car
87694,9,1,84,135,2016,11,17,3,3,5,3,1,0,0,1,0,0,0,0,692030.2781,5345111.7896,11.585906577,48.230130389,2,#fc8d62,car
87699,9,7,61,0,2016,11,16,4,3,0,7,2,0,1,0,0,0,0,0,638260.3797,5354393.2716,10.865345589,48.32759294,1,#66c2a5,bicycle
87701,9,1,62,0,2016,11,8,3,3,5,2,0,0,1,1,0,0,0,0,692141615.0,5339731.03,11.584967976,48.181736087,1,#66c2a5,bicycle
87702,9,7,71,122,2016,11,20,6,3,8,7,2,0,0,1,0,0,0,0,651183.5512,5362354.5166,11.04244981,48.396212942,2,#fc8d62,car
87704,9,1,74,135,2016,11,14,7,3,2,6,0,1,0,1,0,0,0,0,661134.9327,5354816.6177,11.173905882,48.325981948,2,#fc8d62,car
87707,9,7,61,0,2016,11,10,3,3,1,6,0,0,0,1,0,0,0,0,636791215.0,5360393.9583,10.847485424,48.381870491,2,#fc8d62,car
87710,9,1,74,126,2016,11,15,3,3,5,3,0,0,0,1,0,0,0,0,683841.9415,5343804.6081,11.475183597,48.220807109,2,#fc8d62,car
87721,9,7,77,158,2016,11,21,3,3,8,6,2,1,0,1,0,0,0,0,622059.4453,5308944.4392,10.633851342,47.922194619,2,#fc8d62,car
87722,9,7,72,163,2016,11,12,7,3,5,3,0,1,0,1,0,0,0,0,641088.7933,5345970.5771,10.900670124,48.251232996,2,#fc8d62,car
87724,9,1,62,0,2016,11,17,2,2,2,6,2,0,0,1,0,0,0,0,694563.6735,5330794.6639,11.613435292,48.100682727,2,#fc8d62,car
87730,9,1,78,144,2016,11,14,6,3,4,1,0,0,0,1,0,0,0,0,706101.6474,5378976.0867,11.791772393,48.530018166,2,#fc8d62,car
87731,9,7,61,0,2016,11,21,6,3,2,6,2,0,0,1,0,0,0,0,641016505.0,5357019.6388,10.903388092,48.35059952,2,#fc8d62,car
87734,9,1,74,135,2016,11,18,7,3,8,1,2,1,0,1,0,0,0,0,664133.2475,5352641.2448,11.213479178,48.305654029,2,#fc8d62,car
87739,9,1,62,0,2016,11,17,2,3,6,4,2,0,0,1,1,0,0,0,680299804.0,5335018743.0,11.42381015,48.142848928,2,#fc8d62,car
87744,9,1,77,126,2016,11,6,2,3,5,6,1,0,0,1,0,0,1,0,720296.2216,5368403.9686,11.97821385,48.430215187,2,#fc8d62,car
87746,9,7,72,223,2016,11,16,3,3,2,1,1,0,0,1,0,0,1,0,624086.7448,5364295.3345,10.677133944,48.419581361,2,#fc8d62,car
87747,9,1,77,133,2016,11,7,6,3,2,6,0,0,0,1,0,0,0,0,711345.7631,5361328.1362,11.853809684,48.36970285,2,#fc8d62,car
87748,9,1,78,120,2016,11,8,1,3,2,6,0,0,0,1,0,0,0,0,694462.8339,5354901.1263,11.623130877,48.317369342,2,#fc8d62,car
87753,9,7,72,163,2016,11,7,3,3,2,6,0,0,0,1,0,0,0,0,638828.0017,5349145.6844,10.871273263,48.280282738,2,#fc8d62,car
87755,9,1,77,116,2016,11,8,6,3,4,6,0,0,0,1,0,0,0,1,713617.9276,5361689.3063,11.884634028,48.372183241,2,#fc8d62,car
87756,9,7,71,130,2016,11,6,6,3,2,6,2,0,0,1,0,0,0,0,645140.6034,5360703.1926,10.960291376,48.382785326,2,#fc8d62,car
87758,9,7,71,130,2016,11,18,3,3,5,2,2,0,1,1,0,0,0,0,644648.5336,5357649.6878,10.952599151,48.355443144,1,#66c2a5,bicycle
87760,9,1,75,124,2016,11,18,6,2,0,1,2,0,1,0,0,0,0,0,714917.6564,5328696.4031,11.885437575,48.075289329,1,#66c2a5,bicycle
87764,9,1,81,130,2016,11,8,7,3,9,1,0,1,0,1,0,0,0,0,637111.9557,5323397.8744,10.839853249,48.049125643,2,#fc8d62,car
87766,9,2,74,124,2016,11,13,3,3,2,6,0,0,0,1,0,0,0,0,722975.09,5374751.5346,12.017759099,48.486299167,2,#fc8d62,car
87770,9,7,72,171,2016,11,0,3,3,2,7,2,1,0,1,0,0,0,0,638868185.0,5370142.5989,10.878750282,48.469073422,2,#fc8d62,car
87775,9,7,71,160,2016,11,7,3,3,0,6,0,1,0,0,0,1,1,0,651780.2669,5350687.6742,11.0463011,48.291174293,4,#e78ac3,marker
87776,9,1,84,135,2016,11,16,5,3,1,5,2,1,0,1,0,0,0,0,688097.3093,5347447.5269,11.534036321,48.252302506,2,#fc8d62,car
87780,9,1,87,177,2016,11,13,5,3,1,6,0,1,0,1,0,0,0,0,735777.6027,5305464.0602,12.152338337,47.859211132,2,#fc8d62,car
87783,9,1,62,0,2016,11,10,3,3,5,2,0,0,0,1,0,0,0,0,687089.6773,5335119.1686,11.515042478,48.141791236,2,#fc8d62,car
87784,9,7,71,142,2016,11,17,3,3,0,7,1,0,1,0,0,0,0,0,645445.4966,5352771.4346,10.961666885,48.311397856,1,#66c2a5,bicycle
87791,9,7,61,0,2016,11,17,3,3,5,3,2,0,1,0,0,0,0,1,636724.7193,5360464.3597,10.846610732,48.382517948,1,#66c2a5,bicycle
87792,9,1,62,0,2016,11,18,5,3,2,6,2,1,0,1,0,0,0,0,690011125.0,5328260221.0,11.55122009,48.079276772,2,#fc8d62,car
87803,9,1,62,0,2016,11,7,5,3,5,3,0,0,1,1,0,0,0,1,693508.7384,5331529.8038,11.599613631,48.107611236,1,#66c2a5,bicycle
87817,9,1,88,139,2016,11,15,1,2,9,1,0,1,0,1,0,0,0,0,678849.2451,5319759.1991,11.397942178,48.006087877,2,#fc8d62,car
87823,9,2,74,113,2016,11,8,6,3,5,3,0,1,0,1,0,0,0,0,728244042.0,5383995.9,12.094022015,48.567453007,2,#fc8d62,car
87824,9,1,79,121,2016,11,10,7,3,6,4,0,1,0,1,1,0,0,0,668511.8452,5337851716.0,11.266597155,48.171548705,2,#fc8d62,car
87830,9,1,75,118,2016,11,10,7,3,9,1,0,1,0,0,0,1,0,0,716446473.0,5340678233.0,11.91202105,48.182433582,4,#e78ac3,marker
87836,9,1,81,132,2016,11,18,3,3,2,7,2,0,0,1,0,0,0,0,645929.3465,5324612.8996,10.958515431,48.058095886,2,#fc8d62,car
87841,9,1,82,137,2016,11,8,2,3,2,6,0,0,0,1,0,0,0,0,708444.7758,5305459.6518,11.787373714,47.868620062,2,#fc8d62,car
87843,9,1,84,114,2016,11,11,1,3,3,6,0,1,0,1,0,0,0,0,698567.1634,5321814.1066,11.662982893,48.018736308,2,#fc8d62,car
87848,9,1,84,135,2016,11,20,5,3,2,6,2,0,0,1,0,0,0,0,692098088.0,5344780092.0,11.586668411,48.227128675,2,#fc8d62,car
87852,9,1,75,133,2016,11,15,7,3,5,2,0,1,0,1,0,0,0,1,706233679.0,5340900084.0,11.774899514,48.187824262,2,#fc8d62,car
87861,9,1,62,0,2016,11,15,1,3,5,2,0,0,0,1,0,0,0,0,688712.4592,5336262.3175,11.537342131,48.151586762,2,#fc8d62,car
87865,9,1,77,133,2016,11,16,1,3,7,7,1,0,0,1,0,0,0,0,709406.2534,5358438.8226,11.826216206,48.344386827,2,#fc8d62,car
87868,9,1,62,0,2016,11,19,2,3,1,5,2,1,0,1,0,0,0,0,692102.6142,5341846.5728,11.585400747,48.200761785,2,#fc8d62,car
87873,9,1,79,118,2016,11,12,2,3,4,6,0,0,0,1,0,0,0,0,672745678.0,5337573088.0,11.323383847,48.167907348,2,#fc8d62,car
87875,9,1,81,130,2016,11,18,1,3,2,6,2,1,0,1,0,0,0,1,638913307.0,5325453916.0,10.864679461,48.067224717,2,#fc8d62,car
87878,9,1,81,130,2016,11,16,5,3,2,6,0,0,0,1,0,0,0,1,636382703.0,5323009.1617,10.829948999,48.045786388,2,#fc8d62,car
87883,9,1,87,130,2016,11,15,4,3,8,1,0,2,0,1,0,0,0,0,712424555.0,5313063.8837,11.844268989,47.935649988,2,#fc8d62,car
87892,9,1,74,146,2016,11,18,5,3,0,6,2,1,0,1,0,0,1,0,668249.5101,5350092.6637,11.267930525,48.281661747,2,#fc8d62,car
87895,9,7,72,168,2016,11,4,1,3,8,1,2,1,0,1,0,0,0,0,619137333.0,5348260.8542,10.605729033,48.276337215,2,#fc8d62,car
87907,9,1,81,130,2016,11,6,5,3,2,6,1,1,0,1,0,0,0,0,639049.2717,5325317.5741,10.866459214,48.065969063,2,#fc8d62,car
87912,9,1,75,122,2016,11,15,4,3,0,1,0,0,1,0,0,0,0,0,720937868.0,5326268.3763,11.964898743,48.051416488,1,#66c2a5,bicycle
87916,9,7,61,0,2016,11,10,2,3,2,6,0,0,0,1,0,0,0,1,637706.3903,5360926359.0,10.8600134,48.386458649,2,#fc8d62,car
87919,9,1,81,115,2016,11,0,5,3,3,6,2,0,0,1,0,0,1,0,657500469.0,5327056976.0,11.114606116,48.077319231,2,#fc8d62,car
87923,9,1,78,144,2016,11,4,7,3,8,7,2,1,0,1,0,0,0,0,707076861.0,5379675574.0,11.805313273,48.535982501,2,#fc8d62,car
87934,9,1,63,0,2016,11,13,3,3,2,6,0,0,0,1,0,0,0,0,732604.1877,5306826.3587,12.110707907,47.872606639,2,#fc8d62,car
87937,9,7,71,129,2016,11,7,5,3,2,6,0,1,0,1,0,0,0,0,659751.1839,5356337.3113,11.155827729,48.340004639,2,#fc8d62,car
87944,9,1,79,118,2016,11,17,5,3,0,2,2,0,0,1,1,0,0,0,672657.3599,5337966.7904,11.322356881,48.17147054,2,#fc8d62,car
87948,9,1,77,126,2016,11,6,7,3,9,1,2,0,0,0,0,0,0,1,720743.8964,5367659.0471,11.983865334,48.423365876,6,#ffd92f,circle
87951,9,7,72,171,2016,11,12,3,3,2,1,0,0,0,1,0,0,1,0,637421.6003,5373349.8475,10.86024485,48.498229718,2,#fc8d62,car
87954,9,1,79,123,2016,11,18,3,3,2,6,2,0,0,1,0,0,0,0,676664.8169,5333949918.0,11.374544847,48.134260781,2,#fc8d62,car
87959,9,1,63,0,2016,11,6,2,3,5,2,2,0,0,1,0,0,0,0,734279.33,5304540.6008,12.131837411,47.851462755,2,#fc8d62,car
87963,9,1,81,130,2016,11,6,5,2,4,2,2,1,1,1,0,0,0,0,640321088.0,5323418.3716,10.882898277,48.04861248,1,#66c2a5,bicycle
87971,9,1,77,117,2016,11,10,7,3,0,6,0,0,0,1,0,0,0,0,716694.9232,5350732.4184,11.920498842,48.272687259,2,#fc8d62,car
87980,9,1,75,112,2016,11,18,7,2,6,4,2,1,0,1,1,0,0,0,724175.8047,5319790.9406,12.004901764,47.992089447,2,#fc8d62,car
87986,9,1,62,0,2016,11,12,2,3,2,6,0,0,0,1,0,0,0,0,682933.5255,5338854.5011,11.460831636,48.176575338,2,#fc8d62,car
87991,9,1,77,116,2016,11,8,2,3,2,6,0,0,0,1,0,0,0,0,708975.2476,5363723.8778,11.823032182,48.392019376,2,#fc8d62,car
87994,9,7,77,121,2016,11,11,5,2,0,3,0,1,1,1,0,0,0,0,628830624.0,5321904.0748,10.728333713,48.037417307,1,#66c2a5,bicycle
87995,9,1,74,136,2016,11,17,1,3,8,1,1,1,0,1,0,0,0,0,685464484.0,5363657705.0,11.505733614,48.398776872,2,#fc8d62,car
87998,9,1,79,123,2016,11,16,5,3,2,6,1,0,0,1,0,0,0,0,677368.0604,5332262656.0,11.383286444,48.11889805,2,#fc8d62,car
88010,9,1,75,135,2016,11,15,5,3,6,4,0,0,1,0,1,0,0,0,709048.8868,5339177.0821,11.81188393,48.17142113,1,#66c2a5,bicycle
88011,9,1,73,118,2016,11,14,4,2,8,7,0,0,0,1,0,0,0,0,687550.3,5306132.43,11.508552133,47.881108551,2,#fc8d62,car
88018,9,1,78,122,2016,11,0,5,3,8,6,2,1,0,1,0,0,0,0,702417.1878,5383795.3554,11.744266922,48.574523034,2,#fc8d62,car
88022,9,1,82,120,2016,11,20,3,3,5,3,2,0,0,1,0,0,0,0,702229.4911,5306021.9694,11.704621798,47.875660592,2,#fc8d62,car
88024,9,7,71,122,2016,11,9,5,3,9,1,0,1,0,1,0,0,0,0,653091796.0,5361961124.0,11.06806893,48.392215668,2,#fc8d62,car
88025,9,1,62,0,2016,11,23,7,3,5,3,2,1,0,1,0,0,0,0,686254.4107,5331794.8116,11.502372303,48.112155676,2,#fc8d62,car
88028,9,1,77,113,2016,11,16,5,3,6,6,2,0,0,1,1,0,0,0,720143.9217,5356474.8903,11.969911987,48.323091981,2,#fc8d62,car
88031,9,1,84,149,2016,11,8,3,2,4,2,0,0,1,1,0,0,0,0,692298.7627,5349766.5146,11.59163267,48.271883791,1,#66c2a5,bicycle
88035,9,7,72,207,2016,11,7,2,3,2,6,1,1,0,1,0,0,0,0,639128.7039,5380665.4247,10.885782368,48.563631897,2,#fc8d62,car
88038,9,1,77,139,2016,11,8,5,3,5,3,0,0,0,1,0,0,0,0,732938575.0,5358567594.0,12.143415616,48.337307469,2,#fc8d62,car
88040,9,7,72,200,2016,11,7,5,3,2,7,0,1,0,1,0,0,0,0,632203.8727,5336570287.0,10.778109678,48.168616592,2,#fc8d62,car
88042,9,1,62,0,2016,11,7,6,3,3,6,1,0,0,1,0,1,0,0,685733.9683,5340804.1303,11.499318791,48.193286933,2,#fc8d62,car
88043,9,2,74,146,2016,11,16,7,3,5,3,2,1,0,1,0,0,0,0,735594.7377,5379736.5123,12.191098846,48.526474738,2,#fc8d62,car
88046,9,7,71,160,2016,11,14,5,3,2,2,0,1,0,1,0,1,0,0,655590.8387,5351108.1242,11.097794782,48.294029115,2,#fc8d62,car
88060,9,1,84,138,2016,11,16,4,3,5,3,0,0,1,1,0,0,1,0,682349304.0,5330226728.0,11.449286354,48.099190547,1,#66c2a5,bicycle
88065,9,1,62,0,2016,11,17,6,3,2,6,2,0,0,1,0,0,0,0,692096065.0,5331349177.0,11.580574358,48.106415348,2,#fc8d62,car
88068,9,7,61,0,2016,11,17,3,3,0,6,2,1,0,1,0,0,0,0,643417.8769,5360543.3945,10.936983343,48.38174251,2,#fc8d62,car
88071,9,1,78,157,2016,11,15,3,1,6,4,0,0,0,1,1,0,0,0,704478.4136,5369882022.0,11.765361281,48.448830579,2,#fc8d62,car
88084,9,1,62,0,2016,11,16,2,3,2,6,1,0,0,1,0,0,0,0,694780.6724,5329764.2788,11.615876819,48.091355693,2,#fc8d62,car
88085,9,1,86,143,2016,11,17,3,3,5,3,2,0,0,1,0,0,0,0,684674.4622,5377296.6853,11.501089179,48.521594571,2,#fc8d62,car
88090,9,7,61,0,2016,11,17,5,3,3,6,2,1,0,1,0,0,0,0,641564.5662,5353257056.0,10.909517222,48.316645056,2,#fc8d62,car
88094,9,1,62,0,2016,11,15,6,3,2,6,1,0,0,1,0,0,0,0,687239.9438,5340532.7206,11.51944395,48.190405261,2,#fc8d62,car
88102,9,1,77,115,2016,11,9,2,3,2,6,0,0,0,1,0,0,0,0,733459.3708,5351941826.0,12.146767688,48.277595344,2,#fc8d62,car
88107,9,1,78,113,2016,11,6,1,2,9,1,2,1,0,1,0,0,0,0,691580.6835,5364164.6396,11.588512027,48.401504387,2,#fc8d62,car
88110,9,1,62,0,2016,11,15,4,3,0,1,0,1,1,0,0,0,0,0,689831434.0,5327641.0379,11.548534872,48.073764979,1,#66c2a5,bicycle
88115,9,1,81,134,2016,11,12,4,3,5,3,0,0,0,1,0,0,0,0,643465.7591,5341316.3005,10.931096776,48.208849491,2,#fc8d62,car
88116,9,1,88,121,2016,11,12,1,2,2,6,0,0,0,1,0,0,0,0,672297.7805,5329717.0854,11.314187704,48.097406427,2,#fc8d62,car
88119,9,1,62,0,2016,11,6,4,3,3,6,0,0,0,1,0,0,1,0,690665.6341,5332020.9488,11.561678515,48.112882971,2,#fc8d62,car
88124,9,1,87,179,2016,11,20,4,3,8,1,2,2,0,1,0,0,0,0,720566.9836,5318682.2157,11.956026136,47.983381911,2,#fc8d62,car
88127,9,1,63,0,2016,11,17,7,3,5,3,2,0,1,1,0,0,0,0,734203.8091,5304469.4522,12.130790898,47.850851077,1,#66c2a5,bicycle
88135,9,1,62,0,2016,11,17,4,3,2,6,2,1,0,1,0,0,0,0,694780342.0,5329765.8952,11.615873124,48.091370321,2,#fc8d62,car
88147,9,1,84,145,2016,11,6,4,3,3,6,1,0,0,1,0,1,0,0,697089.4145,5322699.4652,11.643593855,48.027151016,2,#fc8d62,car
88151,9,1,63,0,2016,11,17,4,3,2,6,2,0,0,1,0,0,0,0,735684.2739,5303853.8503,12.15021538,47.844779559,2,#fc8d62,car
88158,9,1,88,113,2016,11,18,3,3,2,6,2,0,0,1,0,0,1,0,680157.2825,5315666.6295,11.413746802,47.968931625,2,#fc8d62,car
88174,9,1,87,130,2016,12,14,7,3,2,6,0,0,0,1,0,0,0,0,713443842.0,5308317659.0,11.8555498,47.892661164,2,#fc8d62,car
88176,9,1,75,122,2016,12,16,5,3,2,6,1,0,0,1,0,0,0,0,719509209.0,5324717.4,11.94495785,48.03797352,2,#fc8d62,car
88181,9,1,62,0,2016,12,17,2,3,4,2,2,0,0,1,0,0,0,0,677943.9225,5335310.1636,11.392290134,48.146131827,2,#fc8d62,car
88185,9,1,77,133,2016,12,18,1,3,3,6,2,1,0,1,0,0,0,0,713379265.0,5354380.73,11.877713881,48.30659437,2,#fc8d62,car
88187,9,1,75,121,2016,12,3,1,3,5,3,2,1,0,1,0,0,0,0,713879.8441,5318422.7244,11.866394216,47.983320476,2,#fc8d62,car
88195,9,1,86,152,2016,12,17,7,2,2,6,1,0,0,1,0,0,0,0,691561245.0,5379251516.0,11.595158805,48.537099599,2,#fc8d62,car
88199,9,1,79,119,2016,12,7,3,3,6,4,1,2,0,1,1,0,0,0,669487903.0,5338858371.0,11.280116454,48.180338772,2,#fc8d62,car
88200,9,7,71,112,2016,12,16,1,3,6,7,0,0,0,1,1,0,0,0,646509315.0,5369040562.0,10.981678662,48.45743146,2,#fc8d62,car
88205,9,1,62,0,2016,12,11,2,3,3,7,0,0,1,1,0,0,0,0,692068.8742,5340540.5509,11.584356379,48.189033838,1,#66c2a5,bicycle
88210,9,1,84,138,2016,12,15,7,3,4,6,0,0,0,1,0,0,0,0,680988.9762,5330620.9329,11.431198945,48.103121868,2,#fc8d62,car
88212,9,1,84,145,2016,12,17,7,3,4,3,2,1,0,1,0,0,0,0,695134376.0,5325566191.0,11.618705462,48.053516528,2,#fc8d62,car
88213,9,2,61,0,2016,12,7,5,3,2,6,0,1,0,1,0,0,0,0,731583.7127,5381570.8656,12.137874753,48.54444473,2,#fc8d62,car
88214,9,1,84,119,2016,12,0,7,3,2,6,2,1,0,1,0,0,0,0,697555.0198,5349462.52,11.662251462,48.2675342,2,#fc8d62,car
88218,9,1,78,116,2016,12,17,4,3,2,6,2,2,0,1,0,0,0,0,702190.8934,5382902.0614,11.740768424,48.566568952,2,#fc8d62,car
88240,9,1,79,123,2016,12,17,5,3,2,6,1,0,0,1,0,0,0,1,676712522.0,5333801.6601,11.37512398,48.132914811,2,#fc8d62,car
88242,9,1,62,0,2016,12,19,3,3,4,2,2,1,0,1,0,0,0,0,684227.2166,5343369.6317,11.480176793,48.216785618,2,#fc8d62,car
88247,9,1,81,130,2016,12,18,3,2,5,3,2,1,1,1,0,0,0,0,640828.6688,5323623.7361,10.889773,48.050347365,1,#66c2a5,bicycle
88248,9,1,87,117,2016,12,13,2,3,2,6,0,0,0,1,0,1,0,0,725294.6621,5305889.9193,12.01260865,47.86679822,2,#fc8d62,car
88255,9,1,77,115,2016,12,7,4,3,6,4,1,1,0,1,1,0,0,0,733957.0059,5351896.1518,12.153439427,48.277001418,2,#fc8d62,car