OBJECTID,ULAND,UREGBEZ,UKREIS,UGEMEINDE,UJAHR,UMONAT,USTUNDE,UWOCHENTAG,UKATEGORIE,UART,UTYP1,ULICHTVERH,STRZUSTAND,IstRad,IstPKW,IstFuss,IstKrad,IstGkfz,IstSonstig,LINREFX,LINREFY,XGCSWGS84,YGCSWGS84,Teilnehmer,color,symbol
88261,9,1,86,162,2016,12,17,3,3,5,6,2,0,0,1,0,0,1,0,691212.9501,5383699.9176,11.592488625,48.577184047,2,#fc8d62,car
88262,9,1,87,150,2016,12,11,2,3,1,6,0,0,1,1,0,0,0,0,728583.6377,5303455.6256,12.055237855,47.843765318,1,#66c2a5,bicycle
88263,9,1,74,113,2016,12,18,7,2,2,6,2,1,0,1,0,0,0,0,672831.3045,5346032.2192,11.327979901,48.243926918,2,#fc8d62,car
88265,9,7,71,142,2016,12,17,5,2,6,4,2,1,0,1,1,0,0,0,645566.8992,5352082.6985,10.963065671,48.305177213,2,#fc8d62,car
88267,9,1,88,126,2016,12,14,3,3,0,1,0,1,0,0,0,1,0,0,658699.1824,5327209.4995,11.130745235,48.078393328,4,#e78ac3,marker
88277,9,1,79,121,2016,12,23,7,3,4,1,2,1,0,1,0,0,0,0,668758.9373,5337587346.0,11.269813067,48.169106496,2,#fc8d62,car
88279,9,1,78,120,2016,12,16,5,3,1,6,2,0,0,1,0,0,0,0,693986.8602,5354531856.0,11.616547564,48.314196787,2,#fc8d62,car
88290,9,1,84,114,2016,12,5,7,3,8,1,2,2,0,1,0,0,0,0,700577.2174,5319369.4962,11.688766104,47.996138218,2,#fc8d62,car
88296,9,1,86,152,2016,12,11,4,3,8,1,0,1,0,1,0,0,0,0,695918.6496,5376705.1768,11.652928885,48.512871191,2,#fc8d62,car
88299,9,1,62,0,2016,12,10,7,3,3,2,0,0,1,0,0,0,0,1,694654.5484,5334162.3825,11.616191824,48.130922749,1,#66c2a5,bicycle
88304,9,7,72,131,2016,12,12,3,3,5,2,0,0,0,1,0,0,0,0,617706.0521,5356180.4059,10.588655868,48.347827325,2,#fc8d62,car
88306,9,1,75,118,2016,12,18,7,3,2,6,2,0,0,1,0,0,0,0,715351.4915,5339631.1041,11.896778473,48.173396769,2,#fc8d62,car
88308,9,1,77,139,2016,12,10,5,3,2,6,0,0,0,1,0,0,0,0,732020.1202,5359442.3337,12.131522453,48.34550327,2,#fc8d62,car
88318,9,2,74,132,2016,12,16,5,3,5,3,2,0,0,1,0,0,0,0,721008367.0,5385935316.0,11.997109719,48.587469196,2,#fc8d62,car
88328,9,1,78,113,2016,12,7,7,3,5,3,2,2,1,1,0,0,0,0,691666.1094,5367279.4535,11.591088047,48.429472282,1,#66c2a5,bicycle
88332,9,1,74,115,2016,12,13,3,3,3,2,0,0,1,1,0,0,0,0,681205.5282,5347205.7372,11.441176312,48.252137069,1,#66c2a5,bicycle
88333,9,7,71,112,2016,12,17,3,3,2,6,2,1,0,1,0,0,0,0,642780.3053,5369777.3833,10.931521886,48.464913721,2,#fc8d62,car
88336,9,1,75,112,2016,12,11,7,3,2,2,0,0,0,1,0,0,0,0,724147.8293,5318274.3413,12.003735891,47.978472864,2,#fc8d62,car
88337,9,7,78,216,2016,12,14,4,3,8,6,0,0,0,0,0,0,1,1,623763.2757,5321218.8933,10.660184612,48.032257619,5,#a6d854,bus
88339,9,1,74,113,2016,12,7,3,3,5,3,0,1,0,1,0,0,0,0,677734.1741,5351063.9225,11.396075212,48.287800864,2,#fc8d62,car
88342,9,1,85,158,2016,12,16,6,3,5,3,1,0,1,1,0,0,0,0,667478.1279,5380480.6959,11.269675015,48.555039484,1,#66c2a5,bicycle
88345,9,7,61,0,2016,12,17,2,3,2,6,2,0,0,1,0,0,0,1,637543.8874,5360210.1748,10.857585235,48.380054284,2,#fc8d62,car
88348,9,1,88,121,2016,12,18,6,3,2,6,2,1,0,1,0,0,0,0,670987.9418,5331187.1672,11.297198651,48.110974974,2,#fc8d62,car
88354,9,1,78,124,2016,12,16,4,3,2,6,1,0,0,1,0,0,0,0,702659.0353,5362266.0171,11.73710667,48.380979659,2,#fc8d62,car
88362,9,1,77,139,2016,12,3,7,3,4,6,2,2,0,1,0,0,1,0,731453.9995,5361281.1271,12.124904385,48.362229225,2,#fc8d62,car
88364,9,7,71,122,2016,12,14,5,3,2,6,0,0,0,1,0,0,0,0,649129.4289,5362664.0518,11.014827068,48.399485122,2,#fc8d62,car
88366,9,1,79,121,2016,12,14,3,3,5,3,0,0,0,1,0,0,0,0,667482488.0,5339064413.0,11.253240652,48.182722874,2,#fc8d62,car
88370,9,1,88,118,2016,12,18,6,2,6,4,2,1,0,1,1,0,0,0,671115.7748,5310363.3401,11.29060304,47.923735786,2,#fc8d62,car
88377,9,1,79,145,2016,12,17,6,3,5,3,2,1,1,1,0,0,0,0,676084003.0,5338718.9764,11.368718641,48.177292012,1,#66c2a5,bicycle
88380,9,7,72,163,2016,12,7,2,3,2,6,0,1,0,1,0,0,0,1,638558.7724,5346637.8786,10.866824534,48.257791577,2,#fc8d62,car
88389,9,1,62,0,2016,12,7,3,3,2,6,2,0,0,1,0,0,0,0,688464.9874,5331684.3754,11.531993237,48.110512777,2,#fc8d62,car
88396,9,1,86,162,2016,12,17,2,3,2,6,2,2,0,1,0,0,0,0,694083.2304,5385614.7448,11.632255868,48.593509792,2,#fc8d62,car
88397,9,1,62,0,2016,12,10,6,3,2,6,0,0,0,1,0,0,1,0,692152.3585,5342379.1196,11.586310622,48.2055331,2,#fc8d62,car
88399,9,7,61,0,2016,12,14,5,3,1,6,0,1,0,1,0,0,0,0,643446.8515,5357587.0037,10.936366047,48.35515365,2,#fc8d62,car
88400,9,7,61,0,2016,12,17,4,2,6,4,2,1,0,1,1,0,0,0,641447.4787,5354477.7838,10.908348316,48.32764766,2,#fc8d62,car
88402,9,1,74,115,2016,12,18,6,3,5,3,2,1,1,1,0,0,0,0,683368.5113,5347712.5182,11.470507327,48.25607014,1,#66c2a5,bicycle
88407,9,7,62,0,2016,12,13,3,3,0,1,0,0,1,0,0,0,0,0,621330.3351,5304447.5236,10.622830884,47.881889012,1,#66c2a5,bicycle
88409,9,1,62,0,2016,12,8,6,3,3,2,0,1,1,0,0,0,0,1,692124.0227,5339910.3729,11.58481264,48.183353293,1,#66c2a5,bicycle
88411,9,1,77,113,2016,12,17,5,3,2,6,2,1,0,1,0,0,0,0,721571.9297,5352901.4798,11.987273885,48.290488054,2,#fc8d62,car
88415,9,1,75,133,2016,12,22,6,3,9,1,2,1,0,1,0,0,0,0,708010.0609,5342366.8462,11.799489939,48.200425627,2,#fc8d62,car
88417,9,1,84,119,2016,12,10,6,2,5,3,0,0,0,1,0,0,0,0,694451.6968,5347418.9009,11.61953772,48.250127651,2,#fc8d62,car
88418,9,2,61,0,2016,12,16,5,3,3,2,1,0,1,1,0,0,0,0,732133.2839,5380704577.0,12.144827013,48.536459985,1,#66c2a5,bicycle
88420,9,1,62,0,2016,12,5,5,3,9,1,2,0,0,1,0,0,0,0,696687.4861,5343015.9494,11.647580346,48.209867631,2,#fc8d62,car
88423,9,2,61,0,2016,12,14,5,3,2,6,0,0,0,1,0,0,0,0,732380748.0,5379987.9565,12.147774815,48.529931185,2,#fc8d62,car
88426,9,1,79,142,2016,12,15,2,3,1,6,0,0,1,1,0,0,0,0,673164.8632,5341454.0662,11.330598927,48.202681147,1,#66c2a5,bicycle
88427,9,1,62,0,2016,12,13,6,3,6,4,0,0,0,1,1,0,0,0,687660.99,5333406954.0,11.521960691,48.126233177,2,#fc8d62,car
88431,9,1,78,136,2016,12,7,6,2,0,1,0,1,0,1,0,0,0,0,696970.5875,5374718517.0,11.666219878,48.494688783,2,#fc8d62,car
88432,9,7,61,0,2016,12,21,7,3,5,3,2,0,0,1,0,0,0,0,638641.0272,5354957.9881,10.870664047,48.332587417,2,#fc8d62,car
88435,9,1,73,147,2016,12,16,4,3,5,3,1,0,1,1,0,0,0,0,682453.6559,5309565.8447,11.441899264,47.913440678,1,#66c2a5,bicycle
88438,9,7,71,130,2016,12,11,3,3,1,6,0,1,0,1,0,0,0,0,647269.4092,5357267.8279,10.987822594,48.351403963,2,#fc8d62,car
88440,9,2,74,146,2016,12,15,3,3,1,6,0,1,0,1,0,0,0,0,733468482.0,5376423.4706,12.160491657,48.497509012,2,#fc8d62,car
88442,9,1,84,141,2016,12,18,4,3,5,3,2,0,1,1,0,0,0,0,698059.0472,5316315.9935,11.65363951,47.969479563,1,#66c2a5,bicycle
88444,9,1,74,143,2016,12,8,3,3,5,3,0,0,1,1,0,0,0,0,674383.2998,5352887.7164,11.35169442,48.3051272,1,#66c2a5,bicycle
88446,9,1,75,122,2016,12,16,6,3,8,1,2,1,0,1,0,0,0,0,719767661.0,5327273975.0,11.949733147,48.060855916,2,#fc8d62,car
88447,9,1,81,130,2016,12,11,2,3,2,2,0,0,0,1,0,0,0,0,642577.5951,5321627.3229,10.912563432,48.032007099,2,#fc8d62,car
88449,9,7,71,142,2016,12,17,2,3,5,3,2,1,0,1,0,0,0,0,645777.2513,5350865.2005,10.965480239,48.294181742,2,#fc8d62,car
88452,9,1,75,122,2016,12,14,6,2,5,3,0,1,1,1,0,0,0,0,721172822.0,5325330036.0,11.967562557,48.042904109,1,#66c2a5,bicycle
88453,9,7,72,209,2016,12,11,7,3,5,3,0,0,0,1,0,0,0,0,636280.0505,5337128729.0,10.833083614,48.172777341,2,#fc8d62,car
88454,9,2,74,126,2016,12,15,5,3,3,2,0,0,1,0,0,0,1,0,733263.7324,5382694461.0,12.161231674,48.553915264,1,#66c2a5,bicycle
88455,9,7,61,0,2016,12,21,7,3,0,7,2,0,1,0,0,0,0,0,641041.3239,5360568.0704,10.904912813,48.382500182,1,#66c2a5,bicycle
88457,9,7,61,0,2016,12,15,2,3,2,6,1,1,0,1,0,0,0,0,637407.9815,5359469.7778,10.855508751,48.373426345,2,#fc8d62,car
88460,9,1,77,139,2016,12,19,6,3,6,4,2,1,0,1,1,0,0,0,731487786.0,5359321408.0,12.124282319,48.344612219,2,#fc8d62,car
88463,9,2,61,0,2016,12,13,4,2,3,3,0,1,0,1,0,0,0,0,726673.8831,5380085.2817,12.070640979,48.532892097,2,#fc8d62,car
88471,9,1,73,120,2016,12,13,3,3,4,7,0,0,0,1,0,0,0,1,685091.7148,5311461.3679,11.477986339,47.929723408,2,#fc8d62,car
88472,9,1,84,149,2016,12,16,6,3,6,2,2,1,0,1,1,0,0,0,690234.1892,5350397.1306,11.564121037,48.278175061,2,#fc8d62,car
88476,9,1,75,132,2016,12,4,3,3,5,3,2,0,0,1,0,0,0,0,706110.1417,5332937.1366,11.769383265,48.116306031,2,#fc8d62,car
88479,9,1,62,0,2016,12,15,5,3,1,6,0,0,0,1,0,0,0,0,688905.7786,5340116.1627,11.541650874,48.186167987,2,#fc8d62,car
88480,9,1,81,130,2016,12,7,2,3,5,3,0,0,1,1,0,0,0,0,638571.3488,5323235.7595,10.859373169,48.047352657,1,#66c2a5,bicycle
88482,9,7,61,0,2016,12,18,2,3,2,6,2,1,0,1,0,0,0,0,641092.0881,5356752.45,10.904318153,48.348180168,2,#fc8d62,car
88485,9,1,84,112,2016,12,8,5,3,3,6,0,0,0,1,0,0,0,0,701995.4855,5338834.1153,11.716959409,48.170619652,2,#fc8d62,car
88490,9,1,77,115,2016,12,11,4,2,9,1,0,0,0,1,0,0,0,0,731343478.0,5354628.5769,12.119763202,48.302507885,2,#fc8d62,car
88498,9,1,81,120,2016,12,18,2,2,5,3,2,0,0,1,0,0,0,1,650647.6938,5319982.5217,11.020171235,48.015365151,2,#fc8d62,car
88500,9,1,87,130,2016,12,15,4,3,5,3,0,0,1,1,0,0,0,0,712365661.0,5310158076.0,11.842049601,47.909557273,1,#66c2a5,bicycle
88503,9,1,62,0,2016,12,0,4,3,3,1,2,1,0,1,0,0,1,0,694545.5084,5341803.7669,11.618223258,48.199633298,2,#fc8d62,car
88507,9,1,74,113,2016,12,18,2,2,5,3,2,1,0,1,0,0,0,0,678214946.0,5350257381.0,11.402210519,48.280415833,2,#fc8d62,car
88515,9,1,78,130,2016,12,7,2,3,2,6,1,2,0,1,0,0,0,0,702598.9599,5354252.9489,11.732441619,48.308990412,2,#fc8d62,car
88525,9,1,79,123,2016,12,19,5,3,2,6,2,1,0,1,0,0,0,1,676725.9047,5333758.2594,11.375285689,48.132520956,2,#fc8d62,car
88527,9,1,84,122,2016,12,13,3,3,6,2,0,0,0,1,1,0,0,0,688010717.0,5323771.8291,11.522415597,48.039526467,2,#fc8d62,car
88533,9,1,74,146,2016,12,15,3,3,2,6,0,0,0,1,0,0,0,1,668411.6553,5349985.7188,11.270071771,48.280657237,2,#fc8d62,car
88534,9,1,77,130,2016,12,17,2,3,5,2,2,0,0,1,0,0,0,0,712688897.0,5352128164.0,11.867280948,48.286586544,2,#fc8d62,car
88544,9,7,72,121,2016,12,7,5,3,2,6,1,1,0,1,0,0,0,0,636637.3242,5374177.4037,10.84990491,48.505841905,2,#fc8d62,car
88558,9,1,78,120,2016,12,16,5,3,2,6,1,0,0,1,0,0,0,1,693977.4461,5354542.2766,11.616425513,48.314293328,2,#fc8d62,car
88572,9,1,87,122,2016,12,13,5,2,8,1,0,0,0,1,0,0,0,0,718223.0102,5312410.2851,11.921473523,47.927828989,2,#fc8d62,car
88574,9,1,86,143,2016,12,7,4,3,5,2,2,0,0,1,0,0,0,0,685413.0422,5377414.8773,11.511134494,48.522439176,2,#fc8d62,car
88575,9,7,61,0,2016,12,12,3,3,5,3,0,1,0,1,0,0,0,0,642442.3587,5359300.7455,10.923394802,48.370790221,2,#fc8d62,car
88578,9,7,62,0,2016,12,3,6,3,8,1,2,0,0,1,0,0,0,0,624019.3391,5302051.6908,10.658094079,47.859827947,2,#fc8d62,car
88585,9,7,73,182,2016,12,19,6,3,4,2,2,1,0,1,0,0,0,1,623308.3656,5379376.5629,10.671069141,48.55535364,2,#fc8d62,car
88587,9,1,75,122,2016,12,7,5,3,2,2,0,1,0,1,0,0,0,0,721102726.0,5325894.3284,11.966914781,48.047998575,2,#fc8d62,car
88599,9,1,63,0,2016,12,5,4,2,5,2,2,1,1,1,0,0,0,0,731995.1396,5307363845.0,12.102863792,47.877655766,1,#66c2a5,bicycle
88602,9,1,86,162,2016,12,17,4,3,4,2,2,0,0,1,0,0,0,0,693924.5095,5386067.8762,11.630317111,48.597631141,2,#fc8d62,car
88606,9,7,72,177,2016,12,20,6,2,4,2,2,1,0,1,0,1,0,0,636852.6447,5378575.0756,10.854261928,48.545337346,2,#fc8d62,car
88610,9,1,62,0,2016,12,18,2,3,2,6,2,0,0,1,0,0,0,0,699627.4069,5332961347.0,11.682390418,48.118588755,2,#fc8d62,car
88611,9,2,61,0,2016,12,16,1,3,1,3,0,0,0,1,0,0,0,0,732123.2495,5379967.8976,12.144281108,48.529846263,2,#fc8d62,car
88614,9,1,77,133,2016,12,16,2,2,4,6,0,0,0,1,0,0,0,1,713754.5639,5355757.3936,11.883466093,48.318837406,2,#fc8d62,car
88620,9,1,62,0,2016,12,14,2,3,2,6,1,0,0,1,0,0,0,0,688543.9123,5334688.4687,11.534381293,48.137490766,2,#fc8d62,car
88622,9,2,74,132,2016,12,7,2,3,6,4,1,0,0,1,1,0,0,0,722961.9624,5386256.1018,12.023736365,48.58965885,2,#fc8d62,car
88623,9,7,62,0,2016,12,18,5,3,0,6,2,0,1,0,0,0,0,0,621516.1908,5303854.1679,10.625148783,47.876517362,1,#66c2a5,bicycle
88624,9,1,84,148,2016,12,17,1,3,5,2,2,0,1,1,0,0,0,0,695217.3373,5327746.0038,11.620812598,48.073082591,1,#66c2a5,bicycle
88629,9,7,62,0,2016,12,8,5,3,6,4,0,0,0,1,1,0,0,1,621507177.0,5303912.9377,10.625044815,47.87704763,2,#fc8d62,car
88636,9,1,78,116,2016,12,11,4,3,5,3,0,0,0,1,0,0,0,0,702231.3319,5382961142.0,11.741344644,48.567086807,2,#fc8d62,car
88639,9,1,62,0,2016,12,20,5,3,1,6,2,0,0,1,0,0,0,0,692769.6985,5339078.4792,11.593112913,48.175680924,2,#fc8d62,car
88641,9,1,90,138,2016,12,19,1,3,3,6,2,0,0,1,0,0,0,0,659136.5916,5310888.2136,11.130559308,47.931540708,2,#fc8d62,car
88643,9,1,84,148,2016,12,22,1,3,4,6,2,0,0,1,0,0,0,0,695716112.0,5326317.2345,11.626847452,48.060088505,2,#fc8d62,car
88644,9,7,72,147,2016,12,14,6,3,2,6,0,0,0,1,0,0,0,0,637951.8546,5365023.4131,10.864673707,48.423244837,2,#fc8d62,car
88646,9,7,72,147,2016,12,7,5,3,2,6,0,2,0,1,0,0,0,0,638486098.0,5364106501.0,10.871588217,48.414883,2,#fc8d62,car
88648,9,1,75,123,2016,12,14,5,2,9,1,0,0,0,0,0,0,0,1,726054.2805,5336276.5556,12.038758828,48.139542602,6,#ffd92f,circle
88651,9,7,72,223,2016,12,16,5,3,5,3,1,0,0,1,0,0,0,0,618211198.0,5365446233.0,10.598078579,48.431061276,2,#fc8d62,car
88654,9,1,62,0,2016,11,15,4,3,0,7,0,0,0,0,0,0,0,1,692061.6292,5341551.3085,11.584716149,48.198120434,6,#ffd92f,circle
88657,9,7,71,145,2016,12,13,6,3,3,2,0,1,0,1,0,0,0,0,648308.4958,5345098.0304,10.997564403,48.2417393,2,#fc8d62,car
88658,9,1,62,0,2016,11,9,4,3,1,6,0,0,0,1,0,0,0,0,684296.4913,5329169.9426,11.474959314,48.089131283,2,#fc8d62,car
88659,9,2,74,111,2016,12,11,7,3,5,3,0,0,0,1,0,0,0,0,738220.9103,5381190.1687,12.227442143,48.538540696,2,#fc8d62,car
88660,9,1,74,131,2016,12,17,5,3,2,6,2,1,0,1,0,0,0,0,676698.0875,5357579.0052,11.384849541,48.34665432,2,#fc8d62,car
88662,9,7,77,121,2016,12,13,3,3,2,6,0,0,0,1,0,0,0,0,630076.2639,5321677.7731,10.744967927,48.035129631,2,#fc8d62,car
88664,9,1,84,147,2016,11,11,4,3,5,3,0,0,0,1,0,0,0,1,695685977.0,5339967058.0,11.632708813,48.182775672,2,#fc8d62,car
88670,9,1,62,0,2016,12,18,3,3,2,6,2,0,0,1,0,0,0,0,701070.3791,5332396.2795,11.701490923,48.113056514,2,#fc8d62,car
88678,9,7,62,0,2016,12,4,1,2,3,6,2,1,1,1,0,0,0,0,621491.0121,5304372.6544,10.624958032,47.881185268,1,#66c2a5,bicycle
88680,9,2,74,126,2016,12,15,7,3,2,6,0,0,0,1,0,0,0,0,732832439.0,5383093.7523,12.155619232,48.5576622,2,#fc8d62,car
88681,9,7,71,130,2016,12,17,5,3,2,6,0,0,0,1,0,0,0,0,646989.5764,5357745.4957,10.984214619,48.355763975,2,#fc8d62,car
88682,9,7,71,145,2016,12,5,4,3,4,3,2,1,0,1,0,0,0,0,647504.2137,5346299.1941,10.987156833,48.252727062,2,#fc8d62,car
88684,9,7,71,122,2016,12,10,5,3,4,2,0,0,0,1,0,0,0,0,652572.1716,5363348.1457,11.061558231,48.404811932,2,#fc8d62,car
88693,9,1,77,144,2016,12,17,5,3,5,3,2,1,1,1,0,0,0,0,718055211.0,5347492.4947,11.937137728,48.24310992,1,#66c2a5,bicycle
88697,9,7,61,0,2016,12,16,5,3,3,6,2,1,0,1,0,1,0,0,642111.6657,5363449.4983,10.920335614,48.408168362,2,#fc8d62,car
88716,9,7,72,167,2016,12,10,3,3,7,1,0,0,0,1,0,0,0,0,624077.5129,5357996.3667,10.675148426,48.362938339,2,#fc8d62,car
88719,9,1,90,138,2016,12,10,7,2,2,2,0,0,0,1,0,1,0,0,661213.6962,5309886.8834,11.157973105,47.922018716,2,#fc8d62,car
88720,9,1,77,121,2016,12,11,5,3,2,6,0,0,0,1,0,0,0,1,731703201.0,5365087024.0,12.130361202,48.39632681,2,#fc8d62,car
88721,9,7,78,204,2016,11,11,4,3,8,1,0,2,0,1,0,0,0,0,618266.4982,5328702.2772,10.588549963,48.100602045,2,#fc8d62,car
88733,9,1,82,133,2016,12,9,4,3,5,3,0,0,0,1,0,0,0,1,708248408.0,5305900459.0,11.784963444,47.872645175,2,#fc8d62,car
88736,9,7,71,129,2016,12,15,4,2,2,1,0,0,0,1,0,0,1,0,659259.1883,5356679.3239,11.149322478,48.343203645,2,#fc8d62,car
88746,9,7,71,113,2016,12,14,3,3,0,7,0,1,1,0,0,0,0,0,657081.6409,5370563.1857,11.125152196,48.468569867,1,#66c2a5,bicycle
88751,9,7,77,121,2016,11,18,4,3,8,1,2,2,0,1,0,0,0,0,630392.9449,5321558.3441,10.749177779,48.033991024,2,#fc8d62,car
88752,9,1,62,0,2016,12,10,2,3,5,3,0,0,0,1,0,0,0,0,685100903.0,5328919502.0,11.485642884,48.086647094,2,#fc8d62,car
88765,9,1,77,117,2016,12,13,4,3,2,6,0,0,0,1,0,0,0,0,716747.6342,5355992.5177,11.923908017,48.319931239,2,#fc8d62,car
88768,9,7,72,186,2016,11,19,4,3,8,1,2,0,0,1,0,0,0,0,638667.5617,5343828.6521,10.867369397,48.23250717,2,#fc8d62,car
88771,9,7,71,111,2016,12,18,1,2,2,6,2,0,0,1,0,0,0,0,658594.9551,5357126.1476,11.14053295,48.34738785,2,#fc8d62,car
88772,9,1,87,150,2016,12,7,3,2,5,2,1,1,0,1,0,1,0,0,727273432.0,5303176417.0,12.037604633,47.84172114,2,#fc8d62,car
88773,9,7,71,122,2016,12,20,1,3,2,7,2,0,0,1,0,0,0,0,652851.8867,5362150.6563,11.064899239,48.393977892,2,#fc8d62,car
88776,9,7,71,122,2016,12,14,5,3,2,6,0,0,0,1,0,0,0,0,648881.4249,5362690.7211,11.011487994,48.399783517,2,#fc8d62,car
88777,9,7,62,0,2016,12,11,4,3,1,6,0,0,0,1,0,0,0,0,622321.1082,5307077.1076,10.636822547,47.905350625,2,#fc8d62,car
88779,9,1,74,135,2016,12,20,1,2,2,6,2,0,0,1,0,0,0,0,663380652.0,5353156815.0,11.203537216,48.310483851,2,#fc8d62,car
88783,9,7,71,122,2016,12,19,1,3,3,6,2,0,0,1,0,0,0,0,653323.5638,5361792782.0,11.071136233,48.390645854,2,#fc8d62,car
88788,9,1,74,146,2016,12,5,1,3,8,1,2,1,0,1,0,0,0,0,665849.3746,5351351.9742,11.23609792,48.293616077,2,#fc8d62,car
88791,9,7,72,141,2016,12,13,1,3,8,1,0,1,0,1,0,0,0,0,620432.3605,5349383.7785,10.623496185,48.286190822,2,#fc8d62,car
88797,9,1,85,158,2016,12,15,5,3,4,1,0,1,0,1,0,0,0,0,667682204.0,5383332.1694,11.273587737,48.580617435,2,#fc8d62,car
88801,9,1,84,145,2016,12,22,7,3,2,6,2,0,0,1,0,0,0,0,697015979.0,5325673.4947,11.643978272,48.053902871,2,#fc8d62,car
88803,9,1,84,114,2016,12,16,3,3,5,2,1,1,1,1,0,0,0,0,700713.4409,5320808.1599,11.69126306,48.009025108,1,#66c2a5,bicycle
88807,9,1,81,130,2016,12,17,1,2,8,1,2,1,0,1,0,0,0,0,636472.3786,5326267.7345,10.83219143,48.075069901,2,#fc8d62,car
88809,9,1,74,135,2016,12,14,3,3,0,7,0,0,0,1,0,0,0,0,663402.0089,5353136.1141,11.203817021,48.310292232,2,#fc8d62,car
88810,9,7,72,130,2016,12,8,1,3,8,1,0,1,0,1,0,0,0,0,630691.6623,5356201.2437,10.763844553,48.345461293,2,#fc8d62,car
88812,9,7,61,0,2016,12,22,5,3,5,3,2,0,1,1,0,0,0,0,642026684.0,5359585336.0,10.917881364,48.373442813,1,#66c2a5,bicycle
88813,9,7,71,113,2016,12,11,4,3,5,3,0,0,1,0,0,0,0,1,657849408.0,5369916.5324,11.135287803,48.462564117,1,#66c2a5,bicycle
88828,9,1,87,177,2016,12,12,7,2,3,2,0,0,1,1,0,0,0,0,735042.6434,5305113.0036,12.142336496,47.856326508,1,#66c2a5,bicycle
88829,9,1,78,120,2016,12,16,5,3,1,6,1,0,0,1,0,0,0,0,694399.6872,5354869.8798,11.62226561,48.317107937,2,#fc8d62,car
88833,9,1,62,0,2016,12,14,1,3,2,6,0,0,0,1,0,0,0,0,685120.3161,5342630.16,11.491865735,48.209879098,2,#fc8d62,car
88834,9,7,71,130,2016,12,18,1,3,2,6,2,0,0,1,0,0,0,0,644789.8562,5357677.2792,10.954515193,48.35565884,2,#fc8d62,car
88845,9,7,61,0,2016,12,7,3,3,4,1,1,1,0,1,0,0,0,0,641895.6062,5357636.2704,10.915454879,48.355947124,2,#fc8d62,car
88848,9,1,62,0,2016,12,19,4,3,3,6,2,1,0,1,0,0,0,0,695130.8841,5331395.7615,11.621320828,48.105911702,2,#fc8d62,car
88852,9,1,73,147,2016,12,16,1,3,4,2,1,1,0,1,0,0,0,0,681192.1701,5309501.5219,11.425004625,47.913220108,2,#fc8d62,car
88853,9,1,79,121,2016,12,10,7,2,5,7,0,0,1,1,0,0,0,0,667377.4488,5338374.0992,11.251556726,48.17654467,1,#66c2a5,bicycle
88856,9,7,72,160,2016,12,18,6,3,5,3,2,0,0,1,0,1,0,0,636598122.0,5341964688.0,10.83891558,48.216195182,2,#fc8d62,car
88872,9,1,78,113,2016,12,6,2,3,8,1,2,1,0,1,0,0,0,0,691402.1444,5366105.6522,11.586987577,48.419003197,2,#fc8d62,car
88880,9,1,62,0,2016,12,18,1,3,1,6,2,1,0,1,0,0,0,0,693046.3559,5339603872.0,11.597069151,48.180318995,2,#fc8d62,car
88883,9,1,79,121,2016,12,7,2,3,5,3,1,1,1,1,0,0,0,0,667365.1025,5339229.7937,11.251727812,48.184240572,1,#66c2a5,bicycle
88889,9,1,90,138,2016,12,21,7,3,8,1,2,0,0,1,0,0,0,0,661741.8332,5308688.7534,11.164587862,47.911113439,2,#fc8d62,car
88897,9,1,78,142,2016,12,18,2,3,9,1,2,1,0,1,0,0,0,0,711980.2645,5378306.9061,11.870958991,48.522047978,2,#fc8d62,car
88900,9,7,77,155,2016,12,10,7,3,5,3,0,0,0,1,0,0,0,0,630780848.0,5311746501.0,10.751389891,47.945673915,2,#fc8d62,car
88903,9,1,78,150,2016,12,20,7,3,2,6,2,1,0,1,0,0,0,0,691145934.0,5371857.5921,11.586153229,48.470775505,2,#fc8d62,car
88909,9,2,74,128,2016,12,8,2,3,0,7,0,0,0,1,0,0,1,0,735505.7912,5386016305.0,12.193447662,48.582915357,2,#fc8d62,car
88913,9,7,61,0,2016,12,20,7,3,4,3,2,0,0,1,0,0,0,0,644044997.0,5357584518.0,10.944434642,48.354995138,2,#fc8d62,car
88916,9,1,84,141,2016,12,16,6,3,5,2,2,0,0,1,0,1,0,0,698075.2855,5316570.0683,11.653973913,47.971758053,2,#fc8d62,car
88924,9,1,88,121,2016,12,22,1,3,5,2,2,1,1,1,0,0,0,0,670743.6936,5331440.4997,11.294021356,48.113317905,1,#66c2a5,bicycle
88926,9,1,75,137,2016,12,16,2,2,6,4,1,0,0,1,1,0,0,0,725321.1509,5330227.2792,12.025722651,48.085453252,2,#fc8d62,car
88934,9,1,62,0,2016,12,18,7,3,1,6,2,0,0,1,0,0,0,0,694823082.0,5332438265.0,11.617666526,48.115375526,2,#fc8d62,car
88936,9,7,61,0,2016,12,1,1,3,4,2,2,0,0,1,0,0,0,0,639226.3168,5360874.8782,10.880514694,48.385662093,2,#fc8d62,car
88937,9,1,62,0,2016,12,6,2,3,1,6,2,1,0,1,0,0,0,1,692683.6457,5338990.3714,11.591916633,48.174915134,2,#fc8d62,car