OBJECTID,ULAND,UREGBEZ,UKREIS,UGEMEINDE,UJAHR,UMONAT,USTUNDE,UWOCHENTAG,UKATEGORIE,UART,UTYP1,ULICHTVERH,STRZUSTAND,IstRad,IstPKW,IstFuss,IstKrad,IstGkfz,IstSonstig,LINREFX,LINREFY,XGCSWGS84,YGCSWGS84,Teilnehmer,color,symbol
88940,9,2,74,128,2016,12,16,1,2,5,3,2,1,1,1,0,0,0,0,735676.68,5385746231.0,12.195608069,48.580425233,1,#66c2a5,bicycle
88941,9,1,62,0,2016,12,17,2,3,2,6,1,1,0,1,0,0,0,1,678348.2613,5336261.4659,11.398119775,48.154569911,2,#fc8d62,car
88952,9,7,71,130,2016,12,11,7,3,5,3,0,0,0,1,0,0,0,1,645417.6301,5357703.4652,10.962993387,48.355750029,2,#fc8d62,car
88955,9,1,62,0,2016,12,18,1,3,2,6,2,1,0,1,0,0,0,0,694665.7097,5330252.7251,11.614557247,48.095780804,2,#fc8d62,car
88956,9,1,75,111,2016,12,12,7,2,2,2,0,0,0,1,0,1,0,0,712233.2993,5337217.9782,11.853684852,48.152761863,2,#fc8d62,car
88958,9,1,63,0,2016,12,18,7,3,2,6,2,1,0,1,0,0,0,1,733718.5618,5303263.7582,12.123663127,47.840195676,2,#fc8d62,car
88959,9,1,79,117,2016,12,15,7,3,5,3,0,0,0,1,0,0,0,1,660613.5322,5350053.8985,11.165064275,48.283296503,2,#fc8d62,car
88966,9,2,74,126,2016,12,8,6,3,3,6,0,2,0,1,0,1,0,0,733031.6762,5383323.1286,12.158443649,48.559648606,2,#fc8d62,car
88972,9,2,74,113,2016,12,12,6,3,2,6,0,1,0,1,0,0,0,0,728272.0847,5383984.0902,12.094395099,48.567336708,2,#fc8d62,car
88980,9,1,82,120,2016,12,21,2,3,0,1,2,2,1,0,0,0,0,0,701563.5465,5306949.5077,11.69615846,47.88420611,1,#66c2a5,bicycle
88990,9,1,84,121,2016,12,15,1,2,9,7,0,0,0,1,0,0,0,0,704824.6761,5331072.1294,11.751236566,48.099960631,2,#fc8d62,car
88993,9,1,79,121,2016,12,16,2,3,2,2,2,0,0,1,0,0,0,0,668430.3953,5338017.7661,11.265568278,48.173063065,2,#fc8d62,car
88999,9,2,61,0,2016,12,11,7,3,2,6,0,0,0,1,0,0,0,0,734379.2218,5382065.5339,12.175970917,48.547850127,2,#fc8d62,car
89007,9,1,75,135,2016,12,7,2,3,6,2,1,1,0,1,1,0,0,0,709567.3572,5339048.8999,11.818785871,48.170098559,2,#fc8d62,car
89012,9,1,74,131,2016,12,18,7,3,8,6,2,0,0,1,0,0,0,0,676766895.0,5360314512.0,11.386926464,48.371224022,2,#fc8d62,car
89016,9,1,87,117,2016,12,8,6,2,5,3,0,0,0,1,0,0,0,0,725880.1705,5308035.9357,12.021548606,47.885874293,2,#fc8d62,car
89019,9,7,73,188,2016,12,9,6,2,5,3,0,1,0,1,0,0,0,0,620748839.0,5376506.43,10.635565441,48.530041628,2,#fc8d62,car
89022,9,1,87,179,2016,12,13,6,3,9,1,0,0,0,1,0,0,0,0,723723553.0,5312608111.0,11.99511225,47.927710576,2,#fc8d62,car
89023,9,7,61,0,2016,12,11,7,3,0,7,0,0,0,1,0,0,0,1,643591.3963,5357587507.0,10.938316245,48.355125323,2,#fc8d62,car
89026,9,1,77,121,2016,12,17,7,3,5,3,2,1,0,1,0,0,0,0,731545.6791,5363192.7442,12.127192584,48.379368043,2,#fc8d62,car
89028,9,1,87,122,2016,12,13,7,3,4,2,0,0,0,1,0,0,0,0,722542072.0,5306609.3319,11.976223479,47.874221692,2,#fc8d62,car
89032,9,1,90,115,2016,12,12,2,2,0,1,0,1,0,0,0,1,1,0,670924.5731,5303781.3795,11.285439004,47.864613788,4,#e78ac3,marker
89033,9,1,81,132,2016,12,7,1,2,9,7,2,1,0,1,0,0,0,0,645275.3277,5324473086.0,10.94969565,48.056987947,2,#fc8d62,car
89035,9,1,77,117,2016,12,14,2,2,8,1,0,0,0,1,0,0,0,0,716942.9612,5349835.3728,11.923377125,48.264542366,2,#fc8d62,car
89038,9,1,86,162,2016,12,6,6,2,5,3,2,1,1,0,0,0,0,1,693883.7994,5386147.5498,11.629802732,48.598359754,1,#66c2a5,bicycle
89043,9,1,77,115,2016,12,1,1,2,8,1,2,0,0,1,0,0,0,0,731930541.0,5353068162.0,12.126810869,48.288275301,2,#fc8d62,car
89044,9,1,74,146,2016,12,15,6,3,2,6,0,0,0,1,0,0,0,0,666081.0583,5351256.5303,11.239181631,48.292697292,2,#fc8d62,car
89045,9,7,72,163,2016,12,14,1,3,4,2,0,1,0,1,0,0,0,0,639599.6891,5346128.2951,10.880673041,48.252980951,2,#fc8d62,car
89046,9,1,78,113,2016,12,7,2,3,2,6,0,1,0,1,0,0,0,0,691478.2804,5368913.6437,11.589298266,48.444216373,2,#fc8d62,car
89048,9,1,88,141,2016,12,19,6,3,8,1,2,0,0,1,0,0,0,0,668175.9724,5312747.0129,11.252212653,47.945943755,2,#fc8d62,car
89050,9,1,62,0,2016,12,13,7,3,2,6,0,0,0,1,0,0,0,0,680656496.0,5341871.8464,11.431513197,48.204349007,2,#fc8d62,car
89051,9,1,79,118,2016,12,9,6,3,5,3,0,0,0,1,0,0,0,0,672826.8845,5337366.0154,11.324390961,48.166023792,2,#fc8d62,car
89053,9,1,79,119,2016,12,12,6,3,3,6,0,0,0,1,0,1,0,0,670659.5848,5338963.5722,11.295908224,48.180970866,2,#fc8d62,car
89056,9,1,62,0,2016,12,8,6,3,2,6,0,0,0,1,0,0,0,0,694381.5146,5341180.7661,11.615733366,48.194084307,2,#fc8d62,car
89058,9,1,78,156,2016,12,16,2,2,5,3,2,0,0,1,0,0,1,0,697692297.0,5376409809.0,11.676778704,48.509661099,2,#fc8d62,car
89060,9,1,78,122,2016,12,8,6,3,8,6,0,1,0,1,0,0,0,0,706814842.0,5383722.9521,11.803778419,48.572436779,2,#fc8d62,car
89061,9,7,77,121,2016,12,10,7,2,6,4,0,0,0,1,1,0,0,0,628516.0819,5321749.3402,10.724069501,48.036089161,2,#fc8d62,car
89064,9,1,77,112,2016,12,21,7,3,2,6,2,0,0,1,0,0,0,0,714813.7403,5366001.4276,11.902965317,48.41052192,2,#fc8d62,car
89065,9,1,75,123,2016,12,15,6,3,2,6,0,0,0,1,0,0,0,0,725596888.0,5336317.5889,12.032640956,48.140073568,2,#fc8d62,car
89069,9,1,62,0,2016,12,13,5,3,3,6,0,0,0,1,0,1,0,0,693202.5296,5338350.0497,11.598598063,48.169002616,2,#fc8d62,car
89073,9,1,84,149,2016,12,11,5,2,5,3,0,0,0,0,0,0,1,1,690063.78,5351164668.0,11.562171711,48.285124658,5,#a6d854,bus
89074,9,7,71,144,2016,12,12,7,3,2,2,0,0,0,1,0,1,0,0,663339761.0,5372284453.0,11.210426181,48.482449647,2,#fc8d62,car
89076,9,7,61,0,2016,12,15,6,3,2,6,0,0,0,1,0,0,0,0,637727.4561,5361045.7253,10.860336913,48.387527371,2,#fc8d62,car
89077,9,1,62,0,2016,12,21,6,3,1,6,2,0,0,1,0,0,0,0,692667.2639,5330146.6238,11.587696745,48.095434497,2,#fc8d62,car
89078,9,1,62,0,2016,12,13,5,3,2,6,0,0,0,1,0,0,0,0,689832.0836,5339773.9329,11.553948201,48.182815922,2,#fc8d62,car
89084,9,1,74,118,2016,12,9,1,3,5,3,0,1,0,1,0,0,0,0,667808.4051,5352667.6803,11.263012643,48.30492745,2,#fc8d62,car
89087,9,2,61,0,2016,12,16,2,3,2,6,1,0,0,1,0,0,0,0,735035826.0,5382115.4205,12.184882121,48.548052597,2,#fc8d62,car
89096,9,7,78,116,2016,12,12,5,3,2,6,0,0,0,1,0,0,1,0,618579331.0,5320961.2176,10.590603206,48.030923839,2,#fc8d62,car
89098,9,1,75,132,2016,12,17,2,2,2,6,2,1,0,1,0,0,0,1,707546.34,5330181.5407,11.78731688,48.091076833,2,#fc8d62,car
89101,9,1,62,0,2016,12,18,1,3,1,6,1,0,0,1,0,0,0,0,693670.5331,5331594.6421,11.601814306,48.108144817,2,#fc8d62,car
89102,9,1,62,0,2016,12,11,2,3,3,6,0,1,0,1,0,0,1,0,683480.4713,5342557.9985,11.469782304,48.209706617,2,#fc8d62,car
89104,9,7,73,182,2016,12,17,5,3,4,2,2,0,0,1,0,0,0,0,622314.0741,5379923.5401,10.657761199,48.560467098,2,#fc8d62,car
89112,9,7,71,130,2016,12,16,5,3,2,6,2,0,0,1,0,0,0,0,644485.0037,5363097498.0,10.952265815,48.404463837,2,#fc8d62,car
89113,9,7,72,186,2016,12,14,7,3,5,2,0,0,0,1,0,0,0,0,638751.49,5343016926.0,10.868233218,48.225189741,2,#fc8d62,car
89115,9,7,71,130,2016,12,16,6,3,2,6,0,0,0,1,0,0,0,0,646538.28,5362829974.0,10.979898959,48.401584523,2,#fc8d62,car
89117,9,1,77,130,2016,12,10,7,3,2,6,0,0,0,1,0,0,0,0,712351.4875,5352000.3911,11.862673985,48.285551704,2,#fc8d62,car
89119,9,1,74,115,2016,12,9,4,3,3,3,0,0,0,1,0,0,1,0,681044.8113,5349034.3233,11.439795671,48.268619453,2,#fc8d62,car
89121,9,7,72,177,2016,12,10,3,3,4,2,0,1,1,1,0,0,0,0,636859.5651,5378546.1024,10.854346123,48.54507532,1,#66c2a5,bicycle
89122,9,1,73,126,2016,12,16,5,3,3,6,1,1,0,1,0,0,0,0,683536.9641,5306417.1811,11.455044872,47.884828009,2,#fc8d62,car
89127,9,2,61,0,2016,12,13,4,3,5,2,0,0,1,1,0,0,0,0,729041173.0,5380872247.0,12.103093198,48.539102211,1,#66c2a5,bicycle
89129,9,1,74,141,2016,12,6,4,2,0,6,2,2,0,0,0,0,1,1,681598.4208,5355821.3358,11.450168435,48.329465982,5,#a6d854,bus
89133,9,7,71,113,2016,12,18,5,3,2,2,2,0,0,1,0,0,0,0,657710.5334,5369581.1586,11.13328415,48.459583862,2,#fc8d62,car
89143,9,1,74,135,2016,12,17,5,3,2,6,2,0,0,1,0,0,0,0,663221.4935,5353308.6743,11.201451022,48.311890167,2,#fc8d62,car
89151,9,1,84,136,2016,12,15,5,3,5,2,0,0,1,1,0,0,0,0,697665.7533,5326715.5435,11.653170142,48.063067311,1,#66c2a5,bicycle
89154,9,1,79,130,2016,12,7,5,3,5,3,2,1,0,1,0,0,0,0,658503.5514,5336993.9104,11.131758858,48.166411382,2,#fc8d62,car
89159,9,1,84,131,2016,12,9,4,1,2,6,0,0,0,0,0,0,1,0,704131.6124,5337964.4089,11.745240102,48.162121564,5,#a6d854,bus
89162,9,1,73,137,2016,12,13,5,3,5,3,0,0,0,0,0,1,0,1,677768.7951,5306339.6759,11.377926071,47.885754501,4,#e78ac3,marker
89165,9,1,62,0,2016,12,16,4,3,4,2,1,0,0,1,0,0,0,0,687360233.0,5335079106.0,11.518658284,48.141351529,2,#fc8d62,car
89167,9,2,61,0,2016,12,13,5,2,2,6,0,0,0,1,0,0,0,0,732705.4293,5382082.2415,12.153335333,48.548623264,2,#fc8d62,car
89168,9,2,61,0,2016,12,11,3,3,2,6,0,0,0,1,0,0,0,0,732388.3648,5380466.9483,12.148144815,48.534231033,2,#fc8d62,car
89170,9,1,75,124,2016,12,21,5,3,8,1,2,1,0,1,0,0,0,0,713203.0338,5329299.4308,11.862748173,48.081283511,2,#fc8d62,car
89173,9,7,61,0,2016,12,14,4,3,6,2,0,0,0,1,1,0,0,0,641308.1096,5355856.2472,10.906931386,48.340073528,2,#fc8d62,car
89177,9,1,78,143,2016,12,16,4,3,6,3,1,1,0,1,1,0,0,0,716753.0124,5373102946.0,11.932810939,48.473663169,2,#fc8d62,car
89179,9,7,61,0,2016,12,16,3,3,2,6,0,0,0,1,0,0,0,0,642614.4289,5359547.6267,10.925800633,48.372971197,2,#fc8d62,car
89185,9,1,90,157,2016,12,7,4,3,8,1,0,1,0,1,0,0,0,0,658250079.0,5301521.0273,11.115264987,47.847537866,2,#fc8d62,car
89193,9,1,78,143,2016,12,8,4,2,5,3,0,1,0,1,0,0,1,0,720639.6024,5373898.3282,11.985745053,48.479457743,2,#fc8d62,car
89197,9,7,71,111,2016,12,11,5,3,2,6,0,0,0,1,0,0,0,0,658158.1175,5357565.5077,11.134806329,48.351447397,2,#fc8d62,car
89205,9,1,62,0,2016,12,7,5,3,2,6,0,0,0,1,0,0,0,0,681092.5315,5340891.2151,11.436958081,48.195410154,2,#fc8d62,car
89206,9,1,84,129,2016,12,17,3,3,4,2,2,1,0,1,0,0,0,0,701764.0379,5326531.4857,11.708029545,48.06013037,2,#fc8d62,car
89214,9,1,84,114,2016,12,10,3,3,8,6,0,0,0,1,0,0,0,1,700235.8607,5317690.6998,11.683412563,47.981157304,2,#fc8d62,car
89216,9,1,78,122,2016,12,7,5,3,9,1,0,1,0,1,0,0,0,0,705242.9319,5385944.7087,11.783591299,48.592917391,2,#fc8d62,car
89219,9,7,61,0,2016,12,15,4,3,1,6,0,0,0,1,0,0,0,0,637421.7335,5359460.6931,10.855691382,48.373341662,2,#fc8d62,car
89224,9,1,86,143,2016,12,10,3,3,8,1,0,2,0,1,0,0,0,0,689801.2525,5381979.7252,11.572584,48.56215348,2,#fc8d62,car
89227,9,2,61,0,2016,12,8,5,3,0,1,0,1,1,0,0,0,0,0,732144084.0,5379371.4837,12.144230885,48.524481094,1,#66c2a5,bicycle
89230,9,1,84,148,2016,12,13,4,3,0,2,0,0,1,1,0,0,0,0,695102112.0,5326351181.0,11.618630932,48.060581639,1,#66c2a5,bicycle
89238,9,1,84,135,2016,12,8,3,3,6,2,0,0,0,1,1,0,0,0,689847247.0,5347318.6497,11.557529304,48.250622437,2,#fc8d62,car
89239,9,1,84,120,2016,12,8,3,2,0,7,0,0,0,1,1,0,1,0,680639.4114,5333490619.0,11.427723291,48.129016464,2,#fc8d62,car
89242,9,1,88,127,2016,12,12,3,3,4,2,0,1,0,1,0,0,0,0,679979344.0,5330004122.0,11.417389141,48.097863368,2,#fc8d62,car
89243,9,1,79,142,2016,12,15,3,3,0,7,0,0,0,1,0,0,0,1,672311.8283,5341060.7912,11.318968192,48.199377899,2,#fc8d62,car
89244,9,7,72,163,2016,12,13,3,3,2,6,0,0,0,1,0,0,0,0,638955.8048,5349702.6227,10.873178135,48.28526265,2,#fc8d62,car
89246,9,1,79,117,2016,12,4,3,3,8,1,2,2,0,1,0,0,0,0,660424.4092,5347022.6066,11.16136675,48.256092079,2,#fc8d62,car
89249,9,1,87,122,2016,12,6,4,3,4,2,1,1,0,1,0,1,0,0,719812.6359,5305321.3737,11.939115683,47.863588609,2,#fc8d62,car
89251,9,1,74,118,2016,12,3,3,3,8,1,2,2,0,1,0,0,0,0,667764.5532,5351969.4593,11.26214425,48.298662289,2,#fc8d62,car
89253,9,2,61,0,2016,12,18,4,3,2,6,1,0,0,1,0,0,0,0,732797774.0,5383058.59,12.155130492,48.557359217,2,#fc8d62,car
89255,9,1,84,113,2016,12,16,3,2,5,3,1,0,1,1,0,0,0,0,686218.4461,5322958.6918,11.498040133,48.03274274,1,#66c2a5,bicycle
89256,9,1,74,135,2016,12,3,3,3,1,1,2,2,0,1,0,0,0,0,664323.4175,5352534.3077,11.216000156,48.304643297,2,#fc8d62,car
89259,9,7,72,163,2016,12,7,5,3,9,1,1,1,0,1,0,0,0,0,641365.1452,5346705.1836,10.904636248,48.257776856,2,#fc8d62,car
89263,9,1,62,0,2016,12,8,3,3,2,6,0,0,0,1,0,0,0,1,700794.4319,5335628.4829,11.699310512,48.142191367,2,#fc8d62,car
89266,9,1,77,113,2016,12,13,3,3,5,3,0,0,0,1,0,0,1,0,720531.4101,5356826.6795,11.975316175,48.326117618,2,#fc8d62,car
89271,9,1,77,133,2016,12,14,3,3,5,3,0,0,0,1,0,0,0,0,711467.6809,5361470705.0,11.8555255,48.370943061,2,#fc8d62,car
89272,9,1,75,127,2016,12,7,3,3,6,4,1,1,0,1,1,0,0,0,712952.9843,5341502.0823,11.865494913,48.19101683,2,#fc8d62,car
89275,9,1,78,120,2016,12,16,3,3,5,3,0,0,0,1,0,0,0,0,694587.8868,5352992.0283,11.623935567,48.300173328,2,#fc8d62,car
89277,9,1,78,145,2016,12,16,3,3,4,6,2,0,0,1,0,0,0,0,697030.2725,5354283.7167,11.657436522,48.311025974,2,#fc8d62,car
89279,9,1,78,143,2016,12,17,3,3,4,2,1,1,0,1,0,0,0,0,718965.4828,5372899.7954,11.962599317,48.471071673,2,#fc8d62,car
89281,9,1,79,128,2016,12,12,5,3,8,2,0,0,0,1,0,0,0,1,658575555.0,5342947668.0,11.13495003,48.219921494,2,#fc8d62,car
89285,9,1,78,138,2016,12,7,3,3,5,3,0,1,0,1,0,0,0,0,713141.61,5369563289.0,11.882208803,48.443093305,2,#fc8d62,car
89286,9,1,84,148,2016,12,7,3,3,5,3,1,1,1,1,0,0,0,0,695220.0221,5326344.3899,11.620208689,48.060484539,1,#66c2a5,bicycle
89287,9,1,62,0,2016,12,19,2,3,3,6,2,0,0,1,0,0,1,0,688765959.0,5338629.6762,11.539111296,48.172848922,2,#fc8d62,car
89290,9,1,62,0,2016,12,14,2,3,6,4,0,0,0,1,1,0,0,0,689544.8796,5340442.8073,11.550386648,48.188913494,2,#fc8d62,car
89292,9,1,62,0,2016,12,20,4,3,4,2,2,0,0,1,0,0,0,0,686889366.0,5335146658.0,11.512364449,48.142097189,2,#fc8d62,car
89293,9,1,86,149,2016,12,10,4,3,2,6,0,0,0,1,0,0,0,0,688463.2333,5386165.6502,11.556364813,48.600177327,2,#fc8d62,car
89296,9,1,84,127,2016,12,21,2,3,4,2,2,2,1,1,0,0,0,0,702724.2785,5322043.4673,11.718778044,48.019492312,1,#66c2a5,bicycle
89297,9,1,77,143,2016,12,7,5,3,1,5,2,0,0,1,0,0,1,0,720924557.0,5365909737.0,11.985382838,48.407586224,2,#fc8d62,car
89300,9,7,71,145,2016,12,21,4,3,9,1,2,1,0,1,0,0,0,0,647652.4305,5343953.8268,10.988334577,48.231604457,2,#fc8d62,car
89303,9,1,84,118,2016,12,16,3,3,5,2,1,0,1,1,0,0,0,0,703033.7885,5336234.8396,11.729668418,48.146929915,1,#66c2a5,bicycle
89305,9,7,71,130,2016,12,14,3,2,5,3,0,1,0,1,0,0,0,0,645862749.0,5363046.7374,10.970852718,48.403690148,2,#fc8d62,car
89306,9,1,73,126,2016,12,17,5,3,2,6,2,0,0,1,0,0,0,0,682984.3756,5306977.1054,11.44789757,47.890018993,2,#fc8d62,car
89313,9,1,84,123,2016,12,18,3,3,1,6,2,0,0,1,0,0,0,0,704138.0045,5332965.7408,11.742930126,48.117198296,2,#fc8d62,car
89319,9,1,62,0,2016,12,18,3,3,2,6,2,0,0,1,0,0,0,0,694601.1219,5336867.0208,11.616710567,48.15524722,2,#fc8d62,car
89322,9,1,63,0,2016,12,10,5,3,2,6,0,0,0,1,0,0,0,0,730887.9823,5303373.4875,12.085947849,47.842204049,2,#fc8d62,car
89323,9,7,61,0,2016,12,16,5,3,2,6,2,0,0,1,0,0,0,0,637893.7085,5361710.1715,10.86279944,48.393465623,2,#fc8d62,car
89331,9,1,81,132,2016,12,14,5,3,9,7,0,1,0,1,0,0,1,0,645592.5153,5324562.8512,10.953980518,48.057722807,2,#fc8d62,car
89337,9,7,71,113,2016,12,17,5,2,4,1,2,1,0,1,0,0,0,0,661371887.0,5365230.3675,11.181096919,48.419542016,2,#fc8d62,car
89341,9,7,73,188,2016,12,6,2,3,5,3,2,1,0,1,0,0,0,0,620941.6739,5376934.6094,10.638300561,48.533854972,2,#fc8d62,car
89343,9,1,78,143,2016,12,17,5,2,5,2,2,0,0,1,0,0,0,0,715655.7127,5371135.4692,11.916969811,48.456363005,2,#fc8d62,car
89347,9,7,72,131,2016,12,11,2,3,8,1,0,1,0,1,0,0,0,0,616112.7378,5353088.1358,10.566307424,48.320312562,2,#fc8d62,car
89348,9,1,62,0,2016,12,14,3,3,2,6,0,0,0,1,0,0,0,1,694908.9632,5332764.9024,11.618968483,48.118284932,2,#fc8d62,car
89349,9,7,72,216,2016,12,13,2,3,2,6,0,0,0,1,0,0,0,0,622702.4404,5368325.8986,10.659612639,48.456098236,2,#fc8d62,car
89350,9,7,72,147,2016,12,16,3,3,0,7,2,1,0,1,0,0,0,0,631891.3561,5364500.6378,10.782632671,48.419842015,2,#fc8d62,car
89351,9,7,72,130,2016,12,15,2,3,1,6,0,1,0,1,0,0,0,1,631988.1769,5359207.3353,10.782276822,48.372223291,2,#fc8d62,car
89353,9,2,61,0,2016,12,13,5,2,4,2,0,0,0,1,0,0,0,0,732122.5139,5379967.5307,12.144270955,48.529843239,2,#fc8d62,car
89354,9,7,61,0,2016,12,8,2,3,3,6,0,1,0,1,0,0,0,0,641115513.0,5356656.06,10.90460183,48.347308228,2,#fc8d62,car
89356,9,1,75,121,2016,12,18,5,2,2,2,2,1,0,1,0,0,0,0,715025.4757,5318604.4465,11.881818756,47.984569423,2,#fc8d62,car
89365,9,7,61,0,2016,12,5,3,3,8,1,2,1,0,1,0,0,0,0,641387.4179,5357504.3003,10.908554452,48.354874492,2,#fc8d62,car
89366,9,1,83,139,2016,12,17,5,2,5,3,2,0,0,1,0,1,0,0,734189.5503,5334026.0303,12.146713397,48.116383666,2,#fc8d62,car
89368,9,1,88,141,2016,12,1,4,3,1,5,2,2,0,1,0,0,0,0,670161.4125,5308309.7629,11.277027602,47.905527733,2,#fc8d62,car
89369,9,1,73,120,2016,12,10,5,3,2,2,0,1,0,1,0,0,0,1,689299055.0,5311173954.0,11.534131054,47.925911278,2,#fc8d62,car
89373,9,1,88,139,2016,12,13,4,3,6,7,0,0,0,0,1,0,1,0,674694606.0,5319063.9519,11.342004056,48.000986744,3,#8da0cb,toilet
89383,9,7,72,184,2016,12,5,5,3,9,1,2,2,0,0,0,1,0,0,634900.8106,5362455123.0,10.822629378,48.400811588,4,#e78ac3,marker
89384,9,1,81,127,2016,12,19,4,3,3,6,2,0,0,1,0,0,0,0,636822956.0,5327793.6513,10.837384301,48.08871647,2,#fc8d62,car
89402,9,1,77,126,2016,12,8,5,3,5,2,0,1,0,1,0,0,0,0,719077662.0,5370496.1906,11.962856868,48.449437628,2,#fc8d62,car
89405,9,7,71,146,2016,12,10,4,3,5,3,0,1,1,1,0,0,0,0,647438.4172,5348565.9532,10.98706109,48.273123617,1,#66c2a5,bicycle
89408,9,1,81,130,2016,12,18,5,3,5,3,2,0,0,1,0,0,0,0,642250.1499,5324560.7634,10.90914843,48.058457962,2,#fc8d62,car
89417,9,1,62,0,2016,12,11,4,3,5,3,0,0,0,1,0,0,0,0,686186132.0,5335258844.0,11.502969261,48.143311736,2,#fc8d62,car
89418,9,1,74,115,2016,12,18,4,3,5,3,1,0,0,1,0,0,0,1,679412.8637,5349492901.0,11.418018233,48.273205826,2,#fc8d62,car
89431,9,7,72,223,2016,12,5,3,3,2,6,2,1,0,1,0,0,0,0,616903.5718,5362877.3386,10.579691891,48.408203045,2,#fc8d62,car
89434,9,7,61,0,2016,12,1,1,3,5,3,2,0,0,1,0,0,0,0,640732.0637,5355570.5335,10.899066728,48.337633052,2,#fc8d62,car
89435,9,1,78,143,2016,12,15,4,3,2,6,0,0,0,1,0,0,0,0,718056.9997,5372160.2807,11.949939108,48.464743074,2,#fc8d62,car
89436,9,1,74,143,2016,12,19,3,3,0,1,2,0,1,0,0,0,0,0,674808.4048,5352664.2897,11.35732972,48.303001473,1,#66c2a5,bicycle
89438,9,1,78,116,2016,12,5,2,2,5,3,2,1,0,1,0,0,0,0,703064.63,5379972309.0,11.751169257,48.539960003,2,#fc8d62,car
89439,9,1,78,130,2016,12,6,6,3,5,3,2,0,0,1,0,0,0,0,702297526.0,5357016565.0,11.729706729,48.333922019,2,#fc8d62,car
89450,9,1,62,0,2016,12,12,3,3,5,3,0,0,1,1,0,0,0,0,692536.8054,5339192002.0,11.590034812,48.176771834,1,#66c2a5,bicycle
89451,9,1,84,114,2016,12,14,2,2,4,2,0,0,0,1,0,0,0,0,700965946.0,5322842442.0,11.695598445,48.027228261,2,#fc8d62,car
89452,9,7,72,184,2016,12,18,6,3,2,6,2,0,0,1,0,0,0,0,633342.9183,5358998.6232,10.800494778,48.370061722,2,#fc8d62,car
89454,9,7,61,0,2016,12,15,6,2,0,1,0,0,1,0,0,0,0,0,641093.8159,5360600.6114,10.905632291,48.38278104,1,#66c2a5,bicycle
89462,9,1,88,120,2016,12,12,1,3,6,3,0,0,0,1,1,0,0,0,677752213.0,5326486.5776,11.38603897,48.066868473,2,#fc8d62,car
89491,9,1,79,123,2016,12,18,4,3,2,6,2,2,0,1,0,0,0,0,677546.8223,5335179.7289,11.386901908,48.145070286,2,#fc8d62,car
89492,9,1,86,128,2016,12,17,3,3,5,3,2,0,0,1,0,0,0,0,676565801.0,5384006963.0,11.394219387,48.584242399,2,#fc8d62,car
89500,9,7,72,223,2016,12,23,3,3,3,6,2,0,0,1,0,0,0,0,624681.7781,5364346.7844,10.685187992,48.419926553,2,#fc8d62,car
89504,9,1,78,137,2016,12,16,4,2,9,1,1,1,0,1,0,0,0,0,693531.1006,5362136.0755,11.613901807,48.382677654,2,#fc8d62,car
89505,9,1,78,143,2016,12,17,3,3,5,3,2,1,0,1,0,0,0,0,718328.1449,5372270.0571,11.953659449,48.46563533,2,#fc8d62,car
89507,9,1,62,0,2016,12,21,1,3,6,4,2,1,0,1,1,0,0,0,696807.6019,5333699.3251,11.644883597,48.126099006,2,#fc8d62,car
89508,9,1,77,144,2016,12,15,6,3,5,3,0,0,0,1,0,0,0,0,718014.2456,5347604.1629,11.936644172,48.244127342,2,#fc8d62,car
89510,9,1,74,126,2016,12,20,4,3,2,6,2,1,0,1,0,0,0,0,683767.6958,5343871.2126,11.474213814,48.221427288,2,#fc8d62,car
89511,9,1,88,120,2016,12,19,3,3,8,1,2,1,0,1,0,0,0,0,675401.5533,5324836.4464,11.353836236,48.052685329,2,#fc8d62,car
89513,9,1,75,132,2016,12,10,2,3,2,6,0,0,0,1,0,0,0,0,707391.4502,5330218.1522,11.785257062,48.091456252,2,#fc8d62,car
89514,9,1,75,123,2016,12,12,6,2,4,1,0,1,0,1,0,0,1,0,720658.2582,5337966.3475,11.967200132,48.156619125,2,#fc8d62,car
89515,9,7,71,129,2016,12,11,7,3,5,3,0,0,0,1,0,0,0,0,658116851.0,5355428163.0,11.133447335,48.332242139,2,#fc8d62,car
89525,9,7,72,163,2016,12,17,1,3,5,3,2,1,0,1,0,0,0,0,639600.8706,5346127464.0,10.880688675,48.252973218,2,#fc8d62,car
89532,9,2,61,0,2016,12,15,1,3,2,6,0,1,0,1,0,0,0,0,732397825.0,5381654736.0,12.148935134,48.544897119,2,#fc8d62,car
89544,9,1,88,139,2016,12,17,4,3,6,4,2,1,0,0,1,0,0,1,674746.7364,5319014.5392,11.342682203,48.000528295,3,#8da0cb,toilet
89549,9,1,86,151,2016,12,20,4,2,8,1,2,1,0,1,0,0,0,0,679298.4195,5374614.2443,11.427196842,48.499042278,2,#fc8d62,car
89553,9,1,77,130,2016,12,22,1,3,3,3,2,1,0,1,0,0,0,0,712612.1867,5352162.4678,11.866265415,48.286920546,2,#fc8d62,car
89562,9,1,88,120,2016,12,12,4,3,5,3,0,0,1,1,0,0,0,0,677521281.0,5326375546.0,11.38289576,48.065934685,1,#66c2a5,bicycle
89563,9,1,62,0,2016,12,14,3,3,3,6,0,0,0,1,0,0,1,0,683670.2403,5342565.3665,11.472337457,48.209717961,2,#fc8d62,car