OBJECTID,ULAND,UREGBEZ,UKREIS,UGEMEINDE,UJAHR,UMONAT,USTUNDE,UWOCHENTAG,UKATEGORIE,UART,UTYP1,ULICHTVERH,STRZUSTAND,IstRad,IstPKW,IstFuss,IstKrad,IstGkfz,IstSonstig,LINREFX,LINREFY,XGCSWGS84,YGCSWGS84,Teilnehmer,color,symbol
89564,9,1,87,124,2016,12,14,2,3,5,3,0,1,0,1,0,1,0,0,735227.6392,5328517.0447,12.15760562,48.066511968,2,#fc8d62,car
89567,9,1,75,122,2016,12,22,6,3,5,3,2,0,0,1,0,0,0,0,719963985.0,5327057006.0,11.952253032,48.058838776,2,#fc8d62,car
89572,9,7,72,125,2016,12,15,3,3,5,2,0,0,1,0,0,0,0,1,636066.5347,5347966.4147,10.833691635,48.270278102,1,#66c2a5,bicycle
89576,9,1,63,0,2016,12,18,7,2,6,4,2,0,0,1,1,0,0,0,733732067.0,5303687.8186,12.124072305,47.844000546,2,#fc8d62,car
89579,9,1,63,0,2016,12,15,7,3,2,6,0,0,0,1,0,0,0,0,730926925.0,5303350.3,12.08645519,47.84198174,2,#fc8d62,car
89583,9,1,78,130,2016,12,13,4,3,5,3,0,0,1,1,0,0,0,0,702617.1001,5354255.0761,11.732687007,48.309003718,1,#66c2a5,bicycle
89584,9,1,74,131,2016,12,10,3,3,0,1,0,0,0,1,0,0,0,0,677450.8821,5365958.7774,11.398539119,48.421766583,2,#fc8d62,car
89586,9,1,78,143,2016,12,17,2,3,4,2,1,1,0,1,0,0,0,0,719020.3608,5372162.9142,11.962955018,48.464432127,2,#fc8d62,car
89587,9,1,62,0,2016,12,17,5,3,6,4,2,1,0,1,1,0,0,0,692114569.0,5340016923.0,11.584733764,48.184313795,2,#fc8d62,car
89591,9,1,87,150,2016,12,13,7,3,0,1,0,0,1,0,0,0,0,0,728832.5769,5303477.5897,12.058571877,47.84387411,1,#66c2a5,bicycle
89597,9,1,62,0,2016,12,18,3,3,3,6,2,0,0,1,0,0,0,0,690157.7251,5339045126.0,11.557998651,48.17616808,2,#fc8d62,car
89598,9,1,84,147,2016,12,17,2,3,1,6,2,0,0,1,0,0,0,1,695628144.0,5339799.1564,11.631854295,48.181284483,2,#fc8d62,car
89602,9,1,87,150,2016,12,8,7,2,4,6,1,1,0,1,0,0,0,1,729325.7422,5303367.5516,12.065095478,47.842709768,2,#fc8d62,car
89623,9,1,82,123,2016,12,4,1,1,8,1,2,1,0,1,0,0,0,0,715322.2971,5302070.9258,11.877536959,47.835900439,2,#fc8d62,car
89625,9,1,88,118,2016,12,15,7,2,4,2,0,1,1,1,0,0,0,0,671172981.0,5310448939.0,11.291402189,47.924490058,1,#66c2a5,bicycle
89628,9,1,88,118,2016,12,13,7,3,9,1,0,1,0,1,0,0,0,0,670225671.0,5311178021.0,11.279019547,47.931296879,2,#fc8d62,car
89632,9,1,81,123,2016,12,17,4,3,4,6,2,1,0,1,0,0,0,0,653589.2811,5326214.2618,11.06182723,48.070696305,2,#fc8d62,car
89633,9,1,79,145,2016,12,7,3,3,4,2,2,0,0,1,0,0,0,0,675624.0682,5338220.3178,11.36233093,48.172936726,2,#fc8d62,car
89634,9,1,87,170,2016,12,11,2,3,2,6,0,0,0,1,0,0,0,0,734029.0589,5318585.2587,12.136119496,47.97772918,2,#fc8d62,car
89638,9,1,81,130,2016,12,7,4,3,0,1,1,1,1,0,0,0,0,0,639894.02,5323545591.0,10.877212446,48.049850222,1,#66c2a5,bicycle
89639,9,1,87,117,2016,12,12,3,3,0,1,0,1,0,0,0,1,0,0,725500.0227,5305330.9954,12.01505927,47.861704282,4,#e78ac3,marker
89642,9,1,87,150,2016,12,17,2,3,5,3,1,1,1,1,0,0,0,0,728436.9274,5304455.7358,12.053807743,47.852803081,1,#66c2a5,bicycle
89644,9,1,87,159,2016,12,17,1,3,1,1,2,2,0,1,0,1,0,0,731810.9006,5326602.9959,12.110774153,48.050567065,2,#fc8d62,car
89646,9,1,81,127,2016,12,2,7,3,7,1,2,1,0,1,0,0,0,0,635501.9166,5323212.5357,10.818201402,48.04780283,2,#fc8d62,car
89647,9,7,72,223,2016,12,5,3,2,7,7,2,1,0,0,0,0,1,0,616903.0336,5362877.1427,10.579684567,48.408201383,5,#a6d854,bus
89651,9,1,78,124,2016,12,16,4,3,2,6,1,0,0,1,0,0,0,0,703336117.0,5362187.9797,11.746202659,48.380060574,2,#fc8d62,car
89652,9,1,77,126,2016,12,22,3,3,2,6,2,0,0,1,0,0,0,0,718447.4638,5369244.3721,11.953692955,48.438409638,2,#fc8d62,car
89654,9,1,77,130,2016,12,6,2,3,6,4,2,0,0,1,1,0,0,0,711023.2589,5350989.7845,11.844286773,48.276914855,2,#fc8d62,car
89655,9,1,84,135,2016,12,11,5,2,4,2,0,1,0,1,0,0,0,0,692027.9285,5345063.4479,11.585853067,48.229696622,2,#fc8d62,car
89659,9,1,77,133,2016,12,23,7,1,6,4,2,0,0,1,1,0,0,0,713477.2258,5353636.5644,11.878656962,48.299874741,2,#fc8d62,car
89660,9,1,79,126,2016,12,7,2,3,5,2,2,0,0,1,0,0,0,1,676351568.0,5340403.8671,11.373014198,48.192363587,2,#fc8d62,car
89661,9,1,62,0,2016,12,17,5,3,5,3,2,0,1,1,0,0,0,0,692157.4307,5339546.5626,11.585097111,48.18007336,1,#66c2a5,bicycle
89662,9,7,72,178,2016,12,15,7,3,9,1,0,1,0,1,0,0,0,0,623149.2393,5344675.2673,10.658734425,48.243324445,2,#fc8d62,car
89665,9,1,75,114,2016,12,0,7,2,8,1,2,1,0,1,0,0,0,0,715760.4278,5320818.5859,11.892768541,48.00421764,2,#fc8d62,car
89671,9,1,62,0,2016,12,11,2,3,6,2,0,1,0,1,1,0,0,0,685719.8371,5335288134.0,11.496719642,48.143711295,2,#fc8d62,car
89675,9,1,84,132,2016,12,10,6,3,5,3,0,1,0,1,0,0,0,0,682530.0932,5328686.74,11.45105406,48.085296144,2,#fc8d62,car
89679,9,2,61,0,2016,12,19,3,3,4,2,2,0,0,1,0,0,0,0,732797774.0,5383058.59,12.155130492,48.557359217,2,#fc8d62,car
89689,9,1,62,0,2016,12,18,6,3,6,3,2,0,0,1,1,0,0,0,692104.1667,5340026.3305,11.584598212,48.184401493,2,#fc8d62,car
89695,9,2,74,126,2016,12,13,6,3,4,1,0,0,0,1,0,0,1,0,733059.4111,5385968.3249,12.160300836,48.583399029,2,#fc8d62,car
89699,9,1,84,149,2016,12,19,6,3,5,3,2,0,0,1,0,0,0,0,691183.6975,5352263.12,11.577750183,48.294659917,2,#fc8d62,car
89700,9,1,79,121,2016,12,20,1,3,2,6,2,1,0,1,0,0,0,0,668681.4559,5337751.6799,11.268836986,48.170604402,2,#fc8d62,car
89705,9,1,62,0,2016,12,20,6,3,0,2,2,0,1,1,0,0,0,0,695733.4258,5333913075.0,11.630561809,48.128351252,1,#66c2a5,bicycle
89708,9,1,88,120,2016,12,7,4,3,6,3,1,0,0,1,1,0,0,0,676889284.0,5326511567.0,11.374476202,48.067332985,2,#fc8d62,car
89709,9,1,86,162,2016,12,18,3,3,8,7,2,0,0,1,0,0,0,0,693982.6993,5385017.4699,11.630615081,48.588173368,2,#fc8d62,car
89714,9,1,82,136,2016,12,1,1,3,9,1,2,0,0,1,0,0,0,1,703389.2223,5301665.0825,11.718065334,47.836137835,2,#fc8d62,car
89717,9,7,72,147,2016,12,17,3,3,2,6,2,0,0,1,0,0,0,1,639040.6643,5364078.1951,10.879069408,48.41450636,2,#fc8d62,car
89722,9,1,77,116,2016,12,7,4,2,8,1,1,0,0,1,0,0,0,0,714565.5565,5357787.6254,11.895424883,48.336804753,2,#fc8d62,car
89729,9,1,75,132,2016,12,9,4,3,5,2,0,0,0,1,0,0,0,0,706277.1445,5331687.7402,11.77102032,48.105024289,2,#fc8d62,car
89730,9,1,79,147,2016,12,8,3,3,9,1,0,0,0,1,0,0,0,0,663267.8653,5334045.83,11.194656344,48.138701326,2,#fc8d62,car
89731,9,1,82,120,2016,12,17,6,3,3,6,2,0,0,1,0,0,1,0,703270.9055,5309066.5775,11.719966927,47.90269437,2,#fc8d62,car
89732,9,1,78,120,2016,12,17,2,3,0,5,2,0,1,0,0,0,0,0,692932.9917,5355187.5607,11.602647909,48.320412234,1,#66c2a5,bicycle
89733,9,1,62,0,2016,12,18,5,2,5,3,2,0,1,1,0,0,0,0,695024.5654,5333289.9757,11.62076032,48.122968674,1,#66c2a5,bicycle
89734,9,7,71,130,2016,12,18,7,3,4,2,2,1,0,1,0,0,0,0,647183.1131,5358288.2639,10.987015388,48.360599036,2,#fc8d62,car
89735,9,1,86,146,2016,12,12,1,1,8,1,0,1,0,1,0,0,0,0,685465.8109,5371851.6256,11.509377947,48.472422428,2,#fc8d62,car
89736,9,1,82,120,2016,12,16,6,2,2,6,0,0,0,1,0,0,0,0,702980.2614,5309952.7107,11.71649934,47.91075025,2,#fc8d62,car
89743,9,1,82,133,2016,12,19,6,3,2,6,2,0,0,1,0,0,0,0,706853.2207,5306340.1046,11.766538257,47.877047062,2,#fc8d62,car
89745,9,1,84,130,2016,12,7,2,3,6,4,1,1,0,1,1,0,0,0,698200.0133,5344542.3515,11.668630723,48.223115061,2,#fc8d62,car
89746,9,1,82,137,2016,12,19,6,3,5,3,2,1,0,1,0,0,0,0,709075.6754,5304933.8045,11.795545568,47.863689418,2,#fc8d62,car
89755,9,1,81,130,2016,12,7,6,3,8,1,0,1,0,1,0,0,0,0,640798.6479,5326087.5087,10.890181537,48.072508702,2,#fc8d62,car
89757,9,1,81,130,2016,12,11,6,3,2,6,0,0,0,1,0,0,0,0,639724.0651,5323269842.0,10.874843088,48.047407838,2,#fc8d62,car
89761,9,1,88,139,2016,12,17,4,3,5,2,2,1,0,1,0,0,0,0,674193.9984,5319917.8237,11.33564526,48.008799379,2,#fc8d62,car
89762,9,1,82,120,2016,12,10,3,3,2,6,0,0,0,1,0,0,0,1,700416.5436,5302790.8538,11.67890532,47.8471891,2,#fc8d62,car
89764,9,1,74,111,2016,12,6,6,2,4,6,2,1,0,1,0,0,0,0,663456.8192,5362236234.0,11.208089103,48.392087754,2,#fc8d62,car
89768,9,1,85,127,2016,12,15,4,3,4,6,0,1,0,0,0,0,1,1,653962.2369,5385935.2905,11.088659306,48.607542125,5,#a6d854,bus
89771,9,1,74,126,2016,12,11,6,3,2,6,0,0,0,1,0,0,0,0,682898.42,5344621.4971,11.462845014,48.228422407,2,#fc8d62,car
89772,9,1,62,0,2016,12,10,7,3,5,3,0,0,0,1,0,0,0,0,686186132.0,5335258844.0,11.502969261,48.143311736,2,#fc8d62,car
89773,9,1,75,118,2016,12,15,6,3,3,6,0,0,0,1,0,0,0,0,714755.8974,5339115.6113,11.888517118,48.168966338,2,#fc8d62,car
89776,9,1,62,0,2016,12,17,6,3,2,6,1,1,0,1,0,0,0,0,692948.8735,5339418.7996,11.595675082,48.178685235,2,#fc8d62,car
89780,9,1,79,136,2016,12,7,4,3,0,3,1,1,0,1,0,0,0,0,661657.7882,5341846.0432,11.175996386,48.209239673,2,#fc8d62,car
89781,9,1,81,130,2016,12,19,3,3,2,6,2,1,0,1,0,0,0,0,638975.1575,5325269.0906,10.865449165,48.065549236,2,#fc8d62,car
89782,9,1,87,186,2016,12,23,2,3,9,7,2,1,0,1,0,0,0,0,730077394.0,5334012.9657,12.091537061,48.117765068,2,#fc8d62,car
89783,9,1,78,113,2016,12,7,6,3,2,6,1,0,0,1,0,0,1,0,691594.7417,5365858.9946,11.589475293,48.416727874,2,#fc8d62,car
89784,9,1,88,139,2016,12,7,2,3,1,7,1,1,1,0,0,0,1,0,674730.4238,5318972834.0,11.342446721,48.000157838,1,#66c2a5,bicycle
89785,9,1,62,0,2016,12,7,5,3,6,2,1,1,0,1,1,0,0,0,687344873.0,5335081.7492,11.518453171,48.14137981,2,#fc8d62,car
89786,9,7,73,139,2016,12,14,7,3,2,6,0,0,0,1,0,0,0,0,615375.0882,5385346.6668,10.565258248,48.610552233,2,#fc8d62,car
89787,9,1,63,0,2016,12,16,5,3,0,1,2,1,1,0,0,0,0,0,733790.3738,5304954.4172,12.125534747,47.855358502,1,#66c2a5,bicycle
89790,9,1,63,0,2016,12,16,5,3,0,1,1,0,1,0,0,0,0,0,732586.6872,5306149.1054,12.110109809,47.86652845,1,#66c2a5,bicycle
89792,9,7,61,0,2016,12,20,2,3,2,6,2,1,0,1,0,0,0,1,639349.0331,5360884.4559,10.882174457,48.385721115,2,#fc8d62,car
89793,9,1,78,124,2016,12,11,2,3,6,2,0,0,0,1,1,0,0,0,702709442.0,5364206771.0,11.738723034,48.398403643,2,#fc8d62,car
89798,9,1,75,123,2016,12,12,4,3,2,6,0,0,0,1,0,0,0,0,724255.0581,5337055.2649,12.015017524,48.147175485,2,#fc8d62,car
89803,9,1,87,117,2016,12,14,5,3,2,6,0,0,0,1,0,0,0,1,725471155.0,5305339217.0,12.014678132,47.861788283,2,#fc8d62,car
89816,9,1,85,143,2016,12,18,5,2,6,2,2,1,0,0,1,0,0,1,662521.7936,5385536.3292,11.204535234,48.601791803,3,#8da0cb,toilet
89823,9,1,86,143,2016,12,6,5,2,5,2,2,1,0,1,0,0,0,1,689708537.0,5382056.16,11.571363487,48.562868477,2,#fc8d62,car
89824,9,1,62,0,2016,12,12,2,3,3,6,0,0,0,1,0,1,0,0,699233.8214,5333033.9771,11.677141746,48.119364757,2,#fc8d62,car
89828,9,1,86,152,2016,12,11,3,3,2,6,0,0,0,1,0,0,0,0,691467.0521,5373677.0532,11.59132651,48.487029747,2,#fc8d62,car
89829,9,7,72,147,2016,12,14,3,3,2,6,0,0,0,1,0,0,0,0,633590.7956,5364540.0084,10.805602904,48.419837979,2,#fc8d62,car
89833,9,7,71,111,2016,12,18,5,3,2,6,2,1,0,1,0,0,0,0,658571.2236,5357144.2187,11.140219687,48.347556274,2,#fc8d62,car
89839,9,1,87,181,2016,12,13,1,2,8,1,0,1,0,1,0,0,0,0,736612.3388,5311340.2205,12.166700408,47.911693565,2,#fc8d62,car
89840,9,7,62,0,2016,12,12,6,3,2,6,0,0,0,1,0,0,0,1,621437.2282,5304315.9726,10.624223025,47.880685662,2,#fc8d62,car
89841,9,1,88,139,2016,12,18,5,2,0,7,2,1,1,0,0,0,0,0,674179.7576,5318590.3268,11.334915569,47.996869459,1,#66c2a5,bicycle
89845,9,1,81,130,2016,12,17,5,3,2,6,2,1,0,1,0,0,0,0,638928.6402,5325439.1467,10.864880371,48.067088567,2,#fc8d62,car
89847,9,1,81,127,2016,12,7,5,3,5,3,0,1,0,1,0,0,0,0,636261.2103,5326449.9966,10.829416037,48.076754049,2,#fc8d62,car
89849,9,1,86,152,2016,12,5,7,3,8,1,2,0,0,0,0,0,0,1,694753416.0,5376713.8618,11.637172002,48.513311636,6,#ffd92f,circle
89850,9,1,88,120,2016,12,11,2,3,5,3,0,0,1,1,0,0,0,0,676551.5734,5325340.5875,11.369463564,48.056900158,1,#66c2a5,bicycle
89851,9,1,90,159,2016,12,13,6,3,5,3,0,1,0,1,0,0,0,0,663278.4651,5305794.5004,11.184042001,47.884702427,2,#fc8d62,car
89852,9,1,84,119,2016,12,1,5,2,2,6,2,0,0,1,0,0,1,0,695892.8519,5346237.3838,11.63838425,48.239065323,2,#fc8d62,car
89859,9,7,72,149,2016,12,13,6,3,1,1,0,0,0,1,0,0,0,0,637746454.0,5340314161.0,10.85383041,48.20110516,2,#fc8d62,car
89861,9,1,77,117,2016,12,13,5,3,1,6,0,0,0,1,0,0,0,0,715968.5733,5353066.3441,11.911915364,48.293905921,2,#fc8d62,car
89864,9,1,62,0,2016,12,13,4,3,2,6,0,0,0,1,0,0,1,0,690304.0405,5339034.3626,11.559960026,48.176027541,2,#fc8d62,car
89865,9,7,62,0,2016,12,13,5,3,2,6,0,1,0,1,0,0,0,0,622055.9122,5304361.2456,10.632507254,47.880975504,2,#fc8d62,car
89866,9,7,71,113,2016,12,20,2,3,0,1,2,1,0,1,0,0,0,0,654866.3136,5365123.5314,11.093190697,48.420214168,2,#fc8d62,car
89870,9,1,73,120,2016,12,12,3,3,2,6,0,0,0,1,0,0,0,0,687102.4734,5311451.7751,11.504875496,47.929053396,2,#fc8d62,car
89872,9,1,84,145,2016,12,12,3,3,2,6,0,0,0,1,0,0,0,0,696503.4142,5322263.2937,11.635542368,48.023411398,2,#fc8d62,car
89873,9,1,84,118,2016,12,16,4,3,2,6,2,0,0,1,0,0,0,0,704236.5392,5336213.3878,11.745809189,48.146352146,2,#fc8d62,car
89879,9,1,84,119,2016,12,8,4,3,9,1,0,1,0,1,0,0,0,0,696306502.0,5349346.9222,11.64539147,48.266883429,2,#fc8d62,car
89880,9,1,84,147,2016,12,11,4,2,6,7,0,0,0,1,1,0,0,0,696202.8725,5340935.1405,11.640102468,48.191316742,2,#fc8d62,car
89882,9,1,82,127,2016,12,10,6,2,2,6,0,1,0,1,0,0,0,0,702496.8791,5311530.1171,11.710778678,47.92507956,2,#fc8d62,car
89884,9,1,62,0,2016,12,7,4,3,5,3,2,0,1,0,0,0,0,1,688692.0147,5337462.5368,11.537599784,48.162380528,1,#66c2a5,bicycle
89892,9,1,62,0,2016,12,9,4,3,5,3,0,1,0,1,0,0,0,0,697592.3546,5330171.7483,11.65378418,48.094152368,2,#fc8d62,car
89894,9,1,62,0,2016,12,7,4,3,2,6,1,1,0,1,0,0,1,0,693528101.0,5337181.5897,11.602440712,48.158401886,2,#fc8d62,car
89895,9,7,72,141,2016,12,13,5,3,5,3,0,0,0,1,0,0,0,0,622165201.0,5349715.8087,10.646941926,48.288844695,2,#fc8d62,car
89898,9,1,82,127,2016,12,10,6,3,2,6,0,1,0,1,0,0,0,0,702631.9427,5311090.4618,11.712377925,47.921085609,2,#fc8d62,car
89901,9,7,72,177,2016,12,17,5,3,5,2,2,0,1,1,0,0,0,0,636815.7495,5378717063.0,10.853808939,48.54662209,1,#66c2a5,bicycle
89904,9,1,74,118,2016,12,17,7,3,4,2,2,1,0,1,0,0,0,0,671048178.0,5355611.1711,11.307860528,48.330519947,2,#fc8d62,car
89905,9,1,78,142,2016,12,23,3,3,0,7,2,1,1,1,0,0,0,0,713962.6574,5377668.1845,11.897444399,48.515636795,1,#66c2a5,bicycle
89910,9,7,72,184,2016,12,12,5,3,4,6,0,0,0,1,0,0,0,0,635177647.0,5362381536.0,10.826344013,48.400090597,2,#fc8d62,car
89915,9,1,77,117,2016,12,11,1,3,4,2,0,1,0,1,0,0,0,0,716502136.0,5354200552.0,11.919681277,48.303914527,2,#fc8d62,car
89922,9,7,78,127,2016,12,19,4,2,9,1,2,1,0,1,0,0,0,0,615021452.0,5318281869.0,10.542177589,48.007476805,2,#fc8d62,car
89923,9,1,62,0,2016,12,17,2,2,9,7,2,0,0,1,0,0,0,0,688701.5717,5337423.2271,11.537710741,48.162024372,2,#fc8d62,car
89926,9,1,87,130,2016,12,15,6,3,5,1,0,1,0,1,0,0,0,0,711650.9131,5309387.1436,11.832118115,47.902865645,2,#fc8d62,car
89928,9,7,71,130,2016,12,10,5,3,4,2,0,1,0,1,0,0,0,0,648685.9055,5356901.9614,11.006800918,48.347782521,2,#fc8d62,car
89929,9,1,63,0,2016,12,11,7,3,2,6,0,0,0,1,0,0,0,0,733535.8536,5302684.8169,12.120912725,47.835060798,2,#fc8d62,car
89930,9,1,87,179,2016,12,10,2,3,5,3,0,0,1,1,0,0,0,0,724927295.0,5313220.25,12.011524035,47.932789364,1,#66c2a5,bicycle
89934,9,7,71,130,2016,12,18,7,1,8,7,2,1,0,1,0,0,0,0,645107.6589,5362973.4353,10.960631062,48.403205332,2,#fc8d62,car
89942,9,7,71,142,2016,12,20,5,3,0,7,2,1,1,0,0,0,0,0,645382.4328,5353132824.0,10.960941393,48.31466176,1,#66c2a5,bicycle
89945,9,7,77,158,2016,12,17,4,2,8,1,2,1,0,1,0,0,0,0,620020.0771,5310765058.0,10.607071524,47.938953888,2,#fc8d62,car
89949,9,1,79,138,2016,12,12,7,2,8,6,0,1,0,1,0,0,0,0,654758.8951,5332770.4394,11.07989524,48.129360827,2,#fc8d62,car
89950,9,1,78,122,2016,12,16,2,3,4,6,0,1,0,1,0,0,0,0,707266.0264,5385458.6857,11.810752695,48.587884081,2,#fc8d62,car
89953,9,2,61,0,2016,12,14,3,3,2,6,0,0,0,1,0,0,0,0,731594.8209,5381549.5069,12.138013157,48.544248769,2,#fc8d62,car
89955,9,1,77,117,2016,12,11,4,3,2,6,0,0,0,1,0,0,0,0,716327.0894,5354871406.0,11.917667679,48.310002041,2,#fc8d62,car
89960,9,7,72,147,2016,12,17,4,3,2,6,2,2,0,1,0,0,0,0,638588.9951,5363811426.0,10.872880581,48.412207144,2,#fc8d62,car
89966,9,1,86,152,2016,12,11,3,2,2,6,0,0,0,1,0,0,0,0,691466.8644,5373676.5871,11.591323759,48.487025615,2,#fc8d62,car
89974,9,7,71,122,2016,12,19,4,3,2,6,2,1,0,1,0,0,0,0,655241.8148,5359995.5004,11.096366631,48.37401805,2,#fc8d62,car
89975,9,7,71,122,2016,12,17,4,3,2,6,2,1,0,1,0,0,0,0,653649.7637,5361482.3699,11.075426091,48.387775658,2,#fc8d62,car
89981,9,7,71,156,2016,12,13,4,3,8,1,0,1,0,1,0,0,0,0,652463326.0,5383479.8201,11.067437526,48.585833405,2,#fc8d62,car
89982,9,1,62,0,2016,12,19,2,3,4,2,2,1,0,1,0,0,0,0,692080.57,5340395508.0,11.584447995,48.187726696,2,#fc8d62,car
89998,9,1,79,126,2016,12,17,6,3,4,2,2,1,0,1,0,0,0,0,676470.5697,5340304.4418,11.37457276,48.191436784,2,#fc8d62,car
90005,9,1,74,113,2016,12,10,2,3,0,6,0,0,0,1,0,0,0,0,672699.8317,5346122.3298,11.326247273,48.244772784,2,#fc8d62,car
90011,9,1,74,147,2016,12,22,4,3,8,1,2,2,0,1,0,0,0,0,671645.7778,5366878.5338,11.32051828,48.43164269,2,#fc8d62,car
90014,9,2,74,113,2016,12,15,2,3,9,1,0,0,0,1,0,0,0,0,728698.9688,5384108.7377,12.100241515,48.56830086,2,#fc8d62,car
90017,9,7,77,121,2016,12,10,7,3,8,7,0,0,0,1,0,0,0,0,627880.3697,5320614.7778,10.715206548,48.026013563,2,#fc8d62,car
90018,9,7,72,163,2016,12,14,6,3,9,1,0,1,0,1,0,0,0,0,638466.9857,5346838.5067,10.86565422,48.259615691,2,#fc8d62,car
90020,9,1,88,121,2016,12,7,6,3,5,3,1,1,0,1,0,0,0,0,669913981.0,5329154.2668,11.281972618,48.092986861,2,#fc8d62,car
90024,9,7,61,0,2016,12,18,2,3,5,3,2,0,0,1,0,0,0,0,641468.0624,5357653005.0,10.909692411,48.356193528,2,#fc8d62,car
90027,9,2,61,0,2016,12,17,5,3,2,6,2,1,0,1,0,0,0,0,732945.5167,5382927654.0,12.15705644,48.55612821,2,#fc8d62,car
90030,9,1,62,0,2016,12,12,3,3,4,1,0,0,0,1,0,0,0,1,690377.2246,5329506.4056,11.556685918,48.090368391,2,#fc8d62,car
90033,9,1,74,150,2016,12,15,6,3,8,1,0,2,0,1,0,0,0,0,683722.9505,5360981.9925,11.481057574,48.375237045,2,#fc8d62,car
90038,9,1,75,135,2016,12,18,6,3,5,3,2,1,1,1,0,0,0,0,709525361.0,5339173.1099,11.818282917,48.171228556,1,#66c2a5,bicycle
90046,9,1,82,133,2016,12,13,3,3,2,6,0,0,0,1,0,0,0,0,707779.7676,5305804.7644,11.778657808,47.871936961,2,#fc8d62,car
90063,9,1,78,124,2016,12,10,3,3,7,7,0,0,0,1,0,0,0,1,701931.0301,5358729.8814,11.725588544,48.349435872,2,#fc8d62,car
90064,9,7,72,147,2016,12,12,3,3,2,6,0,0,0,1,0,0,0,0,634188169.0,5364490.7821,10.813657006,48.419268385,2,#fc8d62,car
90066,9,1,75,127,2016,12,15,6,3,0,7,0,0,0,1,0,0,0,0,713290.6057,5341556.53,11.870059377,48.1913928,2,#fc8d62,car
90073,9,1,79,119,2016,12,23,1,3,4,6,2,0,0,1,0,0,0,0,668547.9764,5339894.3581,11.267892989,48.189902168,2,#fc8d62,car
90077,9,1,75,118,2016,12,17,6,3,4,7,2,1,0,1,0,0,0,0,718437.3937,5338743.6041,11.937776074,48.164369512,2,#fc8d62,car
90081,9,1,84,113,2016,12,11,2,2,8,1,0,0,1,0,0,0,0,0,683774.2806,5317536.6574,11.462961261,47.984712903,1,#66c2a5,bicycle
90082,9,1,78,113,2016,12,7,6,3,5,2,2,1,0,1,0,0,0,0,691386.0303,5367180.4266,11.587260537,48.428667454,2,#fc8d62,car
90084,9,1,62,0,2016,12,9,5,3,5,3,0,0,0,1,0,0,0,0,689857.79,5331928228.0,11.550794671,48.112290917,2,#fc8d62,car
90093,9,1,86,162,2016,12,12,4,3,2,6,0,0,0,1,0,0,0,0,691084.9032,5382125.6539,11.590031263,48.563075061,2,#fc8d62,car
90095,9,1,84,145,2016,12,16,5,3,2,2,1,0,0,1,0,0,0,0,699253.3359,5324812.2082,11.673569216,48.045467664,2,#fc8d62,car
90106,9,1,81,127,2016,12,15,7,2,8,1,0,0,0,1,0,0,0,0,635160.9669,5323003.0022,10.813562653,48.045990872,2,#fc8d62,car
90107,9,1,74,135,2016,12,12,2,3,8,1,0,0,0,1,0,0,0,0,664070.8341,5352674.5832,11.212651093,48.305969932,2,#fc8d62,car
90112,9,1,77,117,2016,12,19,4,3,8,1,2,0,0,1,0,0,0,0,716753.1012,5350652.8757,11.921241103,48.271952658,2,#fc8d62,car
90114,9,1,87,159,2016,12,16,4,2,4,6,1,1,0,1,0,0,0,0,732341.1845,5324388.2739,12.116677835,48.030477683,2,#fc8d62,car
90115,9,1,62,0,2016,12,15,5,3,4,3,0,0,1,1,0,0,0,0,694676.2622,5332114.6281,11.615548245,48.112511697,1,#66c2a5,bicycle
90123,9,1,82,137,2016,12,15,5,3,2,6,0,0,0,1,0,0,0,0,711545.4788,5305112.6916,11.828615404,47.864488543,2,#fc8d62,car
90129,9,1,62,0,2016,12,6,3,2,8,6,2,0,0,1,0,0,0,0,694503728.0,5334969698.0,11.614535551,48.138224682,2,#fc8d62,car
90131,9,1,62,0,2016,12,12,5,3,0,7,0,0,1,0,0,0,0,1,688562.3412,5335016.1723,11.534773845,48.140430756,1,#66c2a5,bicycle
90137,9,1,84,127,2016,12,7,6,3,6,4,2,1,0,1,1,0,0,0,702746208.0,5322045965.0,11.719072983,48.019507802,2,#fc8d62,car
90138,9,1,78,124,2016,12,22,3,3,4,2,2,0,0,1,0,0,0,0,702857.0813,5359047.6745,11.738226341,48.351994967,2,#fc8d62,car
90140,9,1,62,0,2016,12,7,5,3,6,4,1,1,0,1,1,0,0,0,696937.7027,5333678.2797,11.646620355,48.12586963,2,#fc8d62,car
90145,9,1,63,0,2016,12,20,5,3,0,7,2,1,1,0,0,0,0,0,733061.1306,5302749.3347,12.11461307,47.835812626,1,#66c2a5,bicycle
90147,9,1,84,123,2016,12,12,7,3,5,3,0,1,0,1,0,0,0,0,703323.5585,5331823.3876,11.7314551,48.107192779,2,#fc8d62,car
90148,9,7,61,0,2016,12,16,6,3,2,6,1,1,0,1,0,0,0,0,643453.0383,5363341.5808,10.938413768,48.406894169,2,#fc8d62,car
90155,9,1,90,138,2016,12,16,1,2,4,2,0,0,0,1,0,0,0,0,661686.0505,5308691.3165,11.163842835,47.911150549,2,#fc8d62,car