OBJECTID,ULAND,UREGBEZ,UKREIS,UGEMEINDE,UJAHR,UMONAT,USTUNDE,UWOCHENTAG,UKATEGORIE,UART,UTYP1,ULICHTVERH,STRZUSTAND,IstRad,IstPKW,IstFuss,IstKrad,IstGkfz,IstSonstig,LINREFX,LINREFY,XGCSWGS84,YGCSWGS84,Teilnehmer,color,symbol
90158,9,1,62,0,2016,12,20,2,3,1,5,2,1,0,1,0,0,0,0,695063.0331,5334072.4987,11.621634831,48.129989863,2,#fc8d62,car
90159,9,1,62,0,2016,12,17,5,3,5,3,1,0,0,1,1,0,0,0,684394.7504,5335410.3644,11.478976168,48.145195403,2,#fc8d62,car
90161,9,7,77,121,2016,12,16,5,3,9,1,1,2,0,1,0,0,0,0,627310.2376,5320415.9972,10.707504066,48.024339792,2,#fc8d62,car
90166,9,1,63,0,2016,12,17,5,3,5,2,2,1,0,1,0,0,0,0,734205613.0,5304470.7629,12.130815684,47.850862195,2,#fc8d62,car
90168,9,7,72,147,2016,12,9,7,3,4,6,0,1,0,1,0,0,0,0,631943.2149,5367168.3441,10.784173119,48.443819553,2,#fc8d62,car
90170,9,1,86,162,2016,12,12,4,3,2,6,0,0,0,1,0,0,0,0,690421.1877,5384353.9549,11.582064752,48.583303056,2,#fc8d62,car
90171,9,2,74,134,2016,12,7,4,3,8,1,2,0,0,1,0,0,0,0,737782.2558,5375752.3446,12.218410724,48.48986365,2,#fc8d62,car
90172,9,1,87,164,2016,12,16,4,3,8,6,2,1,0,1,0,0,0,0,735711.9792,5321318.0243,12.16013611,48.001661419,2,#fc8d62,car
90183,9,1,84,114,2016,12,17,7,3,3,6,2,0,0,1,0,0,0,0,698905.2587,5323283417.0,11.668193934,48.031836414,2,#fc8d62,car
90198,9,1,84,114,2016,12,10,7,3,2,6,0,0,0,1,0,0,0,0,698561.6511,5321561.3244,11.662791981,48.016466158,2,#fc8d62,car
90211,9,1,75,122,2016,12,15,7,2,9,1,0,2,0,1,0,0,0,0,718709.1163,5324292.4192,11.934021339,48.034429439,2,#fc8d62,car
90236,9,1,84,141,2016,12,9,6,3,2,2,0,0,0,1,0,0,0,0,699960854.0,5317034886.0,11.679426095,47.975349263,2,#fc8d62,car
90241,9,1,87,177,2016,12,17,6,3,5,3,2,0,0,1,0,1,0,0,737329.5271,5307141303.0,12.173975419,47.873707549,2,#fc8d62,car
90247,9,1,62,0,2016,12,23,6,3,5,6,2,0,0,1,0,0,0,0,690442.0684,5339034.8775,11.561815076,48.175990821,2,#fc8d62,car
90254,9,1,62,0,2016,12,11,6,3,2,7,0,0,0,1,0,0,0,0,687941427.0,5327756263.0,11.52323735,48.075360423,2,#fc8d62,car
90269,9,1,82,133,2016,12,12,6,3,2,6,0,0,0,1,0,0,0,0,705884.9316,5311161.2896,11.755903704,47.920685898,2,#fc8d62,car
90281,9,1,87,130,2016,12,15,6,3,4,1,1,2,0,1,0,0,0,0,712426.3965,5313063.6892,11.844293518,47.93564763,2,#fc8d62,car
90293,9,2,74,185,2016,12,11,5,2,8,1,0,0,0,1,0,0,0,0,732307.7379,5369194.8188,12.140790084,48.433004817,2,#fc8d62,car
90295,9,2,74,182,2016,12,20,5,3,8,1,2,0,0,1,0,0,0,0,731621.8759,5374756.39,12.134608995,48.48321699,2,#fc8d62,car
90296,9,1,87,122,2016,12,10,6,3,5,3,0,0,0,1,0,0,0,0,718797392.0,5308441743.0,11.927139443,47.891973618,2,#fc8d62,car
90309,9,1,83,126,2016,12,16,5,3,2,6,2,0,0,1,0,0,0,0,729186.6814,5337535.0789,12.08148108,48.149728742,2,#fc8d62,car
90311,9,1,83,139,2016,12,6,5,3,8,1,2,0,0,1,0,0,0,0,735179759.0,5335716365.0,12.160929951,48.131203578,2,#fc8d62,car
90312,9,1,79,142,2016,12,17,6,3,2,6,2,1,0,1,0,0,0,0,674654.7951,5344676.5972,11.351961401,48.231241193,2,#fc8d62,car
90319,9,1,82,123,2016,12,6,5,3,8,1,2,0,0,1,0,0,0,0,714664.1294,5302761.9064,11.86909532,47.842329712,2,#fc8d62,car
90323,9,1,87,182,2016,12,8,5,3,6,4,0,0,0,1,1,0,0,0,738506.4367,5328286.1292,12.201419455,48.063220443,2,#fc8d62,car
90324,9,1,79,118,2016,12,10,6,3,6,6,0,0,0,1,1,0,0,1,672683.9028,5337825.5541,11.32265623,48.170193682,2,#fc8d62,car
90336,9,7,72,163,2016,12,14,6,3,5,3,0,0,0,1,0,0,0,0,641362.4562,5346713.8447,10.904602933,48.257855335,2,#fc8d62,car
90337,9,1,87,177,2016,12,12,5,3,4,6,0,0,0,1,0,0,0,0,736139.8759,5304171.9262,12.156469067,47.847469917,2,#fc8d62,car
90339,9,1,62,0,2016,12,14,6,3,2,6,0,0,0,1,0,0,0,0,692804.0285,5339167.6931,11.593614693,48.176472335,2,#fc8d62,car
90342,9,2,61,0,2016,12,14,7,3,5,3,0,0,1,1,0,0,0,0,732731.8301,5382999.7786,12.154205285,48.556855407,1,#66c2a5,bicycle
90347,9,1,86,132,2016,12,21,5,3,8,1,2,2,0,1,0,0,0,0,679851151.0,5366465659.0,11.4311699,48.425642057,2,#fc8d62,car
90348,9,1,62,0,2016,12,14,6,3,2,6,0,0,0,1,0,0,0,0,692761.7403,5339084.9164,11.593008894,48.175741193,2,#fc8d62,car
90351,9,1,62,0,2016,12,21,5,3,5,3,2,0,1,1,0,0,0,0,687086.4094,5335119.6312,11.514998795,48.141796355,1,#66c2a5,bicycle
90358,9,1,62,0,2016,12,17,7,3,4,2,2,0,0,1,0,0,0,0,685733.1412,5335286.5691,11.496897637,48.143693345,2,#fc8d62,car
90360,9,1,79,121,2016,12,18,5,3,5,2,0,0,0,1,0,0,0,0,664681.6374,5335651.5897,11.214266852,48.152773143,2,#fc8d62,car
90361,9,1,62,0,2016,12,21,5,2,1,5,2,0,1,0,0,0,0,1,694950613.0,5334089.7015,11.620133421,48.130178915,1,#66c2a5,bicycle
90362,9,1,74,115,2016,12,14,5,3,5,3,0,0,1,1,0,0,0,0,679859.1192,5348598.5597,11.423646635,48.265040282,1,#66c2a5,bicycle
90370,9,1,84,149,2016,12,7,5,3,2,6,2,0,0,1,0,0,1,0,690748.2054,5352037.2229,11.571782522,48.292761039,2,#fc8d62,car
90374,9,1,84,123,2016,12,18,4,2,0,3,2,0,0,1,0,1,0,0,702956.9484,5331920.8611,11.726582203,48.108185658,2,#fc8d62,car
90390,9,7,62,0,2016,12,14,5,3,5,3,0,0,1,1,0,0,0,0,621956.5215,5304617.9108,10.631250941,47.883302769,1,#66c2a5,bicycle
90394,9,7,72,147,2016,12,4,4,3,0,7,2,0,0,1,0,0,1,0,628780.0574,5364117.2415,10.740483321,48.417038033,2,#fc8d62,car
90404,9,7,72,111,2016,12,11,5,3,1,6,0,0,0,1,0,0,0,0,627200.1125,5364315.6758,10.719200357,48.419143392,2,#fc8d62,car
90419,9,7,71,130,2016,12,21,5,3,8,1,2,1,0,1,0,0,0,0,650230665.0,5354417318.0,11.026750913,48.325077519,2,#fc8d62,car
90428,9,7,61,0,2016,12,11,5,3,2,6,0,0,0,1,0,0,0,0,641508.1976,5353712.8688,10.908910279,48.3207562,2,#fc8d62,car
90447,9,2,74,134,2016,12,14,6,2,2,2,0,0,0,1,0,0,0,0,738427.3625,5376333.3006,12.227459422,48.494837546,2,#fc8d62,car
90452,9,2,61,0,2016,12,13,6,3,2,6,0,0,0,1,0,0,0,0,732065.2224,5381970.3106,12.144611318,48.547854953,2,#fc8d62,car
90484,9,1,73,147,2016,12,17,6,3,4,2,2,0,0,1,0,0,0,0,681620.6213,5308833.6556,11.430452232,47.907095319,2,#fc8d62,car
90492,9,1,84,114,2016,12,17,7,3,3,3,2,0,0,1,0,0,0,0,697713.7891,5322691.6031,11.651955791,48.02688742,2,#fc8d62,car
90498,9,1,87,137,2016,12,17,4,2,4,2,2,0,0,1,0,0,0,0,729817.1835,5308160.6631,12.074201788,47.885597766,2,#fc8d62,car
90501,9,1,73,118,2016,12,17,6,3,2,2,2,0,0,1,0,0,0,0,688182112.0,5303406.5374,11.515807591,47.856421438,2,#fc8d62,car
130999,9,1,78,124,2016,1,7,4,3,5,3,1,1,0,1,0,0,0,0,704492.8277,5359119.1311,11.760314316,48.352109639,2,#fc8d62,car
131002,9,1,62,0,2016,1,6,6,3,1,5,2,1,0,1,0,0,0,1,690121.2419,5336389.9432,11.55632151,48.15231432,2,#fc8d62,car
131007,9,1,77,131,2016,1,13,2,3,5,3,0,1,0,1,0,0,0,0,707919.1929,5348227.5054,11.801143114,48.253119724,2,#fc8d62,car
131008,9,1,62,0,2016,1,19,2,3,0,3,2,1,0,1,0,0,0,1,684005.6706,5339653.9394,11.475586423,48.183451548,2,#fc8d62,car
131010,9,1,73,147,2016,1,12,2,3,1,5,0,1,1,1,0,0,0,0,681907.1766,5308585.9576,11.434178883,47.904787514,1,#66c2a5,bicycle
131011,9,1,62,0,2016,1,17,5,2,6,4,2,1,0,1,1,0,0,0,690689.0058,5338613.3568,11.564944326,48.172128192,2,#fc8d62,car
131013,9,7,61,0,2016,1,17,5,3,4,2,1,1,0,1,0,0,0,0,641857716.0,5361171.9247,10.916136533,48.387746715,2,#fc8d62,car
131014,9,1,62,0,2016,1,17,5,3,6,4,1,1,0,1,1,0,0,0,685572.8631,5333616459.0,11.494017479,48.128728437,2,#fc8d62,car
131015,9,1,74,122,2016,1,15,5,2,9,1,0,1,0,0,0,1,0,0,682014718.0,5351934193.0,11.454102884,48.294406938,4,#e78ac3,marker
131017,9,1,88,121,2016,1,8,6,3,0,7,0,2,1,0,0,0,0,0,670614.77,5330599934.0,11.291954444,48.105795934,1,#66c2a5,bicycle
131018,9,1,62,0,2016,1,13,1,3,5,6,0,0,0,1,0,0,0,0,692722.8608,5334128.6474,11.590241995,48.131207361,2,#fc8d62,car
131019,9,7,72,163,2016,1,19,2,3,4,2,2,1,0,1,0,0,0,0,639363.7729,5349519.1825,10.878614126,48.283523486,2,#fc8d62,car
131020,9,1,62,0,2016,1,12,7,3,3,2,0,0,1,1,0,0,0,0,692594.4662,5334186.6024,11.588544363,48.131767111,1,#66c2a5,bicycle
131021,9,1,62,0,2016,1,7,5,3,5,2,2,1,1,1,0,0,0,0,691658.1544,5331456.9043,11.574746126,48.10751549,1,#66c2a5,bicycle
131024,9,1,62,0,2016,1,18,5,2,6,4,2,1,0,1,1,0,0,0,693623.3383,5336161.6823,11.603255999,48.149206327,2,#fc8d62,car
131026,9,7,72,200,2016,1,5,4,3,0,1,2,2,1,0,0,0,0,0,630535.1677,5339141.9276,10.756467088,48.19208743,1,#66c2a5,bicycle
131028,9,1,62,0,2016,1,17,6,2,5,2,2,1,0,1,0,1,0,0,680105786.0,5335527.6177,11.421419609,48.147478113,2,#fc8d62,car
131031,9,2,74,113,2016,1,9,2,2,5,3,0,2,0,1,0,0,0,0,727181.8135,5384559.2698,12.079952059,48.572899724,2,#fc8d62,car
131032,9,1,62,0,2016,1,20,7,2,6,2,2,1,0,1,1,0,0,0,678963.4941,5338831.8195,11.407466473,48.17750193,2,#fc8d62,car
131033,9,7,62,0,2016,1,11,5,3,5,3,0,0,1,1,0,0,0,0,621922.7438,5305622.4663,10.631083048,47.89234387,1,#66c2a5,bicycle
131040,9,1,62,0,2016,1,18,6,2,1,5,2,1,0,1,0,0,0,0,690782.9016,5338136736.0,11.565992139,48.167816201,2,#fc8d62,car
131042,9,1,62,0,2016,1,12,7,3,2,6,0,0,0,1,0,0,0,1,698812.2357,5333203044.0,11.67156205,48.121015962,2,#fc8d62,car
131044,9,1,62,0,2016,1,18,7,3,2,6,2,1,0,1,0,0,0,0,690702.5941,5336281.5284,11.564081538,48.151165853,2,#fc8d62,car
131051,9,1,62,0,2016,1,4,6,3,0,7,2,1,0,1,0,0,0,0,679372.8996,5334100.0067,11.410974105,48.134852418,2,#fc8d62,car
131053,9,1,88,141,2016,1,7,6,3,0,7,0,2,1,0,0,0,0,0,670132.4135,5308700.7074,11.276794085,47.909050102,1,#66c2a5,bicycle
131055,9,1,62,0,2016,1,19,1,3,2,5,2,1,1,1,0,0,0,0,691356062.0,5337686.89,11.573490572,48.163600782,1,#66c2a5,bicycle
131056,9,1,62,0,2016,1,6,2,2,0,7,2,2,1,0,0,0,0,0,688543.94,5336327.2051,11.535107346,48.152219958,1,#66c2a5,bicycle
131059,9,1,62,0,2016,1,0,1,3,5,3,2,1,0,1,0,0,0,0,691824419.0,5335664219.0,11.578871004,48.145280247,2,#fc8d62,car
131060,9,1,81,128,2016,1,6,3,3,9,1,2,2,0,1,0,0,0,0,639297664.0,5331905.1056,10.871941262,48.125151495,2,#fc8d62,car
131065,9,1,62,0,2016,1,17,5,3,6,2,2,1,0,0,1,0,0,1,692612.3545,5334782.0424,11.589053746,48.137113382,3,#8da0cb,toilet
131067,9,1,75,132,2016,1,21,6,3,1,5,2,1,0,1,0,0,0,0,706945.6091,5331942.6143,11.780112797,48.107097916,2,#fc8d62,car
131070,9,7,61,0,2016,1,17,2,3,5,3,2,1,1,1,0,0,0,0,641767.2221,5362232145.0,10.915272768,48.397300073,1,#66c2a5,bicycle
131071,9,1,62,0,2016,1,17,3,3,6,4,1,0,0,1,1,0,0,0,691503.6251,5335131.7426,11.574323327,48.140591065,2,#fc8d62,car
131072,9,2,61,0,2016,1,10,2,3,4,1,0,1,0,1,0,0,0,0,727651.2718,5380613.6055,12.084149785,48.537284483,2,#fc8d62,car
131077,9,1,62,0,2016,1,19,5,3,2,4,2,1,0,1,1,0,0,0,690266.8064,5336258.6871,11.558218033,48.151091065,2,#fc8d62,car
131079,9,7,71,113,2016,1,9,5,3,6,7,0,0,0,1,1,0,0,0,657343.8403,5369152.4015,11.12816642,48.455821035,2,#fc8d62,car
131080,9,1,62,0,2016,1,19,5,3,5,7,2,1,1,0,0,0,0,1,689073.4672,5334944.7598,11.541606016,48.139637217,1,#66c2a5,bicycle
131082,9,1,78,124,2016,1,17,5,3,5,3,2,1,1,1,0,0,0,0,702545.2665,5363494.0584,11.736163862,48.39205175,1,#66c2a5,bicycle
131084,9,7,72,177,2016,1,18,3,3,5,3,2,1,0,1,0,0,0,0,637338735.0,5378438658.0,10.860799532,48.544004497,2,#fc8d62,car
131099,9,7,73,182,2016,1,8,7,2,8,6,0,1,0,0,0,0,0,1,630698.8323,5380718.5717,10.771597409,48.565924121,6,#ffd92f,circle
131101,9,2,61,0,2016,1,18,5,3,6,4,2,1,0,1,1,0,0,0,732245352.0,5381570.5224,12.146825466,48.544197104,2,#fc8d62,car
131110,9,1,79,126,2016,1,11,6,3,4,6,0,1,1,0,0,0,0,0,677628.4382,5341271645.0,11.390543552,48.199808249,1,#66c2a5,bicycle
131112,9,7,61,0,2016,1,18,7,3,5,3,2,1,0,1,0,0,0,0,641774.9885,5360159.1727,10.914678055,48.378659102,2,#fc8d62,car
131116,9,1,74,115,2016,1,13,3,2,5,3,0,1,0,1,0,0,0,0,680861.6877,5346924.2425,11.436428222,48.249705024,2,#fc8d62,car
131118,9,1,87,150,2016,1,15,2,3,5,3,0,0,0,1,0,1,0,0,730328.4714,5304130.5697,12.078883738,47.849206655,2,#fc8d62,car
131120,9,1,62,0,2016,1,15,5,3,0,4,0,0,0,0,1,0,0,1,690508.9954,5335045.3317,11.560928067,48.140112983,3,#8da0cb,toilet
131122,9,1,75,115,2016,1,16,6,3,5,2,2,1,1,1,0,0,0,0,720632.7839,5328806.2713,11.962119435,48.07432514,1,#66c2a5,bicycle
131123,9,1,79,119,2016,1,18,5,3,6,7,2,1,0,1,1,0,0,0,668568.8023,5338960.0442,11.26780223,48.181497311,2,#fc8d62,car
131126,9,1,62,0,2016,1,15,5,3,5,3,0,1,0,1,0,0,0,0,700444.4276,5334648.1912,11.694149443,48.133491833,2,#fc8d62,car
131129,9,1,62,0,2016,1,19,5,3,6,4,2,1,0,1,1,0,0,0,679193.6986,5336052.1228,11.409389204,48.152450473,2,#fc8d62,car
131131,9,1,62,0,2016,1,12,4,3,3,2,0,0,1,1,0,0,0,0,694641.5321,5341598.6324,11.619420107,48.197760233,1,#66c2a5,bicycle
131134,9,7,61,0,2016,1,19,7,3,5,3,2,1,0,1,0,0,0,0,640755017.0,5359245199.0,10.900605201,48.370669347,2,#fc8d62,car
131135,9,1,62,0,2016,1,15,3,3,4,2,0,0,0,1,0,1,0,0,690606.1984,5337238.2448,11.563215342,48.159793647,2,#fc8d62,car
131163,9,1,62,0,2016,1,10,2,3,6,2,0,0,0,1,1,0,0,0,690975.8969,5334469.1605,11.566939561,48.134794435,2,#fc8d62,car
131166,9,1,62,0,2016,1,7,5,1,5,3,2,1,1,0,0,0,0,1,687268748.0,5339065.3702,11.519184377,48.177207946,1,#66c2a5,bicycle
131170,9,1,62,0,2016,1,18,5,3,6,2,2,1,0,1,1,0,0,0,690608.1348,5337355.2024,11.563293758,48.160844273,2,#fc8d62,car
131172,9,1,77,133,2016,1,11,6,3,3,6,0,0,0,1,0,0,0,1,706336.2925,5359328.4189,11.785270181,48.353390792,2,#fc8d62,car
131175,9,7,61,0,2016,1,7,2,3,5,3,1,2,1,1,0,0,0,0,644400.5517,5358137262.0,10.949420992,48.359883881,1,#66c2a5,bicycle
131176,9,1,84,138,2016,1,8,3,3,8,1,0,1,0,1,0,0,0,0,681753.6128,5330290.6092,11.441319872,48.099934961,2,#fc8d62,car
131178,9,1,62,0,2016,1,13,5,3,5,2,0,0,1,0,0,0,0,1,686606.1018,5332349.6655,11.507335451,48.117039972,1,#66c2a5,bicycle
131185,9,7,61,0,2016,1,17,5,3,2,6,2,1,0,1,0,0,0,0,638909978.0,5356188.5849,10.874696743,48.343593679,2,#fc8d62,car
131186,9,1,62,0,2016,1,9,5,3,5,3,0,1,1,1,0,0,0,0,691232.7924,5336439.0286,11.571273621,48.15242226,1,#66c2a5,bicycle
131187,9,1,78,144,2016,1,19,5,2,5,3,2,1,1,1,0,0,0,0,707200.2003,5379374.7495,11.80683255,48.533238723,1,#66c2a5,bicycle
131188,9,2,74,121,2016,1,14,1,2,8,7,1,2,0,0,0,0,0,1,724635.1705,5368639.9885,12.03691423,48.430803321,6,#ffd92f,circle
131190,9,7,77,155,2016,1,10,5,3,0,1,0,2,1,0,0,0,0,0,629303741.0,5312853.4536,10.731950883,47.955928794,1,#66c2a5,bicycle
131209,9,1,81,141,2016,1,9,6,2,0,1,0,2,1,0,0,0,0,0,643544.1847,5320742001.0,10.925225274,48.023829703,1,#66c2a5,bicycle
131211,9,1,88,141,2016,1,0,1,3,1,1,2,2,1,1,0,0,0,0,670253.82,5308958.8975,11.278519416,47.91133907,1,#66c2a5,bicycle
131213,9,1,82,120,2016,1,7,6,2,0,1,0,2,1,0,0,0,0,0,701264.9407,5306635.6262,11.692022538,47.881478801,1,#66c2a5,bicycle
131215,9,1,62,0,2016,1,17,7,2,2,6,2,1,0,1,0,0,0,0,686226.6496,5333874.2429,11.502908061,48.130854563,2,#fc8d62,car
131216,9,1,74,115,2016,1,7,3,3,0,1,0,2,1,0,0,0,0,0,682572.9735,5348638.2583,11.460198879,48.264620826,1,#66c2a5,bicycle
131218,9,1,74,115,2016,1,13,2,3,5,7,0,0,0,1,0,0,0,0,683590.7124,5348322.4631,11.473762774,48.261488226,2,#fc8d62,car
131220,9,1,62,0,2016,1,15,5,2,6,2,0,0,0,1,1,0,0,0,690800.6527,5334745.3968,11.564710252,48.137329796,2,#fc8d62,car
131222,9,1,75,132,2016,1,7,6,3,0,1,1,2,1,0,0,0,0,0,706598.1443,5332275868.0,11.775612007,48.11020546,1,#66c2a5,bicycle
131224,9,1,62,0,2016,1,9,7,2,0,7,0,1,0,1,0,0,0,0,694931.4684,5333173.9302,11.619457565,48.121954216,2,#fc8d62,car
131225,9,7,61,0,2016,1,16,2,2,8,7,0,1,0,1,0,0,0,0,642245.1457,5361204.0447,10.921377541,48.387948269,2,#fc8d62,car
131226,9,1,62,0,2016,1,15,3,2,5,3,0,0,0,1,1,0,0,0,693306.7048,5331174.0766,11.596741223,48.104475382,2,#fc8d62,car
131228,9,1,84,137,2016,1,14,5,3,0,1,0,0,0,0,0,1,0,0,709746.7843,5316325.6548,11.810049595,47.965843655,4,#e78ac3,marker
131231,9,1,62,0,2016,1,8,5,3,3,6,0,1,1,1,0,0,0,0,693220535.0,5333901.9806,11.59682096,48.129019259,1,#66c2a5,bicycle
131233,9,1,62,0,2016,1,20,4,3,5,2,2,1,0,1,1,0,0,0,690088.1631,5335908171.0,11.555662049,48.147994043,2,#fc8d62,car
131236,9,1,86,143,2016,1,22,7,3,9,1,2,2,0,1,0,0,0,0,686671889.0,5377421564.0,11.528169401,48.522126261,2,#fc8d62,car
131237,9,7,61,0,2016,1,10,5,3,0,7,0,1,1,1,0,0,0,0,638780.84,5358418.6643,10.87369022,48.363674528,1,#66c2a5,bicycle
131241,9,1,74,126,2016,1,12,7,3,0,7,0,0,0,0,1,0,0,1,684276.5146,5345977.2407,11.481973589,48.240209486,3,#8da0cb,toilet
131251,9,1,74,126,2016,1,11,7,2,5,3,0,1,0,1,0,0,0,0,683607.4996,5345219.8085,11.472643246,48.233595444,2,#fc8d62,car
131252,9,1,62,0,2016,1,18,7,3,5,3,2,1,0,1,0,0,0,0,692213389.0,5339092.2982,11.585643678,48.175973627,2,#fc8d62,car
131253,9,1,63,0,2016,1,7,3,3,0,1,0,2,1,0,0,0,0,0,733362.8035,5304136.4339,12.119386166,47.848165066,1,#66c2a5,bicycle
131258,9,7,61,0,2016,1,8,6,2,0,1,0,2,1,0,0,0,0,0,643987235.0,5356741632.0,10.943367081,48.347429542,1,#66c2a5,bicycle
131260,9,7,61,0,2016,1,9,6,3,0,1,0,1,1,0,0,0,0,0,640744407.0,5352085506.0,10.898069838,48.306293858,1,#66c2a5,bicycle
131262,9,1,62,0,2016,1,18,3,3,6,3,2,0,0,1,1,0,0,0,689824.9138,5334839.4172,11.551649961,48.138466665,2,#fc8d62,car
131263,9,2,74,113,2016,1,16,7,2,5,2,1,1,1,1,0,0,0,0,729334.0892,5381927358.0,12.107636367,48.548473396,1,#66c2a5,bicycle
131264,9,1,62,0,2016,1,14,1,3,3,7,0,1,1,0,0,0,0,1,690492.2427,5335555.2246,11.560931198,48.144700899,1,#66c2a5,bicycle
131266,9,1,63,0,2016,1,13,3,3,6,3,0,1,1,0,1,0,0,0,733745563.0,5304990395.0,12.124956035,47.855698025,1,#66c2a5,bicycle
131268,9,7,61,0,2016,1,10,6,2,0,1,0,2,1,0,0,0,0,0,641510.4294,5358184.1594,10.910442627,48.360959971,1,#66c2a5,bicycle
131272,9,1,62,0,2016,1,19,4,3,4,2,2,1,0,1,0,0,0,0,694195.1464,5334314.9718,11.610093577,48.132434493,2,#fc8d62,car
131274,9,1,63,0,2016,1,12,7,2,0,7,0,1,0,1,0,0,0,0,733009.9416,5304947.9135,12.115113646,47.855583473,2,#fc8d62,car
131276,9,1,87,117,2016,1,10,3,3,5,3,0,1,1,1,0,0,0,0,725412.1225,5306178.3958,12.014327493,47.869348961,1,#66c2a5,bicycle
131278,9,7,61,0,2016,1,16,2,3,6,4,0,0,0,1,1,0,0,0,637479.2756,5361476.7213,10.857127534,48.391456963,2,#fc8d62,car
131280,9,1,79,145,2016,1,13,7,3,2,6,0,1,0,1,0,0,0,0,673687.8199,5337223.2197,11.335901613,48.164505492,2,#fc8d62,car
131281,9,1,62,0,2016,1,12,4,3,1,7,0,1,1,1,0,0,0,0,690968.4985,5334489.3093,11.566849253,48.134977751,1,#66c2a5,bicycle
131284,9,1,62,0,2016,1,1,7,3,1,5,2,1,0,1,0,0,0,0,691755.6765,5340391.2227,11.580079216,48.187786336,2,#fc8d62,car
131286,9,1,62,0,2016,1,16,3,3,5,3,0,1,1,1,0,0,0,0,694612249.0,5333718775.0,11.615421342,48.126948717,1,#66c2a5,bicycle
131287,9,1,77,117,2016,1,19,1,3,6,2,2,1,0,1,1,0,0,0,716059.0554,5354353.8762,11.913792544,48.30544361,2,#fc8d62,car
131288,9,1,62,0,2016,1,19,3,3,6,4,2,1,1,0,1,0,0,0,689988.2238,5334917.8838,11.553877935,48.139123186,1,#66c2a5,bicycle
131290,9,7,61,0,2016,1,10,2,3,6,7,0,0,0,0,1,0,0,1,639000324.0,5356938391.0,10.876162887,48.350315922,3,#8da0cb,toilet
131292,9,1,79,121,2016,1,13,7,3,1,2,0,1,0,1,0,0,0,0,667653437.0,5339912804.0,11.255873527,48.190304746,2,#fc8d62,car
131293,9,7,61,0,2016,1,9,4,2,0,1,0,2,1,0,0,0,0,0,640644.2904,5357508.1598,10.898530185,48.355075149,1,#66c2a5,bicycle
131296,9,7,61,0,2016,1,20,7,3,2,6,2,0,0,1,0,0,0,0,641710262.0,5359943.61,10.913731755,48.376735396,2,#fc8d62,car
131299,9,1,62,0,2016,1,10,3,3,0,7,0,1,1,0,0,0,0,0,686281.2999,5339513.8632,11.5061108,48.18152936,1,#66c2a5,bicycle
131301,9,1,62,0,2016,1,11,1,3,5,2,0,1,0,1,0,0,0,0,681146.1789,5335916.4748,11.435559509,48.150678059,2,#fc8d62,car
131302,9,1,81,115,2016,1,16,7,3,6,7,0,1,0,1,1,0,0,0,657180.9948,5326287.9311,11.110037028,48.07048361,2,#fc8d62,car
131304,9,1,78,124,2016,1,17,7,3,5,3,2,1,1,1,0,0,0,0,703088.3772,5365327.2247,11.744378583,48.408350369,1,#66c2a5,bicycle
131306,9,7,77,121,2016,1,7,3,3,6,4,1,1,0,1,1,0,0,0,628596.1336,5321139.2873,10.724959739,48.030586806,2,#fc8d62,car
131311,9,1,62,0,2016,1,16,6,3,3,6,2,0,1,0,0,0,0,0,692780.8312,5334068.3697,11.590993033,48.130648044,1,#66c2a5,bicycle
131313,9,1,62,0,2016,1,16,6,3,1,5,0,0,0,1,0,0,0,0,693707.7739,5335132.1287,11.603921627,48.139927347,2,#fc8d62,car
131324,9,1,62,0,2016,1,9,6,3,0,7,0,1,1,0,0,0,0,0,684980.5145,5329181.3729,11.484141234,48.089035888,1,#66c2a5,bicycle
131329,9,1,87,117,2016,1,16,4,3,3,2,1,0,1,1,0,0,0,0,724819.6257,5305153.44,12.005882646,47.860347357,1,#66c2a5,bicycle
131333,9,1,62,0,2016,1,0,6,3,5,3,2,1,0,1,0,0,0,0,689569.3701,5333537.5036,11.547639162,48.126841152,2,#fc8d62,car
131336,9,1,62,0,2016,1,14,6,2,6,7,0,0,0,1,1,0,0,0,690346125.0,5334805.5511,11.558633775,48.138006581,2,#fc8d62,car
131337,9,1,62,0,2016,1,11,4,3,0,7,0,1,1,0,0,0,0,0,696987.2205,5331541.7621,11.646298166,48.106652586,1,#66c2a5,bicycle
131340,9,1,62,0,2016,1,10,7,3,6,4,0,1,0,1,1,0,0,0,691449796.0,5336449.7051,11.574193153,48.152452936,2,#fc8d62,car
131341,9,1,62,0,2016,1,19,3,3,5,3,2,0,1,1,0,0,0,0,692291.4816,5338373.6069,11.586367992,48.169490594,1,#66c2a5,bicycle
131343,9,1,75,135,2016,1,14,5,3,5,2,0,0,0,1,0,0,0,0,708664.5535,5339139.2788,11.806702212,48.171207709,2,#fc8d62,car
131344,9,1,62,0,2016,1,17,6,3,3,2,2,0,0,1,0,0,0,1,690661.5277,5337653.3803,11.564144689,48.163508261,2,#fc8d62,car
131350,9,2,61,0,2016,1,7,2,3,2,6,1,1,0,1,0,0,0,0,731387.4454,5383140.2599,12.13609149,48.558614745,2,#fc8d62,car
131353,9,1,62,0,2016,1,12,7,3,6,4,0,1,0,1,1,0,0,0,691278.9654,5339392.2677,11.573222051,48.178951638,2,#fc8d62,car