OBJECTID,ULAND,UREGBEZ,UKREIS,UGEMEINDE,UJAHR,UMONAT,USTUNDE,UWOCHENTAG,UKATEGORIE,UART,UTYP1,ULICHTVERH,STRZUSTAND,IstRad,IstPKW,IstFuss,IstKrad,IstGkfz,IstSonstig,LINREFX,LINREFY,XGCSWGS84,YGCSWGS84,Teilnehmer,color,symbol
131827,9,1,63,0,2016,1,4,1,3,8,1,2,0,0,1,0,0,0,0,732310.9783,5305217.6872,12.105928298,47.858260183,2,#fc8d62,car
131831,9,1,84,123,2016,1,13,6,3,2,6,0,0,0,1,0,0,0,0,702098.5943,5334090.5217,11.716092603,48.12795704,2,#fc8d62,car
131832,9,7,72,147,2016,1,12,3,3,2,6,0,0,0,1,0,0,0,0,637875628.0,5366430.5706,10.864106807,48.435914327,2,#fc8d62,car
131833,9,1,84,123,2016,1,16,2,3,5,3,1,0,1,1,0,0,0,0,703085.6443,5332149.8382,11.72841811,48.110202415,1,#66c2a5,bicycle
131835,9,1,62,0,2016,1,5,6,3,5,3,2,0,0,1,0,0,0,0,682047818.0,5338495.0548,11.448774426,48.17359874,2,#fc8d62,car
131836,9,1,62,0,2016,1,22,6,3,3,2,2,1,0,0,0,0,0,1,683369.8669,5335488.6313,11.46524476,48.146195153,6,#ffd92f,circle
131837,9,7,61,0,2016,1,12,3,3,5,3,0,0,0,1,0,0,0,0,639725.8751,5356391883.0,10.885769174,48.34524175,2,#fc8d62,car
131840,9,1,62,0,2016,1,15,3,3,5,3,0,0,0,1,0,1,0,0,695286.5199,5336083.8312,11.625557426,48.147998217,2,#fc8d62,car
131841,9,1,63,0,2016,1,7,1,3,9,1,1,0,0,1,0,0,0,0,730913922.0,5304305365.0,12.086791218,47.850567057,2,#fc8d62,car
131845,9,1,77,135,2016,1,15,3,3,5,3,0,0,0,1,0,0,0,0,718911375.0,5342734445.0,11.94619782,48.20006421,2,#fc8d62,car
131853,9,1,62,0,2016,1,15,3,2,5,2,0,0,1,1,0,0,0,0,696993.4901,5331799.3337,11.646501226,48.108965548,1,#66c2a5,bicycle
131854,9,1,84,146,2016,1,19,6,3,0,7,2,2,0,1,0,1,0,0,695451.2118,5328951.0649,11.624500153,48.08384159,2,#fc8d62,car
131857,9,1,62,0,2016,1,8,2,3,5,2,0,0,1,1,0,0,0,0,689309.0521,5333006.8011,11.543908602,48.122148605,1,#66c2a5,bicycle
131862,9,1,62,0,2016,1,12,3,3,1,6,0,0,0,0,0,0,0,1,688940.0982,5332413.2651,11.53869268,48.116923405,6,#ffd92f,circle
131863,9,1,62,0,2016,1,13,6,3,6,2,0,0,0,1,1,0,0,0,682868.2906,5335855.7382,11.458665662,48.149639335,2,#fc8d62,car
131865,9,1,62,0,2016,1,14,6,3,4,2,0,0,0,1,0,0,0,0,691199.4021,5340506.0562,11.572654056,48.188986113,2,#fc8d62,car
131867,9,1,62,0,2016,1,18,3,3,4,7,2,0,0,1,0,0,0,0,686253926.0,5331369222.0,11.502179972,48.108330438,2,#fc8d62,car
131868,9,1,62,0,2016,1,21,6,3,0,2,2,1,0,1,0,0,0,0,693685.5149,5340326.7496,11.605988127,48.186621412,2,#fc8d62,car
131869,9,1,77,116,2016,1,5,1,3,8,1,2,2,0,1,0,0,0,0,712132983.0,5365026299.0,11.866292575,48.402667969,2,#fc8d62,car
131872,9,1,62,0,2016,1,12,2,3,0,7,0,2,1,0,0,0,0,0,691969.8257,5330787.8783,11.57862776,48.101408504,1,#66c2a5,bicycle
131875,9,1,77,117,2016,1,9,4,3,6,4,0,0,0,1,1,0,0,0,714866.9659,5353234709.0,11.89716777,48.29579364,2,#fc8d62,car
131877,9,1,62,0,2016,1,7,6,3,5,3,1,1,1,1,0,0,0,0,693908.6364,5335677.3931,11.606867121,48.144766809,1,#66c2a5,bicycle
131878,9,1,62,0,2016,1,8,7,3,0,7,0,2,1,0,0,0,0,0,688000.7101,5332364.2899,11.526061757,48.116761227,1,#66c2a5,bicycle
131879,9,1,62,0,2016,1,17,6,3,5,3,2,1,1,1,0,0,0,0,691763.7264,5338086.5049,11.579147554,48.167069613,1,#66c2a5,bicycle
131880,9,7,61,0,2016,1,16,3,3,2,6,0,1,0,1,0,0,0,0,640071.2349,5359042747.0,10.891309948,48.369001091,2,#fc8d62,car
131882,9,1,81,128,2016,1,19,6,3,0,1,2,2,1,0,0,0,0,0,638577.5183,5327114.8793,10.860713136,48.082233674,1,#66c2a5,bicycle
131884,9,1,62,0,2016,1,18,2,3,2,6,2,0,0,1,0,0,0,0,689645.1303,5336029.6033,11.549765868,48.149217715,2,#fc8d62,car
131885,9,1,62,0,2016,1,18,7,3,0,7,2,1,0,1,0,0,0,1,692390.7057,5334866.5084,11.586115692,48.137939594,2,#fc8d62,car
131886,9,1,88,120,2016,1,13,6,3,5,3,0,1,1,1,0,0,0,0,676658.8008,5327256.1653,11.371692767,48.074090319,1,#66c2a5,bicycle
131889,9,1,62,0,2016,1,16,6,3,3,6,1,1,1,0,0,0,0,0,691855.5201,5335792.7394,11.5793466,48.146425988,1,#66c2a5,bicycle
131893,9,1,86,143,2016,1,9,2,2,5,3,0,0,1,1,0,0,0,0,685313156.0,5378351.6014,11.510199342,48.530887677,1,#66c2a5,bicycle
131894,9,1,78,124,2016,1,13,6,3,5,3,0,1,0,1,0,0,0,0,704492.8277,5359119.1311,11.760314316,48.352109639,2,#fc8d62,car
131895,9,1,62,0,2016,1,8,3,3,0,1,0,1,1,0,0,0,0,0,687610.6769,5344393.1172,11.526134274,48.224993544,1,#66c2a5,bicycle
131896,9,1,62,0,2016,1,16,7,2,4,2,0,1,1,1,0,0,0,0,690352.6607,5334542.6512,11.558604053,48.135641685,1,#66c2a5,bicycle
131897,9,1,62,0,2016,1,14,7,3,1,5,0,0,0,1,0,0,0,0,696472103.0,5335963427.0,11.641424081,48.146551035,2,#fc8d62,car
131899,9,1,62,0,2016,1,10,2,3,6,7,0,1,0,0,1,0,1,0,690851.5789,5336588.8427,11.566220432,48.153883281,3,#8da0cb,toilet
131901,9,1,79,142,2016,1,12,2,3,5,2,0,0,1,1,0,0,0,0,674305.4311,5342971.1893,11.34655964,48.216006915,1,#66c2a5,bicycle
131902,9,1,77,139,2016,1,14,6,2,6,4,0,1,0,1,1,0,0,0,734993.3439,5360106294.0,12.171958333,48.350368752,2,#fc8d62,car
131904,9,1,62,0,2016,1,17,3,2,6,2,2,0,0,1,1,0,0,0,691128.9469,5334775.1541,11.569131882,48.137498735,2,#fc8d62,car
131905,9,1,62,0,2016,1,19,6,3,6,4,2,0,0,1,1,0,0,0,690962.5806,5334328.0082,11.56669749,48.133529762,2,#fc8d62,car
131906,9,1,62,0,2016,1,17,7,3,6,2,2,1,0,1,1,0,0,0,690694.5923,5340292.2135,11.565772742,48.187215872,2,#fc8d62,car
131908,9,1,62,0,2016,1,18,2,3,9,3,2,1,0,1,0,0,0,0,690446893.0,5340242171.0,11.562421004,48.186840403,2,#fc8d62,car
131909,9,7,61,0,2016,1,7,2,3,5,2,0,0,0,1,1,0,0,0,641659.3787,5359012.1207,10.912731165,48.36837126,2,#fc8d62,car
131910,9,1,62,0,2016,1,18,2,3,2,6,2,1,0,1,0,0,0,0,686006.3983,5340457265.0,11.502829179,48.190089478,2,#fc8d62,car
131912,9,1,62,0,2016,1,14,5,3,2,6,0,1,0,1,0,0,0,0,690130387.0,5328691494.0,11.553011656,48.083117555,2,#fc8d62,car
131915,9,1,62,0,2016,1,8,3,3,0,7,0,0,1,0,0,0,0,0,692146.3626,5336835.5886,11.583723409,48.155711122,1,#66c2a5,bicycle
131917,9,1,84,136,2016,1,15,7,3,1,5,0,1,0,1,0,0,0,0,697499.7309,5325731.2526,11.650489751,48.054272455,2,#fc8d62,car
131921,9,1,62,0,2016,1,11,2,2,5,3,0,1,1,1,0,0,0,0,687991.3517,5332574.8802,11.526028985,48.118656827,1,#66c2a5,bicycle
131922,9,1,62,0,2016,1,5,7,3,0,1,2,2,1,0,0,0,0,0,688408.1382,5334721121.0,11.53257253,48.137824464,1,#66c2a5,bicycle
131923,9,1,62,0,2016,1,10,5,2,3,6,0,1,0,1,0,0,1,0,692697692.0,5340429.8494,11.592758154,48.187848445,2,#fc8d62,car
131927,9,1,62,0,2016,1,11,7,3,6,4,0,1,0,1,1,0,0,0,690830395.0,5334962926.0,11.565207088,48.139276017,2,#fc8d62,car
131928,9,1,62,0,2016,1,22,5,2,0,5,2,0,0,1,0,0,0,0,690333.9856,5335179207.0,11.558637755,48.141368627,2,#fc8d62,car
131930,9,1,79,123,2016,1,7,4,2,0,7,0,0,1,0,0,0,0,0,675969235.0,5333927.8512,11.365194721,48.13425513,1,#66c2a5,bicycle
131936,9,1,62,0,2016,1,16,5,3,5,3,1,1,1,1,0,0,0,0,690257.1602,5338199.7984,11.558956565,48.168540572,1,#66c2a5,bicycle
131938,9,1,62,0,2016,1,10,5,3,5,2,0,1,1,1,0,0,0,0,693105.0725,5331923.6517,11.594374797,48.111273549,1,#66c2a5,bicycle
131943,9,1,62,0,2016,1,16,2,3,6,4,1,1,0,1,1,0,0,0,684366.9247,5332124.8246,11.477180845,48.115671202,2,#fc8d62,car
131945,9,1,77,117,2016,1,14,2,3,2,6,0,0,0,1,0,1,0,0,715362.0958,5354283.6384,11.904370014,48.305050137,2,#fc8d62,car
131950,9,1,62,0,2016,1,0,3,3,1,5,2,1,0,1,0,0,0,0,685636.3644,5333683.5578,11.494899299,48.129313034,2,#fc8d62,car
131954,9,1,62,0,2016,1,16,2,2,5,3,1,0,1,1,0,0,0,0,693570.8647,5335888.3894,11.602426981,48.146766033,1,#66c2a5,bicycle
131958,9,1,62,0,2016,1,12,3,3,2,7,0,0,0,1,0,0,1,0,690651.9781,5340767.8224,11.565413454,48.191503369,2,#fc8d62,car
131960,9,7,71,142,2016,1,22,7,3,9,1,2,2,0,1,0,0,0,0,648368.7285,5350513.3748,11.000274977,48.290416109,2,#fc8d62,car
131963,9,1,84,122,2016,1,10,3,3,5,3,0,1,1,1,0,0,0,0,688868.0065,5324511.4213,11.53423191,48.045921154,1,#66c2a5,bicycle
131964,9,7,72,125,2016,1,11,7,3,5,3,0,1,0,1,0,0,0,1,633518759.0,5348260.3785,10.799467302,48.273463777,2,#fc8d62,car
131968,9,7,61,0,2016,1,19,5,2,6,4,2,0,0,0,1,0,0,1,641430263.0,5359294155.0,10.909734212,48.370958581,3,#8da0cb,toilet
131970,9,1,63,0,2016,1,18,4,3,4,2,2,0,0,1,0,0,0,0,732824.0325,5304689.9917,12.112493208,47.853333642,2,#fc8d62,car
131971,9,1,62,0,2016,1,10,3,3,4,2,0,0,0,1,0,0,0,0,692713287.0,5334124096.0,11.590111398,48.131169353,2,#fc8d62,car
131973,9,7,61,0,2016,1,11,7,3,6,2,0,1,0,1,1,0,0,0,638358.8859,5359362.7558,10.868307134,48.372256253,2,#fc8d62,car
131979,9,1,84,138,2016,1,7,2,3,9,7,0,1,0,0,0,0,0,1,682562.1551,5331087.3464,11.452510805,48.106865504,6,#ffd92f,circle
131980,9,7,61,0,2016,1,14,5,3,6,4,0,1,0,1,1,0,0,0,641850.1339,5358612.8705,10.915170658,48.364738528,2,#fc8d62,car
131982,9,1,78,143,2016,1,13,4,3,4,2,0,1,0,1,1,0,0,0,716906.7862,5373360.3991,11.93502229,48.475923279,2,#fc8d62,car
131984,9,7,61,0,2016,1,19,7,3,5,3,2,1,0,1,0,0,0,0,638367.6354,5359240669.0,10.868385041,48.371156553,2,#fc8d62,car
131985,9,1,87,117,2016,1,8,3,3,5,3,0,1,1,0,0,0,0,1,725515.3314,5305819.9432,12.015518683,47.86609207,1,#66c2a5,bicycle
131991,9,1,62,0,2016,1,15,2,3,6,4,0,0,0,1,1,0,0,0,689111409.0,5334733.4738,11.542021712,48.137726881,2,#fc8d62,car
132000,9,1,77,117,2016,1,13,2,3,4,6,0,0,0,1,0,0,0,0,715085.7664,5352943.3367,11.899965667,48.293101287,2,#fc8d62,car
132002,9,1,62,0,2016,1,21,3,3,3,6,2,0,0,1,0,0,0,0,692649.2291,5334784.7622,11.589550112,48.137126665,2,#fc8d62,car
132005,9,7,61,0,2016,1,15,2,3,0,7,0,1,1,0,0,0,0,0,638167.0785,5355226.6236,10.864360739,48.335106759,1,#66c2a5,bicycle
132006,9,1,62,0,2016,1,17,2,3,5,3,1,1,1,1,0,0,0,0,689692.5337,5334648.8572,11.549787453,48.136793379,1,#66c2a5,bicycle
132008,9,1,62,0,2016,1,11,1,3,6,4,0,0,0,1,1,0,0,0,691656.7132,5332788.9718,11.575325373,48.119488429,2,#fc8d62,car
132011,9,1,62,0,2016,1,21,3,2,8,1,2,1,0,1,0,0,0,0,680728452.0,5341348.7117,11.432258015,48.199626199,2,#fc8d62,car
132015,9,1,62,0,2016,1,9,2,3,5,3,0,0,1,1,0,0,0,1,689638.8048,5335677.1803,11.549523917,48.14605201,1,#66c2a5,bicycle
132018,9,7,78,203,2016,1,16,4,3,8,1,0,0,0,0,0,1,0,0,623427.2564,5323652357.0,10.656380801,48.05420766,4,#e78ac3,marker
132020,9,1,62,0,2016,1,7,2,3,6,4,0,1,1,1,1,0,0,0,689276.7132,5336198.2558,11.544892594,48.150843308,1,#66c2a5,bicycle
132025,9,1,62,0,2016,1,14,3,3,2,6,0,0,0,1,0,0,0,0,687521178.0,5338110.5249,11.522155531,48.168551179,2,#fc8d62,car
132031,9,1,62,0,2016,1,18,2,3,5,2,2,1,1,1,0,0,0,0,689262.3035,5336137.8951,11.544672209,48.15030507,1,#66c2a5,bicycle
132032,9,7,61,0,2016,1,15,4,3,6,4,0,0,1,0,1,0,0,0,644050.0874,5357537.7901,10.944487321,48.354573826,1,#66c2a5,bicycle
132038,9,7,61,0,2016,1,12,1,3,6,4,0,1,0,1,1,0,0,0,640164.9818,5359508.6191,10.892730338,48.373169256,2,#fc8d62,car
132047,9,7,71,113,2016,2,7,3,3,1,5,1,0,0,0,0,0,1,0,656492.6384,5367349.9632,11.115988018,48.439828767,5,#a6d854,bus
132048,9,1,79,121,2016,2,13,3,3,5,3,0,0,0,1,0,0,0,0,667859.6015,5338929.8053,11.258256918,48.181413236,2,#fc8d62,car
132053,9,2,61,0,2016,1,14,6,3,5,3,0,0,0,1,0,0,0,0,731222.1967,5382377.8434,12.133431924,48.551827022,2,#fc8d62,car
132060,9,1,77,133,2016,2,5,3,3,2,6,1,0,0,1,0,0,0,0,707852.7458,5360208.9397,11.80614972,48.360805786,2,#fc8d62,car
132062,9,1,62,0,2016,2,14,3,3,5,3,0,0,0,1,0,0,0,0,693414.6094,5335546.2516,11.600173058,48.143738534,2,#fc8d62,car
132063,9,7,72,171,2016,1,9,6,3,5,3,0,0,1,1,0,0,0,0,637178.3951,5372128.6877,10.856553392,48.487302583,1,#66c2a5,bicycle
132067,9,7,77,121,2016,2,10,3,3,3,3,0,0,0,1,0,0,0,0,628864.9334,5321179.5111,10.728575762,48.030894357,2,#fc8d62,car
132070,9,1,62,0,2016,2,14,2,3,1,5,0,0,1,1,0,0,0,0,688243.1807,5336779.8837,11.531267763,48.156377789,1,#66c2a5,bicycle
132073,9,1,62,0,2016,2,19,3,3,5,3,1,0,1,1,0,0,0,0,687861.9453,5342611929.0,11.52872512,48.208909742,1,#66c2a5,bicycle
132074,9,7,61,0,2016,1,7,6,3,5,3,0,1,1,1,0,0,0,0,640864.3626,5362938.2686,10.903319107,48.403851597,1,#66c2a5,bicycle
132076,9,7,61,0,2016,1,12,6,3,1,6,0,1,0,1,0,1,0,0,639596.4808,5358124.2011,10.88459836,48.360846949,2,#fc8d62,car
132081,9,1,87,117,2016,1,15,6,3,0,6,0,0,1,1,0,0,0,0,725079.2422,5305540.8061,12.009550449,47.863736953,1,#66c2a5,bicycle
132084,9,2,61,0,2016,2,8,2,3,0,3,0,1,0,1,0,0,0,1,730017.5459,5381681.2202,12.116747515,48.546012134,2,#fc8d62,car
132086,9,1,63,0,2016,1,17,5,2,2,6,2,1,0,1,0,0,0,0,731089.8908,5304075.8871,12.089017437,47.848442118,2,#fc8d62,car
132088,9,7,61,0,2016,1,23,6,3,0,1,2,2,0,1,0,0,0,0,639378.4249,5360105.0205,10.882312713,48.378706152,2,#fc8d62,car
132090,9,7,61,0,2016,1,10,6,3,0,6,0,1,0,0,0,1,0,0,641337.2446,5359248.2539,10.90846348,48.370566695,4,#e78ac3,marker
132096,9,1,79,126,2016,1,14,6,3,0,7,0,0,1,0,0,0,0,0,677160.4419,5339545.5148,11.383530763,48.184422663,1,#66c2a5,bicycle
132097,9,1,63,0,2016,1,18,5,3,6,2,2,1,0,1,1,0,0,0,733745563.0,5304990395.0,12.124956035,47.855698025,2,#fc8d62,car
132107,9,1,77,117,2016,1,10,6,3,5,3,0,0,0,1,0,0,0,0,715636.4707,5354768.3875,11.908312948,48.309312204,2,#fc8d62,car
132112,9,7,71,146,2016,2,13,3,3,0,3,0,0,1,1,0,0,0,0,646665.7432,5348568.0154,10.976654757,48.273321581,1,#66c2a5,bicycle
132113,9,1,79,136,2016,1,19,1,3,5,3,2,1,0,1,0,0,0,0,660903972.0,5341649436.0,11.165782614,48.207663637,2,#fc8d62,car
132114,9,2,61,0,2016,2,10,2,3,5,3,0,1,0,1,0,0,0,0,731996.1688,5381754.2746,12.143556759,48.545939889,2,#fc8d62,car
132115,9,1,62,0,2016,2,18,2,3,3,2,2,0,1,1,0,0,0,0,690839.63,5336593943.0,11.56606222,48.153932707,1,#66c2a5,bicycle
132116,9,1,77,117,2016,1,11,6,3,5,2,0,0,1,1,0,0,0,0,715072.4483,5352936.1741,11.899782693,48.293041455,1,#66c2a5,bicycle
132117,9,1,62,0,2016,2,17,2,2,6,4,2,0,0,1,1,0,0,0,688534.8156,5336338.3795,11.534989736,48.152323099,2,#fc8d62,car
132118,9,1,77,117,2016,1,11,1,2,4,1,0,1,0,1,0,1,0,0,713963696.0,5354396133.0,11.885593175,48.306535388,2,#fc8d62,car
132119,9,1,62,0,2016,1,19,5,3,5,3,2,1,0,1,0,0,0,0,689407.0525,5335743.2867,11.546440819,48.146715221,2,#fc8d62,car
132121,9,1,79,121,2016,2,15,4,3,5,2,0,0,1,1,0,0,0,0,667414.9881,5339266.6572,11.252412961,48.184558828,1,#66c2a5,bicycle
132124,9,1,62,0,2016,1,19,7,3,5,3,2,1,1,1,0,0,0,0,693026.9933,5336310.5738,11.595314236,48.150725764,1,#66c2a5,bicycle
132125,9,2,61,0,2016,2,11,2,3,0,1,0,0,0,0,0,0,0,1,732860.9505,5381104.2709,12.15489285,48.539780765,6,#ffd92f,circle
132126,9,1,62,0,2016,2,9,2,3,6,7,0,1,0,1,1,0,0,0,686696.2301,5339463.6775,11.511665399,48.180956492,2,#fc8d62,car
132127,9,1,62,0,2016,1,9,5,3,5,3,0,0,1,1,0,0,0,0,691493.9548,5335591.7264,11.574400323,48.14472825,1,#66c2a5,bicycle
132128,9,1,88,139,2016,1,9,5,3,5,3,0,1,0,1,0,0,0,0,674771.7408,5319269.1313,11.343120824,48.002810155,2,#fc8d62,car
132129,9,7,78,116,2016,2,12,3,3,0,4,0,0,0,1,1,0,0,0,619013897.0,5317832243.0,10.595561358,48.002702048,2,#fc8d62,car
132134,9,1,62,0,2016,2,8,3,3,0,7,0,0,0,0,1,0,0,1,691485.6988,5334459907.0,11.573780574,48.134558081,3,#8da0cb,toilet
132138,9,1,62,0,2016,1,13,7,3,2,6,0,0,0,1,0,0,0,0,691768.3466,5340382.3051,11.580245487,48.187702362,2,#fc8d62,car
132140,9,1,62,0,2016,1,19,5,3,5,3,2,1,1,1,0,0,0,0,692266.6101,5338373.2209,11.586033643,48.169494648,1,#66c2a5,bicycle
132141,9,1,78,145,2016,1,17,5,3,6,7,0,0,0,1,1,0,0,0,696399.1184,5354154.3884,11.648873133,48.310059979,2,#fc8d62,car
132144,9,1,73,120,2016,1,11,7,3,9,1,0,2,0,1,0,0,0,0,686634.9995,5311022.9874,11.498437505,47.925335419,2,#fc8d62,car
132148,9,1,62,0,2016,1,10,5,3,5,3,0,0,0,1,0,0,0,0,686440.6678,5329819.4136,11.504009181,48.094345474,2,#fc8d62,car
132150,9,1,62,0,2016,1,13,7,3,5,3,0,0,1,1,0,0,0,0,690803.1721,5334862651.0,11.564796607,48.138382915,1,#66c2a5,bicycle
132151,9,1,74,115,2016,2,11,2,3,1,6,0,0,0,1,0,0,0,0,681255726.0,5347819.6021,11.44211484,48.257640504,2,#fc8d62,car
132154,9,1,84,148,2016,1,19,5,2,6,4,2,1,0,1,1,0,0,0,694717.7715,5326893.3844,11.613724799,48.065572212,2,#fc8d62,car
132155,9,1,62,0,2016,1,15,4,3,6,4,0,0,0,1,1,0,0,0,690847.3702,5334835.2549,11.56537783,48.138123426,2,#fc8d62,car
132160,9,1,62,0,2016,2,16,2,3,6,4,1,0,0,1,1,0,0,0,691128.9787,5340134.2607,11.571540191,48.185665675,2,#fc8d62,car
132161,9,1,62,0,2016,1,13,7,3,4,6,0,0,1,0,0,0,0,1,690757.4509,5332932518.0,11.563318621,48.121048653,1,#66c2a5,bicycle
132162,9,1,62,0,2016,1,11,5,3,0,7,0,1,1,0,1,0,0,0,691204052.0,5340364.6315,11.572652896,48.187713615,1,#66c2a5,bicycle
132167,9,1,78,136,2016,1,12,7,3,0,7,0,1,0,1,0,0,0,0,695042.8658,5372667.5141,11.639197765,48.476857908,2,#fc8d62,car
132169,9,1,62,0,2016,1,7,7,3,6,7,0,0,1,0,1,0,0,0,689652.3914,5332566753.0,11.548321872,48.118091236,1,#66c2a5,bicycle
132170,9,1,62,0,2016,2,17,2,3,3,2,2,0,1,1,0,0,0,0,690496.1461,5342229.3811,11.563974576,48.204686409,1,#66c2a5,bicycle
132171,9,1,62,0,2016,1,3,7,3,8,1,2,0,0,1,0,0,0,0,682472.1973,5337605.8168,11.454095819,48.165483982,2,#fc8d62,car
132172,9,1,62,0,2016,1,17,5,3,1,6,2,1,0,1,0,0,0,1,690456.7384,5340253.7095,11.562558507,48.186941158,2,#fc8d62,car
132173,9,1,74,115,2016,2,9,4,3,1,6,0,1,0,1,0,0,0,0,681706.6365,5347811.5303,11.448180878,48.257438813,2,#fc8d62,car
132175,9,1,62,0,2016,1,23,6,2,5,3,2,0,0,1,0,0,0,0,692097.2532,5331981.1912,11.580874896,48.112095456,2,#fc8d62,car
132176,9,1,62,0,2016,1,21,7,3,0,6,2,0,0,1,0,0,0,1,686255.0393,5331855.8597,11.502407399,48.112704218,2,#fc8d62,car
132177,9,1,77,143,2016,2,14,2,2,5,3,0,0,0,1,0,0,0,0,718105.4952,5363687.5967,11.946187177,48.388602657,2,#fc8d62,car
132178,9,1,62,0,2016,1,18,7,3,0,7,1,0,0,1,0,0,0,0,693331.0796,5332996.7873,11.597894488,48.120850061,2,#fc8d62,car
132179,9,1,77,117,2016,2,15,2,3,5,6,0,0,1,1,0,0,0,0,715530.4353,5354773.4302,11.906887326,48.309393649,1,#66c2a5,bicycle
132180,9,1,62,0,2016,2,16,2,3,5,2,0,0,0,1,0,0,0,0,690144.7508,5334742.6037,11.555901596,48.137501014,2,#fc8d62,car
132181,9,1,62,0,2016,1,8,5,3,5,2,0,0,1,1,0,0,0,0,686989.9585,5334808.3211,11.513566813,48.13902656,1,#66c2a5,bicycle
132182,9,1,62,0,2016,1,7,4,3,6,2,1,0,0,1,1,0,0,0,688016868.0,5331920218.0,11.526082865,48.112765026,2,#fc8d62,car
132183,9,1,62,0,2016,2,11,3,3,5,3,0,0,0,1,0,0,1,0,691188.0675,5342068.0565,11.573205057,48.203028467,2,#fc8d62,car
132185,9,1,62,0,2016,1,6,6,3,6,4,2,1,0,1,1,0,0,0,683846.7111,5335414.7337,11.471617415,48.145393291,2,#fc8d62,car
132188,9,1,62,0,2016,1,3,7,3,4,3,2,0,0,1,0,0,0,0,691827.4551,5335663.5556,11.578911479,48.145273369,2,#fc8d62,car
132189,9,1,62,0,2016,1,4,1,2,6,4,2,1,0,1,1,0,0,0,690304.8779,5335768.5668,11.558510278,48.146674488,2,#fc8d62,car
132190,9,1,62,0,2016,1,7,6,3,6,2,2,1,0,1,1,0,0,0,692340.6472,5337784.3983,11.586762093,48.164180063,2,#fc8d62,car
132191,9,1,84,146,2016,1,16,5,3,0,7,0,1,1,0,0,0,0,0,697999.1203,5328280.3315,11.65836448,48.077027296,1,#66c2a5,bicycle
132192,9,1,62,0,2016,1,12,4,3,5,3,0,0,0,1,0,0,0,0,679329.3608,5338626.4225,11.412297028,48.175552486,2,#fc8d62,car
132195,9,1,62,0,2016,1,13,6,3,6,4,0,0,0,1,1,0,0,0,683057.35,5334541.6832,11.460640194,48.137773369,2,#fc8d62,car
132196,9,1,62,0,2016,1,9,5,3,4,2,0,1,0,1,0,0,0,0,691283257.0,5331890661.0,11.569909486,48.111526759,2,#fc8d62,car
132197,9,1,62,0,2016,1,17,4,3,4,2,2,0,0,1,0,0,0,0,692649.1325,5332356.3775,11.58845117,48.115300876,2,#fc8d62,car
132200,9,1,62,0,2016,1,15,6,3,4,7,0,0,0,1,0,0,0,0,694514.1903,5334964.1736,11.614673511,48.138171833,2,#fc8d62,car
132204,9,1,62,0,2016,1,18,5,3,3,6,2,1,0,1,0,1,0,0,692609.4444,5332354.4894,11.587917628,48.11529591,2,#fc8d62,car
132207,9,1,62,0,2016,1,21,6,3,6,6,2,1,0,1,1,0,0,0,692302.1193,5337341.9355,11.586044457,48.160214969,2,#fc8d62,car
132208,9,1,62,0,2016,1,15,5,3,1,6,0,0,0,1,0,0,0,0,692302.8015,5337371053.0,11.586066784,48.160476464,2,#fc8d62,car
132209,9,1,62,0,2016,1,17,4,3,0,2,0,0,1,1,0,0,0,0,690348.0442,5335862.7617,11.559132133,48.147508194,1,#66c2a5,bicycle
132215,9,7,72,184,2016,1,15,7,2,2,6,0,0,1,0,0,0,0,0,633527.9479,5359985.06,10.803305206,48.378892777,1,#66c2a5,bicycle
132222,9,1,62,0,2016,1,19,6,2,5,3,2,1,0,1,0,0,0,0,683966.3968,5338812.2116,11.474694162,48.17589705,2,#fc8d62,car
132224,9,7,61,0,2016,1,23,7,3,4,6,2,1,1,1,0,0,0,0,638366.5759,5359635.7022,10.868500745,48.374708849,1,#66c2a5,bicycle
132225,9,1,62,0,2016,1,20,1,3,1,3,2,1,1,1,0,0,0,0,692699.5033,5337984.9551,11.591674049,48.165873943,1,#66c2a5,bicycle
132227,9,7,62,0,2016,1,10,5,3,4,1,0,0,0,1,0,0,1,0,622130.8374,5304056.5329,10.633422795,47.878220755,2,#fc8d62,car
132228,9,1,62,0,2016,2,18,3,3,6,4,2,0,0,1,1,0,0,0,690349.2363,5334710554.0,11.558633101,48.137151818,2,#fc8d62,car
132230,9,1,88,127,2016,1,10,6,3,5,3,0,0,0,1,0,0,0,0,679857.1975,5330485.1581,11.415952758,48.102221901,2,#fc8d62,car
132231,9,7,62,0,2016,1,15,5,3,0,1,0,1,1,1,0,0,0,0,621592191.0,5304114.21,10.626237985,47.878841728,1,#66c2a5,bicycle
132234,9,1,62,0,2016,1,6,6,3,3,6,2,1,0,0,0,1,0,1,689929.3859,5336592772.0,11.553835043,48.154194665,4,#e78ac3,marker
132237,9,7,61,0,2016,2,12,2,3,1,5,0,0,1,1,0,0,0,0,640370827.0,5359730.3531,10.895582439,48.37511726,1,#66c2a5,bicycle
132238,9,7,72,184,2016,1,19,5,3,4,2,2,1,1,1,1,0,0,0,635926836.0,5361725.3435,10.836248262,48.394029076,1,#66c2a5,bicycle
132239,9,1,62,0,2016,1,7,4,3,4,2,0,1,0,1,0,0,0,1,694035.5951,5341804.2795,11.611368409,48.199793927,2,#fc8d62,car