OBJECTID,ULAND,UREGBEZ,UKREIS,UGEMEINDE,UJAHR,UMONAT,USTUNDE,UWOCHENTAG,UKATEGORIE,UART,UTYP1,ULICHTVERH,STRZUSTAND,IstRad,IstPKW,IstFuss,IstKrad,IstGkfz,IstSonstig,LINREFX,LINREFY,XGCSWGS84,YGCSWGS84,Teilnehmer,color,symbol
132240,9,1,62,0,2016,2,18,3,3,3,6,2,0,1,1,0,0,0,0,690543.0913,5335255.0231,11.56147975,48.141987473,1,#66c2a5,bicycle
132242,9,1,62,0,2016,1,14,6,3,5,3,0,0,0,1,0,0,0,0,688185.6885,5327360.6158,11.526339226,48.071732191,2,#fc8d62,car
132248,9,1,62,0,2016,1,15,1,3,3,2,0,1,0,0,0,0,0,1,690146522.0,5335251029.0,11.556152376,48.142070213,6,#ffd92f,circle
132249,9,7,72,147,2016,1,18,5,3,5,3,2,1,1,1,0,0,0,0,638999.78,5364345564.0,10.878605784,48.416919479,1,#66c2a5,bicycle
132250,9,1,84,148,2016,1,14,4,3,5,3,0,0,1,1,0,0,0,0,694203.9116,5325841.3868,11.606356946,48.056273732,1,#66c2a5,bicycle
132252,9,1,62,0,2016,1,19,6,3,6,2,2,0,0,1,1,0,0,0,687869.8674,5329940.9052,11.523238421,48.095017775,2,#fc8d62,car
132254,9,7,72,163,2016,1,21,5,3,4,1,2,1,0,1,0,0,0,0,641058.2564,5348932.1897,10.901246718,48.277870065,2,#fc8d62,car
132257,9,1,62,0,2016,1,19,6,3,0,3,2,0,0,1,0,0,0,0,697226.6891,5332215.6064,11.649823121,48.11263459,2,#fc8d62,car
132258,9,7,61,0,2016,1,16,5,3,4,2,0,1,1,1,0,0,0,0,639149.6337,5359193.9688,10.87892306,48.3705647,1,#66c2a5,bicycle
132259,9,1,62,0,2016,1,16,4,3,5,3,0,0,0,1,0,0,0,0,689586.1706,5330710.3992,11.546607978,48.101425834,2,#fc8d62,car
132260,9,1,87,137,2016,2,6,3,3,1,5,2,0,0,0,0,1,0,1,730484.5408,5309010.3619,12.083569051,47.892992513,4,#e78ac3,marker
132261,9,1,62,0,2016,1,18,1,3,5,3,2,1,1,1,0,0,0,0,692066584.0,5333341363.0,11.581075962,48.124329744,1,#66c2a5,bicycle
132262,9,1,62,0,2016,1,6,6,3,8,7,2,1,0,1,0,0,0,0,697566967.0,5337281211.0,11.656739073,48.158055237,2,#fc8d62,car
132263,9,7,71,113,2016,1,6,5,2,0,7,2,0,1,0,0,0,0,0,654648.2898,5366561.8003,11.090776463,48.433198507,1,#66c2a5,bicycle
132264,9,1,84,147,2016,1,17,4,3,5,3,1,0,1,1,0,0,0,0,697110.6178,5340890.6721,11.652282884,48.190636049,1,#66c2a5,bicycle
132269,9,7,72,151,2016,2,15,2,3,2,6,0,0,0,1,0,1,0,0,632349525.0,5343363001.0,10.782185744,48.229669904,2,#fc8d62,car
132274,9,1,62,0,2016,1,19,6,3,3,2,2,0,1,1,0,0,0,0,689716.8802,5333354.0918,11.549537887,48.12514869,1,#66c2a5,bicycle
132275,9,1,79,126,2016,2,9,3,3,5,3,0,0,0,1,0,0,0,1,677536.9848,5339563.5565,11.388599777,48.184479725,2,#fc8d62,car
132278,9,7,71,142,2016,2,9,2,3,5,3,0,0,1,1,0,0,0,0,646446.4554,5351805.7656,10.974823674,48.302484195,1,#66c2a5,bicycle
132281,9,1,74,115,2016,2,18,4,3,6,4,2,1,0,1,1,0,0,0,682812.7574,5347757.2833,11.463046239,48.256633076,2,#fc8d62,car
132285,9,1,62,0,2016,1,17,1,3,6,7,2,1,0,1,1,0,0,0,689664.6653,5333402.5776,11.548858485,48.125600042,2,#fc8d62,car
132286,9,7,61,0,2016,2,17,2,3,0,7,0,0,0,0,0,0,0,1,641423.2122,5359267.6845,10.909630157,48.370722149,6,#ffd92f,circle
132288,9,1,62,0,2016,1,21,4,3,6,4,2,0,0,1,1,0,0,0,700140.2652,5334872.2547,11.690171172,48.135601221,2,#fc8d62,car
132293,9,1,62,0,2016,1,15,4,3,5,2,0,0,1,1,0,0,0,0,693829.5676,5334076.7712,11.605076904,48.130405061,1,#66c2a5,bicycle
132294,9,1,62,0,2016,2,18,3,3,6,4,1,0,0,1,1,0,0,0,693324.3424,5336115.3566,11.59921927,48.148880908,2,#fc8d62,car
132301,9,1,62,0,2016,1,18,4,3,1,3,2,0,1,1,0,0,0,0,690669.5093,5336566.0653,11.563764634,48.153733169,1,#66c2a5,bicycle
132302,9,1,79,142,2016,2,16,6,3,6,1,1,0,0,1,1,0,0,0,671945.57,5341853887.0,11.314364595,48.20660674,2,#fc8d62,car
132304,9,1,79,123,2016,2,22,6,3,8,1,2,0,0,1,0,0,0,0,676351.3485,5334467.1437,11.370549417,48.138997201,2,#fc8d62,car
132306,9,7,61,0,2016,2,10,1,3,5,3,0,0,0,1,0,0,0,1,640584.7995,5357047.4128,10.897573696,48.350945501,2,#fc8d62,car
132308,9,1,62,0,2016,2,4,7,3,5,3,2,0,0,1,0,0,0,0,694443.9157,5329551.9938,11.611262439,48.089550562,2,#fc8d62,car
132312,9,1,62,0,2016,2,12,7,3,6,5,0,0,0,1,1,0,0,0,691372.4099,5336253.1036,11.573065326,48.150709197,2,#fc8d62,car
132313,9,1,82,120,2016,2,15,3,3,4,2,0,0,0,1,0,1,0,0,702608.7014,5306601.6159,11.709959354,47.880750529,2,#fc8d62,car
132314,9,1,79,121,2016,2,15,6,3,5,3,0,0,1,1,0,0,0,0,665236.3158,5336702.7762,11.222127365,48.162079612,1,#66c2a5,bicycle
132317,9,7,61,0,2016,2,5,1,3,8,1,2,0,0,1,0,0,0,0,640731152.0,5360119.28,10.900575733,48.378534093,2,#fc8d62,car
132320,9,1,77,126,2016,2,20,4,3,4,7,2,0,0,1,0,1,0,0,717991.7737,5368336.1655,11.947067566,48.430407677,2,#fc8d62,car
132325,9,1,87,150,2016,2,11,3,3,5,3,0,0,0,1,0,1,0,0,729455.0481,5304089.3257,12.067203833,47.849148436,2,#fc8d62,car
132327,9,1,62,0,2016,2,13,4,3,6,2,0,1,0,0,1,0,0,1,688227.1034,5330223.9769,11.528156351,48.097456689,3,#8da0cb,toilet
132328,9,7,61,0,2016,2,9,2,3,5,2,0,0,0,1,0,0,0,0,643415344.0,5360543.58,10.936949218,48.381744754,2,#fc8d62,car
132330,9,1,62,0,2016,2,8,3,3,5,7,0,0,1,1,0,0,0,0,690855.4741,5329952.7502,11.563301457,48.094237129,1,#66c2a5,bicycle
132331,9,1,74,115,2016,2,12,6,3,2,6,0,0,0,1,0,0,0,0,681270.7583,5347837.2989,11.442324765,48.257795274,2,#fc8d62,car
132332,9,7,61,0,2016,2,12,6,3,6,2,0,0,0,1,1,0,0,0,641726.6662,5360050.9064,10.913989334,48.377696474,2,#fc8d62,car
132334,9,7,61,0,2016,2,19,6,3,5,3,2,0,1,1,0,0,0,0,640538.0496,5357792.4051,10.897191804,48.357654648,1,#66c2a5,bicycle
132337,9,1,62,0,2016,2,18,4,3,6,2,2,1,0,1,1,0,0,0,688571.4586,5332398.6513,11.53373802,48.116901321,2,#fc8d62,car
132338,9,7,72,125,2016,2,20,2,3,0,7,2,1,1,0,0,0,0,0,636665.7421,5348698.6084,10.841999199,48.276733043,1,#66c2a5,bicycle
132342,9,1,78,124,2016,2,15,6,3,2,6,0,0,1,1,0,0,0,0,704646.2126,5363276934.0,11.764405384,48.389422514,1,#66c2a5,bicycle
132344,9,1,77,130,2016,2,9,6,3,5,2,0,0,0,1,0,0,0,0,709714.6718,5350849368.0,11.826601631,48.276087783,2,#fc8d62,car
132347,9,1,62,0,2016,2,10,4,3,1,6,0,1,0,1,0,0,0,1,692887.5356,5337866.2487,11.594146427,48.164750023,2,#fc8d62,car
132350,9,7,72,177,2016,2,13,7,3,5,3,0,0,0,1,0,0,0,0,637058.9616,5376128.0584,10.856251089,48.523289655,2,#fc8d62,car
132352,9,1,62,0,2016,2,8,4,3,0,7,0,1,1,0,0,0,0,0,691009799.0,5335219.7884,11.567731392,48.141530848,1,#66c2a5,bicycle
132354,9,7,71,144,2016,2,11,7,3,5,2,0,0,1,1,0,0,0,0,661443151.0,5373574.3178,11.185277892,48.494535264,1,#66c2a5,bicycle
132356,9,1,77,117,2016,2,10,6,3,4,2,0,0,1,1,0,0,0,0,714939.3977,5354100.6946,11.898583949,48.303550093,1,#66c2a5,bicycle
132358,9,1,62,0,2016,2,17,5,3,5,2,2,0,0,1,0,0,0,0,694688.2956,5333028.5932,11.616127013,48.120722386,2,#fc8d62,car
132366,9,1,87,122,2016,2,18,3,3,5,3,1,0,0,1,0,0,0,0,719314.1105,5307383.9249,11.933505659,47.882292195,2,#fc8d62,car
132367,9,1,62,0,2016,2,18,5,3,5,2,2,1,0,1,0,0,0,0,687547785.0,5338121393.0,11.522517828,48.168641014,2,#fc8d62,car
132371,9,1,62,0,2016,2,19,5,3,4,2,2,1,0,1,0,0,0,0,695493.8849,5337480.4346,11.628983899,48.160486449,2,#fc8d62,car
132372,9,1,62,0,2016,2,12,5,3,5,3,0,0,0,1,0,0,0,0,686328.1262,5330286.6333,11.502703106,48.098577965,2,#fc8d62,car
132379,9,1,88,139,2016,2,10,3,3,5,3,0,0,1,1,0,0,0,0,675475.9,5319402.9892,11.35260783,48.0038206,1,#66c2a5,bicycle
132383,9,7,72,202,2016,2,23,2,2,0,1,2,1,1,0,0,0,0,0,636114924.0,5359864.3006,10.838184889,48.377254113,1,#66c2a5,bicycle
132385,9,7,61,0,2016,2,11,2,3,6,3,0,0,0,1,1,0,0,0,638672.2057,5358258.1758,10.872171452,48.362255319,2,#fc8d62,car
132389,9,1,62,0,2016,2,15,3,3,0,7,0,0,1,0,0,0,0,1,683714349.0,5335430375.0,11.469846417,48.145572121,1,#66c2a5,bicycle
132390,9,1,62,0,2016,2,8,5,3,0,7,0,0,1,0,0,0,0,1,693128.8577,5334526.8993,11.595873415,48.134663684,1,#66c2a5,bicycle
132398,9,1,62,0,2016,2,17,5,3,4,7,1,0,1,1,0,0,0,0,692565.6276,5335116871.0,11.588577699,48.140136888,1,#66c2a5,bicycle
132400,9,1,62,0,2016,2,14,5,3,5,3,0,1,0,1,0,0,0,1,685880.0672,5339729.17,11.500812402,48.183582115,2,#fc8d62,car
132401,9,2,61,0,2016,2,19,2,2,5,2,2,0,1,1,0,0,0,0,732343.9786,5381914.1167,12.148351337,48.547247008,1,#66c2a5,bicycle
132402,9,1,84,149,2016,2,14,3,3,6,4,0,0,0,0,1,0,0,1,691545.3271,5351243.5953,11.582158629,48.285387508,3,#8da0cb,toilet
132403,9,1,84,132,2016,2,17,5,3,6,2,2,1,0,1,1,0,0,0,683609.5668,5329599.3173,11.465927948,48.093189045,2,#fc8d62,car
132410,9,1,74,131,2016,2,18,3,3,4,6,2,0,0,1,0,0,0,0,673332953.0,5359954376.0,11.340449306,48.368939136,2,#fc8d62,car
132411,9,1,62,0,2016,2,19,5,3,6,2,2,1,0,1,1,0,0,0,683185.4612,5336070031.0,11.463018168,48.151474269,2,#fc8d62,car
132413,9,1,62,0,2016,2,20,5,3,2,6,2,1,0,1,0,0,0,0,688114446.0,5339788.5157,11.530869539,48.18345788,2,#fc8d62,car
132415,9,1,87,182,2016,2,21,2,2,0,6,2,1,0,0,0,1,0,0,737427.01,5327694.41,12.186625422,48.05830748,4,#e78ac3,marker
132419,9,7,61,0,2016,2,15,4,3,2,6,0,1,0,1,0,0,0,0,639104363.0,5359144364.0,10.878295707,48.370128645,2,#fc8d62,car
132424,9,1,78,124,2016,2,13,3,3,5,3,0,0,0,1,0,1,0,0,702625.7174,5364958.1463,11.737955825,48.405182614,2,#fc8d62,car
132425,9,1,62,0,2016,2,18,5,3,1,5,1,0,1,1,0,0,0,0,691832.5556,5337301.7949,11.579718397,48.159996031,1,#66c2a5,bicycle
132427,9,1,63,0,2016,2,21,2,3,4,2,2,1,0,1,0,0,0,0,733756.6619,5303288.8039,12.124185077,47.84040684,2,#fc8d62,car
132436,9,1,62,0,2016,2,10,2,3,2,6,0,0,0,1,0,0,0,0,690353.7215,5334479.5183,11.558590086,48.135073929,2,#fc8d62,car
132441,9,1,62,0,2016,2,18,3,3,0,7,2,0,1,0,0,0,0,1,696591578.0,5336206.5742,11.643140846,48.148699379,1,#66c2a5,bicycle
132442,9,1,84,147,2016,2,17,5,3,6,4,1,0,0,1,1,0,0,0,697042.7676,5340543.6421,11.651209934,48.187538256,2,#fc8d62,car
132445,9,7,72,202,2016,2,14,4,3,5,3,0,0,0,1,0,1,0,0,636285.6927,5360056.2447,10.84055206,48.378943201,2,#fc8d62,car
132447,9,7,61,0,2016,2,20,4,3,6,2,2,1,0,1,1,0,0,0,643483.6035,5358641.3057,10.937221395,48.364625028,2,#fc8d62,car
132452,9,1,84,130,2016,2,16,5,3,5,3,0,1,0,1,0,0,0,0,698378.1283,5345449.9029,11.671450958,48.231215598,2,#fc8d62,car
132457,9,7,61,0,2016,2,6,4,3,2,6,1,1,0,1,0,0,0,0,639698474.0,5357548.6772,10.885783456,48.355649425,2,#fc8d62,car
132461,9,1,62,0,2016,2,18,2,3,1,5,1,0,1,1,0,0,0,0,691626.3273,5333679.7406,11.575317937,48.12750371,1,#66c2a5,bicycle
132465,9,1,87,150,2016,2,15,7,3,4,2,0,0,0,1,0,0,0,0,729470.0629,5304174206.0,12.067449256,47.849905685,2,#fc8d62,car
132470,9,1,79,119,2016,2,7,2,3,5,3,1,0,0,1,0,0,0,0,668642.5941,5339082.5821,11.2688428,48.182579324,2,#fc8d62,car
132473,9,1,74,150,2016,2,19,7,2,0,1,2,0,1,0,0,0,0,0,681674.9486,5359754.5549,11.452896935,48.36479731,1,#66c2a5,bicycle
132477,9,1,62,0,2016,2,7,6,3,6,4,2,1,0,1,1,0,0,0,689080.3165,5333355.9414,11.540992893,48.125354694,2,#fc8d62,car
132478,9,1,62,0,2016,2,19,2,3,3,2,2,0,1,1,0,0,0,0,691208.6944,5340302.1861,11.572687186,48.18715097,1,#66c2a5,bicycle
132485,9,1,73,134,2016,2,21,3,3,8,1,2,1,0,1,0,0,0,0,686427.1596,5302233.5465,11.4918632,47.846389064,2,#fc8d62,car
132486,9,1,74,126,2016,2,16,2,2,0,7,0,0,0,0,1,0,0,1,682630.0647,5345186.8509,11.459478545,48.233581424,3,#8da0cb,toilet
132487,9,1,79,111,2016,2,9,5,3,5,3,0,0,0,1,0,0,0,0,655669.3441,5339715.07,11.09466432,48.191577437,2,#fc8d62,car
132488,9,1,62,0,2016,2,12,6,3,2,6,0,1,0,1,0,0,0,0,689407.4211,5337182.8435,11.547086456,48.159653917,2,#fc8d62,car
132491,9,1,62,0,2016,2,13,2,3,1,7,0,0,0,1,0,0,0,0,679266.3215,5338646.2995,11.411458201,48.175748945,2,#fc8d62,car
132493,9,7,61,0,2016,2,7,4,3,5,3,2,1,1,1,0,0,0,0,638347.6024,5355251.6035,10.866803502,48.335291877,1,#66c2a5,bicycle
132495,9,1,77,133,2016,2,8,5,3,6,7,0,0,0,1,1,0,0,0,711041.6872,5355819.0485,11.846948543,48.320302589,2,#fc8d62,car
132496,9,1,62,0,2016,2,8,3,3,5,2,0,0,1,1,0,0,0,0,688955.1794,5334196.5438,11.539685663,48.132947297,1,#66c2a5,bicycle
132499,9,1,62,0,2016,2,7,4,3,5,3,0,1,0,1,0,0,0,0,681675757.0,5338717.08,11.443869355,48.175700929,2,#fc8d62,car
132500,9,1,62,0,2016,2,15,6,3,2,6,0,0,0,1,0,0,0,0,691286.4209,5335789.4712,11.571702047,48.146567991,2,#fc8d62,car
132501,9,1,62,0,2016,2,7,3,3,5,2,0,0,0,1,0,0,0,0,691168.2704,5340793.1892,11.572364846,48.19157618,2,#fc8d62,car
132503,9,1,62,0,2016,2,17,2,3,2,2,2,0,0,1,0,0,0,0,694131.9387,5334252.4135,11.60921644,48.131891523,2,#fc8d62,car
132506,9,1,84,138,2016,2,16,4,3,5,3,0,1,0,1,0,0,0,0,680931.9434,5331249.4671,11.430700084,48.108787909,2,#fc8d62,car
132507,9,1,62,0,2016,2,15,6,2,4,2,0,0,1,1,0,0,0,0,691239.2714,5334139.6436,11.570328019,48.131753678,1,#66c2a5,bicycle
132508,9,7,62,0,2016,2,14,3,3,0,1,0,0,1,0,0,0,0,0,622750.4166,5303713377.0,10.64160825,47.87501636,1,#66c2a5,bicycle
132509,9,7,61,0,2016,2,20,5,3,1,6,2,1,0,1,0,0,0,0,640096.9315,5359166.4344,10.891697925,48.370107547,2,#fc8d62,car
132512,9,1,78,124,2016,2,8,2,3,6,4,0,0,1,0,1,0,0,0,703157.6025,5364502.8996,11.744913995,48.400920502,1,#66c2a5,bicycle
132514,9,1,62,0,2016,2,10,1,3,0,7,0,0,1,0,0,0,0,0,685144.7133,5331940.5215,11.487541121,48.113788941,1,#66c2a5,bicycle
132517,9,1,62,0,2016,2,9,4,3,5,3,0,1,1,1,0,0,0,0,693646.6531,5335820.5954,11.603413977,48.146133659,1,#66c2a5,bicycle
132518,9,1,62,0,2016,2,8,6,2,6,4,0,1,0,1,1,0,0,0,687635.4274,5329152.4756,11.519746418,48.088000177,2,#fc8d62,car
132521,9,1,62,0,2016,2,17,1,3,5,2,2,0,1,1,0,0,0,0,693254.9151,5333322.6442,11.597019836,48.1238019,1,#66c2a5,bicycle
132522,9,1,84,145,2016,2,18,4,3,4,6,2,2,0,1,0,0,0,0,695918.5263,5324873.3164,11.628900129,48.047049002,2,#fc8d62,car
132523,9,1,62,0,2016,2,15,6,3,2,6,0,0,0,1,0,0,0,0,699661.6543,5335418.0155,11.684001114,48.140656355,2,#fc8d62,car
132526,9,1,62,0,2016,2,18,4,3,6,2,2,1,0,1,1,0,0,0,682773798.0,5334809.0352,11.456947085,48.14025802,2,#fc8d62,car
132527,9,1,62,0,2016,2,8,6,3,1,6,0,1,0,1,0,0,0,0,691578.8508,5332691.6371,11.574236483,48.118637024,2,#fc8d62,car
132528,9,1,84,136,2016,2,7,2,3,5,3,0,1,1,1,0,0,0,0,700470.8771,5327031.1807,11.690927162,48.065028791,1,#66c2a5,bicycle
132531,9,1,62,0,2016,2,7,4,3,5,3,0,1,1,1,0,0,0,0,686263522.0,5333257245.0,11.503133465,48.125297957,1,#66c2a5,bicycle
132532,9,1,62,0,2016,2,12,6,3,5,3,0,1,1,1,0,0,0,0,694238.7319,5336465.7232,11.611659778,48.151751307,1,#66c2a5,bicycle
132533,9,1,62,0,2016,2,12,2,3,5,3,0,0,0,1,0,0,0,1,693665.5298,5331101.2849,11.601523233,48.103712174,2,#fc8d62,car
132539,9,1,62,0,2016,2,10,4,3,6,4,0,1,0,1,1,0,0,0,691484.9176,5337331.2216,11.575061592,48.160365297,2,#fc8d62,car
132540,9,1,62,0,2016,2,14,6,3,2,6,0,0,0,1,0,0,0,0,688651593.0,5332403.0805,11.534815612,48.116917397,2,#fc8d62,car
132542,9,1,86,128,2016,2,2,6,3,6,5,2,1,0,1,1,0,0,0,677091.1521,5382527.4876,11.400706493,48.570796041,2,#fc8d62,car
132544,9,1,87,117,2016,2,16,1,3,5,3,0,0,0,1,0,1,0,0,724777.7885,5305444.0758,12.005475143,47.862973359,2,#fc8d62,car
132547,9,1,62,0,2016,2,23,7,3,5,3,2,0,0,1,0,0,0,0,694591152.0,5332007257.0,11.614357008,48.111572693,2,#fc8d62,car
132548,9,1,62,0,2016,2,7,4,2,3,2,1,0,1,1,0,0,0,0,686710.2909,5335191.4066,11.50997915,48.142551979,1,#66c2a5,bicycle
132549,9,1,62,0,2016,2,21,3,3,2,6,2,1,0,1,0,0,0,0,691849.2006,5334466.0523,11.578664082,48.134503841,2,#fc8d62,car
132551,9,1,86,143,2016,2,11,6,2,2,6,0,0,1,1,0,0,0,0,685382.4584,5378008.5057,11.510984595,48.527783569,1,#66c2a5,bicycle
132552,9,1,62,0,2016,2,20,7,3,8,7,2,1,0,1,0,0,0,0,686278.1415,5343356.3271,11.50775442,48.216067322,2,#fc8d62,car
132555,9,1,84,149,2016,2,7,4,3,5,3,1,1,1,1,0,0,0,0,691297406.0,5350307.6697,11.578396362,48.277050724,1,#66c2a5,bicycle
132556,9,1,62,0,2016,2,13,6,3,0,7,0,0,1,0,0,0,0,0,690385.4915,5333483.9544,11.55857185,48.126116298,1,#66c2a5,bicycle
132560,9,1,62,0,2016,2,6,4,3,5,3,2,1,0,1,0,0,0,0,681207267.0,5338597.4863,11.437522254,48.174759691,2,#fc8d62,car
132561,9,1,62,0,2016,2,13,6,3,2,6,0,0,0,1,0,0,0,0,690321.8392,5335623.73,11.558673328,48.145367624,2,#fc8d62,car
132564,9,1,79,142,2016,2,20,6,3,5,3,2,0,1,1,0,0,0,0,672940.1536,5343110.6791,11.328252504,48.217634389,1,#66c2a5,bicycle
132567,9,1,62,0,2016,2,18,7,3,5,3,2,0,1,1,0,0,0,0,691422.2458,5332127.0539,11.571880956,48.113609687,1,#66c2a5,bicycle
132572,9,7,61,0,2016,2,15,3,3,0,7,0,0,0,1,0,0,0,1,642799.5856,5357803.0401,10.927707168,48.357242853,2,#fc8d62,car
132573,9,1,83,119,2016,2,10,5,2,6,4,0,0,0,1,1,0,0,0,736603.4281,5339170.4814,12.181953572,48.161704633,2,#fc8d62,car
132574,9,1,62,0,2016,2,9,6,2,8,7,0,0,0,1,0,0,0,0,697239.4882,5331826.8927,11.649815157,48.109137109,2,#fc8d62,car
132577,9,1,62,0,2016,2,6,5,3,5,3,1,1,1,1,0,0,0,0,686361.5984,5339730.5681,11.50728506,48.183453616,1,#66c2a5,bicycle
132579,9,1,62,0,2016,2,11,6,2,5,2,0,0,0,1,0,1,0,0,688676.1645,5342967.7027,11.539832026,48.211865947,2,#fc8d62,car
132580,9,1,83,119,2016,2,9,3,2,4,7,0,0,0,1,0,0,0,0,736603.4281,5339170.4814,12.181953572,48.161704633,2,#fc8d62,car
132582,9,1,62,0,2016,2,14,7,2,0,7,0,0,1,1,0,0,0,0,688016.7929,5331921.5076,11.526082426,48.11277664,1,#66c2a5,bicycle
132584,9,1,86,143,2016,2,15,4,3,2,7,0,0,0,1,0,0,0,0,685394554.0,5377806.0837,11.511058264,48.525960687,2,#fc8d62,car
132585,9,1,63,0,2016,2,17,5,3,5,3,0,0,0,1,0,0,0,0,731019.4607,5303475109.0,12.087756727,47.84306983,2,#fc8d62,car
132586,9,1,62,0,2016,2,9,6,3,4,2,0,0,1,1,0,0,0,0,686652.5081,5336162.5187,11.509628912,48.151297597,1,#66c2a5,bicycle
132588,9,1,62,0,2016,2,21,5,3,5,2,2,0,0,1,0,0,0,0,690968934.0,5334317377.0,11.56677803,48.133432304,2,#fc8d62,car
132589,9,1,62,0,2016,2,20,6,3,2,6,2,1,0,1,0,0,0,0,686221.2523,5333546.8117,11.502692502,48.127913063,2,#fc8d62,car
132591,9,1,84,138,2016,2,15,5,3,5,3,0,0,0,1,0,0,0,0,680407.9148,5330558.6081,11.423374533,48.102726437,2,#fc8d62,car
132596,9,1,81,122,2016,2,10,4,3,9,1,0,1,0,1,0,0,0,0,652166.7039,5331165.0036,11.044507345,48.115550963,2,#fc8d62,car
132597,9,1,62,0,2016,2,16,6,3,2,6,1,1,0,1,0,0,0,0,684325.1201,5331861.0528,11.476505691,48.113312366,2,#fc8d62,car
132598,9,1,62,0,2016,2,15,5,3,2,6,0,0,0,1,0,0,0,0,689350.0106,5336106.4172,11.54583624,48.149996042,2,#fc8d62,car
132599,9,1,62,0,2016,2,17,7,3,5,3,0,1,1,1,0,0,0,0,686540.6318,5337964.5604,11.508916329,48.167527716,1,#66c2a5,bicycle
132601,9,7,61,0,2016,2,21,3,3,5,2,2,0,1,1,0,0,0,0,639997.4431,5357349532.0,10.889750703,48.353792551,1,#66c2a5,bicycle
132604,9,1,81,118,2016,2,17,5,3,9,1,0,0,0,1,0,0,0,0,650212.2627,5327214.3763,11.016874138,48.080493151,2,#fc8d62,car
132606,9,1,79,126,2016,2,8,4,2,0,7,0,0,0,1,0,0,0,0,676614787.0,5341524403.0,11.377019113,48.202363084,2,#fc8d62,car
132607,9,1,84,148,2016,2,19,6,3,0,3,2,0,0,1,0,0,0,0,693482.2805,5325616.3899,11.596580714,48.05447069,2,#fc8d62,car
132609,9,1,62,0,2016,2,13,5,3,5,3,0,0,0,1,0,0,0,1,690682.1994,5329360.7249,11.560712317,48.088967844,2,#fc8d62,car
132610,9,1,62,0,2016,2,20,7,3,0,1,2,1,0,0,0,1,0,0,680252.7314,5334861.1532,11.423111221,48.141445706,4,#e78ac3,marker
132612,9,1,62,0,2016,2,11,7,3,2,6,0,1,0,1,0,0,0,0,686895.4995,5338614.7927,11.513970256,48.173267932,2,#fc8d62,car
132613,9,7,61,0,2016,2,10,3,3,2,7,0,0,0,1,0,0,0,0,641022.9634,5351450.8923,10.901612235,48.300525529,2,#fc8d62,car
132614,9,1,81,128,2016,2,7,5,2,9,1,0,2,0,1,0,0,0,0,639451.4076,5327247.5359,10.872483886,48.083235993,2,#fc8d62,car
132620,9,1,75,111,2016,2,18,5,3,6,4,2,0,0,1,1,0,0,0,712244.3145,5336836.5351,11.853642575,48.149330625,2,#fc8d62,car
132622,9,1,75,132,2016,2,16,6,3,6,4,0,0,0,1,1,0,0,0,705883.5863,5331625.0666,11.765709617,48.104588372,2,#fc8d62,car
132624,9,1,79,123,2016,2,11,3,3,5,2,0,0,1,1,0,0,0,0,675598296.0,5333463.4387,11.360021928,48.130182828,1,#66c2a5,bicycle
132625,9,1,62,0,2016,2,19,5,3,5,3,2,0,0,1,0,0,0,0,690667.4214,5336566.8531,11.563736942,48.153740876,2,#fc8d62,car
132626,9,1,62,0,2016,2,15,7,3,0,4,0,1,1,0,1,0,0,0,694537.7103,5335314.4753,11.615149335,48.14131301,1,#66c2a5,bicycle
132628,9,1,62,0,2016,2,18,7,3,1,5,2,0,1,1,0,0,0,0,690527.1485,5334782475.0,11.561054252,48.137745,1,#66c2a5,bicycle
132629,9,7,61,0,2016,2,14,3,3,0,1,0,0,1,0,0,0,0,0,639659.6636,5359516.8077,10.8859133,48.37335492,1,#66c2a5,bicycle
132631,9,1,62,0,2016,2,18,2,3,2,6,2,0,0,1,0,0,0,0,692066584.0,5333341363.0,11.581075962,48.124329744,2,#fc8d62,car
132632,9,1,62,0,2016,2,11,5,3,5,3,0,0,0,1,0,0,0,0,690841.2718,5334760.8177,11.565262588,48.137456218,2,#fc8d62,car
132633,9,1,73,126,2016,2,8,2,3,5,3,0,1,1,1,0,0,0,0,685227.4824,5304340858.0,11.476745842,47.865678483,1,#66c2a5,bicycle
132634,9,7,72,162,2016,2,15,6,3,8,7,0,0,0,1,1,0,0,0,636165.2992,5335509.7369,10.831022507,48.158243435,2,#fc8d62,car
132635,9,1,84,149,2016,2,11,2,3,0,3,0,0,1,1,0,0,0,0,691212.5121,5351724.5844,11.57789448,48.289811064,1,#66c2a5,bicycle
132637,9,1,62,0,2016,2,23,7,3,5,2,2,1,0,1,0,0,0,0,690155.6121,5335250806.0,11.556274349,48.142065492,2,#fc8d62,car
132639,9,1,78,124,2016,2,8,5,3,5,3,0,1,0,1,0,0,0,0,702790.3704,5364719.3269,11.740062671,48.402983584,2,#fc8d62,car
132640,9,1,88,141,2016,2,18,5,3,0,7,2,0,1,0,0,0,0,0,670254.3402,5308643.9353,11.27840202,47.908507357,1,#66c2a5,bicycle
132641,9,1,62,0,2016,2,13,7,3,0,1,0,0,1,0,0,0,0,0,691048.0577,5334392.0408,11.567873892,48.13407963,1,#66c2a5,bicycle
132645,9,7,71,130,2016,2,14,6,3,5,3,0,0,0,1,0,0,0,1,644839.7387,5358744.6071,10.955555575,48.365244145,2,#fc8d62,car
132646,9,1,62,0,2016,2,10,2,2,0,7,0,0,0,0,1,0,0,1,684714.4091,5333736.5252,11.482543539,48.130057345,3,#8da0cb,toilet