OBJECTID,ULAND,UREGBEZ,UKREIS,UGEMEINDE,UJAHR,UMONAT,USTUNDE,UWOCHENTAG,UKATEGORIE,UART,UTYP1,ULICHTVERH,STRZUSTAND,IstRad,IstPKW,IstFuss,IstKrad,IstGkfz,IstSonstig,LINREFX,LINREFY,XGCSWGS84,YGCSWGS84,Teilnehmer,color,symbol
132649,9,1,78,124,2016,2,16,5,3,0,7,0,0,1,0,0,0,0,0,703005896.0,5364794824.0,11.743007846,48.403592662,1,#66c2a5,bicycle
132651,9,1,77,117,2016,2,16,5,3,6,7,0,0,0,1,1,0,0,0,714778.9637,5352192.9647,11.895453095,48.286463202,2,#fc8d62,car
132653,9,1,79,145,2016,2,7,4,3,0,6,0,0,0,0,0,0,0,1,675630864.0,5338941.3231,11.362720195,48.179416146,6,#ffd92f,circle
132654,9,7,72,125,2016,2,10,6,3,0,7,0,0,1,0,0,0,0,0,636775.8772,5348850.8942,10.843532099,48.278078629,1,#66c2a5,bicycle
132655,9,1,78,124,2016,2,13,4,3,8,1,0,0,1,0,0,0,0,0,702747.9018,5364843.7646,11.739549622,48.40411547,1,#66c2a5,bicycle
132656,9,1,62,0,2016,2,7,4,3,6,4,1,1,0,1,1,0,0,0,697721.2418,5331691.3559,11.656217261,48.107769644,2,#fc8d62,car
132657,9,7,61,0,2016,2,14,6,3,5,3,0,0,0,1,0,0,0,0,636792.1892,5360771.4789,10.847621472,48.385264907,2,#fc8d62,car
132658,9,1,62,0,2016,2,15,2,2,6,4,0,0,1,0,1,0,0,0,686219.42,5334399.5616,11.503040605,48.135578444,1,#66c2a5,bicycle
132662,9,1,62,0,2016,2,5,4,3,2,6,2,1,0,1,0,0,0,1,688284.9213,5335727.7103,11.531363006,48.146908333,2,#fc8d62,car
132664,9,1,63,0,2016,2,14,6,3,4,6,0,0,0,1,0,0,0,0,733306.2178,5306013.5976,12.119643402,47.865050165,2,#fc8d62,car
132665,9,1,62,0,2016,2,8,3,2,0,7,0,0,0,0,0,0,0,1,693980343.0,5335038588.0,11.607539108,48.139003602,6,#ffd92f,circle
132666,9,7,61,0,2016,2,12,6,3,0,1,0,0,1,0,0,0,0,0,640136.7673,5358933.8527,10.892158011,48.368007399,1,#66c2a5,bicycle
132667,9,1,62,0,2016,2,16,2,3,3,2,0,0,0,1,0,0,0,1,695521239.0,5338006889.0,11.629593341,48.165209518,2,#fc8d62,car
132670,9,1,63,0,2016,2,19,2,3,1,5,2,1,0,1,0,0,0,0,734112.2827,5305525.3364,12.130140714,47.860370453,2,#fc8d62,car
132671,9,7,62,0,2016,2,11,7,3,1,6,0,0,0,1,0,0,0,0,622294.9374,5305554.0818,10.636040782,47.891658018,2,#fc8d62,car
132674,9,7,61,0,2016,2,20,7,3,5,3,2,1,0,1,0,0,0,0,639195962.0,5361662.1282,10.880365788,48.392747527,2,#fc8d62,car
132675,9,1,87,150,2016,2,7,2,3,2,6,2,1,1,1,0,0,0,0,729321.2206,5303334968.0,12.065017872,47.842418631,1,#66c2a5,bicycle
132677,9,1,62,0,2016,2,13,4,3,5,3,0,0,0,1,0,0,0,0,683427.2094,5339884.7996,11.467911065,48.185693918,2,#fc8d62,car
132679,9,1,62,0,2016,2,19,5,3,5,3,2,0,0,1,0,0,0,0,692649.0892,5332357.3766,11.58845104,48.115309869,2,#fc8d62,car
132680,9,7,71,113,2016,2,7,6,3,5,3,0,0,0,1,0,0,0,0,658048489.0,5369073.9729,11.137660698,48.45493936,2,#fc8d62,car
132681,9,1,62,0,2016,2,8,2,3,6,2,0,0,0,1,1,0,0,0,693697.0412,5341842.7391,11.606834533,48.200242948,2,#fc8d62,car
132682,9,1,62,0,2016,2,16,4,3,6,4,0,0,0,1,1,0,1,0,689876.7628,5332112211.0,11.551131221,48.113938915,2,#fc8d62,car
132684,9,1,88,141,2016,2,11,2,2,5,3,0,0,0,1,0,1,0,0,669998.0632,5308937.2654,11.27509087,47.911212435,2,#fc8d62,car
132689,9,1,62,0,2016,2,12,2,3,8,7,0,0,1,1,0,0,0,0,687545.2939,5341729.7007,11.524077231,48.201073801,1,#66c2a5,bicycle
132690,9,1,62,0,2016,2,12,4,3,0,7,0,0,0,1,0,0,0,1,691043.5014,5337102.4046,11.569028938,48.158441496,2,#fc8d62,car
132694,9,1,79,134,2016,2,15,2,3,8,6,0,0,0,1,0,0,0,0,672269.9245,5343398.7304,11.319354083,48.220406127,2,#fc8d62,car
132696,9,1,62,0,2016,2,5,2,3,4,3,2,0,0,1,0,0,0,0,690519.1894,5339735.1711,11.563165369,48.182261869,2,#fc8d62,car
132697,9,1,62,0,2016,2,15,4,2,0,7,0,1,1,0,0,0,0,0,690407.5712,5335505.4496,11.559771815,48.14427887,1,#66c2a5,bicycle
132701,9,1,62,0,2016,2,15,3,3,4,6,0,0,1,0,0,0,0,1,692850.1346,5331160.4489,11.590608341,48.104491268,1,#66c2a5,bicycle
132702,9,1,62,0,2016,2,11,4,3,5,2,0,0,1,1,0,0,0,0,692202.6096,5339012.8113,11.585462885,48.175262479,1,#66c2a5,bicycle
132704,9,1,62,0,2016,2,8,2,3,1,5,0,0,1,1,0,0,0,0,685471.0705,5334244.3916,11.492924114,48.134402248,1,#66c2a5,bicycle
132706,9,1,79,123,2016,2,11,2,3,0,7,0,0,1,0,0,0,0,0,676176559.0,5333145.2607,11.367655303,48.127162837,1,#66c2a5,bicycle
132708,9,1,75,132,2016,2,15,2,3,0,1,0,0,1,0,0,0,0,0,707493.8402,5332579.0173,11.787778254,48.112638535,1,#66c2a5,bicycle
132709,9,1,62,0,2016,2,21,4,3,4,2,2,0,0,1,0,1,0,0,686681.7088,5339473.5538,11.511474575,48.181049529,2,#fc8d62,car
132710,9,1,62,0,2016,2,11,4,3,5,3,0,0,1,1,0,0,0,0,687698.9863,5336083.9788,11.523650538,48.150283707,1,#66c2a5,bicycle
132711,9,1,62,0,2016,2,17,3,3,5,3,2,0,1,1,0,0,0,0,693007122.0,5333853754.0,11.593933967,48.128650554,1,#66c2a5,bicycle
132712,9,1,62,0,2016,2,17,4,3,5,3,2,0,1,1,0,0,0,0,692440.4109,5334844.4641,11.586773163,48.137726435,1,#66c2a5,bicycle
132716,9,1,77,117,2016,2,21,2,3,0,6,2,0,0,1,0,0,0,1,714761.5338,5354030.5637,11.896152857,48.302980348,2,#fc8d62,car
132717,9,1,62,0,2016,2,12,4,2,0,7,0,1,1,1,0,0,0,0,691341.7138,5334087.2618,11.571679922,48.131252087,1,#66c2a5,bicycle
132719,9,1,81,128,2016,2,16,6,3,5,3,0,0,0,1,0,0,0,0,637780.4816,5327655.9812,10.850191489,48.087272217,2,#fc8d62,car
132722,9,1,62,0,2016,2,18,3,3,6,2,2,1,0,1,1,0,0,0,688230766.0,5330217.1662,11.528202492,48.097394391,2,#fc8d62,car
132724,9,1,62,0,2016,2,9,2,3,0,1,0,1,0,0,0,1,0,0,687862.9696,5334126.4532,11.524989545,48.132640634,4,#e78ac3,marker
132727,9,1,62,0,2016,2,18,1,3,2,6,2,1,0,1,0,0,0,0,689421602.0,5337212.8399,11.547290316,48.159919301,2,#fc8d62,car
132733,9,1,62,0,2016,2,19,1,3,0,3,2,1,0,1,0,0,0,0,692958.3657,5340983.3902,11.59651328,48.192744344,2,#fc8d62,car
132735,9,1,62,0,2016,2,9,2,3,3,2,0,0,1,1,0,0,0,0,696692.8349,5337841.2861,11.645256349,48.163359798,1,#66c2a5,bicycle
132736,9,1,62,0,2016,2,18,4,3,2,6,2,0,0,1,0,0,0,0,686459.9349,5337660.6344,11.507698803,48.164819614,2,#fc8d62,car
132738,9,1,62,0,2016,2,20,1,3,6,4,2,1,0,0,1,1,0,0,692426796.0,5341924.0068,11.589794208,48.201359574,3,#8da0cb,toilet
132740,9,1,62,0,2016,2,11,2,3,3,2,0,0,1,1,0,0,0,0,693167.3573,5334680.9046,11.596460176,48.136036158,1,#66c2a5,bicycle
132746,9,7,72,131,2016,2,7,4,3,1,5,1,1,1,1,0,0,0,0,617922.0814,5356523.4826,10.591666507,48.350872372,1,#66c2a5,bicycle
132748,9,1,62,0,2016,2,15,2,3,1,5,0,0,1,1,0,0,0,0,692236.2084,5338125556.0,11.585513202,48.167277892,1,#66c2a5,bicycle
132751,9,7,71,122,2016,2,18,1,3,4,1,2,1,0,1,0,0,0,0,652456.2295,5361563.6257,11.059344774,48.388795822,2,#fc8d62,car
132753,9,1,62,0,2016,2,12,2,3,3,6,0,0,1,1,0,0,0,0,691483.0913,5337361.2035,11.575050553,48.16063532,1,#66c2a5,bicycle
132754,9,1,62,0,2016,2,10,4,3,1,3,0,1,0,1,0,0,1,0,690352.3831,5334556.6847,11.558606596,48.135767901,2,#fc8d62,car
132757,9,7,71,122,2016,2,10,4,3,4,2,0,1,0,1,0,0,0,0,651796.7978,5360965.3985,11.050227131,48.383576322,2,#fc8d62,car
132758,9,1,62,0,2016,2,18,3,2,6,4,2,1,0,1,1,0,0,0,686932.5984,5328927.7329,11.510219209,48.086186592,2,#fc8d62,car
132759,9,7,72,125,2016,2,20,4,3,5,3,2,0,0,1,0,0,0,0,636922.8339,5347776.6662,10.845163853,48.268387316,2,#fc8d62,car
132760,9,1,87,117,2016,2,9,7,3,5,3,0,1,0,1,0,0,0,0,725438411.0,5306404786.0,12.014796612,47.871373834,2,#fc8d62,car
132767,9,1,62,0,2016,2,15,4,3,0,3,0,0,0,1,0,0,0,1,690990156.0,5333210.22,11.566566779,48.123474868,2,#fc8d62,car
132768,9,7,61,0,2016,2,14,4,3,5,2,0,0,1,1,0,0,0,0,639123.6154,5359123.4711,10.878548611,48.369936538,1,#66c2a5,bicycle
132770,9,1,62,0,2016,2,17,3,3,4,1,2,0,1,1,0,0,0,0,690439.2111,5340226.5176,11.562310735,48.186702015,1,#66c2a5,bicycle
132781,9,1,62,0,2016,2,16,3,3,2,6,0,0,0,1,0,0,0,0,696202.1563,5335263759.0,11.637476451,48.140346139,2,#fc8d62,car
132783,9,7,61,0,2016,2,6,2,3,5,3,2,1,1,1,0,0,0,0,638787.2014,5356878.8723,10.873268233,48.349827611,1,#66c2a5,bicycle
132785,9,1,86,143,2016,2,11,7,3,5,3,0,1,0,1,0,0,0,0,687562497.0,5384272.2308,11.543304839,48.583430908,2,#fc8d62,car
132787,9,1,81,130,2016,2,12,7,3,0,2,0,0,1,1,0,0,0,0,639770.1548,5324123.4507,10.875740015,48.055073635,1,#66c2a5,bicycle
132792,9,2,61,0,2016,2,15,4,3,0,1,0,0,1,0,0,0,0,0,732696842.0,5381595.3761,12.152947203,48.544253087,1,#66c2a5,bicycle
132793,9,1,62,0,2016,2,12,5,3,3,6,0,0,0,0,0,1,0,0,690144.7896,5334737.6714,11.555899916,48.137456671,4,#e78ac3,marker
132796,9,1,77,117,2016,2,15,7,3,6,4,0,0,0,1,1,0,0,0,714350.8062,5354975.1556,11.891101088,48.311607006,2,#fc8d62,car
132801,9,2,61,0,2016,2,7,5,3,5,3,1,1,1,0,0,0,0,1,732719.1001,5382085.5772,12.153522154,48.548648156,1,#66c2a5,bicycle
132811,9,7,72,125,2016,2,18,4,2,5,3,1,0,1,1,0,0,0,0,636074.5577,5348199.9797,10.833874873,48.272376629,1,#66c2a5,bicycle
132812,9,1,62,0,2016,2,11,6,3,6,4,0,0,0,1,1,0,0,0,690321.0115,5332738.0179,11.557373172,48.119431086,2,#fc8d62,car
132814,9,2,61,0,2016,2,9,3,3,5,3,0,0,0,1,0,0,0,0,731223.2127,5381298.0459,12.132846324,48.542126975,2,#fc8d62,car
132815,9,1,62,0,2016,2,6,3,2,0,1,2,0,1,0,0,0,0,0,689461.6479,5333608155.0,11.546224365,48.127508242,1,#66c2a5,bicycle
132819,9,1,73,147,2016,2,15,5,3,0,7,0,0,1,1,0,0,0,0,681166.7462,5309730.7049,11.424760981,47.915287475,1,#66c2a5,bicycle
132821,9,7,61,0,2016,2,13,4,3,1,6,0,1,0,1,0,0,1,0,639304.2273,5360177.4249,10.88133523,48.37937358,2,#fc8d62,car
132828,9,1,62,0,2016,2,15,6,3,5,3,0,0,1,0,0,0,0,0,689016.3117,5336205.1378,11.541398035,48.150982601,1,#66c2a5,bicycle
132833,9,7,72,163,2016,2,10,3,3,5,3,0,0,1,1,0,0,0,0,639869.5484,5349685.7838,10.885483272,48.284909993,1,#66c2a5,bicycle
132838,9,7,61,0,2016,2,12,3,3,6,2,0,0,0,1,1,0,0,0,639297.0151,5361752.5084,10.881760102,48.393537887,2,#fc8d62,car
132841,9,1,73,126,2016,2,20,5,2,0,7,2,0,1,0,0,0,0,0,685628.5309,5303601.2347,11.481785665,47.858914284,1,#66c2a5,bicycle
132842,9,1,62,0,2016,2,10,6,2,6,2,0,0,0,1,1,0,0,0,698282.1234,5331774.3556,11.663782373,48.108341253,2,#fc8d62,car
132844,9,1,62,0,2016,2,16,6,3,5,3,0,0,0,1,0,0,0,1,698792.2842,5332589675.0,11.671008294,48.115509713,2,#fc8d62,car
132847,9,1,84,123,2016,2,18,5,3,1,6,2,0,0,1,0,0,0,0,703680233.0,5332618015.0,11.736620423,48.114219953,2,#fc8d62,car
132849,9,1,62,0,2016,2,16,3,3,2,6,0,1,0,1,0,0,0,0,690741.6548,5333332.2906,11.563285459,48.124646534,2,#fc8d62,car
132853,9,1,73,126,2016,2,5,1,2,6,4,2,1,0,1,1,0,0,0,685152.3248,5304436.52,11.475782826,47.866560054,2,#fc8d62,car
132855,9,1,62,0,2016,2,14,7,3,1,3,0,1,0,1,0,0,0,0,691772.9072,5332224.0141,11.576630981,48.114375665,2,#fc8d62,car
132857,9,1,62,0,2016,2,18,6,3,4,3,2,0,0,1,0,0,0,0,680212941.0,5338501.7357,11.42411887,48.174181744,2,#fc8d62,car
132858,9,1,86,143,2016,2,19,3,3,1,7,2,0,0,1,0,0,0,0,685843.7922,5377875.4052,11.517167712,48.526450896,2,#fc8d62,car
132859,9,1,62,0,2016,2,10,4,3,6,4,0,1,0,1,1,0,0,0,690677.6252,5338370.3886,11.56468244,48.169947834,2,#fc8d62,car
132860,9,7,61,0,2016,2,11,3,3,5,3,0,1,1,0,0,0,0,1,638852.2974,5359237.6379,10.874924817,48.371022851,1,#66c2a5,bicycle
132868,9,7,72,184,2016,2,12,7,3,4,1,0,1,0,1,0,0,0,0,635876.7353,5362266.2681,10.835746846,48.398903836,2,#fc8d62,car
132870,9,1,62,0,2016,2,7,2,3,5,2,0,0,1,1,0,0,0,0,692563.0481,5338004.6,11.589849662,48.166091853,1,#66c2a5,bicycle
132874,9,1,87,117,2016,2,19,2,3,5,3,1,0,0,1,0,0,0,0,724774479.0,5305444405.0,12.005431126,47.862977474,2,#fc8d62,car
132878,9,1,62,0,2016,2,18,6,3,0,2,2,0,0,1,0,0,0,1,689077.7613,5334933.2361,11.541658564,48.139532365,2,#fc8d62,car
132880,9,1,62,0,2016,2,18,2,3,6,4,1,0,0,1,1,0,0,0,688499.2041,5339123.8303,11.53574593,48.177369595,2,#fc8d62,car
132882,9,1,81,130,2016,2,13,2,3,9,1,0,0,0,0,0,0,1,0,636511.0178,5325793.0682,10.832558286,48.07079321,5,#a6d854,bus
132886,9,1,88,120,2016,2,7,4,3,5,2,0,0,1,1,0,0,0,0,677085.4674,5327681.8023,11.37759215,48.077798171,1,#66c2a5,bicycle
132888,9,7,61,0,2016,2,19,5,3,5,3,2,0,1,1,0,0,0,0,640786417.0,5354488489.0,10.899438239,48.32789151,1,#66c2a5,bicycle
132892,9,7,61,0,2016,2,1,1,2,6,4,2,1,0,1,1,0,0,0,640755017.0,5359245199.0,10.900605201,48.370669347,2,#fc8d62,car
132894,9,1,62,0,2016,2,14,7,3,5,2,0,1,1,1,0,0,0,0,685776.4155,5332624.6483,11.496318168,48.11975423,1,#66c2a5,bicycle
132895,9,1,86,143,2016,2,17,6,2,5,3,2,1,0,1,0,1,0,0,685452.1319,5379354.4591,11.512526224,48.539860002,2,#fc8d62,car
132897,9,1,84,135,2016,2,18,3,3,5,3,2,1,0,1,0,1,0,0,689837.6569,5347443.5489,11.557456256,48.25174788,2,#fc8d62,car
132900,9,1,79,145,2016,2,14,6,3,5,3,0,1,0,1,0,1,0,0,675339189.0,5338387.0516,11.358571147,48.174514202,2,#fc8d62,car
132901,9,1,77,116,2016,2,17,1,3,5,3,1,0,0,1,0,0,0,0,710841.4004,5363235592.0,11.847964629,48.387010895,2,#fc8d62,car
132903,9,1,62,0,2016,2,15,7,3,1,5,0,1,0,1,0,0,0,1,692344.7998,5334235.2114,11.585214239,48.132279497,2,#fc8d62,car
132905,9,1,84,149,2016,2,10,6,3,5,7,0,1,1,0,0,0,1,0,691118.8204,5351832.6553,11.576681568,48.29081066,1,#66c2a5,bicycle
132907,9,1,62,0,2016,2,12,7,3,5,2,0,1,1,1,0,0,0,0,687434038.0,5336064152.0,11.520083101,48.150183628,1,#66c2a5,bicycle
132909,9,1,62,0,2016,2,11,6,3,5,2,0,1,0,1,0,0,0,1,688284.9213,5335727.7103,11.531363006,48.146908333,2,#fc8d62,car
132913,9,1,74,115,2016,2,13,6,3,2,6,0,1,0,1,0,0,0,0,683772054.0,5347682.0898,11.475925741,48.255679743,2,#fc8d62,car
132917,9,1,62,0,2016,2,10,6,3,6,4,0,0,0,1,1,0,0,0,692933.4209,5335338.5969,11.593616989,48.14201829,2,#fc8d62,car
132918,9,1,79,121,2016,2,20,7,3,5,3,2,1,0,1,0,0,0,0,668397.7706,5338052.9948,11.265143752,48.173388412,2,#fc8d62,car
132919,9,1,62,0,2016,2,11,2,3,0,5,0,0,0,1,0,0,0,0,688523763.0,5341642.8,11.53719399,48.200002968,2,#fc8d62,car
132922,9,7,61,0,2016,2,15,2,3,3,2,0,0,0,1,0,0,0,0,639906.9745,5359331.9322,10.889189493,48.371637793,2,#fc8d62,car
132923,9,1,79,121,2016,2,16,3,3,1,3,0,1,0,1,0,0,0,0,666916.6865,5337750115.0,11.245118485,48.171056252,2,#fc8d62,car
132924,9,1,62,0,2016,2,16,4,3,5,3,0,0,0,1,0,0,0,0,691984.96,5332320009.0,11.57952031,48.115174568,2,#fc8d62,car
132925,9,7,61,0,2016,2,15,3,3,5,3,0,1,0,1,0,0,0,1,640483.0615,5357575.6378,10.896377552,48.35571778,2,#fc8d62,car
132926,9,7,62,0,2016,2,11,2,3,0,1,0,0,1,0,0,0,0,0,622106.2986,5306534.3942,10.633795677,47.900510565,1,#66c2a5,bicycle
132928,9,1,78,143,2016,2,18,6,3,5,3,2,1,0,1,0,0,0,0,717263.3855,5372216.8208,11.939246952,48.465525608,2,#fc8d62,car
132933,9,1,77,120,2016,2,17,6,3,5,3,0,0,0,1,0,0,0,0,719198327.0,5359432.5775,11.958711442,48.349994293,2,#fc8d62,car
132935,9,1,78,113,2016,2,9,2,3,2,2,0,0,0,1,0,1,0,0,691213.5544,5367087.7388,11.584889109,48.427886816,2,#fc8d62,car
132937,9,1,62,0,2016,2,18,5,3,5,2,2,0,1,1,0,0,0,0,694215691.0,5332761254.0,11.609661444,48.118463961,1,#66c2a5,bicycle
132938,9,1,83,119,2016,2,9,3,3,0,7,0,0,1,0,0,0,0,0,736670.8098,5339635.1701,12.183116829,48.165853872,1,#66c2a5,bicycle
132939,9,1,78,124,2016,2,6,4,3,0,1,0,0,1,0,0,0,0,0,703875.6881,5363991.3462,11.754356236,48.396091839,1,#66c2a5,bicycle
132940,9,1,62,0,2016,2,8,5,3,5,3,0,0,1,1,0,0,0,0,689583.0719,5337316114.0,11.549505514,48.160799409,1,#66c2a5,bicycle
132944,9,1,62,0,2016,2,6,5,3,6,4,2,0,0,1,1,0,0,0,682869.53,5342692.0832,11.461624273,48.21108815,2,#fc8d62,car
132948,9,1,62,0,2016,2,10,7,3,2,2,0,0,0,1,0,0,0,0,698208.7184,5333656.1952,11.663672019,48.125276703,2,#fc8d62,car
132950,9,1,62,0,2016,2,11,6,3,6,1,0,0,0,1,1,0,0,0,697791.9782,5330602912.0,11.656662019,48.097965468,2,#fc8d62,car
132951,9,1,84,123,2016,2,9,3,3,5,3,0,0,1,1,0,0,0,0,703423988.0,5332188.35,11.732976702,48.110440551,1,#66c2a5,bicycle
132955,9,1,62,0,2016,2,8,5,3,4,6,0,0,1,0,0,0,0,0,692321.2227,5337857.6868,11.586534272,48.164844638,1,#66c2a5,bicycle
132956,9,2,61,0,2016,2,15,1,3,8,1,0,0,0,0,0,1,0,0,736636.3506,5384729.4709,12.208020835,48.570930895,4,#e78ac3,marker
132958,9,1,84,118,2016,2,18,7,3,1,5,2,1,0,1,0,0,0,0,702789.7219,5336142098.0,11.72634677,48.146174315,2,#fc8d62,car
132962,9,1,62,0,2016,2,19,4,2,0,7,2,1,1,0,0,0,0,0,683237.9924,5336450.4095,11.463887578,48.154878214,1,#66c2a5,bicycle
132963,9,7,72,147,2016,2,8,3,3,2,2,0,1,0,1,0,0,0,0,639015.1356,5364462.9184,10.878852097,48.417971305,2,#fc8d62,car
132965,9,1,62,0,2016,2,20,5,3,0,7,2,0,1,0,0,0,0,0,692495.8577,5337655.0064,11.588788729,48.162970147,1,#66c2a5,bicycle
132967,9,1,62,0,2016,2,16,5,3,5,3,0,0,0,1,0,0,0,0,688992.9048,5341832.2559,11.543585706,48.201566334,2,#fc8d62,car
132969,9,7,62,0,2016,2,14,7,3,5,3,0,1,0,1,0,0,0,0,621811011.0,5305191.8015,10.629467373,47.888491813,2,#fc8d62,car
132971,9,1,74,115,2016,2,19,3,3,6,2,2,1,0,1,1,0,0,0,680942.2348,5347183.3026,11.437623005,48.252010634,2,#fc8d62,car
132972,9,1,62,0,2016,2,22,4,3,3,7,2,0,1,1,0,0,0,0,691147.1319,5335580.6806,11.569737627,48.14473327,1,#66c2a5,bicycle
132973,9,7,61,0,2016,2,12,3,3,0,7,0,1,1,0,0,0,0,0,641463.7882,5359299.7472,10.910188522,48.37100135,1,#66c2a5,bicycle
132975,9,1,63,0,2016,2,10,2,3,5,2,0,0,1,0,0,0,0,1,731878.3069,5304571.7879,12.099806154,47.85261353,1,#66c2a5,bicycle
132976,9,1,62,0,2016,2,8,5,3,5,3,0,0,0,1,0,0,0,1,684922.4292,5333279.9194,11.485138448,48.125892737,2,#fc8d62,car
132981,9,1,62,0,2016,2,16,5,3,5,3,0,0,0,1,0,0,0,0,695441345.0,5329904127.0,11.624803931,48.092410354,2,#fc8d62,car
132982,9,1,62,0,2016,2,21,6,3,6,4,2,0,0,1,1,0,0,0,697013.8172,5330995.4966,11.646402863,48.101734847,2,#fc8d62,car
132984,9,1,62,0,2016,2,10,2,3,0,1,0,0,1,0,0,0,0,0,682732.1715,5340441.5649,11.458808192,48.190898761,1,#66c2a5,bicycle
132989,9,1,62,0,2016,2,13,5,3,5,3,0,0,0,1,0,0,0,0,695880.2717,5329758.2158,11.63062541,48.090964228,2,#fc8d62,car
132990,9,1,90,159,2016,2,17,3,2,4,6,1,1,0,1,0,0,0,1,661574.5886,5304013496.0,11.160601353,47.869120589,2,#fc8d62,car
132991,9,1,81,130,2016,2,1,4,3,8,1,2,1,0,1,0,0,0,0,638945.0537,5323658.5681,10.864522135,48.051073454,2,#fc8d62,car
132993,9,7,61,0,2016,2,14,5,3,0,1,0,0,1,0,0,0,0,0,637071.3833,5352939.2999,10.848840239,48.31477781,1,#66c2a5,bicycle
132996,9,1,62,0,2016,2,10,7,3,5,3,0,0,0,1,0,0,0,0,679503.0794,5334395.2909,11.412846694,48.137470019,2,#fc8d62,car
132999,9,1,62,0,2016,2,1,7,2,1,5,2,0,0,1,0,0,0,0,680274.4443,5335504309.0,11.423675149,48.147220819,2,#fc8d62,car
133000,9,1,62,0,2016,2,11,5,3,5,3,0,0,1,1,0,0,0,0,692247.3115,5335089.7815,11.584291002,48.139989666,1,#66c2a5,bicycle
133001,9,1,62,0,2016,2,16,3,2,5,2,0,1,1,1,0,0,0,0,692246.8701,5330243.0211,11.582099834,48.096427861,1,#66c2a5,bicycle
133004,9,1,62,0,2016,2,19,5,3,6,4,2,0,0,1,1,0,0,0,691511.3473,5335144.2437,11.574432648,48.140701099,2,#fc8d62,car
133007,9,1,62,0,2016,2,20,7,3,5,6,2,1,0,1,0,0,0,0,692893.1112,5334352899.0,11.592629297,48.133171308,2,#fc8d62,car
133010,9,1,79,142,2016,2,18,3,2,6,4,2,1,0,1,1,0,0,0,673657.4099,5342569.2457,11.33767874,48.212571368,2,#fc8d62,car
133011,9,1,62,0,2016,2,20,4,3,5,2,2,0,1,1,0,0,0,0,696884.0859,5333966.7541,11.646033866,48.128478843,1,#66c2a5,bicycle
133012,9,7,61,0,2016,2,16,3,3,5,3,0,1,0,1,0,0,0,0,638483554.0,5359325206.0,10.869977271,48.371891267,2,#fc8d62,car
133017,9,1,62,0,2016,2,11,5,3,0,3,0,0,0,1,0,0,0,0,690948.1448,5334298022.0,11.566490223,48.133264579,2,#fc8d62,car
133021,9,1,79,126,2016,2,11,7,3,5,3,0,0,0,1,0,0,0,0,677301.4445,5339904.5709,11.385575978,48.187610913,2,#fc8d62,car
133022,9,1,62,0,2016,2,10,2,3,5,3,0,0,0,1,0,0,0,0,693319.4623,5339336.6076,11.600617775,48.17783389,2,#fc8d62,car
133030,9,7,72,147,2016,2,14,5,3,3,2,0,0,1,1,0,0,0,0,638512.5554,5366166.0315,10.872625976,48.433395888,1,#66c2a5,bicycle
133035,9,1,62,0,2016,2,7,2,3,5,3,0,0,1,1,0,0,0,0,690140.6521,5334075.8204,11.555548957,48.13150918,1,#66c2a5,bicycle
133037,9,1,88,144,2016,2,18,2,3,8,7,2,0,0,1,0,0,0,0,666512.5776,5328875.4254,11.236218908,48.091377824,2,#fc8d62,car
133039,9,7,72,163,2016,2,21,5,3,5,3,2,0,0,1,0,0,0,0,639952.6795,5346371.3657,10.885506207,48.255088762,2,#fc8d62,car
133041,9,1,88,127,2016,2,13,4,3,2,2,0,0,0,1,0,0,0,1,676753.3357,5329870.7092,11.374042743,48.097567105,2,#fc8d62,car
133045,9,7,61,0,2016,2,17,5,2,6,4,1,0,1,0,1,0,0,0,638365.4005,5359924.8347,10.868580048,48.37730893,1,#66c2a5,bicycle
133048,9,1,62,0,2016,2,11,7,3,6,4,0,1,1,0,1,0,0,0,691205.5531,5334050.2267,11.56983518,48.130960136,1,#66c2a5,bicycle
133050,9,1,62,0,2016,2,18,3,3,5,7,2,1,0,1,0,0,0,0,689137.4589,5330610.6693,11.540542631,48.100662802,2,#fc8d62,car
133052,9,7,61,0,2016,2,17,5,3,5,2,1,0,0,1,0,0,0,0,638460.8972,5360375.1101,10.870017321,48.381336764,2,#fc8d62,car
133053,9,1,62,0,2016,2,12,7,3,4,2,0,0,1,1,0,0,0,0,692317033.0,5334251.26,11.584848676,48.13243213,1,#66c2a5,bicycle
133059,9,1,62,0,2016,2,3,7,3,8,7,2,0,0,1,0,0,1,0,684073.6861,5333584.1603,11.473874807,48.128873415,2,#fc8d62,car
133061,9,7,61,0,2016,2,5,6,3,0,3,2,0,1,0,0,0,0,0,643516.7878,5359346.8391,10.93790992,48.370961258,1,#66c2a5,bicycle
133063,9,7,61,0,2016,2,15,3,3,6,3,0,1,0,1,1,0,0,0,637530.3754,5360217.1065,10.857405118,48.380119559,2,#fc8d62,car
133065,9,7,61,0,2016,2,16,5,3,2,6,0,0,0,1,0,0,0,0,639113.1285,5359144636.0,10.87841409,48.370129159,2,#fc8d62,car
133069,9,1,62,0,2016,2,8,6,3,6,4,0,0,0,1,1,0,0,0,691635.8114,5334658.6079,11.575885527,48.136298796,2,#fc8d62,car
133071,9,1,62,0,2016,2,17,2,3,6,4,0,0,0,1,1,0,0,0,690261.3661,5333788.2556,11.557041316,48.128888472,2,#fc8d62,car