OBJECTID,ULAND,UREGBEZ,UKREIS,UGEMEINDE,UJAHR,UMONAT,USTUNDE,UWOCHENTAG,UKATEGORIE,UART,UTYP1,ULICHTVERH,STRZUSTAND,IstRad,IstPKW,IstFuss,IstKrad,IstGkfz,IstSonstig,LINREFX,LINREFY,XGCSWGS84,YGCSWGS84,Teilnehmer,color,symbol
133074,9,1,74,131,2016,2,18,3,3,6,4,2,1,0,1,1,0,0,0,675951.6161,5359197.8512,11.375460324,48.361414311,2,#fc8d62,car
133075,9,1,62,0,2016,2,8,4,3,0,7,0,1,0,0,0,1,0,0,691113439.0,5335615878.0,11.569300939,48.145059743,4,#e78ac3,marker
133076,9,7,61,0,2016,2,7,3,3,5,3,0,1,1,0,0,0,0,1,640650.0965,5358148.8008,10.89882265,48.360834293,1,#66c2a5,bicycle
133077,9,7,62,0,2016,2,16,2,3,0,1,0,0,1,0,0,0,0,0,621965.0728,5305748.4573,10.631684694,47.893468952,1,#66c2a5,bicycle
133079,9,7,61,0,2016,2,15,5,3,0,7,0,0,1,0,0,0,0,0,639018.7537,5360201.8366,10.877490073,48.379656051,1,#66c2a5,bicycle
133084,9,7,61,0,2016,2,16,5,3,5,3,0,0,0,1,0,0,0,0,641333.5,5365086778.0,10.910378118,48.423064982,2,#fc8d62,car
133086,9,1,62,0,2016,2,17,1,3,2,7,1,0,0,1,0,0,0,1,683888.5723,5339022.6939,11.473739355,48.177811497,2,#fc8d62,car
133088,9,7,61,0,2016,2,12,5,3,4,2,0,0,0,1,0,0,0,0,642938.4306,5362072288.0,10.93103205,48.395598309,2,#fc8d62,car
133089,9,7,72,184,2016,2,10,4,3,1,6,0,0,0,1,0,0,0,0,634977.1494,5361660.0938,10.823404668,48.393646345,2,#fc8d62,car
133092,9,7,61,0,2016,2,13,5,3,6,4,0,0,0,1,1,0,0,0,641050432.0,5362986636.0,10.905848031,48.40424489,2,#fc8d62,car
133098,9,1,62,0,2016,2,14,7,3,5,3,0,1,1,1,0,0,0,0,681154.2118,5337340.0054,11.436273503,48.163471602,1,#66c2a5,bicycle
133100,9,7,61,0,2016,2,13,6,3,6,4,0,0,0,1,1,0,0,0,640540.7223,5359226.3144,10.897706934,48.3705473,2,#fc8d62,car
133103,9,7,77,141,2016,3,5,3,3,9,1,2,2,0,1,0,0,0,0,632893.7468,5304087.9058,10.77731083,47.876365377,2,#fc8d62,car
133105,9,7,72,163,2016,3,18,3,3,1,7,2,1,0,1,0,0,0,0,640478.1847,5349540.4112,10.893634889,48.283468052,2,#fc8d62,car
133106,9,1,62,0,2016,2,21,5,3,6,4,2,1,0,1,1,0,0,0,690322.1368,5336304714.0,11.558981786,48.1514882,2,#fc8d62,car
133108,9,7,61,0,2016,2,19,6,3,6,7,2,0,0,0,1,0,0,1,639861.2766,5358690.6498,10.888359502,48.365881693,3,#8da0cb,toilet
133111,9,1,81,130,2016,2,18,5,2,2,2,2,1,0,1,0,0,1,0,637116.6785,5325324.6941,10.840534257,48.066451459,2,#fc8d62,car
133112,9,1,63,0,2016,3,18,4,3,0,1,2,1,1,0,0,0,0,0,733463.3572,5306814.9916,12.122174171,47.872192829,1,#66c2a5,bicycle
133114,9,1,62,0,2016,2,16,6,3,6,4,0,0,1,0,1,0,0,0,700819.9361,5331566.1514,11.697739186,48.105675142,1,#66c2a5,bicycle
133116,9,1,62,0,2016,2,18,2,3,6,4,2,2,0,1,1,0,0,0,687413137.0,5336069.2083,11.519804592,48.150235234,2,#fc8d62,car
133118,9,1,62,0,2016,2,11,5,3,4,2,0,1,0,1,0,0,0,0,684749.2943,5333744.6077,11.48301544,48.13011987,2,#fc8d62,car
133120,9,1,62,0,2016,2,12,5,3,6,4,0,1,0,1,1,0,0,0,688965088.0,5334396668.0,11.539907471,48.134743097,2,#fc8d62,car
133123,9,1,62,0,2016,2,12,6,3,5,3,0,0,1,1,0,0,0,0,686418.4172,5330484.4418,11.504001061,48.100329545,1,#66c2a5,bicycle
133125,9,1,62,0,2016,2,10,6,3,2,6,0,0,0,1,0,0,0,0,698908615.0,5333575.7619,11.673029604,48.124335549,2,#fc8d62,car
133126,9,1,88,139,2016,3,10,3,3,6,4,0,1,0,1,1,0,0,0,675143554.0,5319565.8297,11.348222421,48.00537561,2,#fc8d62,car
133127,9,1,62,0,2016,2,10,2,3,2,2,0,1,0,1,0,0,0,1,682928.9307,5335811.5667,11.459461207,48.149224856,2,#fc8d62,car
133129,9,1,62,0,2016,2,13,5,3,2,6,0,1,0,1,0,0,0,1,690390.2472,5333884.9243,11.558814829,48.129718795,2,#fc8d62,car
133131,9,1,62,0,2016,3,6,3,3,5,2,1,2,1,1,0,0,0,0,689487886.0,5334932459.0,11.547165633,48.139403381,1,#66c2a5,bicycle
133132,9,1,62,0,2016,3,5,3,3,8,1,2,2,0,1,0,0,0,0,692713.1624,5339482.8987,11.592536578,48.179332866,2,#fc8d62,car
133133,9,1,62,0,2016,2,8,6,3,2,6,0,0,0,1,0,1,0,0,691212349.0,5340246552.0,11.572711264,48.186649841,2,#fc8d62,car
133136,9,1,62,0,2016,2,18,2,3,4,3,2,1,1,1,0,0,0,0,691915.1861,5339114.2039,11.581646389,48.176260634,1,#66c2a5,bicycle
133138,9,1,62,0,2016,2,9,2,3,0,7,0,0,1,0,0,0,0,0,692601.2021,5334713.7639,11.588873124,48.136503086,1,#66c2a5,bicycle
133139,9,1,62,0,2016,2,8,5,3,6,4,0,1,0,1,1,0,0,0,691570.9312,5335326.2308,11.575314645,48.142318838,2,#fc8d62,car
133143,9,7,78,216,2016,2,8,5,2,8,1,0,2,0,1,0,0,0,0,623765.0813,5322725.6468,10.660644367,48.04580802,2,#fc8d62,car
133144,9,1,62,0,2016,2,15,1,3,2,6,0,0,0,1,0,0,0,0,686219.5992,5334353.3558,11.503022812,48.135163077,2,#fc8d62,car
133147,9,1,78,124,2016,2,17,2,3,2,6,2,1,0,1,0,0,0,0,703564.3775,5364665.6424,11.750482358,48.402251749,2,#fc8d62,car
133148,9,7,61,0,2016,2,12,2,3,6,2,0,1,0,1,1,0,0,0,638796.8075,5356942.6427,10.873418844,48.350398912,2,#fc8d62,car
133153,9,1,73,147,2016,2,14,2,2,4,6,0,1,0,1,0,0,0,0,682660694.0,5308527.3221,11.444227725,47.904046327,2,#fc8d62,car
133158,9,7,61,0,2016,2,0,7,2,6,2,2,0,0,1,1,0,0,0,640747.3467,5355028.6072,10.899091804,48.332756803,2,#fc8d62,car
133159,9,1,88,127,2016,2,10,7,3,5,3,0,0,1,1,0,0,0,0,674578.7679,5328295.9434,11.344216956,48.08401023,1,#66c2a5,bicycle
133160,9,1,74,115,2016,2,12,5,3,5,3,0,1,0,1,0,0,0,0,681936.7778,5347792.3373,11.451270435,48.257200262,2,#fc8d62,car
133162,9,1,62,0,2016,2,16,7,3,2,6,0,0,0,1,0,0,0,0,692186.5413,5337009.5602,11.584341685,48.157262599,2,#fc8d62,car
133164,9,1,75,139,2016,2,8,5,3,8,6,0,2,0,1,0,0,0,1,708690.9108,5328506.5151,11.801851082,48.075650879,2,#fc8d62,car
133166,9,1,73,147,2016,3,17,3,3,0,7,0,1,1,0,0,0,0,0,681191.1033,5309728.1887,11.425085621,47.915257975,1,#66c2a5,bicycle
133172,9,1,62,0,2016,2,9,6,3,2,6,0,0,0,1,0,0,1,0,688395.3217,5335695.7435,11.532831615,48.146588325,2,#fc8d62,car
133173,9,1,62,0,2016,2,16,6,2,3,7,0,0,1,0,0,0,0,0,692024875.0,5336466424.0,11.581924954,48.152429839,1,#66c2a5,bicycle
133175,9,1,62,0,2016,2,9,6,3,2,6,0,0,0,1,0,0,0,0,692298062.0,5337526.1688,11.586073234,48.161872041,2,#fc8d62,car
133176,9,1,74,115,2016,3,16,3,2,0,1,0,1,1,0,0,0,0,0,682560.9698,5348104.06,11.459806755,48.259822658,1,#66c2a5,bicycle
133177,9,1,62,0,2016,2,8,2,3,3,6,0,1,0,1,0,0,1,0,697010813.0,5331135.3535,11.646427117,48.102992728,2,#fc8d62,car
133178,9,1,87,122,2016,3,7,4,3,5,3,0,0,1,1,0,0,0,0,717846.6322,5307230.9307,11.913826117,47.881416983,1,#66c2a5,bicycle
133182,9,1,62,0,2016,2,12,2,3,6,4,0,1,0,1,1,0,0,0,688953.5188,5332413083.0,11.538872741,48.116917786,2,#fc8d62,car
133184,9,7,61,0,2016,2,7,5,3,0,7,0,1,1,0,0,0,0,0,638695.0652,5360395.5892,10.873184936,48.381469471,1,#66c2a5,bicycle
133186,9,1,84,148,2016,3,7,3,3,4,1,0,2,0,1,0,0,0,1,693614.6594,5328522.5818,11.599671362,48.080550855,2,#fc8d62,car
133189,9,7,61,0,2016,2,10,5,3,5,3,0,1,0,1,0,0,0,0,639657.2551,5357470.0719,10.885201273,48.354951743,2,#fc8d62,car
133190,9,1,62,0,2016,2,16,2,3,2,6,0,1,0,1,0,0,0,0,686026.0267,5340371.8359,11.503055613,48.189315868,2,#fc8d62,car
133191,9,1,87,117,2016,2,16,2,3,5,3,0,1,0,1,0,0,0,0,724793.7922,5305523.4133,12.005730068,47.863680608,2,#fc8d62,car
133192,9,7,62,0,2016,2,7,2,3,4,2,0,2,0,1,0,0,0,0,622534.8871,5305926.3354,10.639355125,47.894960171,2,#fc8d62,car
133194,9,1,73,137,2016,2,8,6,2,4,6,0,1,0,1,0,0,0,0,674987022.0,5305529.6527,11.340419816,47.879236833,2,#fc8d62,car
133196,9,1,73,126,2016,2,12,6,3,2,6,0,1,0,1,0,1,0,0,685618.7945,5303828.7245,11.481753272,47.860961993,2,#fc8d62,car
133197,9,1,62,0,2016,3,11,3,3,5,3,0,1,0,1,0,0,0,0,690664.6643,5336149.3865,11.563512892,48.149989541,2,#fc8d62,car
133200,9,1,77,117,2016,2,19,2,3,6,4,2,1,0,1,1,0,0,0,715186.5137,5354086.5368,11.901904797,48.303338889,2,#fc8d62,car
133201,9,7,61,0,2016,2,16,2,3,6,4,0,1,0,1,1,0,0,0,639801701.0,5358681.8592,10.887552665,48.365815848,2,#fc8d62,car
133203,9,1,62,0,2016,2,11,7,3,5,3,0,0,1,1,0,0,0,0,690019.7699,5335746.04,11.55467111,48.146557243,1,#66c2a5,bicycle
133205,9,1,77,117,2016,2,12,5,3,5,3,0,1,1,1,0,0,0,0,715869121.0,5353054.03,11.910569948,48.293829204,1,#66c2a5,bicycle
133208,9,7,62,0,2016,3,18,3,3,4,6,2,1,0,1,0,0,0,0,621509.2567,5304651.3487,10.625280376,47.883688321,2,#fc8d62,car
133212,9,1,62,0,2016,2,1,1,3,6,4,2,0,0,1,1,0,0,0,691037.6239,5334158.6163,11.567629131,48.131984759,2,#fc8d62,car
133216,9,1,62,0,2016,2,15,4,3,2,6,0,0,0,1,0,0,0,0,693446.5112,5335202.1429,11.600445153,48.140636094,2,#fc8d62,car
133220,9,1,73,134,2016,3,12,3,3,4,1,0,2,0,1,0,0,0,0,686782.4482,5302368.9533,11.496665927,47.847503085,2,#fc8d62,car
133226,9,1,78,124,2016,2,20,7,3,3,2,2,0,1,1,0,0,0,0,702673.3651,5365666.4285,11.738940917,48.411532104,1,#66c2a5,bicycle
133231,9,1,62,0,2016,2,20,2,2,6,2,2,1,0,1,1,0,0,0,690869.9144,5339148.01,11.567615248,48.176879284,2,#fc8d62,car
133235,9,1,62,0,2016,3,11,3,3,3,6,0,2,0,1,0,0,0,0,693363.2086,5335024.2854,11.599245786,48.139062885,2,#fc8d62,car
133239,9,1,62,0,2016,3,7,3,3,5,3,0,2,0,1,0,0,0,0,688340.7013,5341026154.0,11.534459253,48.194514839,2,#fc8d62,car
133240,9,1,62,0,2016,2,10,6,3,5,3,0,0,0,1,0,0,0,1,693982.45,5335832.1146,11.607928882,48.146134886,2,#fc8d62,car
133243,9,7,71,130,2016,2,10,6,3,4,1,0,0,0,1,0,0,0,0,648571.3406,5355569.8207,11.00478571,48.335832023,2,#fc8d62,car
133244,9,1,62,0,2016,2,16,2,3,2,6,0,1,0,1,0,0,1,0,692471.3065,5341931.8072,11.590396158,48.201416191,2,#fc8d62,car
133246,9,1,62,0,2016,2,14,2,3,6,2,0,1,0,1,1,0,0,0,690523.3162,5334622.2286,11.560931116,48.136305857,2,#fc8d62,car
133252,9,1,62,0,2016,2,14,1,3,6,4,0,0,0,1,1,0,0,0,700456.7861,5334290.2696,11.694146975,48.130271292,2,#fc8d62,car
133254,9,1,62,0,2016,2,18,7,3,1,7,2,0,0,1,1,0,0,0,688195.6731,5338139.1613,11.531230979,48.168609232,2,#fc8d62,car
133255,9,1,75,132,2016,2,11,2,2,5,3,0,1,1,1,0,0,0,0,706801.2394,5332060.7802,11.77823297,48.108206687,1,#66c2a5,bicycle
133256,9,7,77,121,2016,2,15,2,3,5,3,0,2,0,1,0,0,0,1,628302.0259,5322911.6216,10.721547568,48.046584671,2,#fc8d62,car
133259,9,1,87,150,2016,2,14,6,3,2,6,0,0,0,1,0,0,0,0,729419.5371,5303891.2258,12.066624828,47.847381277,2,#fc8d62,car
133260,9,1,73,120,2016,2,17,2,2,4,1,1,2,0,1,0,0,0,0,691469.6095,5311056.2025,11.563105851,47.924208291,2,#fc8d62,car
133261,9,7,71,113,2016,3,7,3,3,4,1,0,2,0,1,0,0,0,0,656456682.0,5368420.9975,11.115902286,48.449466674,2,#fc8d62,car
133263,9,7,71,142,2016,2,13,1,3,5,3,0,0,0,1,0,0,0,0,645990.7916,5351966.1848,10.968738333,48.304031904,2,#fc8d62,car
133265,9,7,72,163,2016,2,14,7,2,0,1,0,0,1,0,0,0,0,0,639562.4191,5348347.9991,10.880903613,48.272948565,1,#66c2a5,bicycle
133266,9,1,87,117,2016,2,14,7,3,5,3,0,0,0,1,0,0,0,0,724772878.0,5305437.4238,12.005406121,47.862915308,2,#fc8d62,car
133267,9,1,62,0,2016,2,16,4,3,0,7,0,1,1,0,0,0,0,1,692249.3679,5336205.2389,11.584822279,48.150014547,1,#66c2a5,bicycle
133268,9,1,63,0,2016,3,16,4,3,7,1,0,0,1,0,0,0,0,0,733792.0596,5305077.0166,12.12562351,47.856459323,1,#66c2a5,bicycle
133270,9,7,61,0,2016,2,7,6,3,5,3,0,1,1,1,0,0,0,0,640936.9237,5361391.1011,10.903779671,48.389923884,1,#66c2a5,bicycle
133273,9,1,62,0,2016,2,16,4,3,6,7,0,0,1,0,1,0,0,0,690768.22,5337213.9545,11.565381003,48.15952674,1,#66c2a5,bicycle
133280,9,1,62,0,2016,2,6,6,3,5,2,2,1,1,1,0,0,0,0,683911.9439,5335318.8823,11.472452148,48.144512868,1,#66c2a5,bicycle
133282,9,7,61,0,2016,2,16,6,3,6,4,0,0,0,1,1,0,0,0,641668838.0,5360108.2649,10.913228161,48.378225204,2,#fc8d62,car
133283,9,1,81,116,2016,3,7,3,3,4,1,0,2,0,1,0,0,0,0,646906.4278,5338414.7653,10.976377035,48.181973244,2,#fc8d62,car
133284,9,1,84,146,2016,2,17,2,3,6,4,0,1,0,1,1,0,0,0,697228.0848,5328735.4677,11.648234003,48.081356734,2,#fc8d62,car
133286,9,1,62,0,2016,2,18,2,3,6,4,2,1,0,1,1,0,0,0,687151.9511,5330138.3439,11.513692441,48.09700366,2,#fc8d62,car
133291,9,1,62,0,2016,3,17,3,3,0,7,2,1,0,0,0,1,0,0,689762.6887,5335998.8885,11.551331115,48.14890659,4,#e78ac3,marker
133294,9,1,62,0,2016,2,11,2,3,5,3,0,1,0,1,0,0,0,0,688247.1192,5333757.1342,11.529984364,48.129207617,2,#fc8d62,car
133295,9,1,87,177,2016,2,10,2,3,6,3,0,0,0,1,1,0,0,0,735572.6109,5305342.5162,12.149535688,47.858194379,2,#fc8d62,car
133296,9,7,62,0,2016,2,17,2,3,1,6,0,2,0,1,0,0,0,0,621828.8004,5307482.7951,10.630352175,47.909092947,2,#fc8d62,car
133298,9,1,81,130,2016,2,3,6,3,9,1,2,2,0,1,0,0,0,0,639280.7704,5324000.9069,10.869136122,48.054078691,2,#fc8d62,car
133301,9,1,78,124,2016,2,13,6,3,5,3,0,0,0,1,0,0,0,0,703656.6676,5359337.1117,11.749146528,48.354338625,2,#fc8d62,car
133302,9,1,62,0,2016,3,18,3,3,3,7,2,1,1,1,0,0,0,0,692220.4266,5337100.0853,11.584837758,48.158065977,1,#66c2a5,bicycle
133305,9,1,77,118,2016,2,13,2,2,5,3,0,1,0,1,0,0,0,0,708552.0783,5345273019.0,11.808204309,48.226362826,2,#fc8d62,car
133306,9,7,61,0,2016,2,15,2,3,5,3,0,1,1,1,0,0,0,0,640672.3815,5358639.2054,10.899287321,48.365238883,1,#66c2a5,bicycle
133307,9,1,87,117,2016,2,4,1,2,9,1,2,0,0,1,0,0,0,0,725185.8413,5305770.2012,12.011093234,47.865760709,2,#fc8d62,car
133309,9,1,62,0,2016,2,9,5,3,2,2,0,1,0,1,0,0,0,1,686188.2294,5337600.6967,11.504022021,48.164360506,2,#fc8d62,car
133316,9,1,62,0,2016,2,1,1,3,6,2,2,0,0,1,1,0,0,0,690535.6483,5334744.9499,11.561151601,48.13740518,2,#fc8d62,car
133318,9,1,62,0,2016,2,16,7,3,5,3,0,0,0,1,0,1,0,0,690698.4203,5337052.8513,11.564371127,48.158099695,2,#fc8d62,car
133320,9,1,62,0,2016,2,8,4,3,6,4,0,1,0,1,1,0,0,0,687676.8197,5334294.1984,11.522563992,48.134203288,2,#fc8d62,car
133322,9,1,73,126,2016,3,7,3,3,5,3,0,2,0,1,0,0,1,0,684359.9025,5306195.8457,11.465947729,47.882602619,2,#fc8d62,car
133327,9,1,77,117,2016,3,11,4,3,5,3,0,0,1,1,0,0,0,0,715061074.0,5353963224.0,11.900152609,48.302273551,1,#66c2a5,bicycle
133328,9,1,62,0,2016,2,6,6,2,4,2,2,0,1,1,0,0,0,0,689236.2027,5340141.5886,11.546103371,48.186298174,1,#66c2a5,bicycle
133332,9,1,74,115,2016,2,14,7,3,0,1,0,0,0,0,0,1,0,0,683114.8199,5348419.7408,11.467398729,48.262500316,4,#e78ac3,marker
133335,9,7,61,0,2016,2,11,6,3,1,6,0,0,0,1,0,0,0,0,639716.1098,5356396.3175,10.885638925,48.345283784,2,#fc8d62,car
133336,9,1,86,143,2016,3,11,3,2,8,7,0,2,0,1,0,0,0,0,684927.8869,5378073.4337,11.50486241,48.528501205,2,#fc8d62,car
133337,9,1,62,0,2016,2,13,2,3,5,3,0,1,0,1,0,0,0,0,688992.9712,5341830257.0,11.543585708,48.201548348,2,#fc8d62,car
133340,9,1,62,0,2016,2,13,5,2,5,3,0,1,0,1,0,0,0,1,684005.6724,5339654.0048,11.475586475,48.183452135,2,#fc8d62,car
133341,9,1,62,0,2016,3,11,3,3,5,2,0,1,0,1,0,0,0,0,692228033.0,5330455798.0,11.581942912,48.098345958,2,#fc8d62,car
133345,9,1,84,135,2016,2,17,2,3,5,7,0,1,0,1,0,0,0,1,689796.0034,5348147.2912,11.557211283,48.258085461,2,#fc8d62,car
133348,9,1,87,122,2016,2,18,5,3,2,6,2,1,0,1,0,0,0,0,719273.1971,5307642.4749,11.933090412,47.884629386,2,#fc8d62,car
133349,9,7,61,0,2016,2,11,6,3,2,6,0,0,0,1,0,0,0,0,639936.0882,5359319.0759,10.88957812,48.371515738,2,#fc8d62,car
133350,9,1,75,135,2016,3,14,3,3,5,3,0,1,0,1,0,0,0,0,709120.3409,5338549.5182,11.812535236,48.165758294,2,#fc8d62,car
133351,9,1,62,0,2016,2,16,2,3,2,6,0,1,0,1,0,0,1,0,693989652.0,5335036.74,11.607663266,48.138984155,2,#fc8d62,car
133352,9,1,88,139,2016,2,18,5,3,6,4,2,1,0,1,1,0,0,0,674770576.0,5318552607.0,11.342813407,47.996369167,2,#fc8d62,car
133353,9,1,62,0,2016,2,12,5,3,5,3,0,1,1,1,0,0,0,0,693817.4486,5332964.1268,11.604408251,48.120408657,1,#66c2a5,bicycle
133354,9,1,62,0,2016,3,19,3,3,6,2,2,1,0,1,1,0,0,0,692332.8901,5334253.5192,11.5850626,48.132447643,2,#fc8d62,car
133356,9,1,62,0,2016,2,1,1,3,5,3,2,0,0,1,0,0,0,0,689729728.0,5333344.5682,11.549706127,48.125059262,2,#fc8d62,car
133358,9,1,62,0,2016,2,17,7,3,5,3,2,0,0,1,0,0,0,0,688354.6642,5330796.8903,11.530120772,48.102568486,2,#fc8d62,car
133360,9,1,62,0,2016,2,18,4,2,6,4,2,0,1,0,1,0,0,0,689114.6921,5336029.2671,11.542641308,48.149372617,1,#66c2a5,bicycle
133361,9,7,72,163,2016,3,22,6,2,5,2,2,0,0,1,0,0,0,0,640504.5189,5349533.5856,10.893987401,48.283400833,2,#fc8d62,car
133362,9,1,62,0,2016,3,21,5,3,5,3,2,0,1,1,0,0,0,0,692824.7315,5335372.6082,11.592172823,48.142356924,1,#66c2a5,bicycle
133366,9,1,62,0,2016,3,18,7,3,2,6,2,1,0,1,0,0,0,0,690261.8246,5336211.9012,11.558130207,48.150672045,2,#fc8d62,car
133369,9,1,79,123,2016,3,9,7,3,5,3,0,0,1,1,0,0,0,0,676837.5436,5333985.7628,11.376879268,48.134535026,1,#66c2a5,bicycle
133370,9,7,72,147,2016,3,13,5,3,0,7,0,0,1,0,0,0,0,0,638786.4801,5364084.2503,10.875638148,48.414616841,1,#66c2a5,bicycle
133372,9,1,62,0,2016,3,15,6,3,0,6,0,0,0,1,0,0,0,1,690753.4642,5337369.2332,11.565252405,48.160926797,2,#fc8d62,car
133381,9,2,61,0,2016,3,12,6,3,3,2,0,0,1,1,0,0,0,0,732770.3242,5381845.1644,12.154080846,48.546469602,1,#66c2a5,bicycle
133382,9,1,62,0,2016,3,20,3,3,6,4,2,0,0,1,1,0,0,0,681082.3622,5335450.3914,11.434504008,48.14650669,2,#fc8d62,car
133383,9,1,62,0,2016,3,8,6,3,5,2,0,0,1,0,0,0,0,1,691419.5467,5337026.7076,11.574046406,48.157648055,1,#66c2a5,bicycle
133387,9,7,61,0,2016,3,16,6,3,5,3,0,0,0,1,0,0,0,0,639641.1,5360249.4171,10.885906131,48.379946444,2,#fc8d62,car
133389,9,7,72,147,2016,3,16,2,3,3,2,0,0,1,1,0,0,0,0,639020.8405,5364869254.0,10.879063857,48.421623688,1,#66c2a5,bicycle
133393,9,1,73,147,2016,3,23,2,3,6,4,2,0,0,1,1,0,0,0,681652.7677,5308919.1308,11.430918016,47.907854572,2,#fc8d62,car
133394,9,1,62,0,2016,3,11,3,2,6,7,0,0,0,1,1,0,0,0,690771.0702,5337213.4321,11.565419058,48.15952119,2,#fc8d62,car
133397,9,1,78,124,2016,3,10,3,3,1,3,0,0,1,1,0,0,0,0,704036.2175,5365053.1292,11.757038332,48.405581246,1,#66c2a5,bicycle
133400,9,1,62,0,2016,3,23,5,3,3,6,2,1,0,1,0,0,0,0,694252.1824,5341736.4634,11.614249103,48.199118209,2,#fc8d62,car
133402,9,7,61,0,2016,3,3,1,3,5,3,2,1,0,1,0,0,0,0,641815.5407,5360341.3721,10.915286873,48.380288244,2,#fc8d62,car
133404,9,1,62,0,2016,3,10,7,3,6,4,0,0,1,0,1,0,0,0,686785.4843,5336608.0753,11.511610613,48.155263353,1,#66c2a5,bicycle
133405,9,1,77,117,2016,3,15,2,2,6,7,0,0,0,1,1,0,0,0,715165.4943,5353947.1166,11.901550657,48.302093325,2,#fc8d62,car
133407,9,1,87,117,2016,3,6,1,2,9,1,0,0,0,1,0,0,0,0,726126.7361,5305788.4514,12.023665963,47.865594225,2,#fc8d62,car
133408,9,1,62,0,2016,3,13,2,3,2,6,0,0,0,1,0,0,0,0,688859.7568,5335624.0582,11.539037439,48.145806299,2,#fc8d62,car
133409,9,7,77,177,2016,3,18,7,3,9,1,2,2,0,1,0,0,0,0,634702.8992,5320307.5884,10.80657182,48.021848781,2,#fc8d62,car
133410,9,2,74,126,2016,3,8,5,3,0,6,0,1,0,0,0,1,0,1,733518613.0,5383080893.0,12.164897095,48.557291584,4,#e78ac3,marker
133415,9,1,62,0,2016,3,22,7,3,6,2,2,0,0,1,1,0,0,0,692176.8391,5334417.2947,11.583041272,48.133966766,2,#fc8d62,car
133419,9,1,78,120,2016,3,17,7,3,0,6,0,0,1,0,0,0,0,0,693768.8218,5353388.2067,11.613084632,48.303985271,1,#66c2a5,bicycle
133422,9,1,62,0,2016,3,20,6,3,2,2,2,0,0,1,0,0,0,0,683569.3185,5334843.68,11.467645583,48.140340417,2,#fc8d62,car
133423,9,1,63,0,2016,3,16,4,3,1,7,0,0,0,1,0,1,0,0,733863312.0,5305599.8918,12.126857357,47.861130911,2,#fc8d62,car
133430,9,1,62,0,2016,3,14,2,3,1,5,0,0,1,1,0,0,0,0,692241.9944,5334439.8024,11.583926255,48.134149384,1,#66c2a5,bicycle
133432,9,1,62,0,2016,3,10,3,3,5,2,0,0,0,1,0,0,0,0,690527121.0,5339645171.0,11.563231612,48.18145058,2,#fc8d62,car
133435,9,1,81,130,2016,3,9,3,3,2,6,0,0,0,1,0,0,0,0,641164.5201,5323865.7507,10.894357066,48.052449407,2,#fc8d62,car
133436,9,7,61,0,2016,3,8,5,3,5,3,0,1,0,1,0,0,0,0,640934.0794,5359900.5429,10.903241359,48.376521996,2,#fc8d62,car
133437,9,1,81,134,2016,3,6,4,3,9,7,0,1,0,1,0,0,0,0,643449.4222,5341290017.0,10.930868118,48.208616849,2,#fc8d62,car
133441,9,1,63,0,2016,3,17,4,3,5,3,0,0,0,1,0,0,0,0,730579.9621,5304295.4935,12.082328361,47.850598241,2,#fc8d62,car
133442,9,1,77,117,2016,3,10,5,3,5,3,0,0,0,1,0,0,0,0,715058.8398,5351091.5796,11.898660689,48.276472011,2,#fc8d62,car
133446,9,1,87,117,2016,3,7,2,2,0,6,0,0,1,0,0,0,0,1,725757566.0,5304548.8088,12.018089554,47.854585974,1,#66c2a5,bicycle
133447,9,1,62,0,2016,3,10,3,3,3,6,0,0,0,1,0,0,0,0,694593659.0,5336063958.0,11.616243166,48.14803193,2,#fc8d62,car
133448,9,1,62,0,2016,3,17,4,3,0,7,0,1,1,1,0,0,0,0,691352.0142,5336201.2755,11.572768086,48.150249509,1,#66c2a5,bicycle
133451,9,1,84,147,2016,3,18,2,3,3,2,2,0,1,1,0,0,0,0,696044.9437,5340312.9919,11.637692576,48.185774042,1,#66c2a5,bicycle
133452,9,1,62,0,2016,3,18,4,3,4,2,2,1,0,1,0,0,0,0,690266.4909,5336889.0657,11.558495634,48.156756981,2,#fc8d62,car
133454,9,1,62,0,2016,3,18,4,3,6,4,2,1,0,1,1,0,0,0,690510.8955,5335073.5348,11.560966199,48.140365903,2,#fc8d62,car
133456,9,1,74,115,2016,3,14,6,2,2,6,0,0,0,1,0,0,0,0,679833.1269,5347624.0534,11.422882486,48.256288094,2,#fc8d62,car
133458,9,1,62,0,2016,3,21,1,3,5,3,2,0,1,1,0,0,0,0,690714.1621,5336277.4606,11.564235091,48.151125823,1,#66c2a5,bicycle
133459,9,1,62,0,2016,3,19,4,3,6,7,2,1,0,1,1,0,0,0,682270.2261,5341219301.0,11.452932117,48.198022274,2,#fc8d62,car
133460,9,1,79,123,2016,3,15,1,2,7,7,0,0,0,1,1,0,0,0,677314.4604,5334430316.0,11.383468836,48.138398494,2,#fc8d62,car
133461,9,1,62,0,2016,3,6,2,3,6,7,1,0,0,1,1,0,0,0,686219.5015,5334358.3345,11.503023677,48.135207856,2,#fc8d62,car
133463,9,7,61,0,2016,3,22,7,3,4,3,2,1,0,1,0,0,0,0,638477.1792,5359341.1245,10.86989648,48.372035802,2,#fc8d62,car
133464,9,1,84,145,2016,3,22,6,3,4,2,2,0,0,1,0,0,0,0,694938.1977,5325602.8625,11.616092298,48.05390607,2,#fc8d62,car