OBJECTID,ULAND,UREGBEZ,UKREIS,UGEMEINDE,UJAHR,UMONAT,USTUNDE,UWOCHENTAG,UKATEGORIE,UART,UTYP1,ULICHTVERH,STRZUSTAND,IstRad,IstPKW,IstFuss,IstKrad,IstGkfz,IstSonstig,LINREFX,LINREFY,XGCSWGS84,YGCSWGS84,Teilnehmer,color,symbol
133467,9,1,62,0,2016,3,14,5,3,1,5,0,0,1,1,0,0,0,0,687718.0547,5339975.1621,11.525624388,48.185252728,1,#66c2a5,bicycle
133470,9,1,62,0,2016,3,11,4,3,1,5,0,1,1,1,0,0,0,0,688448005.0,5336083.5197,11.533710847,48.15005811,1,#66c2a5,bicycle
133471,9,1,62,0,2016,3,20,7,3,6,7,2,1,0,1,1,0,0,0,686423.2186,5329816.1438,11.503773632,48.094321188,2,#fc8d62,car
133474,9,1,62,0,2016,3,7,6,3,5,2,0,0,1,1,0,0,0,0,684882.3275,5334490.7526,11.485125452,48.13678797,1,#66c2a5,bicycle
133475,9,7,61,0,2016,3,7,5,2,0,1,0,1,1,0,0,0,0,0,639678.6572,5359857.8981,10.886282964,48.376417704,1,#66c2a5,bicycle
133476,9,1,82,120,2016,3,11,4,2,0,1,0,1,1,0,0,0,0,0,702118.3411,5306591.0303,11.703403227,47.880809934,1,#66c2a5,bicycle
133477,9,7,62,0,2016,3,11,6,2,6,4,0,0,0,1,1,0,0,0,621930.8886,5305220.6653,10.631078458,47.888728642,2,#fc8d62,car
133478,9,7,77,121,2016,3,17,3,3,5,3,0,0,0,1,0,0,0,0,627785.7213,5321715.8105,10.714266116,48.035934211,2,#fc8d62,car
133480,9,1,62,0,2016,3,9,4,2,5,3,0,1,0,1,1,0,0,0,690262455.0,5336162125.0,11.558116424,48.150224469,2,#fc8d62,car
133482,9,1,62,0,2016,3,5,4,3,4,2,2,1,0,1,0,0,0,0,694680.4043,5341563.4866,11.619926552,48.197432446,2,#fc8d62,car
133487,9,1,75,115,2016,3,6,4,3,5,3,0,1,0,1,0,0,0,0,720123.3148,5328929.6318,11.955352496,48.075609575,2,#fc8d62,car
133491,9,1,62,0,2016,3,16,4,3,6,4,0,1,0,1,1,0,0,0,697994744.0,5332972.5569,11.660482184,48.119199234,2,#fc8d62,car
133495,9,1,74,126,2016,3,16,2,3,0,1,0,0,0,0,0,0,0,1,683317.1158,5344464.4941,11.468409691,48.226890328,6,#ffd92f,circle
133496,9,1,62,0,2016,3,17,3,3,0,1,0,1,1,0,0,0,0,0,690204.4434,5335422.5838,11.557006842,48.143594834,1,#66c2a5,bicycle
133497,9,1,62,0,2016,3,16,4,2,2,6,0,1,0,1,0,0,0,0,694268.1793,5334785.8858,11.611288865,48.136644602,2,#fc8d62,car
133500,9,1,62,0,2016,3,10,3,2,3,2,0,1,1,0,0,0,0,1,687910443.0,5330410.6631,11.52398962,48.099228135,1,#66c2a5,bicycle
133504,9,1,78,124,2016,3,5,3,3,5,3,2,0,0,1,0,0,0,0,704492.9683,5359118.0538,11.760315689,48.352099912,2,#fc8d62,car
133505,9,1,62,0,2016,3,14,4,3,1,7,0,1,0,1,0,0,0,0,691608.9415,5338055.1403,11.577053812,48.166834387,2,#fc8d62,car
133507,9,1,62,0,2016,3,14,5,3,6,2,0,0,0,0,1,0,0,1,691644.1151,5333790.4804,11.575606541,48.128493672,3,#8da0cb,toilet
133510,9,1,62,0,2016,3,6,4,3,5,3,2,0,1,1,0,0,0,0,691393.0388,5336948.5311,11.573655158,48.156953395,1,#66c2a5,bicycle
133511,9,1,62,0,2016,3,18,7,3,4,2,2,1,0,1,0,0,0,0,688219.0176,5339958.2233,11.532350191,48.184952258,2,#fc8d62,car
133513,9,7,71,113,2016,3,17,7,2,5,3,0,1,0,1,0,0,0,1,655254.3275,5364671.6392,11.09826421,48.416055942,2,#fc8d62,car
133514,9,2,74,114,2016,3,18,1,3,6,7,1,0,0,1,1,0,0,0,734809553.0,5373231465.0,12.176824026,48.468336985,2,#fc8d62,car
133515,9,1,62,0,2016,3,16,2,3,3,2,0,0,1,0,0,0,1,0,683028628.0,5338912447.0,11.462134688,48.177068806,1,#66c2a5,bicycle
133517,9,1,62,0,2016,3,14,4,3,6,7,0,1,0,0,1,0,1,0,692936.7137,5335728.4575,11.593837859,48.145521254,3,#8da0cb,toilet
133522,9,1,62,0,2016,3,18,7,3,5,3,2,1,1,1,0,0,0,0,689663.6437,5331796.6499,11.548130428,48.111166122,1,#66c2a5,bicycle
133526,9,1,62,0,2016,3,13,6,3,5,7,0,0,1,1,0,0,0,0,689718979.0,5333352393.0,11.549565307,48.125132795,1,#66c2a5,bicycle
133529,9,7,71,130,2016,3,18,6,3,2,6,1,0,0,1,0,0,0,0,647366.3924,5360501.8952,10.990263918,48.380459423,2,#fc8d62,car
133531,9,1,62,0,2016,3,14,6,3,5,3,0,0,0,1,0,0,0,0,681213.2594,5338597.6982,11.437602875,48.174759887,2,#fc8d62,car
133532,9,7,72,171,2016,3,0,5,3,6,2,2,1,0,1,1,0,0,0,636866212.0,5372138382.0,10.852333826,48.487457807,2,#fc8d62,car
133533,9,1,62,0,2016,3,18,3,3,1,5,2,1,1,1,0,0,0,0,691702.6979,5335635.3916,11.577223334,48.145057841,1,#66c2a5,bicycle
133539,9,1,62,0,2016,3,10,2,3,6,4,0,0,0,0,1,0,0,1,691867.1819,5334750.9726,11.579033847,48.137059241,3,#8da0cb,toilet
133540,9,1,84,112,2016,3,13,3,2,5,3,0,1,1,1,0,0,0,0,701814.8697,5338826.0142,11.714529004,48.170604219,1,#66c2a5,bicycle
133541,9,7,72,200,2016,3,7,6,3,3,2,0,0,1,1,0,0,0,0,630563.3919,5339033.9347,10.756813479,48.191110485,1,#66c2a5,bicycle
133543,9,1,86,143,2016,3,11,3,2,0,7,0,0,0,1,0,0,0,1,685033.3846,5378444.6146,11.506454704,48.531806193,2,#fc8d62,car
133544,9,7,62,0,2016,3,16,4,3,0,6,0,0,0,1,0,0,0,1,621938.2312,5305845.8142,10.631353259,47.894349653,2,#fc8d62,car
133550,9,1,63,0,2016,3,15,6,3,5,3,0,0,1,1,0,0,0,0,732701.8499,5304035.2825,12.110510217,47.847495882,1,#66c2a5,bicycle
133553,9,1,62,0,2016,3,10,3,3,5,2,0,1,0,1,0,0,0,0,693690.6631,5332330.8756,11.602418758,48.114755758,2,#fc8d62,car
133556,9,1,62,0,2016,3,19,2,3,3,7,2,0,1,1,0,0,0,0,695626.7619,5330463.8547,11.627547862,48.097384062,1,#66c2a5,bicycle
133557,9,7,61,0,2016,3,14,4,3,5,3,0,1,0,1,0,0,0,0,639450.9131,5355856.4537,10.881883019,48.340488045,2,#fc8d62,car
133559,9,1,84,120,2016,3,17,5,3,2,6,2,1,0,1,0,0,0,0,682188725.0,5333480.3247,11.448521425,48.128482371,2,#fc8d62,car
133563,9,1,79,123,2016,3,16,6,3,1,7,0,0,1,1,0,0,0,0,675972712.0,5333480.8665,11.365056794,48.130236087,1,#66c2a5,bicycle
133564,9,7,71,113,2016,3,8,2,2,8,7,0,1,0,0,0,1,0,0,654103662.0,5365716551.0,11.083107659,48.425732752,4,#e78ac3,marker
133565,9,1,62,0,2016,3,2,1,3,5,3,2,1,0,1,0,0,0,0,686382564.0,5329045511.0,11.502891799,48.087406286,2,#fc8d62,car
133566,9,7,61,0,2016,3,13,4,3,2,6,0,1,0,1,0,0,0,0,639182.1462,5356970.1135,10.878626157,48.350561121,2,#fc8d62,car
133567,9,1,87,150,2016,3,17,1,3,3,5,0,0,1,1,0,0,0,0,729414.0221,5303853.8416,12.066531402,47.847047365,1,#66c2a5,bicycle
133568,9,1,62,0,2016,3,12,2,3,4,2,0,0,0,1,0,0,0,0,689152.6464,5336916.6406,11.543545487,48.157337109,2,#fc8d62,car
133569,9,7,71,142,2016,3,20,7,2,1,5,2,1,1,1,0,0,0,0,646350.6497,5351698.3392,10.973495287,48.301540455,1,#66c2a5,bicycle
133573,9,1,62,0,2016,3,20,7,3,5,2,2,1,1,1,0,0,0,0,691457.4688,5334593.4211,11.573461534,48.135766584,1,#66c2a5,bicycle
133576,9,1,62,0,2016,3,19,7,3,6,4,2,1,1,0,1,0,0,0,691097.2715,5334298.3517,11.56849266,48.133222784,1,#66c2a5,bicycle
133579,9,1,62,0,2016,3,9,6,3,5,2,0,0,0,1,0,0,0,0,686086.4104,5337615.5966,11.502660545,48.164524242,2,#fc8d62,car
133580,9,1,63,0,2016,3,7,4,3,0,7,1,1,1,0,0,0,0,0,734470.3853,5304230.1857,12.134219282,47.848604344,1,#66c2a5,bicycle
133584,9,1,73,147,2016,3,16,4,3,1,7,0,1,1,1,0,0,0,0,680979.3975,5309703.9209,11.422244556,47.915099606,1,#66c2a5,bicycle
133589,9,1,62,0,2016,3,12,3,3,4,2,0,0,0,1,0,0,0,0,696623.3372,5334311.6936,11.642692551,48.131659547,2,#fc8d62,car
133593,9,1,77,117,2016,3,13,4,3,1,6,0,0,0,1,0,0,0,0,714141.2834,5354722.3748,11.888150559,48.309406672,2,#fc8d62,car
133594,9,7,71,130,2016,3,10,6,3,0,3,0,0,1,1,0,0,0,0,647707.6965,5358426783.0,10.994141597,48.361721972,1,#66c2a5,bicycle
133596,9,1,63,0,2016,3,22,3,3,8,1,2,1,0,1,0,0,0,0,731957.8622,5306492.7569,12.101898424,47.869843215,2,#fc8d62,car
133601,9,1,79,118,2016,3,18,2,3,5,3,2,0,0,1,0,0,0,0,672402255.0,5337411019.0,11.318703119,48.166543658,2,#fc8d62,car
133602,9,1,62,0,2016,3,12,3,3,3,7,0,0,0,1,0,0,0,1,689112905.0,5334932.5619,11.542130198,48.139515861,2,#fc8d62,car
133606,9,1,62,0,2016,3,15,2,3,3,2,0,0,1,0,0,0,0,1,687474168.0,5335785.5873,11.52049943,48.147667996,1,#66c2a5,bicycle
133608,9,7,71,130,2016,3,15,6,3,2,6,0,0,0,1,0,0,0,0,646845.2299,5362859.7547,10.984054035,48.401780864,2,#fc8d62,car
133610,9,1,88,120,2016,3,13,3,2,6,7,0,0,0,0,1,0,0,1,676842.9755,5327780.2169,11.374380025,48.078750149,3,#8da0cb,toilet
133613,9,1,74,113,2016,3,14,6,3,3,2,0,0,0,1,0,0,1,0,674237.9993,5345390.8909,11.346647333,48.237776805,2,#fc8d62,car
133615,9,1,62,0,2016,3,0,1,3,5,3,2,1,0,1,0,0,0,0,693666.8195,5331099.7394,11.601539838,48.103697892,2,#fc8d62,car
133616,9,1,77,117,2016,3,16,1,2,0,7,0,0,1,0,0,0,0,0,714180.3448,5354403.3883,11.888514806,48.306527273,1,#66c2a5,bicycle
133618,9,7,61,0,2016,3,16,7,3,5,3,0,1,1,1,0,0,0,0,641800.2894,5362043.6346,10.915655589,48.395597641,1,#66c2a5,bicycle
133621,9,1,79,123,2016,3,13,6,3,5,3,0,0,1,1,0,0,0,0,675813.0792,5333342.1712,11.362856011,48.129033424,1,#66c2a5,bicycle
133622,9,1,74,115,2016,3,19,2,2,5,3,2,0,1,1,0,0,0,0,681137293.0,5346644.9558,11.440017975,48.24711592,1,#66c2a5,bicycle
133623,9,1,62,0,2016,3,4,7,3,6,4,2,0,0,0,1,0,0,1,693766834.0,5333888.5041,11.604149059,48.128732077,3,#8da0cb,toilet
133626,9,7,61,0,2016,3,13,4,3,5,3,0,0,0,1,0,0,0,0,639285.5662,5361202.4848,10.881423134,48.38859476,2,#fc8d62,car
133628,9,1,62,0,2016,3,18,6,3,0,6,2,0,1,1,0,0,0,0,690530.4406,5337849.9709,11.562471638,48.1653145,1,#66c2a5,bicycle
133629,9,1,74,113,2016,3,16,6,3,8,1,0,0,0,1,0,0,0,0,677116.4797,5349920.1899,11.387276067,48.277693076,2,#fc8d62,car
133631,9,7,61,0,2016,3,19,7,3,2,6,2,1,0,1,0,0,0,0,639964.2115,5359169.2805,10.889907798,48.370162585,2,#fc8d62,car
133632,9,1,62,0,2016,3,19,2,3,0,7,2,0,0,1,0,0,0,1,690668.3896,5337651.8493,11.56423619,48.163492443,2,#fc8d62,car
133633,9,7,61,0,2016,3,10,2,3,6,4,0,0,0,1,1,0,0,0,640437.3559,5359184.9406,10.896298166,48.37019829,2,#fc8d62,car
133638,9,7,61,0,2016,3,12,4,3,2,6,0,0,0,1,0,0,0,0,639977.2549,5358081.0655,10.889721681,48.360374776,2,#fc8d62,car
133639,9,1,62,0,2016,3,14,5,3,0,7,0,0,1,1,0,0,0,0,691343.7055,5336747.9861,11.572902288,48.15516577,1,#66c2a5,bicycle
133648,9,1,62,0,2016,3,7,5,3,6,4,0,0,0,1,1,0,0,0,697153.3038,5330649.9152,11.648114825,48.09858582,2,#fc8d62,car
133650,9,1,62,0,2016,3,18,5,3,0,7,2,0,0,0,0,0,0,1,700150.1669,5334905.2412,11.690319611,48.135894558,6,#ffd92f,circle
133652,9,1,62,0,2016,3,2,7,3,5,3,2,0,0,1,0,0,0,0,692215.7222,5330452.2854,11.58177615,48.098318101,2,#fc8d62,car
133653,9,1,62,0,2016,3,12,1,3,2,6,0,0,0,0,0,0,0,1,689051.0103,5332330.1422,11.54014458,48.116143367,6,#ffd92f,circle
133657,9,7,71,142,2016,3,16,2,3,6,4,0,0,0,1,0,0,0,1,645856.6891,5352137.4237,10.966990203,48.305602516,2,#fc8d62,car
133661,9,1,62,0,2016,3,12,5,3,5,3,0,0,0,1,0,0,0,0,684211.6341,5335821.1336,11.47669451,48.148940669,2,#fc8d62,car
133662,9,1,63,0,2016,3,14,2,3,0,1,0,0,1,0,0,0,0,0,733438819.0,5306603613.0,12.121732354,47.870302717,1,#66c2a5,bicycle
133663,9,2,61,0,2016,3,11,1,3,2,6,0,0,0,1,0,0,0,0,732815.0927,5380669.2314,12.154029521,48.535889952,2,#fc8d62,car
133672,9,1,62,0,2016,3,21,5,3,6,2,2,0,0,1,1,0,0,0,690457.5121,5333106.2375,11.559369954,48.122699834,2,#fc8d62,car
133673,9,1,84,131,2016,3,11,7,3,5,3,0,0,0,1,0,0,0,0,704812.4266,5339171.6672,11.754966414,48.172751673,2,#fc8d62,car
133674,9,2,61,0,2016,3,16,5,3,0,1,0,0,1,0,0,0,0,0,731172.0028,5381713.6864,12.132384175,48.545879489,1,#66c2a5,bicycle
133675,9,7,61,0,2016,3,23,4,3,1,1,2,1,0,1,0,0,0,0,640001.3863,5357347.5909,10.889803254,48.353774223,2,#fc8d62,car
133676,9,1,62,0,2016,3,16,5,3,3,1,0,0,1,1,0,0,0,0,695790.4775,5330132.0052,11.629592207,48.094351269,1,#66c2a5,bicycle
133678,9,7,61,0,2016,3,16,4,3,6,4,0,0,0,0,1,0,0,1,641414.7129,5359242729.0,10.909507065,48.370499664,3,#8da0cb,toilet
133681,9,1,62,0,2016,3,10,2,3,4,2,0,0,1,1,0,0,0,0,690589.5396,5336796.4282,11.562793642,48.155827625,1,#66c2a5,bicycle
133685,9,1,62,0,2016,3,19,5,3,5,3,2,0,1,1,0,0,0,0,690576.5373,5335933.2225,11.562232465,48.14807308,1,#66c2a5,bicycle
133687,9,1,62,0,2016,3,14,7,3,0,7,0,0,1,0,0,0,0,0,691251.9645,5336862.8935,11.571721628,48.156226139,1,#66c2a5,bicycle
133689,9,7,72,163,2016,3,8,6,3,5,3,0,0,0,1,0,0,0,0,639271506.0,5348417.3,10.877007952,48.273635759,2,#fc8d62,car
133690,9,1,90,157,2016,3,16,3,3,6,4,0,0,0,1,1,0,0,0,660602.1111,5301771.7565,11.146774074,47.849208827,2,#fc8d62,car
133694,9,1,62,0,2016,3,8,6,3,0,3,0,0,0,1,0,0,0,0,693380.1617,5335080.8931,11.599499134,48.139566506,2,#fc8d62,car
133695,9,1,88,120,2016,3,18,5,3,0,6,0,0,1,0,0,0,0,0,679737.2263,5328936.6967,11.413690784,48.088336572,1,#66c2a5,bicycle
133698,9,1,62,0,2016,3,14,2,3,1,5,0,0,0,1,0,0,0,0,683213.4281,5337836.0601,11.464154391,48.167340358,2,#fc8d62,car
133703,9,1,62,0,2016,3,16,5,3,5,3,0,0,1,1,0,0,0,0,684764.0582,5335105.7687,11.48380408,48.142350395,1,#66c2a5,bicycle
133705,9,1,84,123,2016,3,15,1,3,0,3,0,0,1,1,0,0,0,0,703193.6552,5331569.2755,11.729591019,48.104950572,1,#66c2a5,bicycle
133709,9,1,63,0,2016,3,10,5,2,2,7,0,0,0,1,0,0,0,0,731866.3243,5304576.3709,12.099648666,47.852659027,2,#fc8d62,car
133710,9,7,61,0,2016,3,15,2,3,0,1,0,0,1,0,0,0,0,0,638445.6282,5356682.4273,10.868595829,48.348136176,1,#66c2a5,bicycle
133714,9,1,87,117,2016,3,7,5,3,5,3,0,0,1,1,0,0,0,0,725434.84,5305813.1158,12.014440358,47.866058974,1,#66c2a5,bicycle
133716,9,1,84,136,2016,3,16,5,2,0,7,0,0,1,0,0,0,0,0,697806.8947,5326604642.0,11.655011215,48.062026851,1,#66c2a5,bicycle
133725,9,1,62,0,2016,3,9,5,3,0,7,0,0,1,0,0,0,0,0,698963.0474,5333744.3561,11.673838964,48.125833728,1,#66c2a5,bicycle
133726,9,1,62,0,2016,3,9,5,3,5,3,0,0,0,1,0,0,0,0,694115.2371,5335652.1337,11.609630114,48.144476783,2,#fc8d62,car
133728,9,1,62,0,2016,3,15,7,3,3,6,0,0,0,1,0,1,0,0,686483.8355,5338342.1439,11.508318794,48.17093821,2,#fc8d62,car
133733,9,1,62,0,2016,3,7,6,3,6,6,0,0,1,0,1,0,0,0,686243.1523,5332651.1343,11.502595185,48.119855951,1,#66c2a5,bicycle
133734,9,1,62,0,2016,3,16,5,3,5,3,0,0,0,1,0,0,0,0,687843.8645,5331896.6444,11.52375045,48.112604189,2,#fc8d62,car
133737,9,1,62,0,2016,3,6,2,3,5,3,0,0,1,1,0,0,0,0,695686.9463,5332123.0454,11.629116239,48.11227763,1,#66c2a5,bicycle
133740,9,1,62,0,2016,3,13,5,3,5,2,0,0,1,1,0,0,0,0,691861.4257,5335837.8934,11.579446261,48.146830044,1,#66c2a5,bicycle
133741,9,1,79,142,2016,3,14,5,3,6,2,0,0,0,1,1,0,0,0,672853.0676,5341869.8678,11.326575477,48.206503937,2,#fc8d62,car
133747,9,2,61,0,2016,3,15,3,3,5,3,0,1,1,1,0,0,0,0,730105.4965,5382626.1895,12.118459481,48.55446853,1,#66c2a5,bicycle
133749,9,1,62,0,2016,3,18,2,3,6,4,2,0,0,1,1,0,0,0,693076.8855,5335857.6365,11.595778903,48.146639753,2,#fc8d62,car
133751,9,1,81,144,2016,3,15,5,3,5,3,0,0,0,1,0,0,0,0,655535.9935,5321302.5605,11.086157584,48.026062761,2,#fc8d62,car
133752,9,2,61,0,2016,3,9,7,3,0,1,0,1,1,0,0,0,0,0,731691.4969,5381906.4575,12.139519544,48.547419498,1,#66c2a5,bicycle
133758,9,1,74,115,2016,3,17,5,3,0,1,0,0,1,0,0,0,0,0,681441.8424,5347827.5643,11.444623489,48.25765881,1,#66c2a5,bicycle
133760,9,1,62,0,2016,3,5,1,3,9,7,2,0,0,1,0,0,0,0,689251.2598,5330288.6259,11.541926886,48.097734431,2,#fc8d62,car
133767,9,1,62,0,2016,3,17,4,3,6,7,0,0,0,0,1,0,0,1,694042.8538,5332134.2991,11.607056265,48.112881782,3,#8da0cb,toilet
133769,9,7,61,0,2016,3,7,5,3,2,6,0,0,0,1,0,0,0,0,637157234.0,5360817158.0,10.852564285,48.385596379,2,#fc8d62,car
133773,9,1,62,0,2016,3,10,4,3,5,2,0,1,0,1,0,0,0,0,679229.4484,5334472.5162,11.40920447,48.138241327,2,#fc8d62,car
133776,9,1,62,0,2016,3,7,4,3,2,6,0,0,0,1,0,0,0,0,692008.0167,5330310.3393,11.578925404,48.097104921,2,#fc8d62,car
133778,9,7,72,202,2016,3,16,5,3,5,3,0,0,0,1,0,1,0,0,636552.0466,5359773.4683,10.844055397,48.376342905,2,#fc8d62,car
133779,9,1,62,0,2016,3,4,7,3,0,2,2,0,0,0,1,0,0,1,690836.02,5334668983.0,11.565150924,48.136632388,3,#8da0cb,toilet
133781,9,1,62,0,2016,3,17,4,3,3,7,0,0,0,1,0,1,0,0,693663037.0,5335793085.0,11.603621495,48.145881417,2,#fc8d62,car
133783,9,7,61,0,2016,3,7,5,3,3,2,0,0,0,1,0,0,0,0,636879.4751,5363142.4278,10.849572636,48.406565245,2,#fc8d62,car
133784,9,7,71,142,2016,3,15,7,3,5,3,0,0,0,1,0,0,0,0,646422.1942,5352097.0241,10.974597762,48.305108621,2,#fc8d62,car
133785,9,1,62,0,2016,3,11,6,3,5,3,0,0,1,1,0,0,0,0,680844261.0,5335746.3459,11.431431653,48.149234712,1,#66c2a5,bicycle
133789,9,1,62,0,2016,3,9,2,3,4,7,0,0,0,1,0,1,0,0,684065.0591,5337539.7439,11.475469204,48.164430891,2,#fc8d62,car
133790,9,7,61,0,2016,3,11,7,3,3,7,0,0,0,1,0,0,0,1,641723.0744,5359981.9444,10.913917605,48.377077205,2,#fc8d62,car
133792,9,1,79,145,2016,3,8,3,3,2,6,0,0,1,1,0,0,0,0,676030389.0,5337701108.0,11.367576571,48.168157019,1,#66c2a5,bicycle
133793,9,1,63,0,2016,3,12,6,3,0,1,0,0,1,0,0,0,0,0,732509.1954,5305408.4249,12.108676908,47.859902119,1,#66c2a5,bicycle
133794,9,1,62,0,2016,3,16,4,3,1,5,0,0,1,1,0,0,0,0,690879.7055,5336133.5316,11.566394034,48.149782544,1,#66c2a5,bicycle
133804,9,1,62,0,2016,3,7,4,3,1,6,0,0,0,1,0,0,0,0,692312.8817,5337725.6266,11.5863625,48.163660237,2,#fc8d62,car
133805,9,7,61,0,2016,3,7,2,3,0,3,0,0,1,1,0,0,0,0,639627.6991,5359553.1609,10.885493979,48.373688871,1,#66c2a5,bicycle
133807,9,1,62,0,2016,3,7,4,3,5,3,0,0,1,1,0,0,0,0,695488987.0,5331656.21,11.626245557,48.108142712,1,#66c2a5,bicycle
133809,9,1,63,0,2016,3,12,7,3,5,3,0,0,0,1,0,0,0,0,732518.4886,5305235525.0,12.108708017,47.858345398,2,#fc8d62,car
133812,9,1,62,0,2016,3,1,1,3,5,3,2,1,0,1,0,0,0,0,692952.04,5332321.5591,11.592500992,48.114896234,2,#fc8d62,car
133816,9,7,61,0,2016,3,14,2,3,5,7,0,0,0,1,0,0,0,1,640803.1838,5351068.0085,10.898522623,48.297131677,2,#fc8d62,car
133818,9,1,62,0,2016,3,12,4,3,6,4,0,0,0,1,1,0,0,0,686782.2699,5339399572.0,11.512793579,48.180355009,2,#fc8d62,car
133819,9,1,86,125,2016,3,16,7,2,8,7,0,0,0,1,0,0,0,0,670700.6411,5370774.5145,11.309339837,48.466921192,2,#fc8d62,car
133822,9,1,78,124,2016,3,13,1,3,5,3,0,0,0,1,0,1,0,0,701069073.0,5365006174.0,11.716969556,48.406112588,2,#fc8d62,car
133823,9,1,79,134,2016,3,2,7,3,9,1,2,0,0,1,0,0,0,0,669852.98,5342399.0601,11.286440297,48.212071053,2,#fc8d62,car
133828,9,1,62,0,2016,3,8,4,3,1,6,0,0,0,1,0,0,0,0,689184.61,5341235.9867,11.54589743,48.196149986,2,#fc8d62,car
133830,9,1,74,131,2016,3,10,7,3,5,3,0,0,0,1,0,0,0,0,675861246.0,5355857.5924,11.372846382,48.331414191,2,#fc8d62,car
133832,9,1,62,0,2016,3,11,4,3,5,3,0,0,1,1,0,0,0,0,690780.0019,5339768.5754,11.566685579,48.182483842,1,#66c2a5,bicycle
133835,9,1,62,0,2016,3,13,4,3,4,2,0,0,0,1,0,0,0,0,687931.8391,5330740.8212,11.5244221,48.102189381,2,#fc8d62,car
133837,9,7,61,0,2016,3,13,7,3,4,2,0,0,0,1,0,0,0,0,641857.5651,5361172.2627,10.91613461,48.387749789,2,#fc8d62,car
133839,9,1,62,0,2016,3,17,2,3,0,5,0,0,1,1,0,0,0,0,694541.0742,5334185.5439,11.614678933,48.131165607,1,#66c2a5,bicycle
133841,9,1,62,0,2016,3,7,4,3,2,7,0,0,0,1,0,0,0,0,687232.6667,5329371.0218,11.514438984,48.090082978,2,#fc8d62,car
133845,9,1,62,0,2016,3,13,1,3,7,7,0,0,0,1,0,0,0,0,690763.1995,5338979.0727,11.566105375,48.175392939,2,#fc8d62,car
133854,9,1,62,0,2016,3,17,2,3,2,6,2,0,0,1,0,0,0,0,690279.0556,5336154.7565,11.558336097,48.150153276,2,#fc8d62,car
133856,9,1,62,0,2016,3,16,4,3,5,2,0,0,1,0,0,0,0,1,692086056.0,5334494.7701,11.581857278,48.134690508,1,#66c2a5,bicycle
133857,9,1,78,136,2016,3,13,7,3,0,1,0,0,0,0,0,1,0,0,696614748.0,5370625211.0,11.659483881,48.458014774,4,#e78ac3,marker
133860,9,7,61,0,2016,3,18,1,3,2,6,2,0,0,1,0,0,0,0,638745.9892,5360400.3221,10.873873885,48.38150083,2,#fc8d62,car
133864,9,7,61,0,2016,3,15,2,3,5,3,0,0,1,1,0,0,0,0,639771.4793,5360374.0173,10.887707398,48.38103794,1,#66c2a5,bicycle
133870,9,7,61,0,2016,3,7,4,3,4,2,0,0,1,1,0,0,0,0,639363.1042,5358675.0376,10.881631953,48.365851498,1,#66c2a5,bicycle
133871,9,1,62,0,2016,3,12,6,3,4,7,0,0,0,1,0,0,0,0,694215691.0,5332761254.0,11.609661444,48.118463961,2,#fc8d62,car
133880,9,1,86,143,2016,3,19,6,3,5,3,0,0,0,1,0,1,0,0,683989.9419,5377767.5876,11.492035465,48.526027932,2,#fc8d62,car
133883,9,1,79,121,2016,3,10,5,3,3,6,0,0,1,1,0,0,1,0,665360.26,5336851.0886,11.223850548,48.163380737,1,#66c2a5,bicycle
133889,9,7,61,0,2016,3,22,6,3,4,2,2,0,0,1,0,0,0,0,639975.0748,5359179.6273,10.890057844,48.370253211,2,#fc8d62,car
133890,9,1,62,0,2016,3,17,7,3,0,7,0,0,1,0,0,0,0,0,688927.3131,5335709.5191,11.539982667,48.146554371,1,#66c2a5,bicycle
133892,9,1,81,130,2016,3,10,4,3,5,3,0,0,0,1,0,0,0,0,638633.1134,5325122.8965,10.860813055,48.064309041,2,#fc8d62,car
133893,9,1,78,124,2016,3,6,5,3,2,1,1,0,0,1,0,0,0,0,701161.1603,5364160.5051,11.717807254,48.398483675,2,#fc8d62,car
133894,9,1,78,143,2016,3,17,4,3,6,4,0,0,0,1,1,0,0,0,717148425.0,5372690346.0,11.937939615,48.469819736,2,#fc8d62,car
133895,9,1,78,124,2016,3,18,5,3,5,2,1,0,1,1,0,0,0,0,704436.0466,5363553.3179,11.761704341,48.391974276,1,#66c2a5,bicycle
133899,9,1,78,144,2016,3,6,4,3,9,1,0,2,0,1,0,0,0,0,708293121.0,5382710102.0,11.823287052,48.562846456,2,#fc8d62,car
133900,9,7,71,156,2016,3,10,6,3,6,7,0,0,0,0,1,0,0,1,654101.3786,5383261.0643,11.089553467,48.583465899,3,#8da0cb,toilet
133903,9,1,77,117,2016,3,14,5,3,1,6,0,0,0,1,0,0,0,0,715172.2995,5354072.9685,11.901706451,48.30322181,2,#fc8d62,car
133908,9,1,62,0,2016,3,19,6,3,4,2,2,0,0,1,0,1,0,0,696457.8335,5337105.8903,11.641759784,48.156823189,2,#fc8d62,car
133910,9,1,74,115,2016,3,21,6,3,0,1,2,0,1,0,0,0,0,0,680304.4702,5347466.4315,11.429159796,48.254737347,1,#66c2a5,bicycle
133911,9,1,79,126,2016,3,16,7,3,0,7,0,0,1,0,0,0,0,0,676968.0793,5340703.6847,11.381427598,48.194887193,1,#66c2a5,bicycle
133913,9,1,73,126,2016,3,19,5,3,6,2,2,0,0,0,1,0,0,1,685623.5163,5303604.4231,11.481720055,47.858944393,3,#8da0cb,toilet