OBJECTID,ULAND,UREGBEZ,UKREIS,UGEMEINDE,UJAHR,UMONAT,USTUNDE,UWOCHENTAG,UKATEGORIE,UART,UTYP1,ULICHTVERH,STRZUSTAND,IstRad,IstPKW,IstFuss,IstKrad,IstGkfz,IstSonstig,LINREFX,LINREFY,XGCSWGS84,YGCSWGS84,Teilnehmer,color,symbol
133914,9,1,77,126,2016,3,6,4,2,0,1,2,2,1,0,0,0,0,0,719777.7565,5369051.5657,11.971554022,48.436214551,1,#66c2a5,bicycle
133917,9,1,62,0,2016,3,16,4,3,2,2,0,0,0,1,0,0,0,0,686004.2278,5328503.1738,11.497580053,48.082641998,2,#fc8d62,car
133920,9,2,61,0,2016,3,15,6,3,6,4,0,0,0,1,1,0,0,0,731422.7682,5382624.2552,12.136282683,48.553966534,2,#fc8d62,car
133921,9,1,74,115,2016,3,16,6,3,2,6,0,0,0,1,0,0,0,0,681386.9859,5347829.8117,11.443886051,48.257694715,2,#fc8d62,car
133923,9,1,75,128,2016,3,16,4,2,8,7,0,0,0,1,0,0,0,0,714099.1657,5323603.0408,11.871914894,48.029796785,2,#fc8d62,car
133924,9,1,62,0,2016,3,16,4,3,2,3,0,0,1,0,0,0,0,0,690871357.0,5339122448.0,11.567623155,48.176649103,1,#66c2a5,bicycle
133925,9,1,84,134,2016,3,11,3,2,9,1,0,2,0,1,0,0,0,0,689808.2017,5318148.1446,11.544017509,47.988447449,2,#fc8d62,car
133926,9,1,62,0,2016,3,0,4,2,6,4,2,1,0,1,1,0,0,1,690962.0621,5337402.1742,11.568069494,48.161160253,2,#fc8d62,car
133927,9,1,73,147,2016,3,17,7,2,0,7,0,0,1,0,0,0,0,0,681019.6251,5309816.6032,11.422829783,47.916101183,1,#66c2a5,bicycle
133928,9,1,62,0,2016,3,12,4,3,5,3,0,0,0,1,0,0,0,0,687274.5305,5339579.9371,11.519488847,48.181831271,2,#fc8d62,car
133931,9,2,61,0,2016,3,7,6,3,4,6,0,0,1,0,0,0,0,0,732786177.0,5381203.2628,12.153936685,48.540697719,1,#66c2a5,bicycle
133932,9,1,74,115,2016,3,10,6,3,3,2,0,0,0,1,0,1,0,0,683118.9667,5348426.7815,11.467457599,48.262562402,2,#fc8d62,car
133933,9,1,62,0,2016,3,9,4,3,5,3,0,0,0,1,0,0,0,0,686656332.0,5331853714.0,11.507792631,48.112567451,2,#fc8d62,car
133935,9,1,77,133,2016,3,12,6,3,3,6,0,0,0,1,0,0,0,0,706439.2589,5359587.1332,11.78678526,48.355681947,2,#fc8d62,car
133936,9,7,71,142,2016,3,15,6,3,0,7,0,0,1,0,0,0,0,0,646449.22,5351769.7173,10.974848424,48.302159432,1,#66c2a5,bicycle
133938,9,1,81,130,2016,3,18,1,3,5,3,0,0,1,1,0,0,0,0,639546.4376,5324323.3606,10.872804567,48.056920246,1,#66c2a5,bicycle
133939,9,7,72,125,2016,3,16,6,3,2,7,0,0,0,1,0,1,0,0,636435698.0,5347356728.0,10.838467275,48.2647163,2,#fc8d62,car
133941,9,1,62,0,2016,3,14,7,3,1,5,0,0,0,1,0,0,0,0,690315.0645,5333828.4324,11.5577802,48.129233529,2,#fc8d62,car
133942,9,1,62,0,2016,3,14,3,3,2,6,0,1,0,1,0,0,0,1,690700.8166,5334115.8054,11.563087835,48.131700978,2,#fc8d62,car
133943,9,1,62,0,2016,3,21,4,3,1,7,2,0,1,1,0,0,0,0,691387.1943,5336290.6792,11.573280795,48.151042473,1,#66c2a5,bicycle
133945,9,1,78,143,2016,3,12,6,3,2,6,0,0,0,1,0,0,0,0,717463.1373,5372155.2263,11.941913576,48.464903197,2,#fc8d62,car
133949,9,1,62,0,2016,3,9,3,3,3,2,0,1,1,1,0,0,0,0,690870.4487,5334468.2094,11.565523262,48.13481752,1,#66c2a5,bicycle
133953,9,1,62,0,2016,3,14,3,3,4,7,0,1,0,1,0,1,0,0,690146.6142,5334566494.0,11.555848004,48.135917581,2,#fc8d62,car
133954,9,1,77,112,2016,3,9,6,3,5,2,0,0,0,1,0,0,0,1,716906513.0,5363110.74,11.929715564,48.383833097,2,#fc8d62,car
133956,9,1,62,0,2016,3,15,7,3,1,6,0,0,0,1,0,1,0,0,692267.2148,5334878.8021,11.584463029,48.138087411,2,#fc8d62,car
133958,9,1,62,0,2016,3,10,3,3,5,3,0,1,1,1,0,0,0,0,693351.6307,5335227.7467,11.599182689,48.140895052,1,#66c2a5,bicycle
133960,9,1,62,0,2016,3,7,1,2,4,2,0,0,0,1,0,0,0,1,684490.3039,5333254059.0,11.479325647,48.125785668,2,#fc8d62,car
133962,9,2,61,0,2016,3,17,6,3,2,6,0,0,0,1,0,0,0,0,731662.6019,5382201.3017,12.139292598,48.550078697,2,#fc8d62,car
133963,9,1,62,0,2016,3,9,5,3,5,1,0,0,1,1,0,0,0,0,692554.1787,5337449.9567,11.589479412,48.161109555,1,#66c2a5,bicycle
133964,9,1,62,0,2016,3,5,6,3,5,2,1,0,0,1,0,0,0,0,687486.0132,5338922.7203,11.522041221,48.175861719,2,#fc8d62,car
133966,9,1,62,0,2016,3,11,3,3,3,6,0,1,0,1,0,0,0,0,691944.4389,5332233.5861,11.578937542,48.114410023,2,#fc8d62,car
133967,9,7,77,145,2016,3,8,4,2,8,1,0,2,0,0,0,0,0,1,634088.6852,5327270.4108,10.800520703,48.084592298,6,#ffd92f,circle
133970,9,7,77,141,2016,3,4,4,3,8,7,2,1,0,1,0,0,0,0,632824.5602,5308234409.0,10.777662277,47.913669278,2,#fc8d62,car
133974,9,7,61,0,2016,3,14,4,3,5,3,0,0,0,1,0,0,0,0,638366.0577,5359293.6117,10.86838117,48.371632949,2,#fc8d62,car
133978,9,1,62,0,2016,3,6,5,3,2,6,0,0,0,1,0,0,0,0,691248.6775,5340339.0904,11.573241205,48.187470623,2,#fc8d62,car
133979,9,1,62,0,2016,3,14,6,3,6,7,0,0,0,1,1,0,0,0,690790.9947,5338939.1438,11.566460959,48.17502572,2,#fc8d62,car
133980,9,1,84,149,2016,3,6,3,3,6,7,0,0,0,1,1,0,0,0,691308411.0,5350937.2099,11.578829492,48.282705471,2,#fc8d62,car
133981,9,7,61,0,2016,3,7,4,3,0,1,0,2,1,0,0,0,0,0,644529.1499,5355868.9858,10.950377315,48.33945944,1,#66c2a5,bicycle
133982,9,1,82,123,2016,3,15,7,3,8,7,0,0,1,0,0,0,0,0,719572.5179,5302565.4535,11.934510829,47.83890711,1,#66c2a5,bicycle
133985,9,7,61,0,2016,3,12,6,3,2,6,0,0,0,1,0,0,0,0,636755.1253,5360859646.0,10.847149827,48.386065734,2,#fc8d62,car
133988,9,1,62,0,2016,3,8,5,3,2,6,0,0,0,1,0,0,0,0,693678.8118,5332458.7932,11.602317789,48.11590905,2,#fc8d62,car
133989,9,1,62,0,2016,3,15,5,3,6,4,0,0,0,0,1,0,0,1,686774.5691,5336568.7331,11.51144672,48.15491294,3,#8da0cb,toilet
133991,9,1,62,0,2016,3,8,3,3,5,2,0,0,0,1,0,1,0,0,690499.6518,5335733.5625,11.561110496,48.146301575,2,#fc8d62,car
133992,9,7,61,0,2016,3,20,4,2,6,7,2,0,1,0,1,0,0,0,639674.1599,5358893.2696,10.885901828,48.367745029,1,#66c2a5,bicycle
133994,9,1,77,138,2016,3,0,1,3,8,1,2,0,0,0,0,1,0,0,726153.2588,5361759.4547,12.053702111,48.368447148,4,#e78ac3,marker
133995,9,7,61,0,2016,3,11,6,3,2,6,0,0,0,1,0,0,0,0,639282.6879,5361317.8717,10.881422535,48.389632922,2,#fc8d62,car
133997,9,1,62,0,2016,3,14,3,3,5,5,0,1,1,1,0,0,0,0,690651.7102,5334067.3341,11.562406823,48.131280031,1,#66c2a5,bicycle
133998,9,1,84,145,2016,3,16,5,3,5,3,0,0,0,1,0,0,0,1,695410.4103,5324218.9512,11.621790789,48.041323513,2,#fc8d62,car
134000,9,1,62,0,2016,3,14,7,3,2,6,0,0,0,1,0,0,0,0,696505.4702,5338327.0768,11.64296378,48.167783703,2,#fc8d62,car
134001,9,1,62,0,2016,3,13,3,3,0,2,0,1,0,1,0,0,0,1,692296.1452,5338134.2319,11.586322403,48.167337741,2,#fc8d62,car
134002,9,7,71,113,2016,3,12,4,2,6,4,0,0,0,1,1,0,0,0,658399.3061,5369187.0759,11.142444973,48.455867968,2,#fc8d62,car
134004,9,1,62,0,2016,3,15,5,3,0,7,0,0,0,1,0,1,0,0,687536.1944,5337323.0691,11.522010071,48.161468938,2,#fc8d62,car
134007,9,1,62,0,2016,3,18,5,3,6,4,1,0,0,1,1,0,0,0,691807.99,5332407.6523,11.577184447,48.116015621,2,#fc8d62,car
134009,9,1,62,0,2016,3,8,3,3,5,3,0,1,0,1,0,0,0,0,684496.0222,5332978.5358,11.47928316,48.123307455,2,#fc8d62,car
134010,9,1,62,0,2016,3,8,5,3,5,3,0,0,1,1,0,0,0,0,685092.1159,5331618.2778,11.48669529,48.110907733,1,#66c2a5,bicycle
134018,9,1,62,0,2016,3,9,5,3,6,7,0,0,0,1,1,0,0,0,684945.6776,5328959.3247,11.483577702,48.087050098,2,#fc8d62,car
134019,9,1,62,0,2016,3,13,6,3,3,6,0,0,0,1,0,0,0,0,693949.6095,5331216.9338,11.605387773,48.104665178,2,#fc8d62,car
134020,9,1,62,0,2016,3,11,3,3,0,5,0,1,1,1,0,0,0,0,679877.5846,5334794.5422,11.418044704,48.140953114,1,#66c2a5,bicycle
134022,9,1,79,145,2016,3,13,7,2,5,7,0,0,1,1,0,0,0,0,675779.9017,5338944.9885,11.364724908,48.179407882,1,#66c2a5,bicycle
134023,9,1,63,0,2016,3,14,5,3,5,3,0,0,0,1,0,0,0,0,731960.3644,5305531.3673,12.10141604,47.861204995,2,#fc8d62,car
134024,9,1,62,0,2016,3,12,3,3,1,6,0,1,0,1,0,0,0,0,689501.7476,5340132.7137,11.549668553,48.18613925,2,#fc8d62,car
134029,9,7,61,0,2016,3,19,1,3,4,2,2,0,0,1,0,0,0,0,640552.4193,5359222.5438,10.897863527,48.370510791,2,#fc8d62,car
134032,9,1,62,0,2016,3,17,5,3,3,5,0,0,1,1,0,0,0,0,694195.7971,5333479.0843,11.609721405,48.124921638,1,#66c2a5,bicycle
134033,9,1,62,0,2016,3,16,6,3,1,6,0,0,0,1,0,0,0,0,692237.2456,5335519.4172,11.584349782,48.143854188,2,#fc8d62,car
134034,9,1,84,131,2016,3,19,3,3,5,3,2,1,0,1,0,0,0,0,704210201.0,5336799935.0,11.745736885,48.151631672,2,#fc8d62,car
134037,9,2,61,0,2016,3,9,7,3,5,3,0,0,0,1,0,0,0,0,731534.2295,5381520.3082,12.137177225,48.544008842,2,#fc8d62,car
134041,9,1,63,0,2016,3,9,6,3,0,1,0,0,1,0,0,0,0,0,732700.1533,5306179.2356,12.111640963,47.866758058,1,#66c2a5,bicycle
134042,9,1,62,0,2016,3,8,5,3,3,2,0,0,1,1,0,0,0,0,694456.9541,5333026.4891,11.613020753,48.120774168,1,#66c2a5,bicycle
134043,9,1,62,0,2016,3,16,3,3,2,6,0,1,0,1,0,0,0,1,692833.0669,5335394.1474,11.592294512,48.142547986,2,#fc8d62,car
134047,9,7,61,0,2016,3,12,6,3,2,6,0,0,0,1,0,0,0,0,641166.2622,5361021.6153,10.90675164,48.386550329,2,#fc8d62,car
134049,9,1,62,0,2016,3,10,3,3,5,2,0,1,0,1,0,0,0,0,696476.5243,5332672.6239,11.639966003,48.116973862,2,#fc8d62,car
134052,9,1,84,112,2016,3,12,7,3,2,6,0,0,0,1,0,0,0,0,700648.7357,5337459.8401,11.698217423,48.158695674,2,#fc8d62,car
134053,9,1,87,150,2016,3,19,1,3,0,3,1,0,1,1,0,0,0,0,729202.7149,5304326.0308,12.063961181,47.851365137,1,#66c2a5,bicycle
134054,9,7,61,0,2016,3,7,6,3,0,1,1,1,0,0,0,1,0,0,641656.6423,5359007.0135,10.912692518,48.368325952,4,#e78ac3,marker
134056,9,7,72,115,2016,3,18,5,2,9,1,1,0,0,0,0,1,0,0,619868.6075,5371993181.0,10.622351098,48.489623752,4,#e78ac3,marker
134057,9,1,77,139,2016,3,15,1,3,4,6,0,0,1,1,0,0,0,0,731561.7415,5359152.0347,12.125185811,48.343063598,1,#66c2a5,bicycle
134058,9,1,62,0,2016,3,11,3,3,5,2,0,1,0,1,0,0,0,1,690144.7692,5334739.6706,11.555900534,48.137474645,2,#fc8d62,car
134061,9,7,72,163,2016,3,17,5,3,4,2,0,0,0,1,0,0,0,0,639963.2946,5346369.5768,10.885648547,48.255070332,2,#fc8d62,car
134063,9,1,87,150,2016,3,19,5,3,5,3,2,0,0,1,0,1,0,0,729600.3589,5304276.4061,12.069242638,47.850777379,2,#fc8d62,car
134076,9,7,61,0,2016,3,7,5,3,2,6,0,0,0,1,0,0,0,0,638049.3473,5358296.1252,10.863779519,48.362733066,2,#fc8d62,car
134077,9,1,84,149,2016,3,16,6,3,3,2,0,0,1,1,0,0,0,0,690893692.0,5350737402.0,11.573154705,48.28103484,1,#66c2a5,bicycle
134078,9,1,86,143,2016,3,18,5,3,0,2,2,0,1,0,0,0,0,0,685089583.0,5378393.5295,11.507192524,48.531330483,1,#66c2a5,bicycle
134086,9,7,61,0,2016,3,15,5,3,5,3,0,0,1,1,0,0,0,0,642153.9262,5360351.8652,10.919857816,48.38030644,1,#66c2a5,bicycle
134090,9,7,61,0,2016,3,8,5,3,5,1,0,0,1,1,0,0,0,0,641909.3002,5357639.1883,10.915640612,48.355970284,1,#66c2a5,bicycle
134091,9,1,62,0,2016,3,14,6,3,3,2,0,0,1,1,0,0,0,0,691462.3934,5340357.8616,11.576122187,48.187574957,1,#66c2a5,bicycle
134092,9,7,71,142,2016,3,7,3,2,5,3,0,1,1,1,0,0,0,0,645787.1328,5352357.4815,10.966128782,48.307597179,1,#66c2a5,bicycle
134095,9,2,74,121,2016,3,13,1,3,0,7,0,0,1,0,0,0,0,0,724239.5525,5370930.0506,12.032799173,48.451517919,1,#66c2a5,bicycle
134098,9,7,61,0,2016,3,13,5,3,4,6,0,0,0,1,0,0,0,0,639753.5051,5358119.4398,10.886715463,48.360769397,2,#fc8d62,car
134101,9,7,61,0,2016,3,6,3,2,5,2,1,0,0,1,0,0,0,0,639036.4244,5362840.3294,10.878601988,48.403376777,2,#fc8d62,car
134104,9,1,78,132,2016,3,14,1,2,0,1,0,1,1,0,0,0,0,0,712195.4855,5381747.3494,11.875621716,48.552887689,1,#66c2a5,bicycle
134105,9,7,61,0,2016,3,8,6,3,2,6,0,0,0,1,0,0,0,0,640003378.0,5358093495.0,10.890078284,48.360480746,2,#fc8d62,car
134107,9,1,62,0,2016,3,16,7,3,5,3,0,0,0,1,0,1,0,0,692621.4434,5334813.9949,11.589190237,48.137397813,2,#fc8d62,car
134108,9,7,61,0,2016,3,13,3,3,4,2,0,1,0,1,0,0,0,0,641130495.0,5351852.6675,10.903195748,48.30411421,2,#fc8d62,car
134111,9,7,71,114,2016,3,6,5,3,0,3,0,0,1,1,0,0,0,0,645501.7718,5374915141.0,10.970104421,48.510484224,1,#66c2a5,bicycle
134112,9,1,88,139,2016,3,12,7,3,6,7,0,0,0,1,1,0,0,0,674905.5897,5319043.7913,11.344821892,48.000747826,2,#fc8d62,car
134113,9,1,81,130,2016,3,16,5,3,4,2,0,0,0,1,0,1,0,1,639079.1873,5324867.2064,10.866714064,48.061912697,2,#fc8d62,car
134114,9,7,61,0,2016,3,7,3,3,5,3,1,0,1,1,0,0,0,0,641791.7344,5358081458.0,10.914203534,48.359973405,1,#66c2a5,bicycle
134121,9,1,63,0,2016,3,13,4,3,0,1,0,0,1,0,0,0,0,0,732449.1463,5305069.8361,12.107693298,47.856881906,1,#66c2a5,bicycle
134122,9,1,62,0,2016,3,15,1,2,6,7,0,0,1,0,1,0,0,0,692246.3361,5334748.1622,11.58412371,48.136919553,1,#66c2a5,bicycle
134124,9,1,86,151,2016,3,15,6,3,5,2,0,0,0,1,0,1,0,0,681555.0213,5375292.9115,11.458010897,48.50449426,2,#fc8d62,car
134126,9,1,62,0,2016,3,17,6,3,6,4,0,0,0,1,1,0,0,0,690332.5194,5334951.1418,11.558516139,48.139319219,2,#fc8d62,car
134128,9,1,87,117,2016,3,14,4,3,0,7,0,0,1,0,0,0,0,0,725249.2217,5305424.4454,12.011759395,47.862631891,1,#66c2a5,bicycle
134136,9,7,61,0,2016,3,17,1,3,5,2,0,0,1,1,0,0,0,0,639916.6079,5357388.0375,10.888672969,48.354156698,1,#66c2a5,bicycle
134138,9,1,86,151,2016,3,18,6,3,5,3,1,0,0,1,0,0,0,0,681459.7239,5374974.3471,11.456583478,48.501658499,2,#fc8d62,car
134140,9,1,62,0,2016,3,10,6,3,1,5,0,0,1,1,0,0,0,0,691007.66,5334658106.0,11.56745077,48.136483132,1,#66c2a5,bicycle
134142,9,1,87,150,2016,3,18,1,3,5,3,2,0,0,1,0,0,0,0,729344.8707,5303602.8647,12.065475444,47.844817126,2,#fc8d62,car
134156,9,1,81,130,2016,3,11,1,3,1,6,0,0,1,1,0,0,0,0,639567.2179,5325052.3844,10.873321202,48.063471286,1,#66c2a5,bicycle
134161,9,1,78,124,2016,3,16,3,2,0,6,0,0,1,1,0,0,0,0,704045.2107,5365294113.0,11.757276851,48.407743845,1,#66c2a5,bicycle
134166,9,1,73,118,2016,3,4,6,3,9,7,2,0,0,1,0,0,0,0,690080.1979,5302913885.0,11.540940951,47.851434579,2,#fc8d62,car
134169,9,1,79,123,2016,3,14,1,2,1,7,0,0,1,1,0,0,0,0,675026.6576,5333677.4434,11.352433809,48.13226405,1,#66c2a5,bicycle
134170,9,7,61,0,2016,3,21,2,3,1,5,2,0,1,1,0,0,0,0,639500.7177,5361970.2917,10.884582712,48.395451098,1,#66c2a5,bicycle
134171,9,1,63,0,2016,3,14,2,3,5,3,0,0,0,1,0,0,0,0,732317.8952,5304372.3123,12.105566657,47.85066268,2,#fc8d62,car
134178,9,1,87,150,2016,3,13,6,3,5,3,0,1,1,1,0,0,0,0,729470.0629,5304174206.0,12.067449256,47.849905685,1,#66c2a5,bicycle
134183,9,1,77,119,2016,3,15,2,2,6,7,0,0,0,0,1,1,0,0,717905.5676,5340442.46,11.931503905,48.179816443,3,#8da0cb,toilet
134199,9,1,81,122,2016,3,13,3,3,9,1,0,0,0,1,0,0,0,0,650055.0486,5334994.3728,11.017502431,48.150483455,2,#fc8d62,car
134201,9,7,72,184,2016,3,2,2,3,1,5,2,0,1,1,0,0,0,0,634883.7358,5361338.5535,10.822040146,48.390775038,1,#66c2a5,bicycle
134202,9,7,72,223,2016,3,15,7,3,8,1,0,0,0,1,0,0,0,0,617877.5151,5357705.7744,10.59139639,48.361513224,2,#fc8d62,car
134203,9,1,75,118,2016,3,0,6,3,1,1,2,0,0,1,0,0,1,0,714865.0492,5338940546.0,11.889894847,48.167356412,2,#fc8d62,car
134205,9,1,62,0,2016,3,16,2,3,0,7,0,0,1,0,0,0,0,1,691697.6895,5334639.8539,11.576707954,48.136111601,1,#66c2a5,bicycle
134206,9,7,61,0,2016,3,14,7,3,4,2,0,0,1,1,0,0,0,0,639677.3612,5357506.0213,10.885484459,48.355270544,1,#66c2a5,bicycle
134209,9,2,61,0,2016,3,9,5,3,4,7,0,0,0,1,0,0,0,0,735459.2838,5379695.8282,12.189244134,48.526160108,2,#fc8d62,car
134210,9,1,62,0,2016,3,14,2,3,0,7,0,0,0,0,1,0,0,1,692206.9485,5337249.1029,11.584724027,48.159409387,3,#8da0cb,toilet
134214,9,7,61,0,2016,3,22,7,3,1,6,2,0,0,1,0,0,0,0,640112.3532,5359018.5172,10.89185676,48.368774097,2,#fc8d62,car
134215,9,1,78,124,2016,3,14,6,3,5,3,0,1,0,1,0,1,0,0,703144.8897,5364786.3398,11.744879577,48.403471653,2,#fc8d62,car
134219,9,1,79,123,2016,3,4,1,3,8,1,2,0,0,1,0,0,0,0,673975.2577,5333220.5132,11.338128214,48.128444761,2,#fc8d62,car
134221,9,1,88,139,2016,3,18,2,3,0,7,0,0,0,1,0,0,0,1,673759.7188,5321659.9442,11.330533361,48.024578743,2,#fc8d62,car
134223,9,1,62,0,2016,3,9,5,3,2,6,0,0,0,1,0,0,0,0,691373.8018,5338105.4641,11.573917248,48.167357519,2,#fc8d62,car
134224,9,1,78,124,2016,3,19,1,3,2,6,1,0,1,1,0,0,0,0,703225.0079,5365129.2009,11.746126819,48.406526855,1,#66c2a5,bicycle
134225,9,7,77,121,2016,3,19,2,2,6,2,0,0,0,1,1,0,0,0,628722.9449,5322011.4849,10.726922109,48.038404968,2,#fc8d62,car
134226,9,1,90,138,2016,3,18,2,2,4,6,0,0,0,1,0,1,0,0,663462.1403,5306985.5536,11.186948033,47.895364203,2,#fc8d62,car
134231,9,1,74,137,2016,3,7,7,2,8,1,0,1,0,1,0,0,0,0,658968.6658,5349728.8013,11.142785431,48.280788911,2,#fc8d62,car
134232,9,1,62,0,2016,3,3,5,3,0,7,2,0,1,0,0,0,0,0,689858.2051,5336683.8499,11.552919549,48.155034527,1,#66c2a5,bicycle
134234,9,1,88,137,2016,3,15,4,2,4,6,0,0,0,1,0,0,0,0,668203.8493,5316175.7959,11.253926868,47.976762162,2,#fc8d62,car
134236,9,1,62,0,2016,3,21,1,3,6,7,2,1,0,1,1,0,0,0,691729.8848,5339153.1006,11.57917388,48.176666161,2,#fc8d62,car
134240,9,1,78,124,2016,3,16,7,3,5,3,0,0,0,1,0,1,0,0,704701.1541,5363855.5963,11.765428619,48.394604594,2,#fc8d62,car
134244,9,1,75,113,2016,3,17,7,3,0,1,0,1,1,0,0,0,0,0,716054.7041,5315831.0656,11.894200491,47.959301835,1,#66c2a5,bicycle
134245,9,1,62,0,2016,3,13,5,2,0,4,0,0,0,0,1,0,1,0,689649.0077,5332876847.0,11.548414385,48.120879396,3,#8da0cb,toilet
134246,9,1,74,118,2016,3,12,4,3,0,1,0,0,1,0,0,0,0,0,670129.0051,5354995.5581,11.29522053,48.325234012,1,#66c2a5,bicycle
134252,9,1,85,158,2016,3,15,5,3,1,5,0,0,0,1,0,1,0,0,667023388.0,5380951706.0,11.263706361,48.559394807,2,#fc8d62,car
134253,9,1,62,0,2016,3,19,6,3,2,6,2,1,0,1,0,0,0,0,691752.7519,5331966.4946,11.576244684,48.112067173,2,#fc8d62,car
134255,9,1,74,115,2016,3,21,3,3,1,1,2,1,1,1,0,0,0,0,680706.8229,5347004.2783,11.434378125,48.250468609,1,#66c2a5,bicycle
134257,9,1,78,144,2016,3,10,4,3,8,1,0,0,0,1,0,0,0,0,707002.6847,5378444.9729,11.803698644,48.524949322,2,#fc8d62,car
134263,9,1,88,121,2016,3,16,5,3,0,7,0,0,0,1,1,0,0,0,671297.5561,5330741.4622,11.301175823,48.106885001,2,#fc8d62,car
134264,9,1,78,124,2016,3,7,4,2,2,6,0,0,0,1,0,0,0,0,703382.6925,5364781.7736,11.748086697,48.403353957,2,#fc8d62,car
134266,9,1,77,142,2016,3,17,1,2,8,7,0,0,0,1,0,0,0,0,720211.3374,5349549.0269,11.967209632,48.260842147,2,#fc8d62,car
134267,9,1,62,0,2016,3,9,2,3,7,7,0,0,1,0,1,0,0,0,683900.8383,5336608.5358,11.472860198,48.156108211,1,#66c2a5,bicycle
134268,9,1,75,124,2016,3,19,4,3,1,5,2,0,1,1,0,0,0,0,715639.4512,5328110.5712,11.894819923,48.06978166,1,#66c2a5,bicycle
134271,9,1,75,139,2016,3,14,5,2,5,3,0,0,1,1,0,0,0,0,710221.6726,5329441.5034,11.822837064,48.08355008,1,#66c2a5,bicycle
134276,9,7,61,0,2016,3,7,5,3,5,3,0,0,1,1,0,0,0,0,642972.0891,5360021.7898,10.930788721,48.377153699,1,#66c2a5,bicycle
134277,9,1,62,0,2016,3,18,4,3,5,3,1,0,0,1,0,0,0,0,688740.8769,5334292025.0,11.536850522,48.133869084,2,#fc8d62,car
134278,9,1,62,0,2016,3,6,3,3,0,7,1,0,0,0,1,0,0,1,699056.1729,5333276.7263,11.674870684,48.121601946,3,#8da0cb,toilet
134279,9,7,61,0,2016,3,12,5,3,6,4,0,0,0,1,1,0,0,0,640214.5427,5353277.5507,10.89132438,48.317130152,2,#fc8d62,car
134280,9,1,62,0,2016,3,12,7,3,4,2,0,0,0,1,0,0,0,0,696848.1063,5335100.3982,11.646074637,48.138678453,2,#fc8d62,car
134281,9,7,72,125,2016,3,15,2,3,0,1,0,1,1,0,0,0,0,0,635719.9349,5347668.8625,10.828927675,48.267676831,1,#66c2a5,bicycle
134285,9,1,84,149,2016,3,13,4,2,5,3,0,0,1,1,0,0,0,0,692100.4344,5349683.5215,11.588924908,48.271198068,1,#66c2a5,bicycle
134286,9,1,62,0,2016,3,14,6,3,1,7,0,0,1,1,0,0,0,0,691367.6708,5329509.9222,11.569974934,48.090103408,1,#66c2a5,bicycle
134287,9,7,61,0,2016,3,16,5,2,0,7,0,0,1,0,0,0,0,0,639600897.0,5358998.6676,10.884948164,48.368708948,1,#66c2a5,bicycle
134288,9,1,62,0,2016,3,6,3,3,5,3,1,0,0,1,0,0,0,0,692190.1393,5337008.5615,11.584389565,48.157252536,2,#fc8d62,car
134290,9,1,62,0,2016,3,16,4,3,5,3,0,1,0,1,0,0,0,0,688058.4933,5332781713.0,11.527021483,48.120496064,2,#fc8d62,car
134291,9,1,84,112,2016,3,8,3,3,5,3,0,0,0,1,0,1,0,0,699764787.0,5336464544.0,11.68587693,48.150029203,2,#fc8d62,car
134292,9,1,62,0,2016,3,16,7,3,4,2,0,0,0,1,0,0,0,0,690709.37,5338142.8906,11.565006942,48.167893583,2,#fc8d62,car
134294,9,1,79,119,2016,3,11,2,3,0,7,0,0,1,0,0,0,0,0,668984.8225,5339216.0965,11.273496336,48.183688657,1,#66c2a5,bicycle
134296,9,1,63,0,2016,3,15,2,2,3,6,0,0,1,0,0,1,0,0,732978.7283,5306761.5604,12.115674204,47.871888752,1,#66c2a5,bicycle
134297,9,1,62,0,2016,3,19,4,3,5,2,2,0,0,1,0,0,0,0,689681.1922,5343197.1511,11.553449724,48.213628654,2,#fc8d62,car
134298,9,1,62,0,2016,3,0,6,2,5,3,2,0,0,1,0,0,0,0,691983956.0,5332319.3114,11.579506521,48.1151686,2,#fc8d62,car
134300,9,1,62,0,2016,3,19,3,3,5,2,2,0,1,1,0,0,0,0,692634.0447,5334757.6151,11.589333945,48.13688727,1,#66c2a5,bicycle
134302,9,1,62,0,2016,3,17,2,3,0,1,0,0,1,0,0,0,0,0,688571.6364,5334750.5779,11.534781076,48.138040798,1,#66c2a5,bicycle
134304,9,7,62,0,2016,3,14,1,3,1,6,0,0,0,1,0,1,0,0,622293.5263,5305652.0433,10.63604967,47.892539322,2,#fc8d62,car
134306,9,1,79,121,2016,3,10,2,3,2,6,0,0,0,1,0,0,0,0,668570686.0,5338961099.0,11.267827969,48.181506293,2,#fc8d62,car
134307,9,1,62,0,2016,3,20,4,3,6,4,2,0,1,0,1,0,0,0,691494.8074,5334617.4681,11.573973703,48.135971481,1,#66c2a5,bicycle
134308,9,1,62,0,2016,3,18,6,3,8,1,2,1,0,1,0,0,0,0,692175.9466,5330343.38,11.58119343,48.097351268,2,#fc8d62,car
134310,9,1,87,150,2016,3,19,3,3,0,1,0,0,0,0,0,1,0,0,729324093.0,5303390759.0,12.065085763,47.842918864,4,#e78ac3,marker
134311,9,1,62,0,2016,3,14,3,3,2,6,0,0,0,1,0,0,0,0,690950.7016,5340323.9545,11.569229337,48.187424223,2,#fc8d62,car
134317,9,1,62,0,2016,3,9,4,3,2,6,0,0,0,1,0,0,0,0,693618.5325,5335155.3757,11.60273385,48.140163444,2,#fc8d62,car