OBJECTID,ULAND,UREGBEZ,UKREIS,UGEMEINDE,UJAHR,UMONAT,USTUNDE,UWOCHENTAG,UKATEGORIE,UART,UTYP1,ULICHTVERH,STRZUSTAND,IstRad,IstPKW,IstFuss,IstKrad,IstGkfz,IstSonstig,LINREFX,LINREFY,XGCSWGS84,YGCSWGS84,Teilnehmer,color,symbol
134722,9,1,62,0,2016,4,11,4,3,5,3,0,1,0,1,0,0,0,0,681211.2533,5338597.6272,11.437575885,48.17475982,2,#fc8d62,car
134723,9,7,61,0,2016,4,8,2,2,5,3,0,0,1,1,0,0,0,0,640893.2743,5358547.2954,10.902237211,48.364363196,1,#66c2a5,bicycle
134725,9,7,61,0,2016,4,14,3,3,6,4,0,0,0,1,1,0,0,0,638972.3491,5360529.2144,10.876971973,48.382609975,2,#fc8d62,car
134728,9,7,61,0,2016,4,16,3,3,5,6,0,0,0,1,0,0,0,0,640559.9557,5356937.9979,10.897202019,48.349967205,2,#fc8d62,car
134729,9,1,75,132,2016,4,17,3,3,5,3,0,0,1,1,0,0,0,0,706626.7051,5332433.3095,11.77607151,48.111611035,1,#66c2a5,bicycle
134730,9,7,61,0,2016,4,7,3,3,5,3,0,0,1,1,0,0,0,0,639818.9208,5357780.2189,10.887485375,48.357704728,1,#66c2a5,bicycle
134731,9,1,79,134,2016,4,11,4,3,5,3,0,0,0,1,0,0,1,0,666409.8221,5346494.9794,11.241736641,48.249805254,2,#fc8d62,car
134735,9,1,62,0,2016,4,7,4,3,0,1,0,1,0,0,0,1,0,0,693908.5654,5331201.1816,11.604829847,48.104536095,4,#e78ac3,marker
134737,9,7,61,0,2016,4,22,3,3,4,6,2,0,1,0,0,0,0,0,641588.5129,5359598.4389,10.91197229,48.373659093,1,#66c2a5,bicycle
134738,9,1,79,118,2016,4,19,4,3,5,3,0,0,0,1,0,0,0,0,672327.8186,5336770217.0,11.317443207,48.160803313,2,#fc8d62,car
134739,9,1,62,0,2016,4,20,5,3,6,2,1,1,0,1,1,0,0,0,688699425.0,5343205068.0,11.540250414,48.213992471,2,#fc8d62,car
134740,9,1,62,0,2016,4,18,2,3,2,6,0,0,0,1,0,0,0,0,686712.4013,5338477.6313,11.511449579,48.172088906,2,#fc8d62,car
134741,9,1,62,0,2016,4,12,4,3,4,2,0,0,0,1,0,0,0,0,690133.8424,5337416345.0,11.556949411,48.161535824,2,#fc8d62,car
134742,9,1,81,122,2016,4,19,4,2,4,1,0,0,0,1,0,1,0,0,649390.3365,5333255.0437,11.007960756,48.135000884,2,#fc8d62,car
134743,9,1,62,0,2016,4,19,5,3,2,6,2,1,0,1,0,0,0,0,692552492.0,5335441831.0,11.588548243,48.14306153,2,#fc8d62,car
134744,9,1,62,0,2016,4,16,2,3,1,6,0,0,0,1,0,1,0,0,693352.5986,5331036.2842,11.597294636,48.103223009,2,#fc8d62,car
134745,9,1,88,124,2016,4,11,4,3,1,5,0,1,1,1,0,0,0,0,662425.2438,5318392.9298,11.177391281,47.998188694,1,#66c2a5,bicycle
134749,9,7,71,112,2016,4,16,3,3,5,3,0,0,0,1,0,1,0,0,648630.9032,5368708.3401,11.010238945,48.453946905,2,#fc8d62,car
134750,9,1,75,118,2016,4,9,4,3,5,3,0,1,1,1,0,0,0,0,716397.3161,5339006.4098,11.910509574,48.167428513,1,#66c2a5,bicycle
134751,9,1,62,0,2016,4,7,5,3,5,3,0,0,1,1,0,0,0,0,695849.2593,5333111.6788,11.631748632,48.121113087,1,#66c2a5,bicycle
134752,9,1,84,123,2016,4,17,2,3,5,3,0,0,0,1,0,0,0,0,703302.5341,5331761.4521,11.731143479,48.106642888,2,#fc8d62,car
134753,9,1,62,0,2016,4,18,4,3,2,6,0,0,1,0,0,0,0,0,692023.9984,5336387.0624,11.581877373,48.151716817,1,#66c2a5,bicycle
134759,9,1,62,0,2016,4,18,4,3,3,2,0,0,0,1,0,0,0,1,686218.9868,5334852.8149,11.50323295,48.139652582,2,#fc8d62,car
134763,9,1,78,124,2016,4,11,4,3,8,1,0,0,1,0,0,0,0,0,702553.9363,5364549.9385,11.736790094,48.401537412,1,#66c2a5,bicycle
134764,9,1,62,0,2016,4,13,2,3,1,5,0,0,1,1,0,0,0,0,692013801.0,5334801.9579,11.581025577,48.137473265,1,#66c2a5,bicycle
134767,9,1,62,0,2016,4,7,4,2,6,7,0,1,0,1,1,0,0,0,691391.5395,5340504.7377,11.575236028,48.1889164,2,#fc8d62,car
134773,9,1,78,124,2016,4,5,4,3,5,3,2,1,0,1,0,0,0,0,702531676.0,5365577195.0,11.736985328,48.410775771,2,#fc8d62,car
134776,9,7,72,148,2016,4,10,5,3,4,6,0,0,0,1,0,0,0,1,626492.0423,5353747894.0,10.70645552,48.324254116,2,#fc8d62,car
134778,9,1,77,139,2016,4,7,4,3,2,6,0,0,1,1,0,0,0,0,731849.2526,5359333.2152,12.129159806,48.344585757,1,#66c2a5,bicycle
134779,9,7,62,0,2016,4,11,2,2,5,3,0,0,0,1,0,1,0,0,622344.2924,5306270.2129,10.6369038,47.898089262,2,#fc8d62,car
134781,9,7,72,147,2016,4,19,5,3,0,7,1,0,0,1,0,0,0,0,638052.57,5366151542.0,10.866405851,48.43336661,2,#fc8d62,car
134782,9,1,62,0,2016,4,12,4,3,1,3,0,1,1,1,0,0,0,0,692187.5943,5331301.0648,11.581780976,48.105955315,1,#66c2a5,bicycle
134786,9,1,62,0,2016,4,20,5,3,6,4,2,1,0,1,1,0,0,0,688867.2926,5336232.5556,11.539408624,48.151273301,2,#fc8d62,car
134787,9,1,77,127,2016,4,5,3,3,5,3,2,0,0,1,0,1,0,0,726436722.0,5349321349.0,12.050849147,48.256602844,2,#fc8d62,car
134788,9,1,62,0,2016,4,18,3,3,5,3,0,0,1,1,0,0,0,0,691359.06,5332957.13,11.57140541,48.121089343,1,#66c2a5,bicycle
134790,9,7,72,184,2016,4,14,5,3,4,2,0,0,0,1,0,0,0,0,634608.3496,5360913.9541,10.81818606,48.387015861,2,#fc8d62,car
134791,9,1,62,0,2016,4,22,4,3,6,2,2,0,0,1,1,0,0,0,691034.6739,5339702.2694,11.570078459,48.181811373,2,#fc8d62,car
134793,9,1,62,0,2016,4,8,4,3,0,1,0,1,1,0,0,0,0,0,688820.2747,5335344.0811,11.538383019,48.143301551,1,#66c2a5,bicycle
134796,9,1,62,0,2016,4,15,3,3,5,7,0,0,1,1,0,0,0,0,696465533.0,5329682827.0,11.63844202,48.090106547,1,#66c2a5,bicycle
134797,9,1,62,0,2016,4,20,5,3,5,2,2,1,0,1,0,0,0,0,686210.5219,5334378.5578,11.502911939,48.135392258,2,#fc8d62,car
134798,9,1,84,131,2016,4,18,2,3,5,3,0,0,0,1,0,0,0,0,704203.0438,5339324.21,11.746852563,48.17431858,2,#fc8d62,car
134799,9,1,62,0,2016,4,23,3,3,5,2,2,0,0,1,0,1,0,0,690148.5942,5334740.6798,11.555952347,48.137482573,2,#fc8d62,car
134802,9,1,62,0,2016,4,9,4,3,3,2,0,0,0,1,0,0,0,1,691963.0218,5332279.1177,11.579207451,48.114813655,2,#fc8d62,car
134806,9,1,62,0,2016,4,18,3,2,3,6,0,0,0,1,0,0,0,1,690507.5569,5333430.4868,11.560186678,48.125599215,2,#fc8d62,car
134807,9,1,62,0,2016,4,10,2,3,1,5,0,0,1,0,0,0,0,1,693751.5741,5336325.4245,11.605052807,48.150638937,1,#66c2a5,bicycle
134809,9,1,62,0,2016,4,15,4,2,5,2,0,0,1,0,0,0,0,0,694285.2712,5333467.9864,11.610917459,48.124794596,1,#66c2a5,bicycle
134811,9,1,62,0,2016,4,15,3,3,6,7,0,0,1,1,1,0,0,0,690033.4657,5336475931.0,11.555180907,48.153113409,1,#66c2a5,bicycle
134812,9,1,62,0,2016,4,8,5,3,2,6,0,0,0,1,0,0,0,1,693073.5508,5334441.0351,11.595091905,48.133908741,2,#fc8d62,car
134813,9,1,62,0,2016,4,7,2,3,5,3,0,0,1,1,0,0,0,0,681154.2726,5337338.9683,11.436273879,48.163462262,1,#66c2a5,bicycle
134814,9,1,62,0,2016,4,11,4,3,5,3,0,1,0,1,0,0,0,0,692779.5953,5333507.4716,11.590722713,48.125607191,2,#fc8d62,car
134817,9,1,62,0,2016,4,1,4,3,0,1,2,1,1,0,0,0,0,0,691604066.0,5333813.9717,11.575079425,48.128716865,1,#66c2a5,bicycle
134820,9,1,88,120,2016,4,18,3,3,3,5,0,0,1,1,0,0,0,0,679264478.0,5329300318.0,11.40750071,48.091738325,1,#66c2a5,bicycle
134823,9,7,61,0,2016,4,19,5,3,0,1,1,0,1,0,0,0,0,0,638959.6915,5358495.8526,10.876129061,48.364329243,1,#66c2a5,bicycle
134824,9,1,62,0,2016,4,20,4,3,5,2,1,0,0,1,0,1,0,0,688955664.0,5334205732.0,11.539696245,48.133029738,2,#fc8d62,car
134833,9,1,62,0,2016,4,10,3,3,3,2,0,0,0,1,0,0,0,1,691384.2521,5338078.4823,11.574045511,48.167111865,2,#fc8d62,car
134836,9,7,61,0,2016,4,10,5,3,6,2,0,0,0,1,1,0,0,0,639203.0862,5361773.5618,10.880498908,48.393747934,2,#fc8d62,car
134841,9,1,62,0,2016,4,16,3,3,5,3,0,0,0,1,0,0,0,0,696602.9188,5336460.0372,11.64341022,48.150973839,2,#fc8d62,car
134842,9,1,84,120,2016,4,12,5,3,0,7,0,0,1,1,0,0,0,0,680634795.0,5332491.86,11.427238039,48.120040022,1,#66c2a5,bicycle
134843,9,1,62,0,2016,4,9,2,3,0,7,0,0,0,1,0,0,0,0,690713.2484,5334470.4672,11.56341351,48.134884941,2,#fc8d62,car
134844,9,1,79,123,2016,4,12,3,3,5,3,0,0,1,0,0,0,0,0,675731.0352,5332949.9578,11.361592613,48.125530343,1,#66c2a5,bicycle
134846,9,1,62,0,2016,4,23,3,2,5,3,2,0,0,1,0,1,0,0,691016.9176,5336915.4998,11.568587919,48.156769602,2,#fc8d62,car
134848,9,2,61,0,2016,4,17,4,3,0,7,0,0,1,0,0,0,0,0,731970.3754,5379134.5859,12.141750063,48.522417281,1,#66c2a5,bicycle
134849,9,7,61,0,2016,4,14,5,3,6,4,0,0,0,1,1,0,0,0,639242.7205,5360172.9243,10.880503541,48.379346689,2,#fc8d62,car
134852,9,1,63,0,2016,4,18,5,2,6,7,0,0,0,1,1,0,0,0,733623.1129,5305788.6513,12.123752703,47.862914099,2,#fc8d62,car
134854,9,1,84,120,2016,4,11,3,2,5,3,0,0,1,1,0,0,0,0,680737414.0,5333331.4154,11.428971659,48.12755758,1,#66c2a5,bicycle
134855,9,1,62,0,2016,4,18,5,2,5,3,1,0,1,1,0,0,0,0,689581.9275,5337010.0128,11.549353735,48.158048506,1,#66c2a5,bicycle
134856,9,1,62,0,2016,4,9,2,3,5,2,0,0,1,1,0,0,0,0,691046.2525,5337142.7243,11.569084,48.158803058,1,#66c2a5,bicycle
134858,9,2,61,0,2016,4,15,4,3,3,2,0,0,1,1,0,0,0,0,731490.3187,5382466.2771,12.137108892,48.55252252,1,#66c2a5,bicycle
134859,9,1,63,0,2016,4,16,5,2,5,3,0,0,0,1,0,0,0,0,731246.2439,5304382.0977,12.091267931,47.851136989,2,#fc8d62,car
134863,9,1,62,0,2016,4,7,3,3,0,7,0,0,1,1,0,0,0,0,694778212.0,5334377.7168,11.617950524,48.132820253,1,#66c2a5,bicycle
134864,9,2,61,0,2016,4,13,4,3,1,7,0,0,0,1,0,0,0,0,731818.9905,5381576.9945,12.141061103,48.544412905,2,#fc8d62,car
134865,9,7,72,163,2016,4,16,4,3,9,1,0,0,1,0,0,0,0,0,639687.2784,5346455.8689,10.881960504,48.25590717,1,#66c2a5,bicycle
134867,9,1,63,0,2016,4,8,5,3,5,2,0,0,1,1,0,0,0,0,732458.0599,5304598383.0,12.107558952,47.852643069,1,#66c2a5,bicycle
134869,9,1,62,0,2016,4,15,3,3,5,3,0,0,1,1,0,0,0,0,688546253.0,5334593352.0,11.534370622,48.136635148,1,#66c2a5,bicycle
134870,9,1,62,0,2016,4,10,5,3,7,7,0,0,0,0,0,1,0,0,689136.5107,5335945.0326,11.542896932,48.148609024,4,#e78ac3,marker
134871,9,1,62,0,2016,4,17,2,3,2,6,0,0,0,1,0,1,0,0,684442307.0,5332601.5445,11.478398921,48.119934406,2,#fc8d62,car
134872,9,7,61,0,2016,4,17,4,3,5,3,0,0,1,1,0,0,0,0,639203.1092,5358955.9913,10.879565955,48.368413071,1,#66c2a5,bicycle
134874,9,1,87,150,2016,4,7,5,3,0,1,0,0,1,0,0,0,0,0,729070.1101,5304003.9684,12.062020656,47.848518816,1,#66c2a5,bicycle
134875,9,1,79,142,2016,4,17,6,3,0,1,0,0,1,0,0,0,0,0,673899.4123,5342721.9094,11.340996209,48.21387745,1,#66c2a5,bicycle
134881,9,1,84,136,2016,4,8,5,3,1,5,0,0,0,1,0,0,0,0,700490.7656,5327036.5974,11.69119636,48.065071222,2,#fc8d62,car
134882,9,1,62,0,2016,4,1,2,3,5,2,2,0,1,1,0,0,0,0,691239.3099,5334140.0447,11.570328716,48.131757271,1,#66c2a5,bicycle
134883,9,1,73,126,2016,4,14,4,3,5,3,0,1,0,1,0,0,0,0,687037.9133,5302763787.0,11.500247977,47.850977904,2,#fc8d62,car
134884,9,7,61,0,2016,4,7,5,2,6,4,0,0,0,1,1,0,0,0,641068.0352,5361181.1857,10.905479219,48.388007098,2,#fc8d62,car
134885,9,7,61,0,2016,4,20,4,3,9,1,2,0,0,1,0,0,0,0,643593.5809,5362330.2128,10.939965763,48.397768563,2,#fc8d62,car
134891,9,7,72,125,2016,4,14,2,3,5,3,0,0,0,1,0,0,0,0,633920.9944,5348401.7789,10.80493034,48.274650352,2,#fc8d62,car
134893,9,7,61,0,2016,4,12,5,3,0,4,0,0,1,0,1,0,0,0,641896338.0,5360657963.0,10.916484341,48.38311672,1,#66c2a5,bicycle
134894,9,7,61,0,2016,4,16,4,3,2,6,0,0,0,1,0,0,0,0,639538.0732,5358792.2695,10.884031889,48.366866962,2,#fc8d62,car
134897,9,7,61,0,2016,4,16,5,3,2,6,0,1,0,1,0,0,0,0,641461.3802,5359106.7748,10.91009111,48.36926676,2,#fc8d62,car
134898,9,7,61,0,2016,4,14,4,3,0,7,0,0,1,0,0,0,0,0,640544.8531,5358845.5005,10.897635413,48.367122228,1,#66c2a5,bicycle
134900,9,1,86,143,2016,4,7,5,3,4,3,0,0,1,1,0,0,0,0,684514.1658,5378129.4584,11.49928888,48.529126491,1,#66c2a5,bicycle
134901,9,2,74,126,2016,4,7,3,3,5,3,0,0,1,1,0,0,0,0,733621.0393,5385113.2475,12.167424048,48.575509147,1,#66c2a5,bicycle
134902,9,1,77,117,2016,4,12,3,3,1,6,0,0,1,1,0,0,0,0,715800.9961,5354414.3436,11.910347916,48.306074987,1,#66c2a5,bicycle
134903,9,7,78,116,2016,4,14,3,2,8,1,0,0,0,0,0,1,0,0,617880058.0,5318624121.0,10.580584183,48.010034094,4,#e78ac3,marker
134904,9,7,61,0,2016,4,17,2,3,2,6,0,0,0,1,0,0,1,0,637486.0677,5359472.4961,10.856563513,48.37343378,2,#fc8d62,car
134907,9,7,71,113,2016,4,7,4,3,0,7,0,1,1,0,0,0,0,0,657804.4597,5369165.5979,11.134397046,48.455824331,1,#66c2a5,bicycle
134910,9,7,78,203,2016,4,18,3,3,5,7,0,0,1,1,0,0,0,0,622250.6577,5324728.9925,10.640905456,48.06411678,1,#66c2a5,bicycle
134911,9,1,62,0,2016,4,18,5,3,5,3,0,1,1,1,0,0,0,0,699523.3482,5332724.2524,11.680882834,48.116490565,1,#66c2a5,bicycle
134912,9,1,86,143,2016,4,14,5,3,1,7,0,0,1,1,0,0,0,0,684939.8209,5377862.1528,11.504930183,48.526598749,1,#66c2a5,bicycle
134915,9,1,62,0,2016,4,22,5,3,5,3,2,1,0,1,0,0,0,0,693444.9668,5332068.1674,11.599001964,48.112469281,2,#fc8d62,car
134916,9,1,62,0,2016,4,8,2,3,6,7,0,0,0,1,1,0,0,0,697353.6038,5329955.1008,11.650481037,48.092279245,2,#fc8d62,car
134920,9,1,79,119,2016,4,15,5,3,5,3,0,0,1,0,0,0,0,0,669129.7165,5338556241.0,11.275181481,48.177718131,1,#66c2a5,bicycle
134921,9,1,63,0,2016,4,13,3,3,0,7,0,0,0,1,1,0,0,0,732805.6399,5303635.0979,12.111680204,47.843862991,2,#fc8d62,car
134923,9,1,62,0,2016,4,17,5,3,6,4,0,1,1,0,1,0,0,0,688701.3906,5332404.3366,11.535484594,48.116913933,1,#66c2a5,bicycle
134924,9,1,62,0,2016,4,17,2,2,0,1,0,0,0,0,0,1,0,0,697862.1716,5334068.3852,11.659211439,48.129088971,4,#e78ac3,marker
134928,9,1,75,132,2016,4,12,5,3,3,6,0,0,0,1,0,0,0,0,706732.9457,5330848.2926,11.776729268,48.097332899,2,#fc8d62,car
134929,9,1,62,0,2016,4,12,2,3,5,3,0,0,1,1,0,0,0,0,690129.7819,5335253.9806,11.555928887,48.142101745,1,#66c2a5,bicycle
134931,9,1,78,142,2016,4,6,5,2,0,7,1,1,0,1,0,0,0,1,715317.5116,5379219.4993,11.916567716,48.529111877,2,#fc8d62,car
134933,9,1,62,0,2016,4,8,5,3,1,6,0,1,0,1,0,0,0,0,689090.8939,5330602.4289,11.539914145,48.100602556,2,#fc8d62,car
134935,9,1,87,122,2016,4,17,3,3,0,1,0,0,1,0,0,0,0,0,719429.2273,5306718.3776,11.934705302,47.87627255,1,#66c2a5,bicycle
134936,9,7,77,152,2016,4,14,3,3,5,3,0,0,0,1,0,1,0,0,624034.1179,5306966.1425,10.65970315,47.90402369,2,#fc8d62,car
134942,9,1,77,117,2016,4,13,5,2,4,2,0,0,0,1,0,0,0,0,714728.4772,5355294.7894,11.896350918,48.314350884,2,#fc8d62,car
134944,9,1,79,126,2016,4,13,3,3,0,7,0,0,1,0,0,0,0,0,676554808.0,5340243.6018,11.375679959,48.190866473,1,#66c2a5,bicycle
134945,9,1,79,142,2016,4,15,3,3,3,2,0,0,0,0,0,1,0,1,673671.2913,5342598.9262,11.337877594,48.212834378,4,#e78ac3,marker
134946,9,1,62,0,2016,4,6,5,3,5,2,1,0,1,1,0,0,0,0,692332.7407,5334253.3268,11.585060507,48.132445959,1,#66c2a5,bicycle
134948,9,1,81,131,2016,4,19,3,2,5,2,0,0,1,1,0,0,0,0,634271.7243,5333532871.0,10.804949025,48.140869223,1,#66c2a5,bicycle
134950,9,7,61,0,2016,4,8,2,3,5,3,0,0,0,1,0,0,0,0,638554452.0,5358589803.0,10.870691806,48.365263105,2,#fc8d62,car
134951,9,1,87,176,2016,4,19,4,3,0,1,1,0,0,0,0,1,0,0,738764.2693,5333008014.0,12.207513446,48.10554049,4,#e78ac3,marker
134955,9,1,77,115,2016,4,17,3,3,9,6,0,0,0,1,0,0,1,0,732529.7299,5351658.9376,12.13410111,48.275396075,2,#fc8d62,car
134957,9,7,61,0,2016,4,21,1,3,5,2,2,0,0,1,0,0,0,0,641131881.0,5351852517.0,10.903214377,48.304112548,2,#fc8d62,car
134958,9,1,62,0,2016,4,18,2,3,1,2,0,0,0,1,0,0,0,1,683985.1457,5333499.7323,11.472649558,48.128140124,2,#fc8d62,car
134961,9,1,62,0,2016,4,13,3,3,5,2,0,0,0,1,0,0,0,1,693460.93,5341314.8305,11.603419722,48.195570311,2,#fc8d62,car
134964,9,7,61,0,2016,4,18,1,3,0,1,0,0,1,0,0,0,0,0,640577.2177,5359107539.0,10.898159741,48.369471183,1,#66c2a5,bicycle
134965,9,1,62,0,2016,4,10,2,3,6,6,0,0,1,0,1,0,0,0,700133.7149,5334925.0191,11.690108016,48.136077477,1,#66c2a5,bicycle
134966,9,1,62,0,2016,4,8,3,3,5,3,0,1,0,0,0,1,0,1,687045203.0,5336299825.0,11.514963948,48.152416383,4,#e78ac3,marker
134969,9,7,61,0,2016,4,8,6,3,0,7,0,0,1,0,0,0,0,0,643400.4039,5358770.1333,10.936142676,48.365802284,1,#66c2a5,bicycle
134970,9,1,62,0,2016,4,19,3,3,5,3,0,0,1,1,0,0,0,0,688331.6279,5340838.0969,11.534253874,48.19282726,1,#66c2a5,bicycle
134972,9,7,61,0,2016,4,15,6,3,3,2,0,0,1,1,0,0,0,0,641901.2568,5357591.7461,10.9155161,48.35554551,1,#66c2a5,bicycle
134973,9,1,62,0,2016,4,21,3,3,0,7,2,0,1,0,0,0,0,0,687421.1266,5335361.4092,11.5196003,48.143871008,1,#66c2a5,bicycle
134978,9,1,62,0,2016,4,15,2,2,0,1,0,0,0,0,0,1,0,0,695894991.0,5334621.3264,11.633056408,48.134666942,4,#e78ac3,marker
134979,9,1,84,118,2016,4,7,3,3,5,2,0,1,1,1,0,0,0,0,703341.1581,5336463.4642,11.733905143,48.148886325,1,#66c2a5,bicycle
134981,9,7,61,0,2016,4,14,6,3,1,5,0,0,1,1,0,0,0,0,641268.4819,5359583.31,10.90764809,48.373594784,1,#66c2a5,bicycle
134985,9,1,62,0,2016,4,15,2,3,5,3,0,0,1,0,0,0,0,0,688538.02,5334539.65,11.5342363,48.136154905,1,#66c2a5,bicycle
134986,9,1,79,134,2016,4,15,4,3,6,7,0,0,1,0,1,0,0,0,670714.5809,5342848.3079,11.298209713,48.215878442,1,#66c2a5,bicycle
134989,9,1,62,0,2016,4,17,2,3,6,2,0,0,0,0,1,0,0,1,692308.7301,5338133951.0,11.58649136,48.16733141,3,#8da0cb,toilet
134991,9,7,61,0,2016,4,16,6,3,5,3,1,0,1,1,0,0,0,0,639284519.0,5359503298.0,10.88084585,48.373316357,1,#66c2a5,bicycle
134993,9,1,62,0,2016,4,19,3,3,5,3,0,0,1,1,0,0,0,0,699822.8735,5332300514.0,11.684704275,48.112588466,1,#66c2a5,bicycle
134999,9,1,79,142,2016,4,16,4,3,5,3,0,1,0,1,0,0,0,0,676519458.0,5345122528.0,11.377235043,48.234733484,2,#fc8d62,car
135002,9,1,62,0,2016,4,8,3,3,4,2,0,1,1,1,0,0,0,0,692150127.0,5335233493.0,11.583050815,48.141310673,1,#66c2a5,bicycle
135005,9,1,62,0,2016,4,16,3,3,6,4,0,0,0,1,1,0,0,0,688505.3448,5331937.2545,11.532646639,48.112773766,2,#fc8d62,car
135012,9,1,74,115,2016,4,10,4,3,2,6,0,0,0,1,0,0,1,0,681054.8679,5347216.5039,11.439153153,48.252276903,2,#fc8d62,car
135024,9,1,62,0,2016,4,8,3,3,0,7,0,1,0,1,0,0,0,1,688756.5492,5332405.8804,11.536225663,48.116911462,2,#fc8d62,car
135026,9,1,63,0,2016,4,16,2,3,5,3,0,0,0,1,0,1,0,0,732765.1352,5304717.9928,12.111722109,47.853606538,2,#fc8d62,car
135032,9,7,62,0,2016,4,20,6,3,1,6,2,1,0,1,0,0,0,0,621743.3448,5305147.0788,10.628549967,47.888102428,2,#fc8d62,car
135036,9,7,62,0,2016,4,12,6,3,5,3,0,0,0,1,0,1,0,0,621132657.0,5304638668.0,10.620241593,47.883645452,2,#fc8d62,car
135040,9,1,63,0,2016,4,10,2,3,6,4,0,0,0,0,1,0,0,1,733730.1529,5305121.1368,12.124820976,47.856878216,3,#8da0cb,toilet
135043,9,1,78,120,2016,4,17,4,3,5,2,1,1,1,1,0,0,0,0,695195.5056,5353505.8092,11.63235765,48.304603637,1,#66c2a5,bicycle
135046,9,7,72,200,2016,4,15,2,3,1,6,0,0,0,1,0,0,0,1,630629.0383,5338244.5394,10.75745357,48.183998227,2,#fc8d62,car
135050,9,1,63,0,2016,4,15,2,3,4,2,0,0,1,1,0,0,0,0,734693.42,5304885597.0,12.137551522,47.854411124,1,#66c2a5,bicycle
135051,9,2,74,113,2016,4,22,1,3,1,7,2,0,0,1,0,0,0,0,726684.6812,5384283.3834,12.073072112,48.570601323,2,#fc8d62,car
135052,9,7,61,0,2016,4,16,2,3,0,1,0,0,1,0,0,0,0,0,640829.0702,5356511.2785,10.90068957,48.346070329,1,#66c2a5,bicycle
135053,9,1,78,124,2016,4,17,4,3,5,3,0,1,1,0,0,0,0,0,702694.6399,5364128.6221,11.738485566,48.397706134,1,#66c2a5,bicycle
135057,9,7,71,113,2016,4,10,2,3,4,6,0,0,1,0,0,0,0,0,657482.9573,5368201.8,11.12968913,48.447240086,1,#66c2a5,bicycle
135058,9,1,77,117,2016,4,16,4,2,5,1,0,1,1,1,0,0,0,0,715495077.0,5352944961.0,11.905477797,48.292976662,1,#66c2a5,bicycle
135064,9,1,79,142,2016,4,13,1,2,5,6,0,0,0,1,0,1,0,0,673406.3843,5342396.5812,11.334231905,48.211087858,2,#fc8d62,car
135067,9,1,75,115,2016,4,17,4,3,3,6,0,1,0,1,1,0,0,0,720998.3741,5328784.6352,11.967009689,48.074004173,2,#fc8d62,car
135072,9,2,61,0,2016,4,0,7,3,2,6,2,0,1,1,0,0,0,0,731816.9623,5379950.0764,12.140128809,48.529799352,1,#66c2a5,bicycle
135075,9,1,88,126,2016,4,21,1,3,0,7,2,0,1,0,0,0,0,0,659299.1372,5327010.1964,11.138720311,48.076451828,1,#66c2a5,bicycle
135078,9,7,73,125,2016,4,12,3,3,5,3,0,0,0,1,0,1,0,0,613693.3147,5383481.3757,10.54194003,48.594085506,2,#fc8d62,car
135081,9,7,61,0,2016,4,17,3,3,2,6,0,0,0,1,0,0,0,0,639242.7365,5360448.6447,10.880595107,48.381825891,2,#fc8d62,car
135082,9,2,61,0,2016,4,21,7,2,0,1,2,0,1,0,0,0,0,0,734118.9317,5381108.2126,12.171911559,48.539348142,1,#66c2a5,bicycle
135084,9,1,81,123,2016,4,18,1,2,0,4,0,0,1,0,1,0,0,0,653762657.0,5325820.0407,11.06401132,48.067109995,1,#66c2a5,bicycle
135087,9,2,74,113,2016,4,3,7,3,6,4,2,0,1,0,1,0,0,0,729258.2957,5382428.6189,12.106886808,48.553003965,1,#66c2a5,bicycle
135088,9,1,79,118,2016,4,11,2,3,5,3,0,0,0,1,0,0,0,0,672440.9593,5337788.9435,11.31937649,48.169930528,2,#fc8d62,car
135090,9,1,74,115,2016,4,14,1,3,0,1,0,0,1,0,0,0,0,0,681607961.0,5346246719.0,11.446181337,48.243401666,1,#66c2a5,bicycle
135093,9,7,61,0,2016,4,15,3,3,0,6,0,0,1,1,0,0,0,0,644665.2254,5357143.0965,10.952650223,48.350884355,1,#66c2a5,bicycle
135094,9,2,61,0,2016,4,18,3,2,0,1,0,0,1,0,0,0,0,0,731670.4564,5382122.8139,12.139355213,48.549370756,1,#66c2a5,bicycle
135097,9,1,79,134,2016,4,15,2,3,9,1,0,0,0,1,0,0,0,0,670539.3402,5346691.65,11.297399474,48.250475609,2,#fc8d62,car
135098,9,1,74,126,2016,4,16,1,3,5,5,0,0,0,1,0,1,0,0,682383.6723,5345464.58,11.456283103,48.236148708,2,#fc8d62,car
135100,9,1,62,0,2016,4,10,3,3,1,3,0,1,1,1,0,0,0,0,690651.9527,5335095.4992,11.562870243,48.140521069,1,#66c2a5,bicycle
135103,9,7,61,0,2016,4,14,3,2,5,3,0,0,1,0,0,0,0,0,641026.3518,5351425.2413,10.90164933,48.300294126,1,#66c2a5,bicycle
135109,9,1,63,0,2016,4,21,7,3,5,7,2,1,1,1,0,0,0,0,733891.4207,5303119256.0,12.125891782,47.838834617,1,#66c2a5,bicycle
135110,9,1,79,134,2016,4,7,2,3,4,2,0,0,0,1,0,1,0,0,665267369.0,5343464226.0,11.22517617,48.222857646,2,#fc8d62,car
135111,9,1,62,0,2016,4,21,7,3,5,3,2,1,0,1,0,0,0,0,694368.6195,5341716.2677,11.615805174,48.19890107,2,#fc8d62,car