OBJECTID,ULAND,UREGBEZ,UKREIS,UGEMEINDE,UJAHR,UMONAT,USTUNDE,UWOCHENTAG,UKATEGORIE,UART,UTYP1,ULICHTVERH,STRZUSTAND,IstRad,IstPKW,IstFuss,IstKrad,IstGkfz,IstSonstig,LINREFX,LINREFY,XGCSWGS84,YGCSWGS84,Teilnehmer,color,symbol
135113,9,1,62,0,2016,4,7,3,3,0,5,0,0,0,1,0,0,0,0,690586.2396,5335515.1841,11.562175636,48.144312865,2,#fc8d62,car
135114,9,1,73,126,2016,4,12,3,2,5,3,0,0,1,0,0,0,0,1,686537.2215,5303337.2184,11.493808778,47.856277921,1,#66c2a5,bicycle
135118,9,1,79,123,2016,4,15,2,3,0,7,0,0,1,0,0,0,0,0,676016838.0,5333307.1222,11.36557755,48.128662045,1,#66c2a5,bicycle
135120,9,1,62,0,2016,4,15,7,3,5,5,0,0,0,1,0,0,0,0,695625.9511,5330933.7943,11.627752366,48.10160792,2,#fc8d62,car
135121,9,1,62,0,2016,4,19,7,3,5,3,1,0,1,1,0,0,0,0,690666643.0,5338435.26,11.56456397,48.170534186,1,#66c2a5,bicycle
135123,9,1,74,115,2016,4,18,2,3,5,3,0,0,0,1,0,1,0,0,680162.7672,5346804.9696,11.426970938,48.248831958,2,#fc8d62,car
135124,9,1,62,0,2016,4,17,7,2,2,6,0,0,0,1,0,1,0,0,693400.5965,5333076.8374,11.598863942,48.121548418,2,#fc8d62,car
135126,9,1,62,0,2016,4,18,3,3,4,2,0,0,0,1,0,0,0,0,696477.6429,5332675.3796,11.639982286,48.116998284,2,#fc8d62,car
135127,9,1,63,0,2016,4,18,3,3,5,3,0,0,0,1,0,1,0,0,732945489.0,5304305.1886,12.113907244,47.849832521,2,#fc8d62,car
135131,9,1,78,115,2016,4,7,2,3,2,6,0,0,0,1,0,0,0,0,703741845.0,5376279.0616,11.758529125,48.506553262,2,#fc8d62,car
135132,9,2,74,113,2016,4,18,4,3,5,3,0,0,1,1,0,0,0,0,729369.4739,5383068494.0,12.108743667,48.558711357,1,#66c2a5,bicycle
135133,9,1,62,0,2016,4,6,7,2,5,3,0,1,0,1,0,0,0,1,690144.7794,5334738671.0,11.555900225,48.137465658,2,#fc8d62,car
135137,9,1,74,137,2016,4,18,3,3,0,1,0,0,0,0,0,1,0,0,660785.0297,5353412.6015,11.168653458,48.313448615,4,#e78ac3,marker
135138,9,7,72,200,2016,4,14,6,3,6,4,0,0,0,1,1,0,0,0,630679.0217,5337725.5723,10.75796608,48.179321051,2,#fc8d62,car
135140,9,1,75,115,2016,4,16,2,3,2,2,0,0,1,1,0,0,0,0,720901.9413,5328985.8669,11.965820826,48.075845645,1,#66c2a5,bicycle
135142,9,1,62,0,2016,4,8,2,3,8,7,0,0,1,0,0,0,1,0,690604731.0,5337370.2972,11.563254795,48.160980964,1,#66c2a5,bicycle
135145,9,1,81,124,2016,4,11,7,3,0,7,0,1,0,1,1,0,0,0,647071.7591,5321337.3378,10.972713004,48.028380458,2,#fc8d62,car
135146,9,1,62,0,2016,4,13,1,3,1,5,0,0,1,1,0,0,0,0,689556.2272,5335026.4599,11.548125197,48.140227911,1,#66c2a5,bicycle
135147,9,2,61,0,2016,4,17,4,3,4,2,0,1,1,1,0,0,0,0,731872178.0,5380683516.0,12.141283505,48.536367314,1,#66c2a5,bicycle
135148,9,1,62,0,2016,4,0,7,3,2,7,2,1,0,1,0,1,0,0,688240.4253,5336830434.0,11.531253112,48.156832958,2,#fc8d62,car
135149,9,1,62,0,2016,4,16,2,3,3,6,0,0,0,1,0,1,0,0,689584.9076,5337284.9616,11.549516291,48.160518863,2,#fc8d62,car
135152,9,7,72,200,2016,4,8,6,3,5,3,0,0,0,1,0,1,0,0,630661.8309,5337614.6804,10.757700834,48.178327373,2,#fc8d62,car
135154,9,1,62,0,2016,4,14,6,3,2,6,0,0,1,1,0,0,0,0,689331.6444,5335967.2025,11.545527636,48.148750238,1,#66c2a5,bicycle
135155,9,1,62,0,2016,4,14,1,3,5,3,0,0,0,1,0,0,0,0,686628.8203,5332199453.0,11.507574664,48.115683148,2,#fc8d62,car
135157,9,1,62,0,2016,4,10,6,3,3,6,0,0,1,0,0,0,1,0,693115.7204,5333279609.0,11.595131788,48.123457347,1,#66c2a5,bicycle
135159,9,1,84,148,2016,4,18,7,3,4,1,0,0,1,1,0,0,0,0,695372.9051,5326188.0217,11.622187013,48.059032362,1,#66c2a5,bicycle
135161,9,1,62,0,2016,4,17,3,3,3,7,0,0,0,1,0,1,0,0,699487.2893,5335013.9964,11.681470606,48.137080082,2,#fc8d62,car
135162,9,1,62,0,2016,4,18,2,3,3,6,0,0,1,1,0,0,0,0,691146.1556,5335562.3222,11.569716274,48.14456856,1,#66c2a5,bicycle
135166,9,1,62,0,2016,4,11,6,3,6,4,0,0,0,1,1,0,0,0,692240.9221,5338640.0217,11.58580913,48.171900355,2,#fc8d62,car
135167,9,1,84,149,2016,4,15,1,3,1,6,0,0,0,1,0,0,0,0,691219.0169,5351868031.0,11.578047021,48.291098341,2,#fc8d62,car
135168,9,1,62,0,2016,4,9,7,3,5,3,0,0,1,1,0,0,0,0,695755.1493,5331111.4488,11.62956742,48.103164917,1,#66c2a5,bicycle
135170,9,1,62,0,2016,4,7,3,2,5,3,0,1,1,0,0,0,0,1,690806.6407,5342272.6185,11.568168751,48.204981777,1,#66c2a5,bicycle
135171,9,1,62,0,2016,4,16,2,2,5,3,0,0,1,0,0,1,0,0,689809.8348,5340149.3151,11.553816888,48.186196486,1,#66c2a5,bicycle
135174,9,1,62,0,2016,4,8,3,3,4,2,0,0,1,1,0,0,0,0,687863.6173,5338141.2573,11.526770266,48.168726294,1,#66c2a5,bicycle
135175,9,1,62,0,2016,4,10,2,3,5,3,0,0,0,1,0,0,0,0,688110.7622,5333880.1466,11.528207922,48.13035359,2,#fc8d62,car
135178,9,1,62,0,2016,4,8,6,3,6,4,0,0,0,1,1,0,0,0,691492.7533,5333928.9654,11.573636669,48.129783913,2,#fc8d62,car
135180,9,1,62,0,2016,4,12,1,3,0,7,0,1,0,0,0,1,0,1,695059.3588,5335300.1435,11.622147628,48.141024499,4,#e78ac3,marker
135183,9,1,62,0,2016,4,15,3,2,6,4,0,0,0,0,1,0,0,1,695926.5778,5339115.8747,11.635549836,48.17505162,3,#8da0cb,toilet
135184,9,1,62,0,2016,4,16,2,3,5,3,0,0,0,1,0,1,0,0,691894.9648,5342951.1358,11.583108536,48.210752068,2,#fc8d62,car
135186,9,1,62,0,2016,4,2,6,3,0,7,1,0,0,0,0,0,0,1,690611.3569,5337295.0178,11.563310077,48.160302372,6,#ffd92f,circle
135187,9,1,62,0,2016,4,14,1,3,3,6,0,0,1,0,0,0,0,0,692720.4435,5335396.5235,11.590783173,48.142603466,1,#66c2a5,bicycle
135190,9,1,62,0,2016,4,15,6,3,0,7,0,0,1,0,0,0,0,1,689119.4735,5334796.1284,11.542157823,48.138287631,1,#66c2a5,bicycle
135193,9,7,72,184,2016,4,16,7,3,5,3,0,0,0,1,0,1,0,0,635926.9219,5361725.4713,10.836249463,48.394030207,2,#fc8d62,car
135198,9,1,62,0,2016,4,15,6,3,2,6,0,0,0,1,0,0,0,0,687996.7477,5338549.0322,11.528739367,48.172352076,2,#fc8d62,car
135200,9,1,63,0,2016,4,8,4,3,5,3,0,0,1,0,0,0,1,0,733460.9909,5304399.3006,12.120838453,47.850491029,1,#66c2a5,bicycle
135201,9,7,72,217,2016,4,9,7,3,1,5,0,0,1,1,0,0,0,0,635783606.0,5381276.8332,10.840666389,48.569862968,1,#66c2a5,bicycle
135202,9,1,62,0,2016,4,19,2,3,6,4,2,1,0,1,1,0,0,0,695570.7121,5331844.9509,11.627428799,48.109813945,2,#fc8d62,car
135203,9,1,73,147,2016,4,16,6,2,4,6,0,1,1,0,0,0,0,0,682412.6442,5307791.0549,11.440600343,47.897498473,1,#66c2a5,bicycle
135206,9,7,72,147,2016,4,18,7,3,4,2,0,1,0,1,0,0,0,0,637890.1968,5365042.4545,10.863847009,48.423429552,2,#fc8d62,car
135207,9,1,62,0,2016,4,14,2,3,4,2,0,0,1,1,0,0,0,0,693570.7244,5335888.4904,11.602425143,48.146766984,1,#66c2a5,bicycle
135209,9,1,84,119,2016,4,7,2,3,1,7,0,0,1,1,0,0,0,0,696988.8698,5347337.9175,11.653641501,48.248616451,1,#66c2a5,bicycle
135210,9,7,61,0,2016,4,5,6,3,5,3,2,1,0,1,0,0,0,1,638365.4772,5359364.7016,10.86839673,48.372272304,2,#fc8d62,car
135212,9,1,62,0,2016,4,13,6,3,3,6,0,0,0,1,0,1,0,0,690861.5335,5333269611.0,11.564866712,48.124047244,2,#fc8d62,car
135214,9,7,72,125,2016,4,10,7,3,5,3,0,0,1,1,0,0,0,0,636490.7197,5347989.0582,10.839412391,48.270390439,1,#66c2a5,bicycle
135216,9,1,62,0,2016,4,12,3,3,4,2,0,0,0,1,0,0,0,0,698562.1657,5335292.4735,11.669179118,48.139872138,2,#fc8d62,car
135217,9,1,62,0,2016,4,4,2,3,1,7,2,0,1,1,0,0,0,0,691021.0431,5337337.2637,11.5688327,48.160559129,1,#66c2a5,bicycle
135218,9,1,63,0,2016,4,13,6,3,5,2,0,1,1,1,0,0,0,0,732711.6211,5305391.3039,12.111370028,47.859675031,1,#66c2a5,bicycle
135220,9,1,62,0,2016,4,9,6,3,3,6,0,1,0,1,0,0,0,0,692214.5056,5338903.77,11.585573432,48.174278847,2,#fc8d62,car
135221,9,7,61,0,2016,4,10,7,3,6,7,0,0,0,1,1,0,0,0,637031.0373,5360739.7938,10.850835457,48.384928157,2,#fc8d62,car
135223,9,7,61,0,2016,4,7,6,2,4,2,0,1,0,1,0,0,0,0,642337.7898,5362187.9288,10.922961633,48.39677396,2,#fc8d62,car
135227,9,7,61,0,2016,4,19,7,3,2,6,2,1,0,1,0,0,0,0,638849.3781,5360361.3738,10.875256587,48.38112787,2,#fc8d62,car
135229,9,1,62,0,2016,4,8,3,3,4,2,0,1,0,1,0,1,0,0,693664.9639,5332447.6511,11.602126864,48.115813119,2,#fc8d62,car
135230,9,1,62,0,2016,4,10,2,3,9,1,0,0,0,0,0,1,0,0,693182536.0,5335246.68,11.596920598,48.14111658,4,#e78ac3,marker
135231,9,1,87,150,2016,4,12,6,3,2,6,0,0,0,1,0,0,0,0,729571.5862,5304159331.0,12.068796468,47.849735794,2,#fc8d62,car
135233,9,1,87,117,2016,4,13,6,3,1,2,0,0,1,1,0,0,0,0,724577.7495,5305813.8561,12.00299632,47.866365792,1,#66c2a5,bicycle
135235,9,1,62,0,2016,4,7,6,3,5,3,0,0,1,1,0,0,0,0,694324.2524,5332658.6328,11.611071837,48.117508518,1,#66c2a5,bicycle
135238,9,1,84,138,2016,4,13,5,3,5,3,0,0,0,1,0,0,0,0,682507308.0,5331605793.0,11.451996503,48.111541416,2,#fc8d62,car
135239,9,7,61,0,2016,4,13,6,3,5,3,0,1,0,1,0,0,0,0,640729.6436,5351896.2659,10.897807746,48.304595541,2,#fc8d62,car
135242,9,1,62,0,2016,4,15,4,3,5,3,0,0,0,1,0,0,0,1,697732.3382,5336799157.0,11.658736385,48.153671502,2,#fc8d62,car
135243,9,1,84,129,2016,4,16,7,3,1,7,0,0,0,1,0,0,0,1,699845.3368,5326411.3491,11.682250448,48.059654483,2,#fc8d62,car
135244,9,1,62,0,2016,4,23,1,3,4,6,2,1,1,1,0,0,0,0,692074.3213,5334810068.0,11.581841884,48.137527893,1,#66c2a5,bicycle
135245,9,1,62,0,2016,4,13,4,3,5,2,0,0,1,1,0,0,0,0,692276.9181,5341898797.0,11.587767779,48.201178401,1,#66c2a5,bicycle
135246,9,1,63,0,2016,4,23,5,2,5,2,2,1,1,1,0,0,0,0,732900.4721,5305598.9002,12.114002923,47.861471685,1,#66c2a5,bicycle
135247,9,7,72,147,2016,4,15,5,3,5,3,0,0,0,0,0,0,0,1,638208.8384,5365778.4496,10.868394321,48.429977591,6,#ffd92f,circle
135251,9,1,62,0,2016,4,17,4,3,1,6,0,0,0,1,0,0,0,0,688122.6504,5338209.2458,11.530280825,48.169260777,2,#fc8d62,car
135252,9,1,62,0,2016,4,10,7,3,0,6,0,0,1,0,0,1,0,0,691822.8179,5335009.2351,11.578554455,48.139393839,1,#66c2a5,bicycle
135261,9,1,88,127,2016,4,17,4,3,3,6,0,1,1,1,0,0,0,0,679539.5513,5329852.8171,11.411423866,48.096627346,1,#66c2a5,bicycle
135262,9,1,78,120,2016,4,13,2,3,8,1,0,0,0,0,0,0,1,0,694091.6771,5351111.3083,11.61638742,48.28342307,5,#a6d854,bus
135264,9,1,62,0,2016,4,10,4,3,6,7,0,0,0,1,1,0,0,0,689327.1455,5337274.35,11.546048766,48.160500288,2,#fc8d62,car
135266,9,1,75,115,2016,4,21,7,2,6,6,2,1,1,0,1,0,0,0,723993.6542,5327186.9514,12.006328931,48.058604671,1,#66c2a5,bicycle
135271,9,1,62,0,2016,4,14,4,3,4,3,0,0,1,1,0,0,0,0,698701.0187,5332844.1982,11.669902012,48.117825652,1,#66c2a5,bicycle
135272,9,1,62,0,2016,4,10,6,3,5,3,0,1,0,1,0,0,0,0,688279.3112,5335887.7269,11.53135843,48.148348249,2,#fc8d62,car
135273,9,1,62,0,2016,4,11,4,2,6,4,0,0,0,1,1,0,0,0,690265.9859,5335648.7757,11.557934409,48.145609441,2,#fc8d62,car
135274,9,1,62,0,2016,4,7,1,3,0,6,0,1,0,1,0,0,0,1,681865.0196,5337046.3283,11.445698304,48.160628885,2,#fc8d62,car
135276,9,1,62,0,2016,4,13,6,3,5,7,0,1,1,1,0,0,0,0,687970.9913,5338583.6932,11.528408594,48.172671232,1,#66c2a5,bicycle
135279,9,1,62,0,2016,4,14,5,3,1,5,0,0,0,1,0,0,1,0,692269.8141,5337277.5857,11.585581399,48.159646378,2,#fc8d62,car
135282,9,1,62,0,2016,4,11,4,3,2,6,0,0,0,1,0,0,0,0,699938164.0,5334833.5411,11.687439574,48.135316824,2,#fc8d62,car
135286,9,1,62,0,2016,4,7,5,3,5,2,0,0,1,1,0,0,0,0,690360.3851,5343203.7621,11.562586371,48.213484722,1,#66c2a5,bicycle
135287,9,7,71,113,2016,4,15,6,3,2,6,0,1,0,1,0,0,0,0,656967.2654,5369721.2807,11.123290039,48.461029467,2,#fc8d62,car
135289,9,1,62,0,2016,4,12,4,3,5,3,0,0,0,1,0,1,0,0,692375.3553,5332336.9501,11.584767796,48.115209025,2,#fc8d62,car
135290,9,1,62,0,2016,4,18,5,3,5,3,0,0,0,1,0,0,0,0,681213.2631,5338597.6983,11.437602925,48.174759886,2,#fc8d62,car
135291,9,7,61,0,2016,4,18,6,2,4,2,0,0,0,1,0,1,0,0,638506.0324,5362333.2486,10.871272234,48.39893399,2,#fc8d62,car
135293,9,1,62,0,2016,4,16,4,3,5,2,0,0,1,0,0,1,0,0,693622.5247,5341887.9303,11.605853357,48.200671833,1,#66c2a5,bicycle
135294,9,1,62,0,2016,4,13,7,3,3,6,0,0,1,1,0,0,0,0,693321.9568,5333230.7099,11.597878109,48.122955266,1,#66c2a5,bicycle
135295,9,1,74,115,2016,4,16,5,3,5,3,0,0,1,1,0,0,0,0,681579.7776,5346072.09,11.445727203,48.241840068,1,#66c2a5,bicycle
135296,9,7,61,0,2016,4,11,5,3,5,3,0,0,0,1,0,0,0,0,640544.0323,5359303.8563,10.89777752,48.371243793,2,#fc8d62,car
135301,9,1,62,0,2016,4,14,4,3,6,2,0,0,0,1,1,0,0,0,684363.2323,5337515.8209,11.479465037,48.164129461,2,#fc8d62,car
135303,9,1,62,0,2016,4,7,4,3,1,6,0,0,0,1,0,0,0,0,686282.9165,5333270.6568,11.503399704,48.125412833,2,#fc8d62,car
135307,9,1,62,0,2016,4,13,4,3,5,2,0,0,1,1,0,0,0,0,696737.5201,5333455.9485,11.643830479,48.123933344,1,#66c2a5,bicycle
135308,9,1,62,0,2016,4,10,7,3,6,7,0,0,0,1,1,0,0,0,691312.2947,5332160.1076,11.570420061,48.113939809,2,#fc8d62,car
135309,9,7,72,162,2016,4,10,1,3,6,7,0,1,0,1,1,0,0,0,636090226.0,5335583891.0,10.830037251,48.158926327,2,#fc8d62,car
135314,9,1,62,0,2016,4,7,4,3,0,6,0,0,0,1,0,0,1,0,694520496.0,5334964.0112,11.614758107,48.138168446,2,#fc8d62,car
135315,9,1,62,0,2016,4,16,1,3,6,7,0,1,0,1,1,0,0,0,694897.7265,5336710.4273,11.620622829,48.153749005,2,#fc8d62,car
135318,9,1,62,0,2016,4,10,6,3,6,7,0,1,0,0,1,0,0,1,694958.8366,5336634613.0,11.621408901,48.153048893,3,#8da0cb,toilet
135325,9,1,62,0,2016,4,12,4,3,1,6,0,0,0,1,0,0,0,0,688911.9279,5333653.6552,11.538864238,48.128080579,2,#fc8d62,car
135326,9,1,62,0,2016,4,7,6,2,6,4,0,1,1,0,1,0,0,0,693314.2191,5334636.1366,11.5984118,48.135589201,1,#66c2a5,bicycle
135329,9,1,79,126,2016,4,19,7,3,6,4,0,0,0,1,1,0,0,0,677562.0363,5340045.7351,11.389138069,48.188807057,2,#fc8d62,car
135330,9,1,62,0,2016,4,16,5,3,6,7,0,0,1,0,1,0,0,0,691690.9325,5336007783.0,11.577233001,48.148408382,1,#66c2a5,bicycle
135333,9,1,79,126,2016,4,7,6,3,5,3,0,1,0,1,0,0,0,0,677522.5922,5340491.3016,11.388794066,48.192823306,2,#fc8d62,car
135334,9,1,62,0,2016,4,15,4,3,0,1,0,1,1,0,0,0,0,0,691345.6594,5334083.0954,11.571731026,48.131213454,1,#66c2a5,bicycle
135338,9,1,62,0,2016,4,19,6,3,5,3,1,0,0,1,0,1,0,0,693577.1447,5334439.7327,11.601852864,48.133744064,2,#fc8d62,car
135340,9,1,62,0,2016,4,23,5,3,6,3,2,0,0,1,1,0,0,0,690141.9207,5334934.8825,11.555949431,48.139230063,2,#fc8d62,car
135341,9,7,61,0,2016,4,12,6,3,2,6,0,1,0,1,0,0,0,0,641837.6957,5361221.2861,10.915882933,48.388195053,2,#fc8d62,car
135342,9,2,61,0,2016,4,16,5,3,1,7,0,0,0,1,0,0,0,0,732210.5479,5379902.6288,12.145425426,48.529227683,2,#fc8d62,car
135344,9,1,62,0,2016,4,16,4,3,3,2,0,1,1,0,0,0,0,1,692342.5556,5335459.4809,11.585736953,48.143283665,1,#66c2a5,bicycle
135345,9,1,62,0,2016,4,8,7,3,5,3,0,0,1,1,0,0,0,0,686211.4381,5333664.5976,11.502612204,48.12897464,1,#66c2a5,bicycle
135348,9,7,72,184,2016,4,13,5,3,2,6,0,0,0,1,0,0,0,0,635857864.0,5362472.1237,10.835558639,48.400758943,2,#fc8d62,car
135349,9,1,62,0,2016,4,8,5,3,5,7,0,0,1,0,0,0,0,0,691739.7403,5335034.0262,11.577450028,48.139641697,1,#66c2a5,bicycle
135352,9,1,62,0,2016,4,13,4,3,2,6,0,0,0,1,0,0,0,0,692150.1009,5335201.4243,11.583035995,48.141022454,2,#fc8d62,car
135353,9,1,62,0,2016,4,13,7,3,5,2,0,0,0,1,0,1,0,0,690984.4978,5336639836.0,11.568028704,48.154301702,2,#fc8d62,car
135360,9,1,62,0,2016,4,10,1,3,5,3,0,1,1,1,0,0,0,0,691234.7724,5339977.7304,11.572891642,48.184226973,1,#66c2a5,bicycle
135365,9,1,74,115,2016,4,15,2,3,5,3,0,0,1,1,0,0,0,0,682273.1633,5347667.1623,11.455744388,48.255978457,1,#66c2a5,bicycle
135367,9,7,62,0,2016,4,22,4,3,5,3,2,1,0,1,0,0,0,0,623229.8949,5307790598.0,10.649182054,47.911593519,2,#fc8d62,car
135369,9,1,77,117,2016,4,15,7,3,3,6,0,0,1,1,0,0,0,0,714365575.0,5354755.12,11.891188242,48.309624931,1,#66c2a5,bicycle
135375,9,1,62,0,2016,4,14,6,3,5,2,0,1,1,0,0,0,0,1,688135.7964,5338452201.0,11.530564966,48.1714406,1,#66c2a5,bicycle
135377,9,1,74,111,2016,4,15,7,3,3,2,0,0,1,1,0,0,0,0,665159.7639,5359821.7241,11.230126815,48.369938226,1,#66c2a5,bicycle
135378,9,1,62,0,2016,4,9,6,3,5,3,0,1,1,1,0,0,0,0,689437.1596,5337147.9253,11.54747041,48.159331212,1,#66c2a5,bicycle
135380,9,1,73,147,2016,4,11,7,3,2,6,0,0,0,1,0,0,0,0,681538.9506,5308731.0199,11.42931713,47.90619582,2,#fc8d62,car
135381,9,1,62,0,2016,4,7,5,3,2,6,0,0,0,1,0,0,0,0,693839.67,5331603.1259,11.604087952,48.108169622,2,#fc8d62,car
135383,9,7,61,0,2016,4,10,4,3,6,4,0,0,0,1,1,0,0,0,638396.1579,5360362.1149,10.869139173,48.38123412,2,#fc8d62,car
135384,9,1,62,0,2016,4,18,6,3,2,6,0,0,0,1,0,0,0,0,689685.9424,5334823.9328,11.549776913,48.138368932,2,#fc8d62,car
135387,9,1,62,0,2016,4,16,5,3,4,6,0,0,0,1,0,1,0,0,684712.6973,5343263.1562,11.486659869,48.215687452,2,#fc8d62,car
135388,9,7,61,0,2016,4,10,6,3,5,3,0,1,0,1,0,0,0,0,640026.5776,5359242.9919,10.890773983,48.370811542,2,#fc8d62,car
135389,9,2,61,0,2016,4,15,5,3,5,3,0,0,1,1,0,0,0,0,734172592.0,5382144.7866,12.173219996,48.548639172,1,#66c2a5,bicycle
135392,9,1,62,0,2016,4,18,7,3,1,7,0,0,0,0,1,0,0,1,693882.38,5331347784.0,11.60454508,48.105861685,3,#8da0cb,toilet
135393,9,1,62,0,2016,4,17,5,3,0,6,0,0,0,1,0,0,0,1,695671.3206,5330902.1037,11.628346599,48.101309168,2,#fc8d62,car
135394,9,7,71,122,2016,4,15,6,2,8,1,0,0,0,1,0,0,0,0,651433.4803,5361144.5962,11.045387859,48.385274779,2,#fc8d62,car
135395,9,2,61,0,2016,4,21,5,3,2,6,2,0,0,1,0,1,0,0,731472.5824,5382880.0551,12.137098919,48.556245957,2,#fc8d62,car
135396,9,1,74,115,2016,4,9,6,3,5,3,0,1,1,1,0,0,0,0,681843.1333,5348572.2413,11.45034515,48.26423734,1,#66c2a5,bicycle
135398,9,1,79,125,2016,4,12,1,3,2,6,0,1,0,1,0,0,0,0,662311.0047,5332853.4348,11.181349552,48.12822597,2,#fc8d62,car
135400,9,7,61,0,2016,4,13,5,3,9,1,0,1,1,0,0,0,0,0,640759.1611,5359972.2591,10.900904546,48.377205887,1,#66c2a5,bicycle
135406,9,1,62,0,2016,4,19,7,3,0,4,1,0,1,0,1,0,0,0,690768.1932,5335043.2108,11.564407781,48.140016264,1,#66c2a5,bicycle
135410,9,1,86,143,2016,4,8,5,2,5,3,0,0,1,1,0,0,0,0,684717.5052,5378985.0238,11.502419567,48.536756303,1,#66c2a5,bicycle
135414,9,1,75,137,2016,4,19,2,3,8,1,1,1,0,0,0,0,0,1,727106.4921,5334018564.0,12.051679299,48.118881718,6,#ffd92f,circle
135416,9,7,72,202,2016,4,8,7,3,8,7,0,1,0,1,0,0,0,0,637024.0487,5357001.2513,10.849523041,48.351313029,2,#fc8d62,car
135417,9,1,62,0,2016,4,8,6,3,0,1,0,0,1,0,0,0,0,0,691733.6129,5333677.9226,11.576757447,48.127455066,1,#66c2a5,bicycle
135421,9,1,87,177,2016,4,19,6,3,3,2,0,0,1,1,0,0,0,0,735033.0961,5305118.1868,12.142211871,47.856376565,1,#66c2a5,bicycle
135427,9,1,62,0,2016,4,18,1,3,5,3,0,1,1,1,0,0,0,0,701290.4092,5334642.0882,11.705504176,48.133169997,1,#66c2a5,bicycle
135429,9,1,84,119,2016,4,17,6,3,5,6,0,0,0,1,0,1,0,0,697713.8673,5348913.9964,11.664133305,48.262555044,2,#fc8d62,car
135431,9,1,85,158,2016,4,18,7,3,5,3,0,0,1,1,0,0,0,0,667074.2102,5381301.8074,11.264535155,48.562528424,1,#66c2a5,bicycle
135432,9,1,62,0,2016,4,16,5,3,1,5,0,0,1,0,0,0,0,1,690405.6371,5335335.8745,11.559670012,48.142755312,1,#66c2a5,bicycle
135438,9,1,62,0,2016,4,9,6,3,5,7,0,1,1,1,0,0,0,0,693806.4276,5331819.9099,11.603740328,48.11012813,1,#66c2a5,bicycle
135439,9,1,79,142,2016,4,10,5,3,0,1,0,0,1,0,0,0,0,0,673230.8909,5342218.9588,11.331799082,48.209539063,1,#66c2a5,bicycle
135440,9,1,62,0,2016,4,8,5,3,1,5,0,0,1,1,0,0,0,0,692188.6717,5336661.4144,11.584213062,48.154132897,1,#66c2a5,bicycle
135441,9,7,61,0,2016,4,19,6,3,5,3,0,0,1,1,0,0,0,0,643148.6323,5359190.7675,10.932888526,48.369641556,1,#66c2a5,bicycle
135444,9,1,62,0,2016,4,8,7,3,5,3,0,0,0,1,0,0,0,0,684892.4247,5339224.7269,11.487318289,48.179336165,2,#fc8d62,car
135445,9,1,88,120,2016,4,13,5,2,5,3,0,0,1,0,0,0,0,0,677916.4103,5326240.9901,11.388138887,48.064615048,1,#66c2a5,bicycle
135451,9,1,88,139,2016,4,16,2,3,0,7,0,1,0,1,0,1,0,0,674007.5951,5319196.9206,11.332855643,48.002369441,2,#fc8d62,car
135453,9,7,61,0,2016,4,13,5,3,2,6,0,0,0,1,0,0,0,0,638941.4337,5360786.8961,10.876639864,48.384933795,2,#fc8d62,car
135454,9,1,62,0,2016,4,18,5,3,5,3,0,0,1,1,0,0,0,0,692303.0299,5337341.6701,11.58605657,48.160212309,1,#66c2a5,bicycle
135456,9,1,63,0,2016,4,17,2,3,2,6,0,1,0,1,0,0,0,1,733256.1856,5306523.5555,12.119250575,47.869649817,2,#fc8d62,car
135458,9,1,62,0,2016,4,21,7,3,3,6,2,0,0,1,0,1,0,0,690637.5726,5334748.3166,11.562521738,48.137404914,2,#fc8d62,car
135459,9,7,61,0,2016,4,18,1,3,5,2,0,1,0,1,0,0,0,0,639273.6682,5360306.8447,10.88096564,48.380544035,2,#fc8d62,car
135465,9,1,62,0,2016,4,15,1,3,4,2,0,1,0,1,0,0,0,0,701854.4388,5335317.5156,11.71339643,48.13906135,2,#fc8d62,car
135468,9,1,62,0,2016,4,22,6,3,3,7,2,0,1,1,0,0,0,0,691942.1558,5334615.9091,11.57997971,48.135822702,1,#66c2a5,bicycle
135477,9,1,62,0,2016,4,11,6,3,4,5,0,1,0,1,0,1,0,1,683045.8243,5340260.6977,11.462946649,48.189182711,2,#fc8d62,car
135478,9,1,62,0,2016,4,17,4,3,3,6,0,1,0,1,0,1,0,0,690143.5948,5334867.7678,11.555941949,48.138626335,2,#fc8d62,car
135479,9,1,79,121,2016,4,16,7,3,5,3,0,0,1,1,0,0,0,0,667732.9093,5339572.0127,11.256807427,48.187220083,1,#66c2a5,bicycle
135480,9,1,62,0,2016,4,17,5,3,5,3,0,0,1,1,0,0,0,0,692322.7252,5340037.8281,11.587540825,48.184438706,1,#66c2a5,bicycle
135483,9,1,81,144,2016,4,15,6,3,5,3,0,0,0,1,0,0,0,0,655536.1156,5321301.9462,11.086158997,48.026057208,2,#fc8d62,car
135484,9,1,62,0,2016,4,13,4,3,1,5,0,0,0,1,0,0,0,0,694850.2531,5336149.7927,11.619728533,48.148724829,2,#fc8d62,car
135487,9,1,62,0,2016,4,13,5,3,0,7,0,0,1,0,0,0,0,0,692718.3122,5335397.0961,11.590754811,48.142609258,1,#66c2a5,bicycle
135488,9,7,72,202,2016,4,17,4,2,5,3,0,0,1,1,0,0,0,0,636349093.0,5358776.9636,10.840992956,48.367426272,1,#66c2a5,bicycle
135489,9,1,78,124,2016,4,8,4,3,6,7,0,0,0,1,1,0,0,0,702925.0173,5365313.2694,11.742166948,48.40827757,2,#fc8d62,car