OBJECTID,ULAND,UREGBEZ,UKREIS,UGEMEINDE,UJAHR,UMONAT,USTUNDE,UWOCHENTAG,UKATEGORIE,UART,UTYP1,ULICHTVERH,STRZUSTAND,IstRad,IstPKW,IstFuss,IstKrad,IstGkfz,IstSonstig,LINREFX,LINREFY,XGCSWGS84,YGCSWGS84,Teilnehmer,color,symbol
135500,9,1,84,122,2016,4,8,5,3,2,6,0,0,0,1,0,0,0,0,689786576.0,5326567.1281,11.547456543,48.064125841,2,#fc8d62,car
135501,9,1,78,124,2016,4,8,4,3,5,3,0,0,0,1,0,0,0,0,702545.2665,5363494.0584,11.736163862,48.39205175,2,#fc8d62,car
135502,9,7,73,182,2016,4,18,5,3,2,6,0,0,0,1,0,0,0,0,622322.77,5379950.84,10.657887031,48.560710897,2,#fc8d62,car
135508,9,2,61,0,2016,4,16,5,3,5,3,0,0,1,0,0,0,0,0,731469.5235,5382889.2871,12.13706266,48.556330016,1,#66c2a5,bicycle
135510,9,1,79,121,2016,4,11,5,2,6,4,0,0,0,1,1,0,0,0,666774.7935,5338825.0722,11.243633268,48.180757373,2,#fc8d62,car
135512,9,7,61,0,2016,4,18,5,3,2,6,0,0,0,1,0,0,0,0,640070.9662,5359190.6271,10.891355579,48.370330844,2,#fc8d62,car
135513,9,1,82,120,2016,4,8,5,3,5,3,0,0,0,1,0,1,0,0,703197003.0,5306297.6283,11.717675953,47.877832618,2,#fc8d62,car
135518,9,2,61,0,2016,4,17,3,3,5,3,0,0,1,1,0,0,0,0,732997.9101,5382755.9522,12.157669313,48.554566414,1,#66c2a5,bicycle
135520,9,1,62,0,2016,4,7,4,3,5,3,0,0,1,1,0,0,0,0,696650.7925,5332579427.0,11.642262007,48.116082472,1,#66c2a5,bicycle
135522,9,1,62,0,2016,4,18,4,3,5,2,0,0,1,1,0,0,0,0,687791.1137,5334188.5693,11.524052111,48.133220154,1,#66c2a5,bicycle
135524,9,2,61,0,2016,4,17,3,3,0,1,0,0,1,0,0,0,0,0,732680.3,5380926353.0,12.152349854,48.538249585,1,#66c2a5,bicycle
135525,9,1,62,0,2016,4,11,5,3,3,3,0,0,1,1,0,0,0,0,688898.4982,5332414.2486,11.538134726,48.116944586,1,#66c2a5,bicycle
135527,9,2,61,0,2016,4,7,3,3,0,7,0,0,1,0,0,0,0,0,732464.1126,5380214.0494,12.149028332,48.531931258,1,#66c2a5,bicycle
135530,9,1,62,0,2016,4,11,4,3,5,3,0,0,1,1,0,0,0,0,690273.9065,5337393.0101,11.558820629,48.161284192,1,#66c2a5,bicycle
135532,9,7,61,0,2016,4,15,4,3,2,7,0,0,0,1,0,0,0,1,643046.1911,5359356.9386,10.931562641,48.371158907,2,#fc8d62,car
135535,9,1,73,130,2016,4,19,3,2,0,1,0,0,1,0,0,0,0,0,681738.8897,5314354.0846,11.434362709,47.956685906,1,#66c2a5,bicycle
135536,9,1,62,0,2016,4,18,5,3,2,6,0,0,0,1,1,0,0,0,693479.7473,5333819.2907,11.600263428,48.128197331,2,#fc8d62,car
135537,9,7,61,0,2016,4,14,4,3,6,4,0,0,0,1,1,0,0,0,642894438.0,5359445388.0,10.929544775,48.371988578,2,#fc8d62,car
135538,9,1,78,124,2016,4,7,4,3,5,2,0,0,1,0,0,0,0,0,703591.8638,5364247.3293,11.750650471,48.398483839,1,#66c2a5,bicycle
135543,9,1,75,112,2016,4,16,4,3,6,4,0,0,0,1,1,0,0,0,723766.3603,5319462.2896,11.999250014,47.989279926,2,#fc8d62,car
135549,9,1,62,0,2016,4,9,5,3,1,7,0,0,1,0,0,0,0,1,693563.6468,5334444.4374,11.601673771,48.133790454,1,#66c2a5,bicycle
135550,9,1,75,115,2016,4,16,4,3,5,3,0,0,1,1,0,0,0,0,721027.2854,5330458.2498,11.968263022,48.089031541,1,#66c2a5,bicycle
135551,9,7,72,163,2016,4,16,5,3,5,3,0,0,1,1,0,0,0,0,640541.2909,5349700997.0,10.894538491,48.284898003,1,#66c2a5,bicycle
135553,9,2,61,0,2016,4,8,4,3,5,7,0,0,1,1,0,0,0,0,733159138.0,5381238.5367,12.159001541,48.540876115,1,#66c2a5,bicycle
135560,9,2,74,194,2016,4,17,5,2,1,6,0,0,1,1,0,0,0,0,722916.9998,5377788.5248,12.018595047,48.51360381,1,#66c2a5,bicycle
135562,9,1,90,138,2016,4,14,4,2,6,7,0,0,0,0,1,0,0,1,661183.1988,5311853.9304,11.158301273,47.939711921,3,#8da0cb,toilet
135567,9,1,88,141,2016,4,11,5,2,6,4,0,0,0,1,1,0,0,0,670227198.0,5308970.0939,11.278167844,47.911446795,2,#fc8d62,car
135571,9,1,63,0,2016,4,14,4,3,0,1,0,0,0,0,0,1,0,0,731214.6579,5304374.7818,12.090842419,47.851082623,4,#e78ac3,marker
135573,9,1,84,119,2016,4,17,4,3,5,3,0,0,1,1,0,0,0,0,696154.9385,5347503.9373,11.642496949,48.250367106,1,#66c2a5,bicycle
135574,9,1,73,147,2016,4,11,5,3,2,6,0,0,0,1,0,0,0,0,681850.8343,5309476.2352,11.433801048,47.912806376,2,#fc8d62,car
135576,9,1,77,130,2016,4,0,5,3,9,1,2,0,0,1,0,0,0,0,709682.1211,5350432.0203,11.825956482,48.272348358,2,#fc8d62,car
135578,9,1,87,122,2016,4,14,3,3,6,7,0,0,0,1,1,0,0,0,718575.9359,5307400.4079,11.923653628,47.882692009,2,#fc8d62,car
135579,9,1,62,0,2016,4,10,5,2,5,2,0,0,0,1,0,0,0,0,691390.2195,5338081.0463,11.574126841,48.167133113,2,#fc8d62,car
135582,9,1,62,0,2016,4,13,3,3,3,7,0,0,0,1,0,1,0,0,691788.4419,5335552.8728,11.578337684,48.144290332,2,#fc8d62,car
135587,9,1,81,144,2016,4,7,3,3,0,6,0,0,1,0,0,0,0,0,655810.9875,5321120.7678,11.089777355,48.024361216,1,#66c2a5,bicycle
135588,9,1,62,0,2016,4,9,5,3,5,7,0,0,0,1,0,0,0,1,685422.53,5334893691.0,11.492554975,48.140252587,2,#fc8d62,car
135589,9,1,62,0,2016,4,14,4,3,1,5,0,0,0,1,0,0,0,0,689485.2989,5334924882.0,11.547127521,48.139336049,2,#fc8d62,car
135591,9,1,77,133,2016,4,10,3,3,0,5,0,0,0,1,0,0,0,0,706698.4089,5359554.8357,11.790263433,48.355306962,2,#fc8d62,car
135592,9,1,62,0,2016,4,19,5,3,4,2,1,0,0,1,0,0,0,0,693126667.0,5331877.04,11.594643508,48.110848066,2,#fc8d62,car
135593,9,7,72,163,2016,4,8,4,2,2,1,0,0,0,1,0,0,0,0,640520.3971,5349588611.0,10.894219617,48.283892087,2,#fc8d62,car
135594,9,1,62,0,2016,4,10,3,3,5,5,0,0,1,1,0,0,0,0,689792.4607,5330896.3251,11.549458804,48.103035542,1,#66c2a5,bicycle
135599,9,2,61,0,2016,4,13,4,3,1,1,0,0,1,1,0,0,0,0,730522.9492,5382225.8609,12.123886572,48.550719124,1,#66c2a5,bicycle
135600,9,1,62,0,2016,4,11,2,3,5,3,0,0,1,1,0,0,0,0,688152.9675,5333832.8106,11.528753686,48.12991565,1,#66c2a5,bicycle
135602,9,7,61,0,2016,4,19,5,3,1,5,0,0,1,1,0,0,0,0,639795.0084,5359651.0412,10.887784549,48.374531941,1,#66c2a5,bicycle
135603,9,1,62,0,2016,4,17,3,3,0,1,0,0,1,0,0,0,0,0,689823.7547,5334608.9583,11.551531691,48.136395637,1,#66c2a5,bicycle
135608,9,1,62,0,2016,4,8,2,3,5,3,0,0,0,1,0,0,0,0,686498.3919,5334591.8926,11.506870852,48.13722549,2,#fc8d62,car
135612,9,1,88,120,2016,4,18,5,3,0,7,0,0,1,0,0,0,0,0,677409.9038,5326596.8085,11.381493873,48.067954665,1,#66c2a5,bicycle
135614,9,1,62,0,2016,4,18,2,3,5,7,0,0,1,0,0,0,0,0,694006488.0,5334496.52,11.607643296,48.134123718,1,#66c2a5,bicycle
135619,9,1,62,0,2016,4,7,2,3,5,3,0,1,1,1,0,0,0,0,687994.5461,5339139.0933,11.528970747,48.177656278,1,#66c2a5,bicycle
135621,9,1,87,150,2016,4,15,4,3,5,3,0,0,1,1,0,0,0,0,729687.6288,5304569.4804,12.070563094,47.853379325,1,#66c2a5,bicycle
135622,9,1,84,149,2016,4,13,2,3,6,4,0,0,0,1,1,0,0,0,689924.4779,5350720.8528,11.560096314,48.281177563,2,#fc8d62,car
135624,9,1,62,0,2016,4,15,4,3,1,7,0,0,0,1,1,0,0,0,685568.0552,5338287097.0,11.495989135,48.170711455,2,#fc8d62,car
135626,9,1,62,0,2016,4,6,4,3,6,2,0,0,0,0,1,0,0,1,690333.7333,5335187.4192,11.558638037,48.141442513,3,#8da0cb,toilet
135628,9,1,62,0,2016,4,13,2,3,5,3,0,0,0,1,0,0,0,0,687789.9967,5331416221.0,11.522815946,48.108301893,2,#fc8d62,car
135629,9,1,62,0,2016,4,19,5,3,0,5,0,0,0,1,0,0,0,0,693050.7971,5333807.6823,11.594499447,48.128223229,2,#fc8d62,car
135631,9,1,62,0,2016,4,17,3,3,5,3,0,0,0,1,0,0,0,0,689228.82,5333436.1907,11.543022177,48.126031861,2,#fc8d62,car
135632,9,1,62,0,2016,4,12,4,3,2,6,0,0,1,0,0,0,0,0,689605.6167,5335462.6443,11.548982652,48.144133643,1,#66c2a5,bicycle
135633,9,1,73,126,2016,4,8,5,3,5,3,0,0,1,1,0,0,0,0,685634.7087,5303691.6223,11.481906981,47.859724989,1,#66c2a5,bicycle
135634,9,7,61,0,2016,4,23,4,3,5,3,2,0,1,1,0,0,0,0,640932.1128,5357813.5129,10.90251548,48.357756608,1,#66c2a5,bicycle
135636,9,1,88,127,2016,4,11,2,3,0,1,0,1,0,1,0,0,0,0,679521.4913,5329864.7114,11.411186524,48.096739353,2,#fc8d62,car
135637,9,1,84,134,2016,4,9,5,3,0,5,0,0,0,1,0,0,0,0,693276.4671,5322422.9357,11.592380189,48.025830609,2,#fc8d62,car
135638,9,7,61,0,2016,4,7,4,2,5,3,0,0,1,1,0,0,0,0,639149.1836,5359224016.0,10.878926929,48.370834977,1,#66c2a5,bicycle
135639,9,1,62,0,2016,4,18,3,3,5,3,0,0,0,1,0,0,0,0,690519022.0,5336824.2791,11.561858869,48.156099077,2,#fc8d62,car
135646,9,1,62,0,2016,4,5,2,3,5,3,2,1,0,1,0,0,0,0,689892.0759,5342614.1093,11.556024694,48.208325276,2,#fc8d62,car
135652,9,1,62,0,2016,4,9,2,3,5,2,0,1,1,1,0,0,0,0,690436.2219,5342685.8877,11.563373739,48.208807399,1,#66c2a5,bicycle
135654,9,1,62,0,2016,4,17,5,3,1,6,0,0,0,1,0,0,0,0,699346055.0,5334451.22,11.679310979,48.132066597,2,#fc8d62,car
135655,9,1,62,0,2016,4,20,3,2,6,4,2,0,0,1,1,0,0,0,688995.6511,5337568.1898,11.541725978,48.163239959,2,#fc8d62,car
135661,9,1,62,0,2016,4,18,2,2,0,7,0,0,1,0,0,0,0,0,688029.4013,5337617.1504,11.528766084,48.163966524,1,#66c2a5,bicycle
135663,9,2,61,0,2016,4,18,5,3,2,6,0,0,0,1,0,1,0,0,731671.2403,5382115.1834,12.139361575,48.549301923,2,#fc8d62,car
135665,9,1,62,0,2016,4,18,3,3,3,2,0,0,1,1,0,0,0,0,688279.5311,5340089.6328,11.53322177,48.186115447,1,#66c2a5,bicycle
135666,9,7,61,0,2016,4,14,5,3,1,5,0,0,1,1,0,0,0,0,639422.7039,5360082.8791,10.882903023,48.37849728,1,#66c2a5,bicycle
135668,9,1,62,0,2016,4,16,2,3,4,2,0,0,0,1,0,0,0,0,698280.9603,5331771.9858,11.663765663,48.108320317,2,#fc8d62,car
135672,9,1,84,149,2016,4,17,4,3,5,3,0,0,1,1,0,0,0,0,691744315.0,5351340768.0,11.584882382,48.286200618,1,#66c2a5,bicycle
135674,9,1,62,0,2016,4,17,4,3,5,2,0,0,1,1,0,0,0,0,686657.6837,5338261.9277,11.510619611,48.170166175,1,#66c2a5,bicycle
135676,9,1,62,0,2016,4,18,2,3,5,7,0,0,1,0,0,0,0,1,689733.2617,5331647.7092,11.54899854,48.109806695,1,#66c2a5,bicycle
135678,9,1,74,126,2016,4,22,5,3,0,1,2,0,1,0,0,0,0,1,682480.8235,5343451555.0,11.456723602,48.218026589,1,#66c2a5,bicycle
135683,9,1,62,0,2016,4,18,4,3,3,6,1,0,1,0,0,0,0,0,693643.0081,5336171178.0,11.603524495,48.149285684,1,#66c2a5,bicycle
135685,9,7,61,0,2016,4,9,4,3,0,3,0,0,0,0,0,0,0,1,642346.1504,5357898.2123,10.921621849,48.358200985,6,#ffd92f,circle
135689,9,1,62,0,2016,4,15,5,3,2,2,0,0,0,1,0,0,0,0,682347.6926,5336567.5227,11.451977856,48.156186809,2,#fc8d62,car
135690,9,7,61,0,2016,4,19,4,3,0,6,0,0,0,1,0,1,0,0,641790.9246,5362080.1568,10.91554148,48.395928137,2,#fc8d62,car
135692,9,1,62,0,2016,4,15,5,2,2,6,0,0,0,1,0,0,0,0,689930.1188,5331636.4883,11.55163553,48.109647172,2,#fc8d62,car
135694,9,7,73,116,2016,4,16,3,3,9,1,0,0,0,1,0,0,0,0,622176.1157,5380854.7285,10.656165675,48.568867746,2,#fc8d62,car
135700,9,1,62,0,2016,4,15,5,3,0,1,0,0,1,0,0,0,0,0,691387.1943,5336290.6792,11.573280795,48.151042473,1,#66c2a5,bicycle
135702,9,7,61,0,2016,4,17,5,3,5,2,0,0,1,1,0,0,0,0,637542773.0,5361975.2908,10.858148099,48.395926171,1,#66c2a5,bicycle
135706,9,7,61,0,2016,4,16,2,3,6,7,0,0,0,1,1,0,0,0,641340.4321,5358879.5671,10.908382584,48.367250893,2,#fc8d62,car
135708,9,1,86,125,2016,4,16,4,3,8,1,0,0,0,0,0,1,0,0,673408.1036,5371166.4865,11.34609878,48.469704065,4,#e78ac3,marker
135714,9,7,71,113,2016,4,7,2,3,5,3,0,1,0,1,0,0,0,0,657146.3196,5369618.5042,11.125671768,48.460060782,2,#fc8d62,car
135718,9,1,79,145,2016,4,7,5,2,5,3,0,0,1,1,0,0,0,0,673529.7745,5336849.0595,11.333625263,48.161185155,1,#66c2a5,bicycle
135722,9,1,74,115,2016,4,18,4,3,7,7,0,0,0,0,1,1,0,0,683623.3034,5349232.8585,11.474596718,48.269661753,3,#8da0cb,toilet
135724,9,1,62,0,2016,4,7,4,3,5,3,0,0,1,1,0,0,0,0,682425.1256,5337413.0824,11.453380678,48.163765065,1,#66c2a5,bicycle
135728,9,2,61,0,2016,4,11,5,3,0,1,0,0,1,0,0,0,0,0,731053327.0,5379406.7149,12.129499863,48.525199894,1,#66c2a5,bicycle
135729,9,1,75,112,2016,4,17,5,3,0,1,0,0,0,0,0,1,0,0,723060.1113,5318975.5373,11.989544377,47.98515313,4,#e78ac3,marker
135731,9,1,62,0,2016,4,16,5,3,5,3,0,0,1,1,0,0,0,0,690062.1366,5340175.1944,11.557219581,48.186353654,1,#66c2a5,bicycle
135732,9,7,78,116,2016,4,7,4,3,5,7,0,0,1,1,0,0,0,0,619476346.0,5318183038.0,10.601856386,48.005770713,1,#66c2a5,bicycle
135737,9,1,88,120,2016,4,13,6,3,0,6,0,0,1,0,0,0,0,0,678523.9164,5328221.1332,11.397113012,48.082245219,1,#66c2a5,bicycle
135739,9,1,87,117,2016,4,2,1,3,0,1,2,1,1,0,0,0,0,0,724773.3096,5305439.3059,12.005412862,47.862932068,1,#66c2a5,bicycle
135740,9,1,62,0,2016,4,17,6,3,1,7,0,0,0,1,0,0,0,0,686852.2128,5330235023.0,11.509712895,48.097960608,2,#fc8d62,car
135742,9,1,62,0,2016,4,17,2,3,2,6,0,0,0,1,0,0,0,0,689735.0044,5336807.0297,11.551319566,48.156178437,2,#fc8d62,car
135743,9,7,61,0,2016,4,18,7,3,1,6,0,0,0,1,0,0,0,1,639299.9723,5360153.5721,10.881269892,48.379160042,2,#fc8d62,car
135745,9,1,84,119,2016,4,18,4,3,5,2,0,0,0,1,0,0,0,0,696635.6249,5349046.0271,11.649681872,48.264077171,2,#fc8d62,car
135746,9,7,62,0,2016,4,9,2,2,6,2,0,1,0,0,1,0,1,0,622300.0074,5307354.9924,10.636619115,47.907853849,3,#8da0cb,toilet
135750,9,1,62,0,2016,4,12,6,3,1,6,0,0,0,1,0,0,0,0,692428.8863,5338145.3979,11.588110892,48.167397931,2,#fc8d62,car
135751,9,1,62,0,2016,4,17,3,3,6,4,0,0,0,1,1,0,0,0,696999.3203,5330969.3343,11.646196272,48.101504197,2,#fc8d62,car
135752,9,1,62,0,2016,4,15,4,3,5,7,0,1,0,1,0,0,0,0,690529.1762,5336077.8131,11.561661089,48.149386841,2,#fc8d62,car
135753,9,1,62,0,2016,4,20,6,3,5,3,1,0,0,1,0,1,0,0,690809.0003,5336513.2085,11.565614598,48.153216262,2,#fc8d62,car
135754,9,1,77,115,2016,4,21,5,3,6,7,2,0,0,1,1,0,0,0,733656.9996,5351529961.0,12.149199713,48.27382262,2,#fc8d62,car
135755,9,7,61,0,2016,4,23,1,3,8,7,2,0,0,1,0,0,0,0,638000407.0,5360363.7056,10.863797742,48.381335115,2,#fc8d62,car
135758,9,7,73,139,2016,4,7,4,3,5,7,0,0,1,1,0,0,0,0,615509.8998,5385417.5983,10.567106226,48.611165241,1,#66c2a5,bicycle
135760,9,2,61,0,2016,4,10,4,3,6,4,0,0,0,1,1,0,0,0,732358.2779,5382057.9386,12.148625018,48.548533626,2,#fc8d62,car
135761,9,1,62,0,2016,4,23,7,3,6,4,2,1,0,1,1,0,0,0,691935.9689,5334982.4038,11.580061782,48.139118564,2,#fc8d62,car
135762,9,1,84,138,2016,4,11,3,3,6,7,0,1,0,1,1,0,0,0,680033.49,5330700745.0,11.418409595,48.10411002,2,#fc8d62,car
135766,9,1,86,143,2016,4,21,1,2,5,3,2,0,0,1,0,1,0,0,685095.0051,5378417.9084,11.507276722,48.531547995,2,#fc8d62,car
135776,9,1,62,0,2016,4,8,3,3,5,2,0,0,1,1,0,0,0,0,692601.9173,5332111.0039,11.587706643,48.113109783,1,#66c2a5,bicycle
135779,9,1,79,123,2016,4,19,1,3,5,3,0,1,0,1,0,0,0,0,675164.2016,5333180.4514,11.354076534,48.12775856,2,#fc8d62,car
135780,9,7,78,116,2016,4,11,6,2,6,4,0,0,1,0,1,0,0,0,618909633.0,5318078.5829,10.594232386,48.004936957,1,#66c2a5,bicycle
135781,9,7,61,0,2016,4,17,1,3,2,2,0,0,0,1,0,0,0,0,641776.6089,5362188.2933,10.915384704,48.396903669,2,#fc8d62,car
135782,9,1,79,121,2016,4,17,3,3,5,3,0,1,1,1,0,0,0,0,665453.9698,5336965.1076,11.225154177,48.164381402,1,#66c2a5,bicycle
135784,9,1,62,0,2016,4,19,3,3,5,3,1,1,0,1,0,0,0,0,690578997.0,5342689823.0,11.565295337,48.208799919,2,#fc8d62,car
135787,9,1,62,0,2016,4,9,3,3,5,3,0,0,1,0,0,0,0,1,691915345.0,5334404.5979,11.579524517,48.133931555,1,#66c2a5,bicycle
135788,9,1,62,0,2016,4,17,6,2,2,7,0,0,1,0,0,0,0,1,687536.0558,5336716584.0,11.521740872,48.156017762,1,#66c2a5,bicycle
135789,9,1,62,0,2016,4,18,2,3,6,4,0,0,0,1,1,0,0,0,688151.2568,5339840.1289,11.531387143,48.183910884,2,#fc8d62,car
135790,9,1,62,0,2016,4,23,7,3,5,3,2,1,0,1,0,0,0,0,690665656.0,5336923348.0,11.563872962,48.156945554,2,#fc8d62,car
135793,9,1,62,0,2016,4,16,2,3,1,7,0,1,0,1,0,0,1,0,692837521.0,5330776802.0,11.59026572,48.101046936,2,#fc8d62,car
135794,9,7,61,0,2016,4,10,7,3,6,7,0,0,0,1,1,0,0,0,640637.3217,5359176.2697,10.898993824,48.370075796,2,#fc8d62,car
135796,9,1,84,146,2016,4,7,4,3,4,3,0,1,1,1,0,0,0,0,699403.0128,5327907.8096,11.677018293,48.07324193,1,#66c2a5,bicycle
135797,9,7,61,0,2016,4,11,2,3,6,4,0,0,0,1,1,0,0,0,637615.6211,5360230.5513,10.85856017,48.380221864,2,#fc8d62,car
135799,9,7,72,200,2016,4,14,7,3,0,1,0,0,0,0,0,1,0,0,630347.1147,5338480.9284,10.753735018,48.186181909,4,#e78ac3,marker
135800,9,2,61,0,2016,4,7,6,3,4,6,0,0,1,1,0,0,0,0,732448906.0,5378838.8805,12.148056217,48.519584071,1,#66c2a5,bicycle
135801,9,1,62,0,2016,4,8,6,3,5,2,0,0,0,1,0,0,0,0,683393.4705,5337555.9589,11.466452779,48.164770729,2,#fc8d62,car
135802,9,1,62,0,2016,4,17,2,3,1,7,0,1,1,1,0,0,0,0,692874.74,5333964.4162,11.592206784,48.129685285,1,#66c2a5,bicycle
135805,9,1,62,0,2016,4,14,4,3,5,2,0,0,0,1,0,0,0,1,690146522.0,5335251029.0,11.556152376,48.142070213,2,#fc8d62,car
135808,9,2,61,0,2016,4,18,6,2,0,1,0,0,1,0,0,0,0,0,736327986.0,5382871.0319,12.202792029,48.554354296,1,#66c2a5,bicycle
135810,9,7,61,0,2016,4,16,3,3,3,7,0,1,0,1,0,0,0,1,640897.6653,5359235.2373,10.902526929,48.370547944,2,#fc8d62,car
135814,9,1,73,126,2016,4,15,4,2,5,3,0,0,0,1,0,0,0,1,681941148.0,5306715.4208,11.433844437,47.887963213,2,#fc8d62,car
135816,9,1,62,0,2016,4,8,3,3,6,4,0,0,0,1,1,0,0,0,692644.0124,5339341.8731,11.591543377,48.17808634,2,#fc8d62,car
135820,9,1,62,0,2016,4,16,3,3,1,5,0,1,0,1,0,1,0,0,690144.3968,5334802.7936,11.555923713,48.138042107,2,#fc8d62,car
135821,9,1,62,0,2016,4,11,4,3,9,7,0,0,0,1,0,0,0,0,690914.1037,5335041.8348,11.56636653,48.139960135,2,#fc8d62,car
135825,9,1,62,0,2016,4,15,7,3,6,3,0,1,0,1,1,0,0,0,691588.4271,5336213.4438,11.575948854,48.150287712,2,#fc8d62,car
135826,9,7,61,0,2016,4,21,6,2,6,7,2,0,0,1,1,0,0,0,638757.9356,5360330.1265,10.874011964,48.38086702,2,#fc8d62,car
135827,9,1,88,132,2016,4,12,4,3,9,1,0,0,0,1,0,0,0,0,665649327.0,5321938.84,11.221948241,48.02924072,2,#fc8d62,car
135829,9,2,61,0,2016,4,8,3,3,0,1,0,1,1,0,0,0,0,0,731689.2436,5379430.4069,12.138112753,48.525178388,1,#66c2a5,bicycle
135830,9,1,62,0,2016,4,18,3,3,0,6,0,1,0,1,0,1,0,0,691658.2224,5332789.8688,11.575346034,48.119496036,2,#fc8d62,car
135831,9,1,62,0,2016,4,16,6,3,6,4,0,0,0,1,1,0,0,0,687259.5661,5334368.8011,11.516994098,48.134996747,2,#fc8d62,car
135832,9,2,61,0,2016,4,13,7,3,5,7,0,0,1,1,0,0,0,0,730457.2761,5382198.0431,12.122982601,48.550493368,1,#66c2a5,bicycle
135835,9,1,62,0,2016,4,20,7,3,1,5,2,1,0,1,0,0,0,0,684252.7142,5335056.7676,11.476915494,48.142058236,2,#fc8d62,car
135836,9,7,61,0,2016,4,11,6,3,0,6,0,0,0,0,0,1,0,0,643272.3206,5361473.4149,10.935335782,48.390137808,4,#e78ac3,marker
135839,9,7,61,0,2016,4,22,3,3,6,4,2,1,0,1,1,0,0,0,637293.7058,5360184.4246,10.854199863,48.379877235,2,#fc8d62,car
135840,9,2,61,0,2016,4,15,6,3,5,3,0,0,0,1,0,0,0,0,732784.8582,5382169644.0,12.154458802,48.549378905,2,#fc8d62,car
135841,9,1,62,0,2016,4,14,6,3,1,5,0,0,1,1,0,0,0,0,690478.6771,5334397.0475,11.560231031,48.134295296,1,#66c2a5,bicycle
135842,9,1,62,0,2016,4,19,2,3,2,6,0,0,0,1,0,0,0,0,686725.9198,5330211.5298,11.508007994,48.097786462,2,#fc8d62,car
135844,9,1,62,0,2016,4,20,7,3,0,7,2,0,1,0,0,0,0,0,688585754.0,5335315293.0,11.535220721,48.143112358,1,#66c2a5,bicycle
135848,9,1,84,137,2016,4,13,7,3,8,7,0,0,0,0,0,0,0,1,708170.7621,5312965.3285,11.787335444,47.936160149,6,#ffd92f,circle
135851,9,1,75,122,2016,4,14,3,3,5,3,0,1,0,1,0,0,0,0,720425.7709,5326275279.0,11.958039659,48.05165555,2,#fc8d62,car
135852,9,7,72,163,2016,4,0,7,3,5,3,2,0,0,1,0,0,0,0,639362.6243,5349505.2189,10.878594046,48.28339818,2,#fc8d62,car
135859,9,1,62,0,2016,4,11,4,3,5,3,0,0,1,1,0,0,0,0,683440797.0,5335986.4533,11.466411964,48.150649431,1,#66c2a5,bicycle
135865,9,7,61,0,2016,4,9,2,3,5,3,0,0,0,1,0,0,0,0,643202.2191,5362164.2243,10.934624951,48.396365096,2,#fc8d62,car
135868,9,1,62,0,2016,4,11,3,3,6,3,0,0,0,1,1,0,0,0,687369083.0,5327828.8778,11.515592779,48.076181528,2,#fc8d62,car
135872,9,1,62,0,2016,4,17,7,3,1,5,0,0,0,1,0,0,0,0,692312.3215,5337952.6871,11.586457643,48.165701169,2,#fc8d62,car
135874,9,1,79,121,2016,4,19,4,3,5,7,0,1,0,1,0,1,0,0,666405.4248,5338595.2326,11.238578059,48.178787957,2,#fc8d62,car
135875,9,1,75,122,2016,4,10,2,3,1,1,0,1,1,1,0,0,0,0,720894.5453,5325685.8317,11.964017554,48.046197285,1,#66c2a5,bicycle
135879,9,1,62,0,2016,4,1,1,3,3,7,2,1,0,1,0,0,0,0,691960.4319,5340418.8376,11.582843783,48.187972691,2,#fc8d62,car
135882,9,1,62,0,2016,4,8,3,3,6,4,0,0,1,0,1,0,0,0,688847702.0,5330693.9773,11.536691363,48.101497536,1,#66c2a5,bicycle
135885,9,1,62,0,2016,4,16,7,3,0,5,0,0,0,1,0,0,0,1,691703.9918,5337602.3626,11.57812677,48.162736251,2,#fc8d62,car
135888,9,1,79,123,2016,4,9,3,3,5,7,0,0,0,1,0,0,0,0,676789.4354,5332689.3507,11.375695377,48.122894633,2,#fc8d62,car
135891,9,1,87,137,2016,4,16,3,3,5,3,0,1,0,1,0,0,0,0,730665.6847,5308374.5738,12.085649219,47.887215335,2,#fc8d62,car
135892,9,1,62,0,2016,4,16,3,3,0,6,0,1,0,1,0,1,0,0,688286441.0,5333783596.0,11.530523995,48.129433831,2,#fc8d62,car
135893,9,1,62,0,2016,4,22,6,3,0,7,2,0,1,0,0,0,0,0,691621.8197,5334988.0177,11.575845849,48.139263701,1,#66c2a5,bicycle
135894,9,1,62,0,2016,4,7,2,3,2,6,0,0,0,1,0,0,0,0,686888.8173,5335141.9882,11.51235503,48.142055376,2,#fc8d62,car
135895,9,1,62,0,2016,4,20,7,2,0,1,2,1,0,0,0,1,0,0,692325.2971,5337589.7668,11.586467866,48.162435407,4,#e78ac3,marker
135898,9,1,62,0,2016,4,9,2,3,5,3,0,1,0,1,0,0,0,0,690850.0528,5339286959.0,11.567410738,48.178134104,2,#fc8d62,car
135899,9,7,61,0,2016,4,16,7,3,2,6,0,1,0,1,0,0,0,0,639283.0317,5361336.9471,10.881433501,48.389804367,2,#fc8d62,car
135900,9,1,79,145,2016,4,16,6,3,1,6,0,0,0,1,0,1,0,0,676538.9495,5338931.7608,11.374921618,48.179078537,2,#fc8d62,car
135901,9,1,62,0,2016,4,23,4,3,5,2,2,0,0,1,0,0,0,0,687487.6676,5338923.8545,11.522063953,48.175871425,2,#fc8d62,car
135902,9,7,61,0,2016,4,15,2,3,3,6,0,0,1,1,0,0,0,0,638371.8883,5359057.5313,10.868382173,48.36950888,1,#66c2a5,bicycle