OBJECTID,ULAND,UREGBEZ,UKREIS,UGEMEINDE,UJAHR,UMONAT,USTUNDE,UWOCHENTAG,UKATEGORIE,UART,UTYP1,ULICHTVERH,STRZUSTAND,IstRad,IstPKW,IstFuss,IstKrad,IstGkfz,IstSonstig,LINREFX,LINREFY,XGCSWGS84,YGCSWGS84,Teilnehmer,color,symbol
136356,9,1,62,0,2016,5,18,4,3,2,6,0,0,0,1,0,0,0,0,693652098.0,5335146.5619,11.603180567,48.140074014,2,#fc8d62,car
136358,9,1,62,0,2016,5,8,3,3,5,3,0,0,1,1,0,0,0,0,696895.0699,5337741.6578,11.647927012,48.162401811,1,#66c2a5,bicycle
136361,9,1,62,0,2016,5,9,3,3,5,7,0,0,1,1,0,0,0,0,691691.2118,5332865.7707,11.57582298,48.120168305,1,#66c2a5,bicycle
136364,9,7,61,0,2016,5,16,4,3,5,3,0,0,1,1,0,0,0,0,639628.9901,5359555745.0,10.88551226,48.373711821,1,#66c2a5,bicycle
136365,9,1,74,115,2016,5,17,3,3,5,3,0,1,0,1,0,0,0,0,680945.6824,5347190.8077,11.437672615,48.252077111,2,#fc8d62,car
136367,9,1,62,0,2016,5,8,4,3,2,6,0,0,1,1,0,0,0,0,690629.6714,5335501.9444,11.562752985,48.144180855,1,#66c2a5,bicycle
136371,9,1,87,117,2016,5,16,5,3,5,3,0,0,1,1,0,0,0,0,725172.2116,5305588.3522,12.010816535,47.864131579,1,#66c2a5,bicycle
136372,9,7,71,155,2016,5,17,4,3,0,7,0,0,0,0,0,1,0,0,647262.4207,5377537.6351,10.994854819,48.533652473,4,#e78ac3,marker
136373,9,1,78,124,2016,5,11,3,3,8,7,0,1,0,0,0,1,0,1,705515.8063,5359704725.0,11.774391943,48.357039812,4,#e78ac3,marker
136377,9,1,62,0,2016,5,8,2,3,4,6,0,0,1,0,0,0,0,0,688930.0449,5332848.0936,11.538750412,48.120834695,1,#66c2a5,bicycle
136380,9,7,72,163,2016,5,5,2,3,0,7,1,1,0,0,0,1,0,0,641261.0699,5347521.4588,10.903507412,48.265139856,4,#e78ac3,marker
136383,9,1,87,117,2016,5,16,5,3,6,4,0,0,0,1,1,0,0,0,725257.0994,5305415.4315,12.011859879,47.86254814,2,#fc8d62,car
136385,9,1,62,0,2016,5,7,4,3,3,2,0,0,1,1,0,0,0,0,693522588.0,5335190.6175,11.601461501,48.140509374,1,#66c2a5,bicycle
136387,9,1,62,0,2016,5,15,2,3,2,2,0,0,0,1,0,0,0,0,687426.8831,5338904.0623,11.521238381,48.175711459,2,#fc8d62,car
136389,9,1,78,124,2016,5,16,4,3,0,1,0,0,1,1,0,0,0,0,703050.2861,5363391.5407,11.742928449,48.390968129,1,#66c2a5,bicycle
136390,9,1,62,0,2016,5,16,3,3,2,6,0,0,0,1,0,0,0,1,692762.8487,5333309.1101,11.590408191,48.123829432,2,#fc8d62,car
136392,9,7,72,149,2016,5,9,5,3,0,1,0,0,0,0,0,1,0,0,636966.2752,5338016.9109,10.84259524,48.180616564,4,#e78ac3,marker
136394,9,7,61,0,2016,5,14,2,3,2,6,0,0,0,1,0,0,0,0,636679.5845,5360457.7294,10.845999312,48.38246811,2,#fc8d62,car
136398,9,2,61,0,2016,5,21,4,3,0,1,2,0,1,0,0,0,0,0,732645.4685,5380990.2716,12.151914381,48.53883666,1,#66c2a5,bicycle
136399,9,1,62,0,2016,5,19,2,3,5,3,0,0,0,1,0,0,0,0,687809.6005,5343623.3189,11.528469044,48.218015687,2,#fc8d62,car
136400,9,1,62,0,2016,5,9,3,3,2,6,0,0,0,1,0,0,0,0,689694.3247,5332044.7679,11.548652553,48.113387095,2,#fc8d62,car
136401,9,1,62,0,2016,5,15,3,3,0,7,0,0,1,0,0,0,0,0,688268.2945,5334010.3752,11.530380556,48.131477535,1,#66c2a5,bicycle
136405,9,1,62,0,2016,5,13,2,3,5,3,0,0,0,1,0,0,1,0,679500.7307,5334395.8003,11.412815367,48.13747526,2,#fc8d62,car
136407,9,1,62,0,2016,5,14,4,3,0,7,0,0,0,0,0,0,0,1,691747.3946,5334343.5343,11.577241991,48.133433347,6,#ffd92f,circle
136409,9,1,62,0,2016,5,9,2,3,3,2,0,0,1,1,0,1,0,0,690348.7325,5334734.5996,11.558637081,48.13736809,1,#66c2a5,bicycle
136410,9,2,61,0,2016,5,10,5,2,0,1,0,0,1,0,0,0,0,0,731592.5606,5382526.4339,12.138525742,48.553025158,1,#66c2a5,bicycle
136411,9,1,62,0,2016,5,8,4,3,0,5,0,0,1,1,0,0,0,0,690550401.0,5336981.8339,11.562350934,48.157505768,1,#66c2a5,bicycle
136413,9,1,62,0,2016,5,12,2,3,5,3,0,0,0,1,0,1,0,0,685961.8493,5340619.6255,11.502301431,48.191561867,2,#fc8d62,car
136414,9,1,62,0,2016,5,17,3,3,5,3,0,1,1,1,0,0,0,0,690862.5173,5337196.6707,11.566640005,48.159343098,1,#66c2a5,bicycle
136418,9,1,62,0,2016,5,14,2,3,5,3,0,0,1,1,0,0,0,0,692110.3698,5333267.2014,11.581630332,48.12364998,1,#66c2a5,bicycle
136422,9,7,61,0,2016,5,16,2,3,0,1,0,0,1,0,0,0,0,0,640799.1182,5351904.9243,10.898746999,48.304657935,1,#66c2a5,bicycle
136423,9,1,62,0,2016,5,17,3,3,3,3,0,1,1,1,0,0,0,0,691062.1723,5335580.1342,11.568596395,48.14475388,1,#66c2a5,bicycle
136428,9,1,84,149,2016,5,15,2,3,5,3,0,0,0,1,0,1,0,0,690995.2387,5350681.5748,11.574496841,48.280502462,2,#fc8d62,car
136431,9,7,61,0,2016,5,16,2,3,0,6,0,0,0,1,0,0,0,1,640818.5672,5359717.8217,10.901621114,48.374904823,2,#fc8d62,car
136436,9,1,62,0,2016,5,23,4,3,1,7,2,0,0,1,0,0,0,0,696119767.0,5338966.9444,11.638076997,48.173653542,2,#fc8d62,car
136438,9,1,62,0,2016,5,9,2,3,5,7,0,0,0,0,0,1,0,0,688950.5705,5333356.4126,11.539251261,48.125397451,4,#e78ac3,marker
136441,9,1,79,134,2016,5,11,5,3,0,3,0,0,1,1,0,0,0,0,669028.2566,5345353.2904,11.276525614,48.238848956,1,#66c2a5,bicycle
136443,9,1,62,0,2016,5,14,2,3,5,2,0,0,1,1,0,0,0,0,691911.5097,5332409.5428,11.578574756,48.116001425,1,#66c2a5,bicycle
136446,9,1,79,136,2016,5,19,4,2,1,7,0,0,0,1,0,1,0,0,661425.8405,5342890.9365,11.173274269,48.218692686,2,#fc8d62,car
136449,9,7,77,130,2016,5,17,5,2,2,1,0,0,1,0,0,0,0,0,625300928.0,5310585.6185,10.677699298,47.936329072,1,#66c2a5,bicycle
136453,9,1,62,0,2016,5,7,2,3,6,4,0,0,0,1,1,0,0,0,690935.9373,5334374.3752,11.566360534,48.1339545,2,#fc8d62,car
136457,9,1,62,0,2016,5,8,3,3,2,2,0,0,0,1,0,1,0,0,688191751.0,5332367.4919,11.52862749,48.116733579,2,#fc8d62,car
136461,9,7,71,176,2016,5,16,5,3,8,1,0,0,0,0,0,1,0,0,647933.3499,5382804.7581,11.00580959,48.580850305,4,#e78ac3,marker
136462,9,1,62,0,2016,5,13,2,3,6,7,0,0,0,0,1,0,0,1,690509.6709,5335055.3589,11.560941623,48.140202905,3,#8da0cb,toilet
136463,9,2,74,126,2016,5,13,5,3,0,7,0,0,1,0,0,0,0,0,733913.0794,5382480.0968,12.169897321,48.55174792,1,#66c2a5,bicycle
136464,9,1,62,0,2016,5,19,4,3,4,2,0,0,1,1,0,0,0,0,689308.6026,5333011.6672,11.543904729,48.122192475,1,#66c2a5,bicycle
136465,9,1,63,0,2016,5,15,4,3,0,6,0,0,0,1,0,0,0,0,732712.8005,5305313.3454,12.111343826,47.858974215,2,#fc8d62,car
136466,9,7,78,116,2016,5,11,3,2,7,7,0,0,0,1,0,0,0,0,618652.1049,5318214.5402,10.590818672,48.006207573,2,#fc8d62,car
136470,9,1,62,0,2016,5,17,2,3,2,6,0,0,0,1,0,0,0,0,686673.9988,5338289.9904,11.510851158,48.170413619,2,#fc8d62,car
136473,9,1,62,0,2016,5,21,2,3,3,2,2,0,1,1,0,0,0,0,684312.1713,5337519.1194,11.478780424,48.164173915,1,#66c2a5,bicycle
136475,9,1,62,0,2016,5,15,4,3,5,7,0,0,0,1,0,0,0,1,688120113.0,5335767.3956,11.529167047,48.14731379,2,#fc8d62,car
136476,9,1,63,0,2016,5,16,4,2,6,4,0,0,0,1,1,0,0,0,733393868.0,5304440783.0,12.119964924,47.850888083,2,#fc8d62,car
136477,9,7,77,121,2016,5,12,3,2,5,3,0,1,0,1,0,0,0,0,629524.4282,5321425.2794,10.737492246,48.032971134,2,#fc8d62,car
136482,9,1,62,0,2016,5,9,2,3,5,3,0,0,1,1,0,0,0,0,689218.0244,5341720.3817,11.546562532,48.200493763,1,#66c2a5,bicycle
136487,9,7,73,182,2016,5,20,4,3,0,1,2,0,1,0,0,0,0,0,624312.3957,5379337.9746,10.684658081,48.554808389,1,#66c2a5,bicycle
136492,9,1,79,145,2016,5,15,5,3,5,3,0,0,1,0,0,0,0,0,675119592.0,5338263.4737,11.355568925,48.173463873,1,#66c2a5,bicycle
136493,9,1,84,136,2016,5,11,2,3,5,2,0,0,0,1,0,1,0,0,699732302.0,5326796135.0,11.680914739,48.063148034,2,#fc8d62,car
136496,9,1,75,111,2016,5,12,4,2,0,7,0,0,1,0,0,0,0,0,713118.0056,5337381.6114,11.865647131,48.153936409,1,#66c2a5,bicycle
136500,9,7,72,168,2016,5,14,5,3,0,1,0,0,1,0,0,0,0,0,618448.2214,5345776.1619,10.595749056,48.254120983,1,#66c2a5,bicycle
136502,9,1,62,0,2016,5,19,2,3,0,7,0,0,1,0,0,0,0,0,697888.4294,5334121.4537,11.659588586,48.12955775,1,#66c2a5,bicycle
136504,9,1,62,0,2016,5,12,4,3,3,7,0,0,1,1,0,0,0,0,690778.7667,5333725.2485,11.563959568,48.128167307,1,#66c2a5,bicycle
136509,9,1,62,0,2016,5,14,4,3,1,5,0,0,1,1,0,0,0,0,678817.9313,5339060.9983,11.405606545,48.179602989,1,#66c2a5,bicycle
136510,9,1,85,158,2016,5,20,4,3,0,1,0,0,1,0,0,0,0,0,667090.1675,5380919.3645,11.264597719,48.559086288,1,#66c2a5,bicycle
136511,9,1,62,0,2016,5,17,2,3,2,6,0,0,0,1,0,1,0,0,689686.4138,5334703562.0,11.549729637,48.137286892,2,#fc8d62,car
136512,9,1,62,0,2016,5,15,3,3,5,3,0,0,0,1,0,1,0,0,691974.6101,5333204.4593,11.579779619,48.123127013,2,#fc8d62,car
136513,9,7,61,0,2016,5,20,3,3,6,4,1,0,0,1,1,0,0,0,641888.8755,5361098.0333,10.916532218,48.387075309,2,#fc8d62,car
136517,9,1,62,0,2016,5,12,2,3,5,2,0,0,1,1,0,0,0,0,690357.8294,5334230.9041,11.558534158,48.132838157,1,#66c2a5,bicycle
136519,9,1,62,0,2016,5,15,4,3,0,7,0,0,1,0,0,0,0,0,685842.0176,5332786.4654,11.497269346,48.12118957,1,#66c2a5,bicycle
136520,9,1,85,166,2016,5,11,4,2,8,7,0,0,1,0,0,0,0,0,673764.2987,5384881.4514,11.356630654,48.592886181,1,#66c2a5,bicycle
136521,9,7,61,0,2016,5,12,3,3,4,2,0,0,1,1,0,0,0,0,639727.9732,5357058.1606,10.8860186,48.351232294,1,#66c2a5,bicycle
136523,9,7,61,0,2016,5,12,3,3,0,1,0,0,1,0,0,0,0,0,640821.9468,5356996458.0,10.900755768,48.350434498,1,#66c2a5,bicycle
136530,9,1,88,117,2016,5,20,7,3,4,6,1,0,0,1,0,1,0,0,665954075.0,5316030445.0,11.223747484,47.976042828,2,#fc8d62,car
136531,9,7,61,0,2016,5,8,6,3,6,2,0,0,0,1,1,0,0,0,639285.1935,5360257.0185,10.881104695,48.380093467,2,#fc8d62,car
136534,9,1,62,0,2016,5,20,5,3,0,7,1,0,0,0,0,1,0,1,679073.7369,5339850.6978,11.409377538,48.186629506,4,#e78ac3,marker
136535,9,1,88,120,2016,5,11,7,3,8,1,0,0,0,0,0,1,0,0,672761.3224,5326956.6113,11.319291909,48.072465169,4,#e78ac3,marker
136537,9,7,61,0,2016,5,17,6,3,5,3,0,0,1,1,0,0,0,0,639081.3104,5355071.3775,10.876638846,48.333510251,1,#66c2a5,bicycle
136539,9,1,86,143,2016,5,15,2,3,8,7,0,0,1,0,0,0,0,0,682688.2418,5379520.2566,11.475190108,48.542160987,1,#66c2a5,bicycle
136540,9,1,88,120,2016,5,19,2,3,0,1,0,0,1,0,0,0,0,0,677657.8309,5327654.7402,11.385258697,48.077395694,1,#66c2a5,bicycle
136541,9,1,74,122,2016,5,18,1,3,6,6,0,0,1,0,1,0,0,0,684430.3543,5353520356.0,11.487334179,48.307964389,1,#66c2a5,bicycle
136543,9,1,75,139,2016,5,14,1,2,2,6,0,0,1,0,0,0,0,0,708546123.0,5328396.6357,11.799855978,48.07471083,1,#66c2a5,bicycle
136548,9,1,78,145,2016,5,12,1,3,5,1,0,0,0,1,0,0,0,0,697590.3314,5354966.0405,11.665301386,48.31698328,2,#fc8d62,car
136549,9,2,74,113,2016,5,21,2,3,0,7,2,0,1,0,0,0,0,0,729213.9717,5381973.7481,12.106036712,48.548934019,1,#66c2a5,bicycle
136550,9,1,62,0,2016,5,18,5,3,2,7,0,0,0,1,1,0,0,0,686529935.0,5341517.9139,11.510332616,48.199469314,2,#fc8d62,car
136552,9,1,74,115,2016,5,19,7,3,9,1,0,0,0,1,0,0,0,0,680404.8998,5348503.3333,11.430953686,48.264029138,2,#fc8d62,car
136553,9,7,78,203,2016,5,12,1,2,6,7,0,0,0,0,1,0,0,1,622193.2436,5324381.2468,10.640035774,48.061000365,3,#8da0cb,toilet
136554,9,7,71,165,2016,5,14,6,3,5,3,0,0,0,1,0,1,0,0,659626.5552,5362100.7122,11.156334288,48.391850491,2,#fc8d62,car
136556,9,1,75,124,2016,5,19,1,3,6,6,0,0,0,1,1,0,0,0,714408.2551,5328531669.0,11.878524788,48.073980529,2,#fc8d62,car
136560,9,1,78,124,2016,5,21,7,3,0,4,2,0,1,0,1,0,0,0,703289.8634,5364572.6362,11.746732635,48.401504543,1,#66c2a5,bicycle
136563,9,1,84,136,2016,5,16,6,3,0,5,0,0,1,1,0,0,0,0,700438.0423,5327095.4902,11.690517066,48.065617067,1,#66c2a5,bicycle
136565,9,1,63,0,2016,5,7,2,3,6,7,0,0,1,0,1,0,0,0,733965.1588,5305367.1917,12.12809111,47.859003264,1,#66c2a5,bicycle
136567,9,1,75,135,2016,5,17,2,3,5,3,0,0,1,1,0,0,0,0,707896.1872,5340206.4516,11.796901818,48.181049286,1,#66c2a5,bicycle
136568,9,1,62,0,2016,5,12,7,2,3,7,0,0,0,1,0,1,0,0,692532.6757,5338104.2749,11.589486731,48.166996903,2,#fc8d62,car
136571,9,1,84,146,2016,5,6,6,2,5,3,0,0,1,1,0,0,0,0,697106.7931,5328769.3603,11.646622825,48.081698848,1,#66c2a5,bicycle
136575,9,1,62,0,2016,5,14,7,3,5,3,0,0,0,1,0,0,0,0,692470.7304,5334452.2986,11.587003094,48.134192564,2,#fc8d62,car
136576,9,1,62,0,2016,5,19,5,2,0,7,0,0,1,0,0,0,0,0,691009.93,5335895563.0,11.568036311,48.147604613,1,#66c2a5,bicycle
136578,9,1,77,117,2016,5,16,2,3,9,1,0,0,0,0,0,1,0,0,715193.3118,5353917.0759,11.90190997,48.301813944,4,#e78ac3,marker
136579,9,1,62,0,2016,5,15,7,3,4,2,0,0,0,1,0,1,0,0,691657.1626,5337314.6727,11.577368032,48.160164664,2,#fc8d62,car
136580,9,7,71,146,2016,5,14,6,2,0,2,0,0,1,1,0,0,0,0,647752.7915,5347316.5014,10.990858782,48.261816117,1,#66c2a5,bicycle
136582,9,1,62,0,2016,5,13,6,3,4,1,0,0,1,0,0,0,0,0,689529.3326,5338349.5049,11.549244094,48.17010356,1,#66c2a5,bicycle
136588,9,1,62,0,2016,5,22,5,3,6,2,2,0,0,1,1,0,0,0,692312.8515,5334227.6975,11.584781899,48.132221618,2,#fc8d62,car
136589,9,1,62,0,2016,5,13,6,3,4,2,0,0,0,1,0,0,0,0,693983.0208,5331047.0501,11.60575889,48.10312814,2,#fc8d62,car
136594,9,1,84,148,2016,5,12,6,3,3,2,0,0,1,1,0,0,0,0,695634.6164,5326245.5058,11.625722027,48.059468825,1,#66c2a5,bicycle
136597,9,1,62,0,2016,5,14,6,3,4,2,0,0,0,1,0,0,0,0,690146522.0,5335251029.0,11.556152376,48.142070213,2,#fc8d62,car
136601,9,1,62,0,2016,5,12,7,3,1,6,0,0,0,1,0,0,0,0,694005.2417,5341796.5243,11.610956803,48.199733501,2,#fc8d62,car
136603,9,1,62,0,2016,5,11,5,3,5,3,0,0,0,1,0,1,0,0,692474745.0,5334458614.0,11.587059851,48.134248111,2,#fc8d62,car
136606,9,1,62,0,2016,5,14,6,3,2,6,0,0,0,1,0,0,0,0,692461.7814,5334585.3134,11.586943031,48.13539078,2,#fc8d62,car
136609,9,1,85,158,2016,5,16,2,3,5,3,0,0,1,0,0,0,0,1,666312.6768,5381693.1401,11.254378041,48.566248722,1,#66c2a5,bicycle
136612,9,1,62,0,2016,5,23,7,3,8,7,2,0,1,0,0,0,0,0,682569.9809,5337444.5009,11.455340425,48.164005894,1,#66c2a5,bicycle
136614,9,1,77,139,2016,5,16,2,3,0,7,0,0,0,0,0,1,0,0,732303.9417,5359661.4015,12.135467997,48.347366905,4,#e78ac3,marker
136615,9,1,62,0,2016,5,12,7,3,5,3,0,0,0,1,0,1,0,0,682991.6184,5335678.6878,11.460246109,48.148012423,2,#fc8d62,car
136617,9,1,62,0,2016,5,17,7,2,0,7,0,0,1,0,0,0,0,0,685780.3303,5328684.8681,11.494655631,48.084340441,1,#66c2a5,bicycle
136618,9,1,63,0,2016,5,9,2,3,3,6,0,0,1,1,0,0,0,0,732195.2147,5304338.1464,12.10391085,47.850400051,1,#66c2a5,bicycle
136621,9,1,62,0,2016,5,9,6,3,0,7,0,0,1,0,0,0,0,1,688952.2015,5332745.2184,11.539002245,48.119903462,1,#66c2a5,bicycle
136625,9,1,62,0,2016,5,17,1,3,6,4,0,0,0,1,1,0,0,0,686529.7643,5335083.1244,11.50750728,48.141631654,2,#fc8d62,car
136626,9,1,84,131,2016,5,18,7,3,5,3,0,0,1,0,0,0,0,0,704927.0139,5339877.0207,11.756845945,48.179053388,1,#66c2a5,bicycle
136628,9,1,62,0,2016,5,10,6,2,6,4,0,0,0,0,1,0,1,0,692243.2316,5338616.9358,11.585829723,48.171692166,3,#8da0cb,toilet
136631,9,1,84,140,2016,5,9,6,3,5,2,0,0,0,1,0,0,0,0,702031.1685,5328424.8954,11.712505423,48.0770619,2,#fc8d62,car
136635,9,1,62,0,2016,5,16,7,3,5,3,0,0,0,1,0,0,0,0,693985.4096,5336362.9234,11.608210514,48.150904692,2,#fc8d62,car
136636,9,1,62,0,2016,5,8,5,3,0,7,0,0,0,1,0,0,0,0,690144.1126,5335240.9838,11.556115534,48.141980647,2,#fc8d62,car
136637,9,7,73,179,2016,5,18,1,3,0,1,0,0,1,0,0,0,0,0,620269.8426,5373550.1137,10.628227705,48.503548234,1,#66c2a5,bicycle
136638,9,7,72,125,2016,5,11,6,3,5,3,0,0,0,1,0,0,0,0,636745.5842,5347189.4302,10.842586653,48.263145119,2,#fc8d62,car
136639,9,1,62,0,2016,5,7,6,3,0,6,0,0,1,1,0,0,0,0,692002.4942,5339815.0963,11.583136282,48.182533709,1,#66c2a5,bicycle
136641,9,1,81,128,2016,5,11,2,2,4,6,0,0,1,0,1,0,0,0,638233.9096,5327873.6248,10.856347513,48.089131161,1,#66c2a5,bicycle
136644,9,2,61,0,2016,5,7,2,3,5,3,0,0,0,1,0,0,0,0,731689454.0,5383828886.0,12.140561641,48.564689022,2,#fc8d62,car
136645,9,1,62,0,2016,5,17,5,3,5,2,0,0,0,1,0,1,0,0,699393133.0,5334547445.0,11.679988045,48.132916637,2,#fc8d62,car
136649,9,1,62,0,2016,5,23,5,3,5,3,2,0,1,1,0,0,0,0,690806695.0,5342272.3303,11.568169351,48.204979171,1,#66c2a5,bicycle
136650,9,1,62,0,2016,5,16,6,1,6,4,0,0,0,1,1,0,0,0,698814.6136,5331897.2273,11.67098522,48.109279562,2,#fc8d62,car
136651,9,7,72,200,2016,5,9,1,3,0,7,0,0,0,1,0,0,0,0,629754.5069,5337164.2238,10.745363611,48.174462485,2,#fc8d62,car
136654,9,1,88,126,2016,5,11,2,2,0,7,0,0,1,0,1,0,0,0,661088.8756,5325092.6838,11.162008871,48.058762494,1,#66c2a5,bicycle
136655,9,1,62,0,2016,5,13,1,3,4,7,0,0,0,1,0,1,0,0,693192.7269,5334850.3796,11.596877683,48.13755165,2,#fc8d62,car
136656,9,1,62,0,2016,5,13,7,3,5,3,0,0,1,0,0,0,0,0,692252.5606,5335550.2047,11.584569354,48.144126272,1,#66c2a5,bicycle
136658,9,1,62,0,2016,5,0,7,3,5,3,2,0,0,1,0,0,0,0,690153.3549,5335257.8214,11.556247169,48.142129221,2,#fc8d62,car
136662,9,1,62,0,2016,5,18,6,3,3,2,0,0,1,1,0,0,0,0,695814.7731,5334168.6529,11.631771322,48.130623236,1,#66c2a5,bicycle
136664,9,1,62,0,2016,5,15,6,2,3,6,0,0,0,1,0,1,0,0,689901.7359,5335564.0827,11.553004707,48.144957054,2,#fc8d62,car
136665,9,7,71,130,2016,5,18,1,3,0,1,0,0,1,0,0,0,0,0,645559.6949,5357968.5143,10.965001627,48.35810044,1,#66c2a5,bicycle
136668,9,1,62,0,2016,5,11,7,3,0,7,0,0,0,0,0,1,0,0,687975.2204,5333402.4384,11.526177363,48.126099882,4,#e78ac3,marker
136672,9,1,62,0,2016,5,18,6,3,0,7,0,0,0,1,0,1,0,1,689667.0768,5334894985.0,11.549555221,48.139013176,2,#fc8d62,car
136676,9,1,62,0,2016,5,2,1,3,0,7,2,0,1,0,0,0,0,0,692733.5568,5335393.0004,11.590957677,48.142567829,1,#66c2a5,bicycle
136677,9,1,62,0,2016,5,15,7,3,2,6,0,0,0,1,0,0,0,0,691697529.0,5333727.9575,11.576295521,48.127915641,2,#fc8d62,car
136679,9,1,84,149,2016,5,19,1,3,1,5,0,0,1,1,0,0,0,0,691581.8373,5350579.7994,11.582349361,48.279410533,1,#66c2a5,bicycle
136680,9,1,62,0,2016,5,8,7,3,5,7,0,0,0,1,0,1,0,0,689475.4966,5334921.0139,11.54699417,48.139304201,2,#fc8d62,car
136687,9,1,62,0,2016,5,17,7,3,5,7,0,0,1,1,0,0,0,0,691055.7127,5335160.1063,11.568321188,48.140980646,1,#66c2a5,bicycle
136688,9,1,84,138,2016,5,13,5,3,5,3,0,0,0,1,0,0,0,0,679866.8428,5331762.0167,11.416620539,48.113696869,2,#fc8d62,car
136690,9,7,72,163,2016,5,12,1,3,0,1,0,0,1,0,0,0,0,0,640082.2525,5347773.7959,10.887715303,48.267670627,1,#66c2a5,bicycle
136691,9,7,71,142,2016,5,18,6,3,3,1,0,0,1,0,0,0,0,1,645932.8061,5351953.4752,10.967952462,48.303931007,1,#66c2a5,bicycle
136698,9,1,62,0,2016,5,18,5,3,5,3,0,0,0,1,0,1,0,0,679730.5209,5339082.4183,11.417881198,48.179538051,2,#fc8d62,car
136700,9,7,61,0,2016,5,10,1,2,5,3,0,0,0,1,0,1,0,0,639318.0211,5358379.8918,10.880925845,48.36320757,2,#fc8d62,car
136703,9,1,79,145,2016,5,13,2,2,5,3,0,0,1,1,0,0,0,0,675074.0542,5338524.2247,11.355064321,48.175820389,1,#66c2a5,bicycle
136704,9,1,62,0,2016,5,17,1,3,5,3,0,0,0,1,0,1,0,0,698585.7869,5333383226.0,11.668606475,48.122705963,2,#fc8d62,car
136709,9,1,79,123,2016,5,13,2,3,5,2,0,0,1,1,0,0,0,0,675995252.0,5333408096.0,11.365329405,48.129575698,1,#66c2a5,bicycle
136713,9,2,74,126,2016,5,10,2,3,4,2,0,0,1,1,0,0,0,0,732754.0791,5384279.6246,12.155222045,48.56834356,1,#66c2a5,bicycle
136714,9,1,62,0,2016,5,14,5,3,6,4,0,0,0,1,1,0,0,0,687448.3864,5336078.6741,11.52028222,48.150309928,2,#fc8d62,car
136715,9,1,73,137,2016,5,12,7,3,8,1,0,0,1,0,0,0,0,0,677178.2492,5308301.8959,11.370839174,47.903557424,1,#66c2a5,bicycle
136717,9,7,61,0,2016,5,12,1,3,1,6,0,0,0,1,0,1,0,0,639624.4385,5358131.5521,10.884978025,48.360906865,2,#fc8d62,car
136721,9,1,63,0,2016,5,17,6,3,4,6,0,0,1,1,0,0,0,0,731885.4458,5301499.4064,12.098256001,47.825007866,1,#66c2a5,bicycle
136723,9,7,78,203,2016,5,15,6,3,4,6,0,0,0,1,0,0,0,1,622628.3043,5324394433.0,10.645876298,48.061035473,2,#fc8d62,car
136724,9,7,72,131,2016,5,12,7,2,0,1,0,0,0,0,0,1,0,0,619892.1549,5357504.1129,10.618526224,48.35932028,4,#e78ac3,marker
136732,9,1,62,0,2016,5,14,1,3,5,1,0,0,1,0,0,0,0,0,696452.0188,5330798.3904,11.638774048,48.100136823,1,#66c2a5,bicycle
136733,9,7,72,177,2016,5,14,7,2,5,3,0,0,1,1,0,0,0,0,637059881.0,5382794.2159,10.858458172,48.583228775,1,#66c2a5,bicycle
136738,9,1,87,130,2016,5,14,6,3,5,2,0,0,1,0,0,0,0,0,716053.4225,5306789.1672,11.88965163,47.878053201,1,#66c2a5,bicycle
136742,9,1,62,0,2016,5,19,1,3,1,5,0,0,0,1,0,1,0,0,685437.5668,5339099.4287,11.494590093,48.178051082,2,#fc8d62,car
136743,9,7,61,0,2016,5,13,7,2,5,3,0,0,1,1,0,0,0,0,641947.6709,5360628.5759,10.917167325,48.382840936,1,#66c2a5,bicycle
136744,9,7,71,130,2016,5,10,6,3,0,1,0,0,1,0,0,0,0,0,646247262.0,5357230.7481,10.97402145,48.351308094,1,#66c2a5,bicycle
136745,9,1,63,0,2016,5,23,7,3,9,1,2,0,0,1,0,0,0,0,733778.3005,5304792.5301,12.125286105,47.853908497,2,#fc8d62,car
136749,9,1,88,139,2016,5,15,1,3,6,7,0,0,0,1,1,0,0,0,674837.0993,5318767.6011,11.343791966,47.998283705,2,#fc8d62,car
136750,9,1,81,130,2016,5,10,6,3,5,3,0,0,1,1,0,0,0,0,638474956.0,5324545.3502,10.85850432,48.059149895,1,#66c2a5,bicycle
136752,9,1,84,144,2016,5,13,5,3,6,7,0,0,1,0,1,0,0,0,688466.1206,5315829.9372,11.52503074,47.968007139,1,#66c2a5,bicycle
136756,9,1,62,0,2016,5,17,5,2,0,7,0,0,1,0,0,0,0,0,696481.5626,5337321.9929,11.64217831,48.15875805,1,#66c2a5,bicycle
136761,9,1,79,123,2016,5,7,2,3,1,6,0,0,1,1,0,0,0,0,676891.5124,5333486.4695,11.377396715,48.130031768,1,#66c2a5,bicycle
136762,9,1,81,130,2016,5,11,6,3,0,1,0,0,0,0,0,1,0,0,638918.1739,5324981.0067,10.864591105,48.062971108,4,#e78ac3,marker
136765,9,1,62,0,2016,5,14,5,3,0,7,0,0,1,0,0,0,0,0,693267.2913,5334270.8592,11.59761599,48.132320444,1,#66c2a5,bicycle
136766,9,1,82,120,2016,5,21,7,3,0,1,2,0,1,0,0,0,0,0,701961.6667,5306081.7815,11.701071986,47.876282426,1,#66c2a5,bicycle
136772,9,1,79,123,2016,5,16,6,3,0,7,0,0,0,0,0,0,0,1,676380.3245,5334124.8013,11.370796805,48.135911765,6,#ffd92f,circle