OBJECTID,ULAND,UREGBEZ,UKREIS,UGEMEINDE,UJAHR,UMONAT,USTUNDE,UWOCHENTAG,UKATEGORIE,UART,UTYP1,ULICHTVERH,STRZUSTAND,IstRad,IstPKW,IstFuss,IstKrad,IstGkfz,IstSonstig,LINREFX,LINREFY,XGCSWGS84,YGCSWGS84,Teilnehmer,color,symbol
136773,9,1,62,0,2016,5,12,1,3,5,3,0,0,1,1,0,0,0,0,687005.8736,5343622164.0,11.517658877,48.218242674,1,#66c2a5,bicycle
136777,9,1,62,0,2016,5,14,1,3,6,7,0,0,1,0,1,0,0,0,686109.6703,5342769.5719,11.505231202,48.210842855,1,#66c2a5,bicycle
136779,9,1,81,144,2016,5,17,6,3,0,1,0,0,1,0,0,0,0,0,655586.2406,5321240.7565,11.086808629,48.025494834,1,#66c2a5,bicycle
136784,9,1,81,115,2016,5,13,1,3,0,1,0,0,1,0,0,0,0,0,657053.7933,5326025.5423,11.108234243,48.068155813,1,#66c2a5,bicycle
136785,9,1,74,115,2016,5,11,6,3,5,3,0,0,0,1,0,1,0,0,683354.4494,5348008428.0,11.470446272,48.258733967,2,#fc8d62,car
136786,9,1,84,147,2016,5,18,1,3,5,3,0,0,1,1,0,0,0,0,698884.1842,5340879.8967,11.676115714,48.189986373,1,#66c2a5,bicycle
136788,9,7,72,147,2016,5,8,6,3,2,2,0,0,0,1,0,0,0,0,639037.7478,5363901.0335,10.878971298,48.412914021,2,#fc8d62,car
136790,9,1,75,128,2016,5,19,6,3,8,1,0,0,1,0,0,0,0,0,714944538.0,5324767793.0,11.883824272,48.039979039,1,#66c2a5,bicycle
136791,9,1,79,142,2016,5,14,7,3,6,4,0,0,0,1,1,0,0,0,672369.3727,5343209.3397,11.320614873,48.218676599,2,#fc8d62,car
136792,9,7,72,147,2016,5,14,6,3,3,2,0,0,0,0,0,1,0,0,637925.2635,5366121.7208,10.864675861,48.433126362,4,#e78ac3,marker
136794,9,1,74,115,2016,5,18,1,3,4,3,0,0,1,1,0,0,0,0,680975309.0,5345448933.0,11.437326936,48.236411549,1,#66c2a5,bicycle
136797,9,7,61,0,2016,5,15,6,3,3,6,0,0,1,1,0,0,0,0,638779.7832,5358418.1968,10.873675806,48.363670556,1,#66c2a5,bicycle
136798,9,1,79,123,2016,5,18,4,3,0,7,0,1,1,0,0,0,0,0,675975.0424,5333384.3854,11.365048241,48.129368144,1,#66c2a5,bicycle
136803,9,1,79,121,2016,5,20,4,3,0,7,0,0,1,0,0,0,0,0,665649.2054,5336952.1416,11.227772749,48.164213993,1,#66c2a5,bicycle
136804,9,7,61,0,2016,5,17,5,3,5,2,0,1,0,1,0,0,0,0,637422.0403,5355412.7154,10.854373738,48.336942553,2,#fc8d62,car
136807,9,1,62,0,2016,5,8,4,3,0,7,0,1,0,1,0,1,0,0,694788.2861,5340918.8903,11.62108111,48.191606083,2,#fc8d62,car
136808,9,7,78,169,2016,5,7,2,3,9,6,0,0,0,1,0,0,0,0,615899.1044,5335006.0167,10.558478341,48.1577308,2,#fc8d62,car
136810,9,1,62,0,2016,5,10,4,3,0,7,0,0,1,0,0,0,0,0,693578.3425,5339514689.0,11.604177728,48.179355607,1,#66c2a5,bicycle
136815,9,1,62,0,2016,5,10,4,3,4,3,0,0,1,0,0,0,0,0,685011.7663,5337385.5247,11.48812185,48.162769902,1,#66c2a5,bicycle
136819,9,1,74,115,2016,5,21,4,2,0,1,2,0,0,0,0,1,0,0,683733028.0,5348104332.0,11.475583797,48.25948633,4,#e78ac3,marker
136820,9,7,61,0,2016,5,7,5,3,6,4,0,0,1,0,1,0,0,0,640820542.0,5356980432.0,10.900731456,48.35029071,1,#66c2a5,bicycle
136823,9,1,62,0,2016,5,18,4,3,5,2,0,0,1,1,0,0,0,0,690506.2496,5337393.1501,11.561942024,48.161215878,1,#66c2a5,bicycle
136824,9,7,61,0,2016,5,10,2,3,5,2,0,0,0,1,0,0,0,0,639130.1999,5356884.6714,10.87789716,48.349804289,2,#fc8d62,car
136825,9,1,63,0,2016,5,16,3,3,5,3,0,0,0,1,0,0,0,0,733060.2021,5306697.2005,12.116727399,47.871280984,2,#fc8d62,car
136828,9,1,78,124,2016,5,16,4,3,4,6,0,0,1,0,0,0,0,0,703084.0609,5364458779.0,11.743900202,48.400547714,1,#66c2a5,bicycle
136831,9,1,78,124,2016,5,7,4,3,6,4,0,0,0,1,1,0,0,0,703325.4172,5363975.8912,11.746923505,48.396130604,2,#fc8d62,car
136833,9,1,63,0,2016,5,14,3,3,2,6,0,0,0,1,0,0,0,0,734287.9548,5305421.0883,12.132429393,47.859369872,2,#fc8d62,car
136834,9,1,62,0,2016,5,10,4,3,0,7,0,0,0,1,0,0,0,0,686544.4691,5330297.3817,11.505610777,48.098611279,2,#fc8d62,car
136838,9,1,62,0,2016,5,18,3,3,5,3,0,0,0,1,0,0,0,0,691779.6742,5333317.7944,11.577213785,48.124204403,2,#fc8d62,car
136840,9,1,63,0,2016,5,7,5,3,2,6,0,0,0,1,0,0,0,0,732926.5308,5306806.0812,12.115001216,47.872307659,2,#fc8d62,car
136842,9,1,62,0,2016,5,7,4,3,2,6,0,0,0,1,0,0,1,0,694585.2863,5335923.0317,11.616066306,48.146767907,2,#fc8d62,car
136846,9,1,62,0,2016,5,14,4,3,3,6,0,0,0,1,0,0,0,0,690091.4428,5334926.3629,11.555267789,48.13916857,2,#fc8d62,car
136850,9,1,62,0,2016,5,17,3,3,0,7,0,0,1,0,1,0,0,0,692939.7503,5331866.2383,11.592130075,48.110807629,1,#66c2a5,bicycle
136853,9,1,82,120,2016,5,11,5,3,5,7,0,0,0,1,0,0,0,1,703027.4995,5307900.1214,11.716164938,47.892288235,2,#fc8d62,car
136854,9,1,79,123,2016,5,16,3,3,0,7,0,0,1,0,0,0,0,0,675235.6719,5333028.2873,11.354973632,48.126371028,1,#66c2a5,bicycle
136857,9,1,62,0,2016,5,18,3,3,0,3,0,0,0,1,0,1,0,0,690645.5456,5334748.5825,11.562628918,48.137404916,2,#fc8d62,car
136858,9,7,61,0,2016,5,16,5,3,5,2,0,1,0,1,0,0,0,1,640393.9891,5353670.7006,10.893874412,48.320625445,2,#fc8d62,car
136861,9,1,84,141,2016,5,16,3,3,5,3,0,0,1,1,0,0,0,0,697813.5632,5316070.8598,11.650241307,47.967352308,1,#66c2a5,bicycle
136862,9,7,61,0,2016,5,11,5,3,0,3,0,1,0,0,0,1,0,1,640552.2142,5359280.8659,10.897880254,48.371035249,4,#e78ac3,marker
136864,9,1,62,0,2016,5,12,3,3,2,2,0,0,0,1,0,1,0,0,686561635.0,5329817.7431,11.505631503,48.094295059,2,#fc8d62,car
136866,9,1,79,123,2016,5,12,3,3,6,7,0,0,0,1,1,0,0,0,677474492.0,5334213672.0,11.385527784,48.136406431,2,#fc8d62,car
136867,9,1,62,0,2016,5,17,4,3,2,6,0,0,0,1,0,0,0,0,691265.8151,5333441.5853,11.570371101,48.12547161,2,#fc8d62,car
136872,9,1,62,0,2016,5,14,3,3,0,7,0,0,1,0,0,0,0,0,689047687.0,5334946177.0,11.54126045,48.139657615,1,#66c2a5,bicycle
136873,9,7,61,0,2016,5,8,5,3,5,3,0,0,0,1,0,0,0,0,641051.9055,5359202.6354,10.904597487,48.370220347,2,#fc8d62,car
136876,9,1,74,126,2016,5,18,3,3,0,1,0,0,1,0,0,0,0,0,683546.7196,5345569.3482,11.471976942,48.236754852,1,#66c2a5,bicycle
136877,9,1,62,0,2016,5,16,4,3,0,5,0,0,1,1,0,0,0,0,690641.6101,5337535.2194,11.563824143,48.162452214,1,#66c2a5,bicycle
136879,9,1,78,120,2016,5,14,3,2,8,1,0,1,0,1,0,0,0,0,691951.5755,5351589.4814,11.587786479,48.288373133,2,#fc8d62,car
136880,9,1,62,0,2016,5,21,4,3,0,7,2,0,1,0,0,0,0,0,690737.6653,5335777.9597,11.564326959,48.146629296,1,#66c2a5,bicycle
136881,9,7,73,179,2016,5,15,2,3,5,2,0,0,0,1,0,1,0,0,617531.8799,5375060.4969,10.591601324,48.517649229,2,#fc8d62,car
136882,9,1,62,0,2016,5,5,2,3,5,2,0,0,0,1,0,0,0,0,690429.6148,5342685.0924,11.563284539,48.208802233,2,#fc8d62,car
136883,9,1,62,0,2016,5,21,4,3,0,1,2,0,1,0,0,0,0,0,690891.4977,5335112.4374,11.566094611,48.140601488,1,#66c2a5,bicycle
136887,9,1,62,0,2016,5,12,3,2,6,2,0,0,0,0,1,0,0,1,690741.2702,5342732.9627,11.56749674,48.209138911,3,#8da0cb,toilet
136889,9,1,87,150,2016,5,14,5,3,3,6,0,1,1,0,0,0,0,0,728639.1513,5303380.3564,12.055938999,47.843069315,1,#66c2a5,bicycle
136890,9,1,62,0,2016,5,18,2,2,2,6,0,0,0,1,0,1,0,0,682831.6056,5337525.9852,11.458890622,48.164663142,2,#fc8d62,car
136894,9,1,84,149,2016,5,6,3,3,5,3,0,0,1,1,0,0,0,0,690365.9609,5349889224.0,11.56566659,48.273570538,1,#66c2a5,bicycle
136897,9,1,62,0,2016,5,19,3,3,5,3,0,0,1,1,0,0,0,0,683179.9675,5340737.3181,11.46495544,48.193428167,1,#66c2a5,bicycle
136899,9,1,87,150,2016,5,10,5,3,0,1,0,0,1,0,0,0,0,0,729598.6417,5304276.7087,12.069219878,47.850780711,1,#66c2a5,bicycle
136900,9,1,62,0,2016,5,8,2,3,5,3,0,0,0,1,0,1,0,0,679110.6979,5336979.9389,11.408664792,48.160813976,2,#fc8d62,car
136906,9,1,62,0,2016,5,16,3,3,5,3,0,0,0,1,0,1,0,0,688482.2333,5339131.8562,11.535521425,48.177446766,2,#fc8d62,car
136909,9,1,62,0,2016,5,16,2,3,5,2,0,0,1,1,0,0,0,0,691877.1102,5334633.9122,11.579114431,48.136004126,1,#66c2a5,bicycle
136913,9,1,81,130,2016,5,16,5,3,5,3,0,1,0,1,0,0,0,0,639021.9117,5325088.3952,10.866017646,48.063914179,2,#fc8d62,car
136914,9,1,62,0,2016,5,20,2,3,4,2,1,0,0,1,0,0,0,0,688405.7886,5336412.6781,11.533289524,48.15302914,2,#fc8d62,car
136916,9,1,62,0,2016,5,21,3,3,5,3,0,0,0,1,0,0,0,0,686222045.0,5333335858.0,11.502610968,48.126016696,2,#fc8d62,car
136920,9,7,78,203,2016,5,22,4,3,1,5,2,0,1,1,0,0,0,0,622667.8585,5325216.2999,10.646642749,48.068419218,1,#66c2a5,bicycle
136922,9,1,62,0,2016,5,19,2,2,6,4,0,0,1,0,1,0,0,0,692066584.0,5333341363.0,11.581075962,48.124329744,1,#66c2a5,bicycle
136927,9,1,62,0,2016,5,8,3,3,5,3,0,0,0,1,0,1,0,0,691868.7623,5332139.3305,11.577879426,48.113585667,2,#fc8d62,car
136929,9,1,62,0,2016,5,7,3,3,5,6,0,0,0,1,0,0,0,1,692117991.0,5333426.3324,11.581804363,48.125077925,2,#fc8d62,car
136934,9,7,71,142,2016,5,10,2,3,0,1,0,0,1,0,0,0,0,0,645646077.0,5351624071.0,10.96397452,48.301035276,1,#66c2a5,bicycle
136935,9,1,62,0,2016,5,17,2,3,5,2,0,0,1,1,0,0,0,0,691919.2821,5340292.7466,11.582233724,48.186851851,1,#66c2a5,bicycle
136938,9,1,62,0,2016,5,17,3,3,5,3,0,0,1,1,0,0,0,0,694395.7333,5334788.1838,11.613002604,48.136626305,1,#66c2a5,bicycle
136940,9,1,79,126,2016,5,13,5,2,5,3,0,0,1,0,0,0,0,0,676876876.0,5340494782.0,11.380114372,48.193034753,1,#66c2a5,bicycle
136941,9,1,84,136,2016,5,10,2,3,6,7,0,0,0,1,1,0,0,0,699178.6342,5326617.4399,11.673408289,48.061715135,2,#fc8d62,car
136944,9,1,62,0,2016,5,13,2,3,2,6,0,0,0,1,0,0,0,1,688102.0156,5338998.9039,11.53035296,48.176364435,2,#fc8d62,car
136947,9,1,62,0,2016,5,13,2,3,5,3,0,0,0,1,0,1,0,0,687646046.0,5338135.0492,11.523844135,48.168734759,2,#fc8d62,car
136949,9,1,62,0,2016,5,17,3,3,6,7,0,0,0,1,1,0,0,0,691707.7278,5335659.8456,11.577301895,48.145276114,2,#fc8d62,car
136951,9,1,74,111,2016,5,18,5,2,6,4,0,1,0,1,1,0,0,0,667337.1115,5362489.8009,11.260565884,48.393349616,2,#fc8d62,car
136952,9,1,62,0,2016,5,11,2,3,5,3,0,0,1,1,0,0,0,0,687984.1286,5337768.6882,11.528224815,48.165341958,1,#66c2a5,bicycle
136956,9,1,62,0,2016,5,8,3,3,5,2,0,0,1,1,0,0,0,0,690664.6643,5336149.3865,11.563512892,48.149989541,1,#66c2a5,bicycle
136960,9,1,62,0,2016,5,13,3,3,5,3,0,1,1,1,0,0,0,0,692332.1863,5334463.6557,11.585148014,48.134336523,1,#66c2a5,bicycle
136963,9,1,74,115,2016,5,13,5,2,8,1,0,0,1,0,0,0,0,0,680814.8757,5347153.6956,11.435896209,48.251780854,1,#66c2a5,bicycle
136964,9,1,62,0,2016,5,7,2,3,4,2,0,0,0,1,0,0,0,1,686086.4902,5337617.7416,11.502662556,48.164543499,2,#fc8d62,car
136970,9,7,72,163,2016,5,14,4,2,8,1,0,0,1,0,0,0,0,0,641307.8315,5345102.9994,10.903329608,48.243383086,1,#66c2a5,bicycle
136972,9,1,62,0,2016,5,10,2,3,4,2,0,0,1,1,0,0,0,0,680630807.0,5338541.5097,11.429751421,48.174420636,1,#66c2a5,bicycle
136975,9,1,62,0,2016,5,10,4,3,3,6,0,0,1,0,0,0,0,0,696722.6141,5331225.7229,11.6426017,48.103893968,1,#66c2a5,bicycle
136976,9,1,62,0,2016,5,10,2,3,5,3,0,0,1,1,0,0,0,0,693657.1006,5342129.4854,11.606428402,48.202832278,1,#66c2a5,bicycle
136977,9,7,61,0,2016,5,15,4,2,5,7,0,0,1,0,0,0,0,1,639128.5247,5359067.5585,10.878596364,48.369432702,1,#66c2a5,bicycle
136981,9,7,62,0,2016,5,20,3,3,9,1,0,0,0,0,0,0,0,1,622005629.0,5303969221.0,10.631724252,47.877459302,6,#ffd92f,circle
136985,9,7,61,0,2016,5,7,4,2,5,3,0,0,1,1,0,0,0,0,638496408.0,5359321.4635,10.870149512,48.371854795,1,#66c2a5,bicycle
136987,9,1,84,123,2016,5,18,2,3,1,6,0,0,0,1,0,0,0,0,703702.6084,5332634092.0,11.736928379,48.114357277,2,#fc8d62,car
136988,9,2,61,0,2016,5,15,4,3,0,1,0,0,0,1,0,0,0,0,734648046.0,5379616.69,12.178229211,48.525752947,2,#fc8d62,car
136989,9,7,62,0,2016,5,17,3,3,5,2,0,0,1,1,0,0,0,0,621711.6691,5305130.8713,10.628121851,47.88796267,1,#66c2a5,bicycle
136990,9,7,61,0,2016,5,15,4,2,6,4,0,0,0,1,1,0,0,0,640014.3914,5358621.3171,10.890402558,48.365224329,2,#fc8d62,car
136997,9,1,62,0,2016,5,7,2,3,6,4,0,0,0,1,1,0,0,0,701293504.0,5334556.1345,11.705505117,48.132396558,2,#fc8d62,car
136998,9,7,61,0,2016,5,15,4,3,5,3,0,0,1,1,0,0,0,0,640308.9645,5359178106.0,10.894563228,48.370165392,1,#66c2a5,bicycle
137001,9,7,73,182,2016,5,7,3,3,3,2,0,0,0,0,0,1,0,1,623509.0347,5379536.2332,10.673834769,48.556749976,4,#e78ac3,marker
137003,9,1,62,0,2016,5,12,4,3,5,2,0,0,1,1,0,0,0,0,692113.3127,5336682.9815,11.583210572,48.154349506,1,#66c2a5,bicycle
137004,9,1,62,0,2016,5,14,2,3,2,6,0,0,0,1,0,0,0,0,698555.6354,5335292.9963,11.669091676,48.139878874,2,#fc8d62,car
137006,9,1,62,0,2016,5,15,4,2,0,1,0,0,1,0,0,0,0,0,692082068.0,5337040.9286,11.58295247,48.157576097,1,#66c2a5,bicycle
137007,9,1,62,0,2016,5,9,2,3,1,7,0,0,1,1,0,0,0,0,695834.5904,5330855.8403,11.63051609,48.100843214,1,#66c2a5,bicycle
137009,9,7,71,156,2016,5,16,4,3,9,1,0,0,0,0,0,1,0,0,652333.8288,5379721558.0,11.064306386,48.552076469,4,#e78ac3,marker
137016,9,1,62,0,2016,5,16,4,3,6,3,0,0,0,1,1,0,0,0,693068.6055,5332346.7648,11.594076912,48.11508745,2,#fc8d62,car
137017,9,1,62,0,2016,5,19,2,3,1,3,1,0,1,1,0,0,0,0,693886.7711,5331332647.0,11.604597127,48.105724302,1,#66c2a5,bicycle
137021,9,7,72,184,2016,5,17,3,3,5,3,0,0,1,1,0,0,0,0,635423.4767,5359791.9174,10.828828773,48.376752027,1,#66c2a5,bicycle
137024,9,7,61,0,2016,5,8,3,3,2,6,0,0,0,1,0,0,0,0,638365.2363,5359378.5837,10.868398047,48.372397182,2,#fc8d62,car
137028,9,1,62,0,2016,5,21,2,3,5,3,2,0,1,1,0,0,0,0,691239193.0,5332779647.0,11.569716755,48.11953015,1,#66c2a5,bicycle
137033,9,1,87,124,2016,5,11,4,3,5,3,0,0,0,1,0,0,0,0,736386569.0,5327947.8576,12.172823422,48.060970485,2,#fc8d62,car
137034,9,7,61,0,2016,5,10,3,3,5,2,0,0,1,0,0,0,0,0,638676.1824,5358117.6537,10.872178791,48.360990898,1,#66c2a5,bicycle
137038,9,1,62,0,2016,5,18,2,3,5,3,0,0,0,0,0,1,0,1,696493.3681,5335084.8285,11.641304247,48.138648159,4,#e78ac3,marker
137039,9,7,72,163,2016,5,12,5,3,5,3,0,0,1,1,0,0,0,0,640408.1677,5349134.0533,10.892556573,48.279829684,1,#66c2a5,bicycle
137044,9,7,61,0,2016,5,16,5,3,1,6,0,1,0,1,0,0,0,0,638458.9142,5360390.3669,10.869995581,48.381474386,2,#fc8d62,car
137046,9,7,71,146,2016,5,18,2,3,9,1,0,0,0,0,0,1,0,0,648271.3924,5347031.1076,10.997742113,48.259128894,4,#e78ac3,marker
137047,9,1,62,0,2016,5,8,2,3,1,5,0,0,1,1,0,0,0,0,690955.5975,5334106.9856,11.566504669,48.131545319,1,#66c2a5,bicycle
137048,9,1,63,0,2016,5,17,4,3,1,2,0,0,0,1,0,0,0,1,733977.1043,5305329.81,12.128230352,47.858663079,2,#fc8d62,car
137049,9,1,87,177,2016,5,17,4,3,0,1,0,0,1,0,0,0,0,0,736712.0229,5306071.0656,12.165144093,47.864320771,1,#66c2a5,bicycle
137050,9,7,61,0,2016,5,17,3,3,5,3,0,0,0,1,0,0,0,0,641900.2459,5357595.6627,10.915503782,48.355580954,2,#fc8d62,car
137052,9,1,62,0,2016,5,7,4,3,2,2,0,0,0,1,0,0,0,0,686725.7372,5330211.1363,11.508005372,48.097782978,2,#fc8d62,car
137053,9,1,62,0,2016,5,18,2,3,5,2,0,0,0,1,0,1,0,1,691380413.0,5338081923.0,11.573995479,48.167143945,2,#fc8d62,car
137054,9,7,61,0,2016,5,17,5,3,1,6,0,1,0,1,0,0,0,1,638916.3588,5360329.2469,10.876150084,48.380824248,2,#fc8d62,car
137058,9,1,63,0,2016,5,16,4,3,5,3,0,0,1,1,0,0,0,0,733510.1889,5304711.2935,12.121663488,47.853276121,1,#66c2a5,bicycle
137060,9,1,87,117,2016,5,13,4,2,4,6,0,0,1,1,0,0,0,0,725035.3935,5305582.5455,12.008986704,47.864127339,1,#66c2a5,bicycle
137061,9,7,61,0,2016,5,16,3,3,0,1,0,0,1,0,0,0,0,0,640544.1259,5359302.9239,10.897778472,48.371235388,1,#66c2a5,bicycle
137063,9,1,62,0,2016,5,18,4,2,6,4,0,1,0,1,1,0,0,0,692963.2529,5333204.0616,11.593050875,48.122824572,2,#fc8d62,car
137067,9,1,62,0,2016,5,21,7,3,3,7,2,1,1,1,0,0,0,0,690510.5301,5335068.1112,11.560958866,48.140317265,1,#66c2a5,bicycle
137069,9,1,62,0,2016,5,15,3,3,5,2,0,0,1,1,0,0,0,0,691588.4271,5336213.4438,11.575948854,48.150287712,1,#66c2a5,bicycle
137071,9,1,62,0,2016,5,19,7,3,8,1,0,1,0,1,0,0,0,1,687960.4894,5334028637.0,11.526255796,48.131732648,2,#fc8d62,car
137074,9,1,62,0,2016,5,9,3,3,8,1,0,0,1,0,0,0,0,0,689854.1417,5339529.2929,11.554135353,48.180610519,1,#66c2a5,bicycle
137082,9,7,72,125,2016,5,17,2,3,5,3,0,1,1,1,0,0,0,0,636587.2906,5347264.1216,10.84047898,48.263850903,1,#66c2a5,bicycle
137083,9,7,72,171,2016,5,18,6,3,5,3,0,1,1,0,0,0,0,1,636645.2359,5372991.9961,10.84962401,48.495181347,1,#66c2a5,bicycle
137086,9,7,61,0,2016,5,10,2,2,0,1,0,1,1,0,0,0,0,0,641967053.0,5359965.2939,10.917204905,48.376872644,1,#66c2a5,bicycle
137087,9,1,62,0,2016,5,21,7,3,5,7,2,1,0,1,0,0,0,0,686256.3763,5331799.7922,11.50240086,48.112199869,2,#fc8d62,car
137090,9,1,62,0,2016,5,9,3,3,3,2,0,1,1,0,0,0,0,1,690802801.0,5333719239.0,11.564279549,48.128106091,1,#66c2a5,bicycle
137093,9,7,71,130,2016,5,17,6,2,5,3,0,1,1,1,0,0,0,0,647585.3781,5362084403.0,10.993775502,48.394636761,1,#66c2a5,bicycle
137094,9,7,61,0,2016,5,20,2,3,5,3,0,1,0,1,0,0,0,0,638292.8487,5355929.3731,10.866287596,48.341398284,2,#fc8d62,car
137095,9,7,71,112,2016,5,17,2,3,5,3,0,0,0,1,0,0,0,0,647416.0998,5366321.8212,10.992979105,48.432775371,2,#fc8d62,car
137096,9,1,62,0,2016,5,15,7,3,1,6,0,0,0,1,0,0,0,0,687140.6828,5330208.0348,11.513571797,48.097633376,2,#fc8d62,car
137098,9,1,62,0,2016,5,8,3,3,3,6,0,0,1,1,0,0,0,0,690930.5456,5334287.1088,11.566249031,48.133171772,1,#66c2a5,bicycle
137099,9,1,62,0,2016,5,9,7,3,0,3,0,1,1,1,0,0,0,0,698244273.0,5332849.5,11.663774171,48.118015654,1,#66c2a5,bicycle
137101,9,7,71,130,2016,5,8,6,3,6,4,0,1,0,1,1,0,0,0,646971.6706,5358029924.0,10.984072396,48.358325502,2,#fc8d62,car
137105,9,7,71,130,2016,5,7,6,3,2,6,0,1,0,1,0,0,0,0,645500.5708,5356515.5225,10.963701733,48.345049721,2,#fc8d62,car
137110,9,7,61,0,2016,5,16,6,3,4,2,0,1,1,1,0,0,0,0,640746.1496,5357220.3209,10.899808124,48.352464298,1,#66c2a5,bicycle
137114,9,7,61,0,2016,5,14,6,3,0,1,0,1,1,0,0,0,0,0,641554.5663,5358314866.0,10.911082124,48.362125339,1,#66c2a5,bicycle
137117,9,1,73,147,2016,5,13,6,3,2,6,0,0,0,1,0,0,0,0,681187.2959,5309543.4437,11.424957068,47.913598331,2,#fc8d62,car
137121,9,1,62,0,2016,5,19,3,3,5,3,0,0,1,1,0,0,0,0,688639.1371,5337950.1412,11.537105657,48.166778855,1,#66c2a5,bicycle
137122,9,2,61,0,2016,5,12,7,3,5,3,0,0,0,1,0,0,0,0,732033.2508,5380860.6163,12.143560806,48.537898642,2,#fc8d62,car
137124,9,7,61,0,2016,5,18,6,3,0,1,0,1,0,0,0,1,0,0,638659.9902,5356140.8112,10.871309109,48.343219028,4,#e78ac3,marker
137127,9,7,72,177,2016,5,22,7,3,1,7,2,0,1,1,0,0,0,0,636999.5367,5376348.8143,10.855519241,48.525287584,1,#66c2a5,bicycle
137130,9,1,62,0,2016,5,16,3,2,3,6,0,0,0,1,0,1,0,0,693460.6047,5333526769.0,11.599873654,48.125574048,2,#fc8d62,car
137131,9,7,71,130,2016,5,10,7,3,5,3,0,0,0,1,0,0,0,0,645644.5595,5357483.3707,10.965978671,48.353718787,2,#fc8d62,car
137133,9,1,75,118,2016,5,21,7,3,5,3,2,1,0,1,0,0,0,0,716393.7926,5339008.2407,11.910463178,48.167446163,2,#fc8d62,car
137134,9,7,61,0,2016,5,18,7,3,2,6,1,0,0,1,0,0,0,0,639414.2319,5358518.2033,10.882269893,48.364429992,2,#fc8d62,car
137135,9,1,62,0,2016,5,15,3,3,6,2,0,0,0,1,1,0,0,0,692903.3329,5338556.1312,11.594671611,48.170945679,2,#fc8d62,car
137136,9,7,71,144,2016,5,13,6,3,0,7,0,1,0,0,0,1,0,0,661379386.0,5373254967.0,11.184292051,48.491680721,4,#e78ac3,marker
137143,9,1,63,0,2016,5,8,4,2,0,1,0,0,0,1,0,0,0,0,732718549.0,5305056.5334,12.111282392,47.856664901,2,#fc8d62,car
137144,9,1,84,134,2016,5,22,6,3,5,3,2,1,0,1,0,0,0,0,691953.2139,5322573.9876,11.574717939,48.027587241,2,#fc8d62,car
137145,9,1,62,0,2016,5,12,3,3,6,2,0,0,0,1,1,0,0,0,690361768.0,5344198284.0,11.563051391,48.222422904,2,#fc8d62,car
137155,9,1,87,117,2016,5,8,6,3,6,5,0,1,0,1,1,0,0,0,724347.1151,5305581.2418,11.999796003,47.864356318,2,#fc8d62,car
137159,9,1,62,0,2016,5,6,6,3,3,2,0,1,1,1,0,0,0,0,694557.2108,5335445.7132,11.615471153,48.142486559,1,#66c2a5,bicycle
137167,9,1,62,0,2016,5,10,6,3,6,4,0,1,0,1,1,0,0,0,690476.2779,5334250.0125,11.560133079,48.132974466,2,#fc8d62,car
137170,9,1,62,0,2016,5,19,6,3,3,6,0,1,0,1,0,0,0,0,689581.7359,5333198.5286,11.547654403,48.123790733,2,#fc8d62,car
137171,9,7,62,0,2016,5,18,3,3,1,6,0,0,0,1,0,0,0,0,622261.7306,5305424.1467,10.635559928,47.89049575,2,#fc8d62,car
137177,9,1,62,0,2016,5,10,6,3,3,2,0,1,1,0,0,0,1,0,695534.9033,5338002.2087,11.629774762,48.165163252,1,#66c2a5,bicycle
137179,9,1,62,0,2016,5,14,3,3,6,4,0,0,0,1,1,0,0,0,689885.2839,5342807.8847,11.556020089,48.210068941,2,#fc8d62,car
137180,9,7,61,0,2016,5,21,3,3,8,3,2,0,0,1,0,0,0,0,639730.8309,5357087.3848,10.886066852,48.351494439,2,#fc8d62,car
137182,9,1,88,139,2016,5,19,6,3,0,1,0,1,1,0,0,0,0,0,674604.6101,5318471.0978,11.340557386,47.995681763,1,#66c2a5,bicycle
137185,9,7,61,0,2016,5,14,3,3,1,3,0,0,0,1,0,0,0,0,640239.7902,5353449.2458,10.891721842,48.318668397,2,#fc8d62,car
137190,9,1,62,0,2016,5,15,6,3,1,5,0,0,1,1,0,0,0,0,693274038.0,5334612.8357,11.597861714,48.135391984,1,#66c2a5,bicycle
137191,9,1,62,0,2016,5,9,3,3,1,6,0,1,0,1,0,0,0,0,697556.9474,5333735.8244,11.654959726,48.126194942,2,#fc8d62,car
137193,9,2,74,114,2016,5,18,3,2,8,6,0,0,0,1,0,1,0,0,736327.6017,5372305.6156,12.19680624,48.459452212,2,#fc8d62,car
137194,9,1,75,139,2016,5,10,6,3,5,3,0,1,0,1,0,0,0,0,710251.6474,5329913.1255,11.823471184,48.087778248,2,#fc8d62,car
137196,9,2,61,0,2016,5,10,3,3,0,7,0,0,0,0,0,0,0,1,732111.8041,5380691.6596,12.144529279,48.536351895,6,#ffd92f,circle
137197,9,1,77,117,2016,5,11,6,3,2,6,0,1,0,1,0,0,1,0,715195.1963,5351738.6454,11.90082554,48.282239713,2,#fc8d62,car
137201,9,1,62,0,2016,5,14,6,3,6,2,0,1,0,1,1,0,0,0,683139835.0,5340275.4933,11.464216762,48.189288603,2,#fc8d62,car
137203,9,1,87,179,2016,5,11,4,3,5,2,0,0,0,1,0,0,0,0,726679.0188,5313448.3344,12.035063759,47.934221548,2,#fc8d62,car
137204,9,1,62,0,2016,5,15,6,3,2,6,0,0,0,1,0,0,0,1,685889109.0,5333949967.0,11.498408989,48.131633872,2,#fc8d62,car