OBJECTID,ULAND,UREGBEZ,UKREIS,UGEMEINDE,UJAHR,UMONAT,USTUNDE,UWOCHENTAG,UKATEGORIE,UART,UTYP1,ULICHTVERH,STRZUSTAND,IstRad,IstPKW,IstFuss,IstKrad,IstGkfz,IstSonstig,LINREFX,LINREFY,XGCSWGS84,YGCSWGS84,Teilnehmer,color,symbol
137205,9,1,62,0,2016,5,8,3,3,6,4,0,0,0,1,1,0,0,0,690720.8049,5338140.4265,11.565159475,48.167868005,2,#fc8d62,car
137207,9,1,62,0,2016,5,16,5,3,1,7,0,1,1,1,0,0,0,0,692656.9781,5339894.8023,11.591968292,48.183051963,1,#66c2a5,bicycle
137210,9,1,74,146,2016,5,10,2,3,9,1,0,1,0,1,0,0,0,0,667344205.0,5348756322.0,11.255208224,48.269888271,2,#fc8d62,car
137212,9,1,62,0,2016,5,22,6,3,2,6,2,1,0,1,0,0,0,0,689313.2948,5335475.2487,11.545062421,48.144333985,2,#fc8d62,car
137213,9,7,61,0,2016,5,17,3,3,0,1,0,0,1,0,0,0,0,0,641272.1913,5359215.9318,10.907574719,48.370290632,1,#66c2a5,bicycle
137217,9,1,62,0,2016,5,18,5,3,4,6,0,0,1,0,0,0,0,0,693965.6602,5335045.6306,11.607345156,48.139071374,1,#66c2a5,bicycle
137220,9,1,62,0,2016,5,10,5,3,3,2,0,1,1,0,0,0,0,1,692306.0514,5337689.4691,11.586254391,48.163337328,1,#66c2a5,bicycle
137222,9,1,62,0,2016,5,1,1,3,6,4,2,0,0,1,1,0,0,0,690521.6333,5334744.5119,11.560963213,48.13740544,2,#fc8d62,car
137224,9,1,62,0,2016,5,10,6,3,6,7,0,1,1,0,1,0,0,0,690724.4216,5336308.7516,11.564386913,48.151403988,1,#66c2a5,bicycle
137225,9,7,61,0,2016,5,9,3,3,2,6,0,0,0,1,0,0,0,0,639602201.0,5358998.2493,10.884965623,48.368704898,2,#fc8d62,car
137228,9,1,62,0,2016,5,6,5,3,2,6,0,0,1,1,0,0,0,0,688173.9526,5327863.0608,11.526403039,48.076251787,1,#66c2a5,bicycle
137232,9,1,62,0,2016,5,18,6,3,2,6,0,1,0,1,0,0,0,0,682829618.0,5335173.24,11.457853103,48.143515702,2,#fc8d62,car
137233,9,1,62,0,2016,5,14,1,3,5,2,0,0,1,1,0,0,0,0,689049.1098,5333349.0346,11.54057088,48.125301882,1,#66c2a5,bicycle
137235,9,1,62,0,2016,5,17,3,3,2,6,0,0,0,1,0,0,0,0,691755.5907,5335427.1722,11.577839899,48.143170457,2,#fc8d62,car
137236,9,1,62,0,2016,5,9,6,3,4,2,0,1,1,1,0,1,0,0,688711.7897,5336272.0618,11.537337459,48.151674544,1,#66c2a5,bicycle
137241,9,1,88,132,2016,5,8,4,3,5,3,0,0,0,1,0,0,0,0,664665.7327,5322665.9676,11.209044443,48.036032254,2,#fc8d62,car
137242,9,1,62,0,2016,5,14,6,3,1,6,0,1,0,1,0,0,0,0,686242.9324,5332672893.0,11.502601738,48.120051591,2,#fc8d62,car
137243,9,1,62,0,2016,5,19,3,3,4,7,1,1,1,1,0,0,0,0,691019.8064,5333624.4274,11.567150446,48.127188848,1,#66c2a5,bicycle
137245,9,1,84,130,2016,5,7,5,3,5,3,0,0,0,1,0,0,0,0,698055.9979,5344026.0623,11.666452681,48.218520098,2,#fc8d62,car
137248,9,1,62,0,2016,5,11,3,3,0,7,0,0,0,0,0,1,0,0,686756.8528,5339422.7461,11.512462167,48.180570775,4,#e78ac3,marker
137251,9,1,79,126,2016,5,19,3,3,0,7,0,0,1,0,0,0,0,0,676354.5724,5340457.6917,11.373076942,48.192846591,1,#66c2a5,bicycle
137252,9,1,62,0,2016,5,11,5,3,1,7,0,0,0,1,0,0,1,0,678932.5396,5338992.6152,11.407118146,48.178956033,2,#fc8d62,car
137254,9,1,62,0,2016,5,12,1,3,1,6,0,0,1,1,0,0,0,0,688494.2187,5333253.5325,11.533079209,48.124608028,1,#66c2a5,bicycle
137256,9,1,79,126,2016,5,12,4,3,5,3,0,0,1,1,0,0,0,0,677632.3972,5341364.1397,11.390635491,48.200638579,1,#66c2a5,bicycle
137257,9,1,62,0,2016,5,13,6,3,5,3,0,1,0,1,0,0,0,0,684873.6735,5332267.1624,11.484044678,48.116803702,2,#fc8d62,car
137258,9,1,62,0,2016,5,12,3,3,1,5,0,0,0,1,0,0,0,0,698847.6504,5333788.6692,11.672310582,48.126268032,2,#fc8d62,car
137259,9,1,88,121,2016,5,11,3,3,8,1,0,1,1,1,0,0,0,0,670320.4408,5329654.5344,11.287626525,48.097375699,1,#66c2a5,bicycle
137260,9,1,62,0,2016,5,11,5,3,0,4,0,0,0,0,1,0,1,0,687401571.0,5331721494.0,11.517737079,48.111160175,3,#8da0cb,toilet
137262,9,1,62,0,2016,5,12,1,3,0,5,0,0,1,1,0,0,0,0,692082.0907,5336604.1403,11.582755609,48.153650328,1,#66c2a5,bicycle
137264,9,1,79,121,2016,5,18,3,3,4,2,0,0,1,1,0,0,0,0,667619.5206,5339145187.0,11.255114619,48.183412886,1,#66c2a5,bicycle
137265,9,1,62,0,2016,5,12,5,3,1,7,0,0,0,1,1,0,0,0,690980.1431,5335172.4742,11.567311926,48.141114494,2,#fc8d62,car
137269,9,1,75,139,2016,5,17,4,2,8,1,0,0,1,0,0,0,0,0,710393.9871,5329021.8356,11.824941323,48.079722062,1,#66c2a5,bicycle
137270,9,1,84,140,2016,5,17,6,3,0,7,0,1,1,0,0,0,0,0,701939164.0,5328465.2203,11.711290643,48.07745344,1,#66c2a5,bicycle
137272,9,1,74,113,2016,5,15,3,3,4,6,0,0,0,1,0,0,0,0,673379.6006,5345508.5968,11.335144544,48.239070192,2,#fc8d62,car
137273,9,1,62,0,2016,5,12,5,3,6,2,0,0,0,1,1,0,0,0,690240.3597,5336250.3845,11.557859103,48.151024352,2,#fc8d62,car
137276,9,1,62,0,2016,5,16,6,3,5,3,0,0,1,1,0,0,0,0,690726.7834,5330095.8726,11.561638795,48.095562043,1,#66c2a5,bicycle
137279,9,1,62,0,2016,5,13,6,3,6,4,0,1,0,1,1,0,0,0,692227.8833,5337126.7535,11.584949973,48.15830341,2,#fc8d62,car
137283,9,1,74,115,2016,5,5,3,3,1,1,0,0,1,1,0,0,0,0,679724.4958,5348385.2273,11.421743594,48.263160902,1,#66c2a5,bicycle
137284,9,1,84,140,2016,5,21,5,3,1,5,2,0,0,1,0,1,0,0,701885.8561,5328483.9371,11.710584589,48.077638526,2,#fc8d62,car
137285,9,1,62,0,2016,5,13,6,3,3,2,0,1,0,1,0,1,0,0,690805.3886,5336242.4705,11.56544471,48.150783975,2,#fc8d62,car
137288,9,1,62,0,2016,5,9,3,3,0,7,0,1,0,0,0,1,0,0,695183.2725,5330844.7123,11.621771792,48.100943048,4,#e78ac3,marker
137289,9,1,62,0,2016,5,19,6,3,5,3,0,1,0,1,0,1,0,0,690798.8595,5333710488.0,11.564222715,48.128028618,2,#fc8d62,car
137292,9,1,62,0,2016,5,20,5,3,5,7,0,1,1,0,0,0,0,0,697250.4781,5333405.2285,11.650692686,48.123318791,1,#66c2a5,bicycle
137296,9,1,77,117,2016,5,10,4,2,5,3,0,0,0,1,0,0,0,0,714756.1837,5355044.5695,11.896596777,48.312093205,2,#fc8d62,car
137299,9,1,77,113,2016,5,7,4,3,1,6,0,0,0,1,0,0,1,0,722498.3398,5357629.2756,12.002239075,48.332639261,2,#fc8d62,car
137300,9,1,62,0,2016,5,16,6,3,1,5,0,0,1,1,0,0,0,0,691164.7768,5334065268.0,11.569294459,48.131107574,1,#66c2a5,bicycle
137301,9,1,62,0,2016,5,21,3,2,0,7,2,1,1,0,0,0,0,0,693755.0039,5332044.9156,11.603152406,48.112166061,1,#66c2a5,bicycle
137303,9,1,77,117,2016,5,7,3,3,6,2,0,0,0,1,1,0,0,0,714740242.0,5355191.21,11.896456676,48.313416209,2,#fc8d62,car
137304,9,1,62,0,2016,5,13,5,3,5,3,0,0,0,1,0,0,0,0,695685.0421,5329903.6736,11.628073041,48.092331506,2,#fc8d62,car
137305,9,2,61,0,2016,5,9,4,2,1,7,0,0,0,1,0,0,0,0,730548.1127,5382100.6875,12.124157755,48.549585452,2,#fc8d62,car
137307,9,1,79,118,2016,5,15,1,3,5,3,0,0,1,1,0,0,0,0,672715.6421,5336481.0513,11.322536769,48.158098614,1,#66c2a5,bicycle
137309,9,1,62,0,2016,5,12,3,3,6,2,0,1,0,1,1,0,0,0,687998.8909,5332399.2139,11.526052735,48.117075669,2,#fc8d62,car
137311,9,1,62,0,2016,5,18,3,3,0,7,0,0,1,0,0,0,0,0,693259.4753,5333316.6429,11.597078331,48.123746578,1,#66c2a5,bicycle
137314,9,1,62,0,2016,5,0,2,3,0,7,2,0,1,0,0,0,0,0,691964.5516,5333441.9259,11.579751537,48.125264362,1,#66c2a5,bicycle
137316,9,7,78,204,2016,5,19,6,3,2,6,0,0,0,0,0,1,0,0,613879.0007,5326531.5797,10.529060489,48.081878571,4,#e78ac3,marker
137317,9,1,62,0,2016,5,23,3,3,5,3,2,0,0,1,0,0,0,0,692587.8771,5338067.5717,11.590211759,48.166650304,2,#fc8d62,car
137319,9,1,62,0,2016,5,13,2,3,5,3,0,1,0,1,0,0,0,0,692498.6636,5340973.5683,11.590329489,48.192795562,2,#fc8d62,car
137322,9,1,78,143,2016,5,11,1,2,0,7,0,0,1,0,0,0,0,0,717217465.0,5372888489.0,11.938975315,48.471576136,1,#66c2a5,bicycle
137323,9,1,62,0,2016,5,15,7,3,6,7,0,0,0,1,1,0,0,0,691650.5081,5340140.8301,11.578552695,48.185567602,2,#fc8d62,car
137329,9,1,62,0,2016,5,18,2,3,6,7,0,0,0,1,1,0,0,0,692272.7047,5334279872.0,11.58426642,48.132702682,2,#fc8d62,car
137332,9,1,62,0,2016,5,11,7,3,5,2,0,1,1,1,0,0,0,0,688582.8763,5331244.7795,11.533381127,48.106526704,1,#66c2a5,bicycle
137334,9,1,62,0,2016,5,12,7,3,5,3,0,0,0,1,0,0,0,0,691388.4351,5339997.3217,11.574965695,48.184356784,2,#fc8d62,car
137338,9,1,62,0,2016,5,12,2,3,1,6,0,1,0,1,0,0,0,0,688046.1837,5339008.8075,11.52960705,48.176469974,2,#fc8d62,car
137341,9,2,61,0,2016,5,12,6,3,5,3,0,0,0,1,0,0,0,0,730781.3922,5382049.0446,12.127285408,48.549035777,2,#fc8d62,car
137342,9,1,62,0,2016,5,13,7,2,0,7,0,1,1,0,0,0,0,0,689847.2675,5331834.5118,11.550611732,48.111451724,1,#66c2a5,bicycle
137344,9,7,61,0,2016,5,10,6,3,1,6,0,0,0,1,0,0,0,1,641848.9318,5360394.6567,10.915755558,48.380759849,2,#fc8d62,car
137348,9,1,62,0,2016,5,14,4,3,0,6,0,0,0,1,0,0,0,0,686219.3418,5334415.3139,11.503046441,48.135720055,2,#fc8d62,car
137349,9,1,62,0,2016,5,11,4,3,2,6,0,0,0,1,0,0,0,0,688010.2087,5339042067.0,11.529138313,48.176779559,2,#fc8d62,car
137350,9,7,61,0,2016,5,14,7,3,1,1,0,0,1,0,0,0,0,0,640445.4639,5352893.8006,10.894309675,48.31362831,1,#66c2a5,bicycle
137352,9,1,62,0,2016,5,9,4,3,0,4,0,0,1,0,1,0,0,0,691790.8183,5332738.1985,11.577102638,48.118991706,1,#66c2a5,bicycle
137353,9,7,61,0,2016,5,22,7,3,5,3,2,0,0,1,0,1,0,0,641293.04,5359228.0579,10.907860148,48.370394998,2,#fc8d62,car
137354,9,1,73,123,2016,5,16,7,2,0,7,0,0,1,0,0,0,0,1,680091.2577,5306233.0804,11.408919842,47.884148935,1,#66c2a5,bicycle
137357,9,1,62,0,2016,5,15,4,3,5,2,0,0,1,1,0,0,0,0,688561.8492,5332383.0368,11.53360213,48.116763821,1,#66c2a5,bicycle
137360,9,7,61,0,2016,5,14,6,3,3,6,0,0,0,1,0,1,0,0,639660.0838,5359516442.0,10.885918849,48.373351539,2,#fc8d62,car
137363,9,1,79,142,2016,5,17,1,3,3,6,0,0,0,1,0,1,0,0,670972.1477,5340931.4741,11.30090187,48.198577539,2,#fc8d62,car
137370,9,1,63,0,2016,5,17,6,3,0,1,0,0,0,1,0,1,0,0,732735.7219,5307419.3534,12.11278366,47.877886514,2,#fc8d62,car
137371,9,1,62,0,2016,5,15,7,3,0,1,0,0,1,1,0,0,0,0,691050.1323,5334227175.0,11.567827816,48.132597205,1,#66c2a5,bicycle
137378,9,1,87,181,2016,5,16,7,2,5,3,0,0,0,1,0,0,0,0,736490.8321,5313413.3785,12.166214187,47.930362718,2,#fc8d62,car
137380,9,1,79,142,2016,5,17,6,3,4,2,0,0,0,1,0,1,0,0,672927.2961,5341983.2786,11.327619946,48.207503218,2,#fc8d62,car
137381,9,1,62,0,2016,5,20,7,3,5,6,1,1,1,1,0,0,0,0,692617.4053,5334799.6966,11.589129549,48.137270525,1,#66c2a5,bicycle
137389,9,1,79,130,2016,5,15,6,2,5,3,0,0,0,1,0,0,0,0,660002.7004,5338760.6735,11.152571698,48.181919986,2,#fc8d62,car
137390,9,1,63,0,2016,5,13,7,3,5,3,0,0,0,1,0,1,0,0,735136.1619,5304064.4423,12.143014994,47.846872168,2,#fc8d62,car
137392,9,1,74,115,2016,5,14,1,3,2,6,0,0,1,0,0,0,0,0,681217.4811,5347886.4659,11.441628676,48.258252455,1,#66c2a5,bicycle
137393,9,1,81,114,2016,5,15,6,3,0,1,0,0,1,0,0,0,0,0,657412.6486,5312953.0857,11.108250053,47.950532105,1,#66c2a5,bicycle
137400,9,1,74,135,2016,5,18,6,3,4,2,0,0,0,1,0,0,0,1,663591.5603,5352594.4738,11.206161563,48.305373873,2,#fc8d62,car
137401,9,1,78,120,2016,5,10,1,2,5,3,0,0,1,1,0,0,0,0,694155603.0,5353017.2042,11.618124311,48.300532381,1,#66c2a5,bicycle
137402,9,1,62,0,2016,5,23,4,3,0,7,2,0,0,0,0,1,0,0,690717.0656,5335724.5179,11.564026359,48.14615514,4,#e78ac3,marker
137405,9,1,78,145,2016,5,19,6,3,4,2,0,0,0,1,0,1,0,0,697820.5357,5355439.0975,11.668625002,48.321162635,2,#fc8d62,car
137407,9,1,62,0,2016,5,2,7,3,7,1,2,0,0,1,0,0,0,0,684126.8573,5333511.6574,11.474557388,48.128206338,2,#fc8d62,car
137408,9,1,62,0,2016,5,23,4,3,8,7,2,0,0,1,0,0,0,0,688847.9035,5336662.6967,11.539339067,48.15514521,2,#fc8d62,car
137410,9,7,61,0,2016,5,17,4,3,5,3,0,0,0,1,0,0,0,0,638070.5023,5360492.9049,10.864786358,48.382481514,2,#fc8d62,car
137413,9,1,63,0,2016,5,8,7,3,2,6,0,0,0,1,0,0,0,0,732677.8328,5304965.9563,12.110690153,47.855865885,2,#fc8d62,car
137417,9,1,77,118,2016,5,14,6,3,4,2,0,0,1,0,0,0,0,1,706426.6017,5347257.3718,11.780586207,48.244889794,1,#66c2a5,bicycle
137418,9,1,62,0,2016,5,11,7,3,6,4,0,0,0,1,1,0,0,0,694844929.0,5331498914.0,11.617530671,48.10692632,2,#fc8d62,car
137420,9,7,61,0,2016,5,19,4,3,2,2,0,0,0,1,0,0,0,0,641807.4031,5361312.3916,10.915504745,48.389021043,2,#fc8d62,car
137423,9,7,61,0,2016,5,21,4,3,1,5,2,0,0,1,0,0,0,0,640527.3746,5355442798.0,10.896263576,48.336530047,2,#fc8d62,car
137426,9,7,61,0,2016,5,10,4,3,5,3,0,0,1,1,0,0,0,0,641799.2674,5359374.9748,10.914741246,48.371602478,1,#66c2a5,bicycle
137431,9,1,77,117,2016,5,11,6,3,6,2,0,0,0,1,1,0,0,0,715637.0213,5354741.8511,11.908306805,48.309073584,2,#fc8d62,car
137434,9,7,71,113,2016,5,12,4,3,1,7,0,0,1,1,0,0,0,0,657802.7535,5369075.0054,11.134339832,48.455010312,1,#66c2a5,bicycle
137436,9,1,88,141,2016,5,14,7,3,0,1,0,0,1,0,0,0,0,0,668907.7354,5307617516.0,11.259993939,47.899635533,1,#66c2a5,bicycle
137438,9,1,77,116,2016,5,16,6,3,5,3,0,0,0,1,0,0,0,0,708742.2952,5363098.7983,11.819578658,48.386479754,2,#fc8d62,car
137439,9,1,79,121,2016,5,14,7,3,5,3,0,0,0,1,0,1,0,0,667680034.0,5340350532.0,11.256403962,48.194232856,2,#fc8d62,car
137441,9,1,62,0,2016,5,16,5,3,5,2,0,1,0,1,0,0,0,0,688290.7285,5330491.7546,11.529128186,48.099844747,2,#fc8d62,car
137448,9,1,84,136,2016,5,10,5,3,6,7,0,1,0,1,1,0,0,0,699814.9894,5327545.6079,11.682373572,48.069857816,2,#fc8d62,car
137450,9,1,62,0,2016,5,12,7,3,0,6,0,0,1,1,0,0,0,0,687951.9696,5338520.5243,11.528125064,48.172109086,1,#66c2a5,bicycle
137451,9,1,62,0,2016,5,18,4,3,3,6,0,0,0,1,0,0,0,0,690342.7165,5343114.8538,11.562308873,48.212690927,2,#fc8d62,car
137456,9,1,81,144,2016,5,16,7,3,5,2,0,0,1,0,0,0,0,0,656103.3841,5321014.5527,11.093657654,48.023334837,1,#66c2a5,bicycle
137462,9,1,62,0,2016,5,14,5,3,6,4,0,1,0,1,1,0,0,0,696987.2927,5331539.7509,11.646298206,48.106634488,2,#fc8d62,car
137463,9,1,62,0,2016,5,15,7,3,3,2,0,0,1,1,0,0,0,0,694302.1883,5334799.7594,11.611751839,48.13675891,1,#66c2a5,bicycle
137464,9,1,62,0,2016,5,14,4,3,6,4,0,0,0,1,1,0,0,0,690165.4771,5336093.1507,11.556783069,48.14963353,2,#fc8d62,car
137470,9,1,75,132,2016,5,23,7,3,0,1,2,0,1,0,0,0,0,0,708046.0953,5331023.5802,11.794430558,48.098480759,1,#66c2a5,bicycle
137471,9,1,62,0,2016,5,13,6,3,6,4,0,0,0,1,1,0,0,0,684001.7057,5331572.2335,11.472040049,48.110809797,2,#fc8d62,car
137473,9,1,62,0,2016,5,10,5,3,5,2,0,1,0,1,0,1,0,0,693892.1173,5341346.2959,11.609230376,48.19572161,2,#fc8d62,car
137475,9,1,73,126,2016,5,18,1,3,0,7,0,0,1,0,0,0,0,0,684569.2,5305973113.0,11.468649367,47.880540337,1,#66c2a5,bicycle
137476,9,1,62,0,2016,5,17,5,3,2,6,0,1,0,1,0,0,0,0,691253.8485,5339758.1551,11.573049188,48.182247728,2,#fc8d62,car
137477,9,1,84,112,2016,5,13,7,3,5,3,0,0,0,1,0,1,0,0,702341.8258,5338993945.0,11.721688506,48.171945848,2,#fc8d62,car
137480,9,1,73,147,2016,5,18,5,3,5,3,0,1,0,1,0,1,0,0,681412.5962,5308847.5223,11.427676854,47.907278835,2,#fc8d62,car
137481,9,1,62,0,2016,5,22,6,3,0,1,2,0,1,0,0,0,0,0,692179.4149,5333511253.0,11.582667236,48.125822639,1,#66c2a5,bicycle
137482,9,1,62,0,2016,5,14,6,2,0,4,0,0,1,0,1,0,0,0,693102.1771,5331927.2341,11.59433756,48.111306624,1,#66c2a5,bicycle
137484,9,1,62,0,2016,5,15,5,3,1,5,0,1,0,1,0,1,0,0,698083985.0,5334648456.0,11.66245888,48.13423323,2,#fc8d62,car
137493,9,1,62,0,2016,5,13,6,3,4,6,0,0,0,1,0,0,0,0,684253.9236,5336461.3669,11.477539706,48.154683176,2,#fc8d62,car
137495,9,1,62,0,2016,5,10,5,3,6,2,0,1,0,1,1,0,0,0,690044.8065,5333615.1121,11.554056624,48.127396944,2,#fc8d62,car
137502,9,1,73,126,2016,5,17,1,2,1,7,0,0,1,1,0,0,0,0,684626355.0,5305448.66,11.469188946,47.87580959,1,#66c2a5,bicycle
137503,9,1,62,0,2016,5,15,5,3,1,7,0,1,0,1,0,0,0,1,690519.0762,5335190.7693,11.561128502,48.141417153,2,#fc8d62,car
137504,9,1,62,0,2016,5,21,6,2,5,7,2,0,0,1,0,0,0,0,686204.1082,5334842.1641,11.503028487,48.139561202,2,#fc8d62,car
137506,9,1,62,0,2016,5,2,7,3,4,2,2,0,0,1,0,0,0,0,689361.1855,5333658381.0,11.544897924,48.127989571,2,#fc8d62,car
137507,9,1,62,0,2016,5,18,5,3,5,3,0,1,0,1,0,0,0,0,692277.6816,5338257.6414,11.586130137,48.1684525,2,#fc8d62,car
137513,9,1,62,0,2016,5,7,5,3,1,5,0,1,0,1,0,1,0,0,691265.9056,5339625.7378,11.573151625,48.181053956,2,#fc8d62,car
137514,9,1,62,0,2016,5,10,7,3,4,2,0,0,1,0,0,1,0,0,683065.8435,5335242.7896,11.461055644,48.144072931,1,#66c2a5,bicycle
137515,9,1,62,0,2016,5,18,4,3,4,6,0,0,1,1,0,0,0,0,695896376.0,5333487342.0,11.632553706,48.124474861,1,#66c2a5,bicycle
137520,9,1,84,129,2016,5,8,7,3,9,7,0,0,0,0,0,1,0,0,699210.5767,5325730.3092,11.673423449,48.053732262,4,#e78ac3,marker
137521,9,1,62,0,2016,5,12,4,3,6,4,0,0,0,1,1,0,0,0,689612.11,5330802.1091,11.546996797,48.102242416,2,#fc8d62,car
137527,9,1,62,0,2016,5,12,6,3,2,6,0,0,0,1,0,0,1,0,690708.7468,5340327.7326,11.565978937,48.187530863,2,#fc8d62,car
137530,9,1,62,0,2016,5,8,5,3,5,3,0,1,1,1,0,0,0,0,687423403.0,5336427907.0,11.520100441,48.153456278,1,#66c2a5,bicycle
137531,9,1,62,0,2016,5,10,7,2,0,7,0,0,1,0,0,0,0,0,683006.5663,5335725.0862,11.460466832,48.148425181,1,#66c2a5,bicycle
137535,9,1,84,148,2016,5,6,6,3,5,3,0,0,0,1,0,0,0,0,695693.8426,5325732.9722,11.626281625,48.0548442,2,#fc8d62,car
137539,9,1,62,0,2016,5,10,6,3,3,6,0,0,1,0,0,0,0,0,689478.2329,5331111.7538,11.5453378,48.105065372,1,#66c2a5,bicycle
137540,9,1,62,0,2016,5,7,6,3,2,6,0,0,0,1,0,0,0,0,688596937.0,5330516886.0,11.533248131,48.099980075,2,#fc8d62,car
137542,9,1,82,120,2016,5,19,1,3,5,3,0,0,1,0,0,0,0,0,701034.4131,5306475.1704,11.688867947,47.88010893,1,#66c2a5,bicycle
137543,9,1,62,0,2016,5,15,5,3,1,7,0,1,0,1,0,0,0,0,697300.4163,5329940.1316,11.649760598,48.092161177,2,#fc8d62,car
137544,9,1,81,130,2016,5,21,5,3,2,6,2,1,0,1,0,0,0,0,639224.3696,5324338.1212,10.868489392,48.057123335,2,#fc8d62,car
137547,9,1,62,0,2016,5,11,6,3,3,2,0,0,1,1,0,0,0,0,700932161.0,5332807.5585,11.699829794,48.1167963,1,#66c2a5,bicycle
137551,9,1,74,115,2016,5,15,5,3,5,3,0,1,1,1,0,0,0,0,682919.7125,5348424341.0,11.464774252,48.262598024,1,#66c2a5,bicycle
137553,9,7,72,167,2016,5,12,7,3,1,3,0,0,1,0,0,0,0,1,625420.2984,5355158.0665,10.692423317,48.337148985,1,#66c2a5,bicycle
137554,9,1,74,115,2016,5,10,5,3,5,3,0,1,0,1,0,0,0,0,680945.6824,5347190.8077,11.437672615,48.252077111,2,#fc8d62,car
137558,9,1,62,0,2016,5,14,6,3,6,4,0,0,0,1,1,0,0,0,693140229.0,5331814839.0,11.594797356,48.110284905,2,#fc8d62,car
137560,9,1,62,0,2016,5,17,7,3,5,2,0,0,1,1,0,0,0,0,683363.5535,5335499.1651,11.4651645,48.146291657,1,#66c2a5,bicycle
137562,9,7,72,121,2016,5,13,7,2,0,7,0,0,1,0,0,0,0,0,629619.2252,5374974.6849,10.755183634,48.51449866,1,#66c2a5,bicycle
137563,9,1,75,133,2016,5,18,5,3,6,4,0,1,0,1,1,0,0,0,708919.8706,5342674.1037,11.811870507,48.202887968,2,#fc8d62,car
137566,9,1,62,0,2016,5,7,6,3,3,2,0,0,1,1,0,0,0,0,693217.4827,5336181.5007,11.597814111,48.149507858,1,#66c2a5,bicycle
137573,9,1,62,0,2016,5,16,7,3,0,1,0,0,1,0,0,0,0,0,686750.8595,5330232.5212,11.508351822,48.097967833,1,#66c2a5,bicycle
137574,9,1,78,124,2016,5,16,5,3,5,3,0,1,1,1,0,0,0,0,704868.7887,5362851.08,11.767200715,48.385523512,1,#66c2a5,bicycle
137578,9,1,62,0,2016,5,9,6,3,3,5,0,0,1,1,0,0,0,0,692568.7417,5335128.7312,11.588624879,48.140242543,1,#66c2a5,bicycle
137579,9,1,62,0,2016,5,19,6,3,6,4,0,0,1,0,1,0,0,0,692509.4291,5334844.1603,11.587699783,48.137702829,1,#66c2a5,bicycle
137583,9,1,62,0,2016,5,15,7,3,0,7,0,0,1,0,1,0,0,0,694971.5512,5335737.0025,11.621168552,48.144977698,1,#66c2a5,bicycle
137584,9,1,77,117,2016,5,12,5,3,3,7,0,1,0,1,0,0,0,0,715988.8754,5354602.6948,11.912974691,48.307703223,2,#fc8d62,car
137586,9,2,61,0,2016,5,10,7,3,5,3,0,0,1,1,0,0,0,0,734721.2704,5382364.7217,12.180767029,48.550409693,1,#66c2a5,bicycle
137587,9,7,61,0,2016,5,3,5,3,5,3,2,1,0,1,0,0,0,0,638753.9808,5360329.4782,10.873958367,48.380862061,2,#fc8d62,car
137588,9,1,62,0,2016,5,18,7,3,4,6,0,0,1,0,0,0,0,0,694555.5812,5332359.5787,11.614040338,48.114750098,1,#66c2a5,bicycle
137590,9,2,61,0,2016,5,10,7,2,0,1,0,0,1,0,0,0,0,0,727997.9387,5380260.3828,12.088646013,48.533985552,1,#66c2a5,bicycle
137591,9,1,77,133,2016,5,4,5,3,6,2,1,1,0,1,1,0,0,0,712203.1619,5354605.9605,11.861986374,48.309013749,2,#fc8d62,car
137595,9,7,71,113,2016,5,10,5,3,8,7,0,1,1,0,0,0,0,0,655770.5164,5366828.4408,11.106036958,48.435319137,1,#66c2a5,bicycle
137596,9,7,61,0,2016,5,8,7,3,6,7,0,0,1,0,1,0,0,0,641376.2772,5352762.9119,10.906813292,48.312243986,1,#66c2a5,bicycle
137597,9,1,62,0,2016,5,16,4,3,3,6,0,0,1,0,0,0,0,0,691899.0965,5335948.6511,11.580002113,48.147814152,1,#66c2a5,bicycle
137603,9,1,62,0,2016,5,15,4,3,4,6,0,0,1,0,1,0,0,0,690612.8118,5335457.6256,11.562506726,48.143787572,1,#66c2a5,bicycle
137605,9,2,61,0,2016,5,19,6,3,5,3,0,0,1,1,0,0,0,0,733087.6852,5380892.1753,12.157841264,48.537791412,1,#66c2a5,bicycle
137607,9,7,61,0,2016,5,10,7,3,0,1,0,0,1,0,0,0,0,0,640619985.0,5357242422.0,10.898113495,48.35269113,1,#66c2a5,bicycle
137610,9,1,62,0,2016,5,12,4,3,2,6,0,0,0,1,0,0,0,0,690717.0656,5335724.5179,11.564026359,48.14615514,2,#fc8d62,car
137615,9,1,62,0,2016,5,10,3,3,6,4,0,1,0,1,1,0,0,0,689955.7365,5343890.1319,11.557452146,48.219774967,2,#fc8d62,car
137616,9,7,72,202,2016,5,13,2,3,0,1,0,1,0,0,0,1,0,0,636279.8345,5360083.4818,10.840481818,48.379189381,4,#e78ac3,marker
137617,9,7,61,0,2016,5,1,5,3,5,3,2,1,0,1,0,0,0,0,638842127.0,5355537297.0,10.873566859,48.337752323,2,#fc8d62,car
137624,9,7,78,116,2016,5,16,4,2,3,6,0,0,1,0,0,0,1,0,618987.1933,5318177.4438,10.595299251,48.005811648,1,#66c2a5,bicycle
137625,9,1,62,0,2016,5,8,3,3,0,5,0,1,0,1,1,0,0,0,691170.8551,5337711.6373,11.571013506,48.163878924,2,#fc8d62,car