OBJECTID,ULAND,UREGBEZ,UKREIS,UGEMEINDE,UJAHR,UMONAT,USTUNDE,UWOCHENTAG,UKATEGORIE,UART,UTYP1,ULICHTVERH,STRZUSTAND,IstRad,IstPKW,IstFuss,IstKrad,IstGkfz,IstSonstig,LINREFX,LINREFY,XGCSWGS84,YGCSWGS84,Teilnehmer,color,symbol
137634,9,1,78,124,2016,5,13,5,3,6,1,0,0,1,0,1,0,0,0,704030694.0,5363930.9762,11.756418515,48.395499218,1,#66c2a5,bicycle
137636,9,1,62,0,2016,5,14,2,3,6,4,0,1,0,0,1,1,0,0,692999.9003,5331852.6284,11.59293117,48.110667083,3,#8da0cb,toilet
137638,9,1,63,0,2016,5,18,2,3,2,6,0,1,0,1,0,0,0,0,732444.8324,5304602.8009,12.107384766,47.852687544,2,#fc8d62,car
137639,9,1,62,0,2016,5,12,5,3,0,7,0,1,1,0,0,0,0,1,690314.5591,5335208.5739,11.558390001,48.141638387,1,#66c2a5,bicycle
137646,9,1,62,0,2016,5,0,4,3,4,2,2,1,0,1,0,0,0,0,686539.9851,5339608.2051,11.509628942,48.182301434,2,#fc8d62,car
137647,9,1,86,162,2016,5,7,2,3,9,7,0,0,0,1,0,0,0,0,689878.7129,5384036.3977,11.574571635,48.580613753,2,#fc8d62,car
137649,9,1,88,144,2016,5,16,5,3,8,7,0,0,1,0,0,0,0,0,666560.3645,5328907.7919,11.236872792,48.091656318,1,#66c2a5,bicycle
137652,9,1,81,130,2016,5,16,2,2,5,3,0,1,0,0,0,1,1,0,637555932.0,5325371.7078,10.84644237,48.066779648,4,#e78ac3,marker
137653,9,1,62,0,2016,5,14,5,3,4,7,0,0,0,1,0,1,0,0,694454248.0,5333048494.0,11.612994465,48.120972766,2,#fc8d62,car
137654,9,1,87,130,2016,5,15,5,3,0,1,0,0,1,0,0,0,0,0,713612.0852,5308339.7596,11.857808676,47.892803794,1,#66c2a5,bicycle
137655,9,1,74,115,2016,5,14,6,3,1,3,0,0,1,1,0,0,0,0,681633.3904,5347816.5018,11.447197084,48.257504499,1,#66c2a5,bicycle
137657,9,1,79,134,2016,5,13,4,3,5,3,0,0,1,1,0,0,0,0,666967.9067,5342397.9066,11.247634323,48.212826259,1,#66c2a5,bicycle
137658,9,1,62,0,2016,5,6,3,2,5,3,0,1,0,1,0,0,0,0,686396.5877,5329045.1615,11.503079781,48.087399044,2,#fc8d62,car
137659,9,1,62,0,2016,5,14,4,3,1,6,0,0,0,1,0,0,0,0,686403938.0,5333355013.0,11.505061357,48.126135635,2,#fc8d62,car
137663,9,1,62,0,2016,5,12,3,3,2,6,0,1,0,1,0,0,0,0,686735.9036,5330233.1201,11.508151403,48.097977599,2,#fc8d62,car
137664,9,7,61,0,2016,5,15,2,3,0,7,0,1,0,0,0,1,0,0,638353495.0,5358874163.0,10.868073627,48.367864097,4,#e78ac3,marker
137666,9,1,62,0,2016,5,19,2,3,5,2,0,1,1,1,0,0,0,0,690206.4325,5336290.7963,11.557421469,48.151397719,1,#66c2a5,bicycle
137667,9,1,62,0,2016,5,14,3,3,0,3,0,1,0,1,0,0,0,1,693418.8199,5335209.7494,11.60007676,48.140712877,2,#fc8d62,car
137668,9,7,61,0,2016,5,12,2,3,2,7,0,1,0,1,0,0,0,0,640138.2143,5358917.8032,10.892172189,48.367862766,2,#fc8d62,car
137671,9,1,78,124,2016,5,21,2,3,4,6,2,1,1,0,0,0,0,0,703197.3712,5364537.6748,11.745467508,48.401220185,1,#66c2a5,bicycle
137673,9,7,72,200,2016,5,19,4,3,0,7,0,0,1,0,0,0,0,0,630656.8292,5338008.3973,10.757754653,48.181868966,1,#66c2a5,bicycle
137677,9,1,62,0,2016,5,2,1,3,5,3,2,0,1,1,0,0,0,0,693174.6493,5334265.5221,11.596369739,48.1323006,1,#66c2a5,bicycle
137680,9,1,73,126,2016,5,13,6,3,6,4,0,0,0,1,1,0,0,0,685743.4483,5303528.3926,11.48328929,47.858226301,2,#fc8d62,car
137682,9,1,62,0,2016,5,14,1,2,3,6,0,0,1,0,0,0,0,0,689210.6531,5336977.6629,11.544351845,48.157868324,1,#66c2a5,bicycle
137685,9,1,62,0,2016,5,19,1,3,3,6,0,0,1,0,0,0,0,0,697036656.0,5338619833.0,11.650235872,48.170250366,1,#66c2a5,bicycle
137689,9,1,62,0,2016,5,14,1,3,0,7,0,0,1,0,0,0,0,0,695455.8,5341629215.0,11.630380369,48.19778499,1,#66c2a5,bicycle
137690,9,1,62,0,2016,5,13,5,2,5,3,0,0,0,1,0,0,0,0,679378573.0,5334104527.0,11.411052195,48.134891452,2,#fc8d62,car
137693,9,1,88,127,2016,5,7,6,3,2,6,0,0,0,1,0,0,0,0,676751.9841,5329865.8257,11.374022583,48.097523581,2,#fc8d62,car
137695,9,2,61,0,2016,5,13,4,3,5,3,0,0,1,1,0,0,0,0,732740.7837,5382281.3067,12.153924888,48.550398288,1,#66c2a5,bicycle
137699,9,1,62,0,2016,5,12,4,3,0,7,0,0,1,0,0,0,0,0,692130.4786,5333062.5762,11.58180805,48.121804771,1,#66c2a5,bicycle
137700,9,1,62,0,2016,5,10,1,3,0,1,0,0,1,0,0,0,0,0,690674433.0,5338353.1159,11.564631803,48.169793547,1,#66c2a5,bicycle
137701,9,1,62,0,2016,5,13,5,3,5,2,0,0,1,1,0,0,0,0,689804.8725,5331315.5912,11.549811857,48.106800251,1,#66c2a5,bicycle
137703,9,1,75,115,2016,5,12,6,2,0,1,0,0,1,0,0,0,0,0,721262.8477,5329428.1553,11.970888579,48.079694485,1,#66c2a5,bicycle
137705,9,1,62,0,2016,5,14,2,3,5,3,0,1,0,1,0,0,0,0,690519022.0,5336824.2791,11.561858869,48.156099077,2,#fc8d62,car
137706,9,1,74,126,2016,5,16,4,3,7,1,0,0,1,0,0,0,0,0,683961.5469,5344458.9751,11.477076313,48.226654167,1,#66c2a5,bicycle
137707,9,1,62,0,2016,5,15,3,3,1,5,0,1,1,1,0,0,0,0,691457.6166,5337529.3724,11.574784019,48.162154466,1,#66c2a5,bicycle
137709,9,1,62,0,2016,5,23,4,3,5,3,2,0,0,1,0,0,0,0,690897377.0,5333097125.0,11.565270645,48.122486199,2,#fc8d62,car
137712,9,1,62,0,2016,5,7,4,3,0,3,0,0,0,1,0,0,0,0,686237.5762,5332254.3922,11.502347044,48.116291501,2,#fc8d62,car
137713,9,7,61,0,2016,5,17,1,3,0,7,0,0,0,0,0,0,0,1,641413.8119,5359228.6132,10.909490159,48.370372942,6,#ffd92f,circle
137715,9,1,75,139,2016,5,13,5,2,2,2,0,0,1,0,0,1,0,0,711343.2152,5329513.2678,11.837913437,48.083824189,1,#66c2a5,bicycle
137718,9,1,62,0,2016,5,12,3,3,5,2,0,1,1,1,0,0,0,0,684052.4355,5335016.7439,11.474208447,48.141756449,1,#66c2a5,bicycle
137720,9,7,73,182,2016,5,12,5,2,0,1,0,0,1,0,0,0,0,0,626650.6345,5378995.7037,10.716226648,48.551262682,1,#66c2a5,bicycle
137721,9,1,62,0,2016,5,16,1,3,5,3,0,0,1,1,0,0,0,0,692544.9693,5339200.6305,11.590148427,48.176846911,1,#66c2a5,bicycle
137723,9,1,62,0,2016,5,2,1,3,5,2,2,0,0,1,0,0,0,0,690426.5323,5342681.6757,11.563241557,48.208772449,2,#fc8d62,car
137724,9,7,61,0,2016,5,11,4,2,1,6,0,0,0,1,0,0,0,0,638447823.0,5358091138.0,10.869088838,48.360802593,2,#fc8d62,car
137726,9,1,62,0,2016,5,17,3,3,5,3,0,1,0,1,0,0,0,0,688576.8972,5332133.3564,11.533693708,48.114515188,2,#fc8d62,car
137728,9,1,62,0,2016,5,20,1,3,0,7,0,0,1,0,0,0,0,0,686889.9609,5336236.5289,11.512850889,48.151893095,1,#66c2a5,bicycle
137734,9,1,78,124,2016,5,14,5,3,0,6,0,0,1,1,0,0,0,0,704480.5043,5363423772.0,11.762241134,48.390795752,1,#66c2a5,bicycle
137736,9,1,62,0,2016,5,23,1,3,1,3,2,0,0,1,0,1,0,0,690349.4015,5334702.6651,11.558631794,48.137080863,2,#fc8d62,car
137737,9,1,62,0,2016,5,18,5,3,0,7,0,0,1,0,0,0,0,0,692306028.0,5333832.6085,11.584511978,48.128672692,1,#66c2a5,bicycle
137739,9,7,61,0,2016,5,15,3,3,2,6,0,1,0,1,0,0,0,0,639629246.0,5358124.8314,10.885040661,48.360845371,2,#fc8d62,car
137742,9,1,62,0,2016,5,18,5,3,5,3,0,0,1,1,0,0,0,0,690050.2789,5342468.7161,11.558086848,48.206971154,1,#66c2a5,bicycle
137743,9,1,73,126,2016,5,11,5,3,0,1,0,0,1,0,0,0,0,0,683065.9169,5306981.3939,11.448989188,47.890034292,1,#66c2a5,bicycle
137746,9,2,61,0,2016,5,17,3,2,0,1,0,0,1,0,0,0,0,0,731494.6974,5382886.4777,12.137401742,48.556295488,1,#66c2a5,bicycle
137749,9,1,84,138,2016,5,12,4,3,0,7,0,0,0,1,0,0,0,1,680004.4587,5330712.1665,11.418024793,48.104220892,2,#fc8d62,car
137752,9,1,88,139,2016,5,17,5,3,5,3,0,0,1,1,0,0,0,0,674550884.0,5319095876.0,11.34009193,48.001312985,1,#66c2a5,bicycle
137755,9,1,62,0,2016,5,20,2,3,5,3,1,1,0,1,0,0,0,0,689899.9854,5342614191.0,11.556131086,48.208323644,2,#fc8d62,car
137756,9,1,62,0,2016,5,0,3,3,5,3,0,1,1,1,0,0,0,0,689594.3273,5335403.8958,11.548804878,48.143608973,1,#66c2a5,bicycle
137757,9,1,74,113,2016,5,10,6,3,0,1,0,0,1,0,0,0,0,0,677866.9446,5346679.0203,11.396019283,48.248348196,1,#66c2a5,bicycle
137760,9,1,62,0,2016,5,15,4,3,5,2,0,0,1,1,0,0,0,0,687971.4401,5338584.3681,11.528414923,48.172677165,1,#66c2a5,bicycle
137761,9,7,71,142,2016,5,19,1,3,0,1,0,0,1,0,0,0,0,0,645284.2168,5351128.89,10.958927545,48.296666081,1,#66c2a5,bicycle
137765,9,1,62,0,2016,5,15,3,3,5,3,0,0,1,1,0,0,0,0,690480.3751,5333939.6092,11.560049325,48.130183338,1,#66c2a5,bicycle
137770,9,1,62,0,2016,5,10,3,3,5,3,0,1,0,1,0,1,0,0,690791.0612,5336715.5961,11.565464376,48.155040687,2,#fc8d62,car
137773,9,7,61,0,2016,5,16,3,3,5,3,0,1,0,1,0,0,0,0,641789048.0,5361458058.0,10.91530612,48.390334935,2,#fc8d62,car
137780,9,2,61,0,2016,5,12,5,1,1,7,0,0,1,1,0,0,0,0,731271.3653,5382513.0272,12.134172271,48.553023232,1,#66c2a5,bicycle
137782,9,1,73,126,2016,5,5,6,2,5,3,0,0,1,1,0,0,0,1,684525.27,5306016853.0,11.468081045,47.880946144,1,#66c2a5,bicycle
137791,9,1,62,0,2016,5,19,5,2,5,2,0,0,1,1,0,0,0,0,697008.2483,5331226.3511,11.646434713,48.103811354,1,#66c2a5,bicycle
137794,9,1,88,132,2016,5,16,6,3,5,3,0,0,0,1,0,0,0,0,665375.0845,5322902.0982,11.218644438,48.037971844,2,#fc8d62,car
137796,9,2,61,0,2016,5,9,4,3,0,3,0,0,1,1,0,0,0,0,732954.8362,5381943.3971,12.156631998,48.547283513,1,#66c2a5,bicycle
137798,9,1,62,0,2016,5,17,4,3,2,6,0,0,0,1,0,0,0,0,692407.8162,5330570.3474,11.584406789,48.099321254,2,#fc8d62,car
137800,9,1,62,0,2016,5,9,4,3,5,7,0,0,1,1,0,0,0,0,690567228.0,5337076671.0,11.562619451,48.158353114,1,#66c2a5,bicycle
137803,9,1,62,0,2016,5,20,5,3,0,3,0,0,1,1,0,0,0,0,689043.8045,5334946.4356,11.541208428,48.139661093,1,#66c2a5,bicycle
137804,9,1,87,117,2016,5,9,5,3,0,1,0,0,1,0,0,0,0,0,723114.1226,5308074.5358,11.984619989,47.887188322,1,#66c2a5,bicycle
137805,9,1,75,119,2016,5,16,6,3,5,3,0,0,0,1,0,0,0,0,725598876.0,5324831.5804,12.026601078,48.036877321,2,#fc8d62,car
137806,9,1,88,120,2016,5,15,3,3,0,1,0,1,1,1,0,0,0,0,677123.3293,5326531.3842,11.377623321,48.067446184,1,#66c2a5,bicycle
137807,9,1,81,130,2016,5,18,4,3,0,7,0,0,1,0,0,0,0,0,640865525.0,5323640438.0,10.890272791,48.050489419,1,#66c2a5,bicycle
137808,9,1,62,0,2016,5,22,3,3,6,4,2,0,0,1,1,0,0,0,683183.1163,5335520402.0,11.462750141,48.146534532,2,#fc8d62,car
137809,9,1,62,0,2016,5,19,4,3,0,6,0,0,0,1,0,0,0,0,691057.1652,5329910113.0,11.565988393,48.093793474,2,#fc8d62,car
137810,9,7,61,0,2016,5,20,1,2,0,1,0,1,0,0,0,1,0,0,641212718.0,5355435.0519,10.905503637,48.336307605,4,#e78ac3,marker
137813,9,7,61,0,2016,5,17,1,3,1,7,0,0,0,1,0,1,0,0,639233.7358,5360177.1424,10.880383666,48.3793866,2,#fc8d62,car
137815,9,1,74,115,2016,5,17,5,3,6,4,0,0,1,0,1,0,0,0,681056.7965,5347216.9609,11.439179306,48.25228046,1,#66c2a5,bicycle
137818,9,1,62,0,2016,5,13,2,3,2,6,0,1,0,1,0,0,0,1,690997.3168,5329597734.0,11.565045706,48.091003745,2,#fc8d62,car
137819,9,1,62,0,2016,5,22,3,3,5,3,2,1,0,1,0,0,1,0,681218.2382,5338597.8393,11.437669845,48.174759735,2,#fc8d62,car
137825,9,7,72,163,2016,5,12,4,2,0,7,0,1,1,0,0,0,0,1,639333505.0,5347960046.0,10.877692373,48.269510528,1,#66c2a5,bicycle
137826,9,7,61,0,2016,5,16,3,3,3,6,0,1,0,1,0,0,0,0,642956.3149,5362028.2194,10.931258514,48.395198014,2,#fc8d62,car
137829,9,1,62,0,2016,5,21,3,3,1,6,2,1,0,1,0,0,0,0,700198.8542,5334635.8333,11.690846692,48.133458064,2,#fc8d62,car
137831,9,7,77,140,2016,5,6,1,3,0,7,0,0,0,1,0,0,0,0,624694.6111,5318286.0507,10.671819026,48.005700447,2,#fc8d62,car
137838,9,1,62,0,2016,5,15,5,3,5,3,0,0,0,1,0,0,0,0,680589.6371,5339903623.0,11.429777017,48.186676108,2,#fc8d62,car
137841,9,1,79,121,2016,5,17,6,2,5,3,0,0,1,1,0,0,0,0,665026.2797,5335894.1077,11.218991273,48.154864089,1,#66c2a5,bicycle
137846,9,2,61,0,2016,5,20,3,3,5,3,1,1,1,1,0,0,0,0,732595.7944,5380769.5456,12.151119269,48.536872352,1,#66c2a5,bicycle
137849,9,1,62,0,2016,5,17,4,3,5,2,0,0,0,1,0,0,0,0,690870.6189,5339137.3507,11.567619928,48.176783268,2,#fc8d62,car
137850,9,1,62,0,2016,5,19,5,3,6,7,0,0,1,0,1,0,0,0,691739296.0,5335212201.0,11.57752428,48.14124324,1,#66c2a5,bicycle
137854,9,1,62,0,2016,5,18,2,2,5,3,0,1,0,1,0,0,0,0,681215.5049,5338592.6754,11.437630911,48.174714098,2,#fc8d62,car
137855,9,1,78,124,2016,5,18,4,3,2,6,0,0,1,0,0,0,0,0,702987.1963,5364392.0132,11.742560733,48.39997893,1,#66c2a5,bicycle
137856,9,1,62,0,2016,5,18,3,3,5,3,0,1,0,1,0,0,0,0,693946.5724,5342259.0277,11.610379402,48.203908183,2,#fc8d62,car
137862,9,1,81,130,2016,5,10,7,2,5,3,0,0,1,1,0,0,0,0,638588795.0,5326199846.0,10.860567665,48.074002956,1,#66c2a5,bicycle
137864,9,7,61,0,2016,5,17,7,3,0,1,0,0,1,0,0,0,0,0,640514.2165,5359487.8599,10.897436636,48.372904931,1,#66c2a5,bicycle
137866,9,1,62,0,2016,5,12,7,3,4,2,0,0,1,1,0,0,0,0,682836.2112,5338812.7723,11.459505861,48.17622826,1,#66c2a5,bicycle
137869,9,1,75,127,2016,5,12,7,3,6,4,0,0,0,1,1,0,0,0,713231.5059,5341415.2183,11.869194217,48.190142872,2,#fc8d62,car
137870,9,1,74,115,2016,5,9,3,3,5,2,0,0,1,1,0,0,0,0,684921508.0,5347632897.0,11.491375462,48.254903218,1,#66c2a5,bicycle
137871,9,1,62,0,2016,5,12,6,3,0,7,0,0,1,0,0,0,0,0,694794028.0,5341495.7126,11.621422896,48.196788487,1,#66c2a5,bicycle
137872,9,1,62,0,2016,5,11,6,3,0,7,0,0,1,0,0,0,0,0,686623.2108,5333060.0319,11.507876059,48.123419994,1,#66c2a5,bicycle
137874,9,1,62,0,2016,5,19,2,3,0,1,0,1,0,0,0,1,0,0,687924.6889,5336672.2742,11.526941868,48.155504773,4,#e78ac3,marker
137875,9,1,62,0,2016,5,17,7,3,0,1,0,0,1,0,0,0,0,0,688249.2686,5336355.0112,11.531161592,48.152557168,1,#66c2a5,bicycle
137877,9,1,62,0,2016,5,16,6,3,0,7,0,0,0,0,0,1,0,0,685989116.0,5338594.4848,11.501781507,48.173351289,4,#e78ac3,marker
137879,9,1,62,0,2016,5,18,2,3,5,5,0,1,1,1,0,0,0,0,688412.5605,5329785.8926,11.530451444,48.09346427,1,#66c2a5,bicycle
137880,9,1,88,139,2016,5,12,2,3,3,6,0,0,1,0,0,0,0,1,675000.5581,5319655.7673,11.34634357,48.006223276,1,#66c2a5,bicycle
137881,9,7,61,0,2016,5,5,1,3,6,4,2,1,0,0,1,0,0,1,640735.6125,5358422.3489,10.900067993,48.363274889,3,#8da0cb,toilet
137883,9,7,71,163,2016,5,13,2,3,8,1,0,0,0,1,0,1,0,0,646263675.0,5342553635.0,10.969161501,48.219336427,2,#fc8d62,car
137888,9,1,62,0,2016,5,8,6,3,5,3,0,0,1,1,0,0,0,0,688655.2163,5336499.1163,11.53667822,48.153732119,1,#66c2a5,bicycle
137891,9,7,61,0,2016,5,10,7,3,1,6,0,0,0,1,0,0,0,0,638038.6347,5358451.7974,10.863686053,48.36413519,2,#fc8d62,car
137892,9,1,62,0,2016,5,18,2,3,5,3,0,1,0,1,0,0,0,0,696865.3876,5335237.4852,11.646370043,48.139905157,2,#fc8d62,car
137893,9,1,77,117,2016,5,7,2,3,5,3,0,1,1,0,0,0,1,0,715079873.0,5353952178.0,11.900400153,48.302167911,1,#66c2a5,bicycle
137897,9,2,61,0,2016,5,12,7,3,0,7,0,0,1,0,0,0,0,0,732406.9947,5381376.4163,12.148903942,48.542393652,1,#66c2a5,bicycle
137898,9,1,62,0,2016,5,19,6,2,0,7,0,0,1,0,0,0,0,0,691172.1432,5333041.0528,11.56893395,48.121899784,1,#66c2a5,bicycle
137900,9,1,63,0,2016,5,17,2,3,3,2,0,1,1,1,0,0,0,0,733508.8854,5304711.6276,12.121646269,47.853279596,1,#66c2a5,bicycle
137902,9,1,86,143,2016,5,17,3,3,5,2,0,0,1,1,0,0,0,0,685679256.0,5377914.4912,11.514958788,48.526850877,1,#66c2a5,bicycle
137903,9,1,62,0,2016,5,8,6,3,5,3,0,0,0,1,0,0,0,1,701293.7554,5334549.1385,11.705505187,48.132333606,2,#fc8d62,car
137906,9,1,62,0,2016,5,13,1,2,5,2,0,0,0,1,0,0,0,0,687394.8003,5339595.0433,11.521111928,48.181931587,2,#fc8d62,car
137909,9,1,73,118,2016,5,14,1,3,7,1,0,0,1,0,0,0,0,1,693729.3526,5310496.1151,11.593072245,47.918495325,1,#66c2a5,bicycle
137910,9,2,61,0,2016,5,18,7,3,5,3,0,0,1,1,0,0,0,0,731758.5049,5381648.5524,12.140282634,48.545078039,1,#66c2a5,bicycle
137911,9,1,62,0,2016,5,20,6,3,0,7,0,0,1,0,0,0,0,1,697051.5166,5329934.3666,11.646418894,48.092186363,1,#66c2a5,bicycle
137914,9,1,62,0,2016,5,19,7,3,4,3,0,0,1,1,0,0,0,0,687448.5986,5336074.5126,11.520283237,48.150272461,1,#66c2a5,bicycle
137918,9,1,62,0,2016,5,16,7,3,0,1,0,1,0,0,0,1,0,0,692311.7446,5337616.4424,11.586297859,48.16267926,4,#e78ac3,marker
137922,9,1,84,146,2016,5,12,6,3,4,2,0,0,1,1,0,0,0,0,699160.9963,5328242.5705,11.673928839,48.076326132,1,#66c2a5,bicycle
137924,9,1,62,0,2016,5,20,2,3,5,2,0,1,0,1,0,0,0,0,687904.0375,5330445.0511,11.523918807,48.099539114,2,#fc8d62,car
137926,9,1,84,112,2016,5,19,7,3,5,3,0,1,0,1,0,0,0,0,702525082.0,5339044751.0,11.724174787,48.172344064,2,#fc8d62,car
137928,9,1,62,0,2016,5,17,6,3,5,3,0,0,1,1,0,0,0,0,691096.7753,5331735.8985,11.567337363,48.110191735,1,#66c2a5,bicycle
137931,9,1,62,0,2016,5,15,2,3,5,7,0,0,1,1,0,0,0,0,694503.6147,5331709.9609,11.613046648,48.108927438,1,#66c2a5,bicycle
137933,9,1,62,0,2016,5,20,6,3,5,3,1,0,0,1,0,1,0,0,690626.5052,5336780.4613,11.563283037,48.155673036,2,#fc8d62,car
137934,9,1,62,0,2016,5,9,2,3,4,2,0,0,0,1,0,0,1,0,688206.9563,5339952.3394,11.532185473,48.184902946,2,#fc8d62,car
137936,9,7,72,147,2016,5,15,1,3,5,3,0,0,1,1,0,0,0,0,638266375.0,5363411277.0,10.868391273,48.40867997,1,#66c2a5,bicycle
137943,9,7,61,0,2016,5,12,7,3,6,2,0,0,0,1,1,0,0,0,640286.3576,5353657.4643,10.892418914,48.320530319,2,#fc8d62,car
137944,9,1,62,0,2016,5,17,2,3,5,3,0,1,0,1,0,1,0,0,691238.4515,5339931.7103,11.572920375,48.183812245,2,#fc8d62,car
137945,9,1,62,0,2016,5,13,1,3,0,7,0,0,0,0,0,0,0,1,682896.7248,5335826068.0,11.459034847,48.149364464,6,#ffd92f,circle
137948,9,1,74,115,2016,5,17,2,3,4,6,0,0,1,0,0,0,0,0,681381.6456,5347830.0283,11.443814261,48.257698191,1,#66c2a5,bicycle
137951,9,7,72,202,2016,5,13,2,3,6,2,0,0,0,1,1,0,0,0,636834.9719,5358743.62,10.84753893,48.367021301,2,#fc8d62,car
137957,9,1,62,0,2016,5,14,1,3,0,7,0,0,1,0,0,0,0,0,692037.3959,5332395.9152,11.580258282,48.115840994,1,#66c2a5,bicycle
137965,9,1,63,0,2016,5,0,7,3,5,3,2,0,0,1,0,0,0,0,732855331.0,5305249.0349,12.113211912,47.858344815,2,#fc8d62,car
137971,9,1,62,0,2016,5,1,7,3,2,1,2,0,1,0,0,0,0,0,690316573.0,5332955.5574,11.557410701,48.121387663,1,#66c2a5,bicycle
137974,9,7,72,200,2016,5,16,6,2,0,1,0,0,1,0,0,0,0,0,630316.2441,5339148.3147,10.753524669,48.192189829,1,#66c2a5,bicycle
137975,9,1,79,142,2016,5,14,3,3,5,3,0,1,1,1,0,0,0,0,672956.5856,5343347.9666,11.328570318,48.219762984,1,#66c2a5,bicycle
137976,9,7,71,130,2016,5,14,6,3,8,1,0,0,0,1,0,0,0,0,653814132.0,5358627762.0,11.076600394,48.362070735,2,#fc8d62,car
137979,9,1,62,0,2016,5,16,7,3,0,1,0,0,0,0,0,1,0,0,685048.3005,5331612615.0,11.486104752,48.110869564,4,#e78ac3,marker
137981,9,7,72,163,2016,5,18,6,3,2,6,0,0,0,1,0,0,0,0,640871.0898,5349159.2661,10.898801134,48.279953561,2,#fc8d62,car
137982,9,1,84,149,2016,5,11,2,3,5,3,0,0,1,0,0,0,1,0,690868.7658,5349985.5178,11.572479554,48.274284667,1,#66c2a5,bicycle
137983,9,1,88,139,2016,5,17,2,3,6,4,0,1,0,1,1,0,0,0,675138.45,5319573037.0,11.348156991,48.005441799,2,#fc8d62,car
137984,9,7,61,0,2016,5,11,1,3,0,1,0,0,1,0,0,0,0,0,638520.1125,5355561.5582,10.869231908,48.338041154,1,#66c2a5,bicycle
137986,9,7,72,184,2016,5,11,2,2,6,2,0,0,0,1,1,0,0,0,635535.6891,5361722.2131,10.830966023,48.39408512,2,#fc8d62,car
137989,9,7,61,0,2016,5,10,6,3,0,7,0,0,1,0,0,0,0,0,643710.9709,5357487.4843,10.939895247,48.35419877,1,#66c2a5,bicycle
137992,9,1,62,0,2016,5,22,7,2,5,2,2,0,1,1,0,0,0,0,692314.1848,5334229.4152,11.584800575,48.132236653,1,#66c2a5,bicycle
137994,9,7,61,0,2016,5,18,6,3,6,7,0,0,0,1,1,0,0,0,642044569.0,5362411.1101,10.919078081,48.39884682,2,#fc8d62,car
137997,9,7,73,182,2016,5,17,7,3,2,3,0,0,0,1,0,0,0,0,622316.2791,5379936.6506,10.657794925,48.560584565,2,#fc8d62,car
137998,9,1,62,0,2016,5,11,2,2,2,6,0,0,0,1,0,1,0,0,690634.0855,5333381.5198,11.561863403,48.125121224,2,#fc8d62,car
137999,9,1,78,124,2016,5,7,2,3,6,4,0,0,1,0,1,0,0,0,702806.2632,5363633.2953,11.739752672,48.393219107,1,#66c2a5,bicycle
138003,9,1,82,137,2016,5,23,7,3,8,1,2,0,1,0,0,0,0,0,709262.1033,5304730.6931,11.797936918,47.861803432,1,#66c2a5,bicycle
138004,9,7,61,0,2016,5,23,6,3,2,2,2,0,0,1,0,1,0,0,640139639.0,5358918.2566,10.892191566,48.367866526,2,#fc8d62,car
138011,9,1,62,0,2016,5,0,1,3,0,1,2,0,1,0,0,0,0,0,691659.5774,5335135.2611,11.576419131,48.140575732,1,#66c2a5,bicycle
138019,9,1,62,0,2016,5,12,7,2,4,2,0,0,0,1,0,1,0,0,683144.1744,5337551.8808,11.463101464,48.164805939,2,#fc8d62,car
138023,9,1,62,0,2016,5,14,2,3,5,3,0,0,1,1,0,0,0,0,692226965.0,5336210041.0,11.584523555,48.150064478,1,#66c2a5,bicycle
138024,9,1,79,145,2016,5,4,1,2,0,1,1,1,1,0,0,0,0,0,675852.1313,5338604.3863,11.365554802,48.176326145,1,#66c2a5,bicycle
138030,9,1,84,122,2016,5,12,2,3,0,7,0,0,0,1,0,0,0,0,688205.9489,5324742.1198,11.525458811,48.048190284,2,#fc8d62,car
138031,9,1,62,0,2016,5,20,7,3,6,7,0,0,1,1,1,0,0,0,685594.5679,5335330.2271,11.495055594,48.144126201,1,#66c2a5,bicycle
138035,9,1,62,0,2016,5,12,2,3,5,7,0,0,0,1,0,0,0,0,692214.2727,5337115.5499,11.584762079,48.158206829,2,#fc8d62,car
138036,9,1,79,119,2016,5,18,2,2,8,7,0,1,1,0,0,0,0,0,668595.7592,5338783.1681,11.268094413,48.179900069,1,#66c2a5,bicycle
138037,9,7,71,112,2016,5,19,1,2,4,2,1,1,1,1,0,0,0,0,646680.1749,5368715.8054,10.983874454,48.454471743,1,#66c2a5,bicycle
138046,9,7,61,0,2016,5,17,7,3,6,7,0,0,1,0,1,0,0,0,640953.6743,5351179.9915,10.900587993,48.298105095,1,#66c2a5,bicycle
138047,9,1,62,0,2016,5,12,2,2,6,4,0,0,0,1,1,0,0,0,693937.2719,5333026.8195,11.60604516,48.120935635,2,#fc8d62,car
138048,9,1,62,0,2016,5,15,1,3,4,2,0,0,0,1,0,0,0,0,696457.2557,5331792334.0,11.639301919,48.109068244,2,#fc8d62,car
138053,9,7,72,163,2016,5,20,2,3,5,3,0,0,1,1,0,0,0,0,639853.2739,5347055.8159,10.884393967,48.261265224,1,#66c2a5,bicycle
138054,9,1,86,152,2016,5,11,7,3,0,7,0,0,1,0,0,0,0,0,692541341.0,5375911705.0,11.606880537,48.506784643,1,#66c2a5,bicycle
138059,9,1,84,127,2016,5,15,1,3,5,3,0,0,0,1,0,1,0,0,701839.7341,5322150977.0,11.706979595,48.020738524,2,#fc8d62,car
138073,9,1,62,0,2016,5,19,7,2,0,7,0,0,1,0,0,0,0,0,687740667.0,5344075552.0,11.527742162,48.222100791,1,#66c2a5,bicycle