OBJECTID,ULAND,UREGBEZ,UKREIS,UGEMEINDE,UJAHR,UMONAT,USTUNDE,UWOCHENTAG,UKATEGORIE,UART,UTYP1,ULICHTVERH,STRZUSTAND,IstRad,IstPKW,IstFuss,IstKrad,IstGkfz,IstSonstig,LINREFX,LINREFY,XGCSWGS84,YGCSWGS84,Teilnehmer,color,symbol
138075,9,1,88,137,2016,5,21,7,3,0,1,1,0,1,0,0,0,0,0,670947.8569,5314720.4384,11.290087502,47.962951274,1,#66c2a5,bicycle
138079,9,1,62,0,2016,5,15,2,3,6,4,0,0,1,0,1,0,0,0,689000537.0,5334614.88,11.540480277,48.136693886,1,#66c2a5,bicycle
138080,9,1,62,0,2016,5,20,7,3,6,2,0,0,0,1,1,0,0,0,691911.1726,5333892.0108,11.579237622,48.129325756,2,#fc8d62,car
138083,9,1,62,0,2016,5,13,7,3,5,2,0,0,0,1,0,0,0,0,696993.2393,5331815.2345,11.646505203,48.109108533,2,#fc8d62,car
138086,9,1,62,0,2016,5,9,2,3,1,5,0,0,1,1,0,0,0,0,688619.5085,5334768.1397,11.535431697,48.138184458,1,#66c2a5,bicycle
138087,9,7,61,0,2016,5,11,1,3,0,1,0,0,0,0,0,1,0,0,637755.5282,5362257.5853,10.861113375,48.398418066,4,#e78ac3,marker
138094,9,7,61,0,2016,5,15,7,3,5,3,0,0,1,1,0,0,0,0,641231.0697,5358010.6267,10.906615092,48.359462184,1,#66c2a5,bicycle
138095,9,1,62,0,2016,5,11,2,3,6,4,0,0,0,1,1,0,0,0,688979.2204,5336583.0372,11.54106764,48.154390216,2,#fc8d62,car
138096,9,1,62,0,2016,5,18,1,3,0,6,0,1,0,0,0,1,0,0,692141.7506,5333072.8891,11.581964009,48.121894061,4,#e78ac3,marker
138099,9,1,62,0,2016,5,17,2,3,5,2,0,1,1,1,0,0,0,0,692566.4017,5335114.6107,11.588587072,48.140116339,1,#66c2a5,bicycle
138100,9,1,78,145,2016,5,10,2,3,5,3,0,0,0,1,0,0,0,0,696306.4837,5354303.3535,11.647694442,48.311427496,2,#fc8d62,car
138103,9,7,61,0,2016,5,17,2,3,2,6,0,0,0,1,0,0,0,0,641713.4968,5359952.5772,10.913778437,48.376815298,2,#fc8d62,car
138104,9,1,81,127,2016,5,11,7,3,0,1,0,0,1,0,0,0,0,0,635320.1334,5326793.5152,10.816896732,48.08004357,1,#66c2a5,bicycle
138106,9,1,73,147,2016,5,8,2,3,1,7,0,0,0,1,0,1,0,0,680996497.0,5309343142.0,11.422321752,47.91185164,2,#fc8d62,car
138109,9,1,62,0,2016,5,14,1,3,1,7,0,0,0,1,0,1,0,0,694714652.0,5333169011.0,11.616544927,48.121976346,2,#fc8d62,car
138112,9,1,88,113,2016,5,18,1,3,5,3,0,0,1,1,0,0,0,0,678440.0134,5314403287.0,11.390235384,47.958055967,1,#66c2a5,bicycle
138114,9,7,61,0,2016,5,18,3,3,1,6,0,0,0,1,0,0,0,0,637605.1438,5360764.7573,10.858593676,48.385027648,2,#fc8d62,car
138115,9,1,79,121,2016,6,16,5,3,0,7,0,0,1,0,0,0,0,0,667149.3601,5340549.1618,11.249346811,48.196158424,1,#66c2a5,bicycle
138120,9,7,72,147,2016,6,7,4,2,6,4,0,0,0,0,1,0,1,0,639022799.0,5364332889.0,10.878912514,48.416800431,3,#8da0cb,toilet
138124,9,1,62,0,2016,6,12,6,3,0,5,0,1,1,1,0,0,0,0,684435.2446,5333255.1619,11.478586912,48.125811536,1,#66c2a5,bicycle
138129,9,7,71,142,2016,6,16,6,3,5,3,0,0,1,1,0,0,0,0,646022.4803,5351088.2628,10.968861717,48.296130846,1,#66c2a5,bicycle
138130,9,7,73,182,2016,6,15,5,3,5,3,0,1,0,1,0,0,0,0,623499.6117,5379867.0227,10.67380528,48.559726446,2,#fc8d62,car
138131,9,1,87,150,2016,6,16,4,3,2,6,0,0,1,0,0,0,0,0,729588.8625,5304171.9631,12.069033769,47.849843117,1,#66c2a5,bicycle
138133,9,1,62,0,2016,6,11,6,3,1,3,0,0,1,1,0,0,0,0,690789.5072,5334753.3835,11.564564169,48.137404921,1,#66c2a5,bicycle
138134,9,1,88,141,2016,6,13,6,2,0,7,0,0,0,0,0,1,0,0,668239023.0,5312016713.0,11.252770921,47.939361574,4,#e78ac3,marker
138135,9,7,61,0,2016,5,18,3,3,5,1,0,0,1,1,0,0,0,0,641474.3441,5358552.6019,10.910079648,48.36428095,1,#66c2a5,bicycle
138138,9,1,81,144,2016,6,2,5,2,7,1,2,0,1,0,0,0,0,0,656380.4822,5321370.6068,11.097501449,48.026468389,1,#66c2a5,bicycle
138140,9,7,61,0,2016,6,10,6,3,0,7,0,0,1,0,0,0,0,0,635434062.0,5353616742.0,10.826985096,48.321222244,1,#66c2a5,bicycle
138147,9,1,77,133,2016,6,9,6,3,5,3,0,0,0,1,0,0,0,0,706449.8459,5359482.5751,11.786876721,48.35473893,2,#fc8d62,car
138148,9,7,61,0,2016,5,16,3,3,2,2,0,0,0,1,0,1,0,0,640165.0397,5358834.3691,10.892506379,48.367106595,2,#fc8d62,car
138151,9,1,77,117,2016,6,11,5,3,5,3,0,0,1,1,0,0,0,0,714922.5506,5352361.4622,11.897471942,48.287928462,1,#66c2a5,bicycle
138154,9,1,87,122,2016,6,18,6,3,8,2,0,1,0,1,0,0,0,0,721697.6245,5306495.3329,11.964887226,47.873489405,2,#fc8d62,car
138158,9,1,63,0,2016,6,7,6,3,6,4,0,0,0,1,1,0,0,0,731981.4849,5304397.9314,12.10109016,47.851014336,2,#fc8d62,car
138159,9,1,62,0,2016,6,10,5,3,0,5,0,0,0,1,1,0,0,0,689105.5147,5334932.9688,11.542031137,48.139521715,2,#fc8d62,car
138160,9,1,62,0,2016,6,0,4,3,7,1,2,1,1,1,0,0,0,0,691327.6693,5335080.6821,11.571937543,48.140185071,1,#66c2a5,bicycle
138162,9,1,84,149,2016,6,17,5,3,5,3,0,0,1,0,0,0,1,0,691094.7714,5351382.7407,11.576154157,48.286774256,1,#66c2a5,bicycle
138163,9,1,84,136,2016,6,16,4,3,5,3,0,1,0,1,0,0,0,0,698301.4428,5326544.6185,11.661613915,48.061333887,2,#fc8d62,car
138164,9,1,88,127,2016,6,7,4,3,8,1,0,1,0,1,0,0,0,0,676753.8212,5329981.1772,11.374095003,48.098560001,2,#fc8d62,car
138167,9,7,61,0,2016,6,17,4,3,5,3,0,0,1,1,0,0,0,0,640562.0428,5353391346.0,10.896047,48.318076216,1,#66c2a5,bicycle
138168,9,7,78,116,2016,6,12,5,2,0,1,0,0,0,0,0,1,0,0,617895904.0,5319095039.0,10.580926051,48.014266485,4,#e78ac3,marker
138171,9,1,62,0,2016,6,8,5,3,0,1,0,1,1,0,1,0,0,0,690404.9018,5335518655.0,11.55974187,48.144398359,1,#66c2a5,bicycle
138173,9,1,62,0,2016,6,11,5,3,5,3,0,0,1,1,0,0,0,0,691324.6069,5336699.3874,11.572623898,48.154734718,1,#66c2a5,bicycle
138175,9,1,62,0,2016,6,8,4,3,2,6,0,0,0,1,0,0,0,0,696105.6413,5335229.4549,11.636164663,48.140067586,2,#fc8d62,car
138176,9,1,62,0,2016,6,10,6,3,5,2,0,0,0,1,0,1,0,0,690479.31,5339988166.0,11.562742827,48.184547716,2,#fc8d62,car
138177,9,1,78,145,2016,6,16,4,3,0,1,0,0,1,1,0,0,0,0,696587244.0,5354471571.0,11.651555381,48.312852077,1,#66c2a5,bicycle
138180,9,7,61,0,2016,6,13,6,3,0,1,0,1,0,0,0,1,0,0,638024264.0,5358375811.0,10.863467205,48.363455074,4,#e78ac3,marker
138182,9,7,71,165,2016,6,13,5,3,5,3,0,0,1,1,0,0,0,0,660286.7385,5362925.6475,11.1655607,48.399099329,1,#66c2a5,bicycle
138183,9,1,62,0,2016,5,19,3,3,5,3,0,1,0,1,0,1,0,0,688941.7317,5331834.7934,11.538458328,48.111723521,2,#fc8d62,car
138186,9,1,62,0,2016,6,18,6,3,3,6,0,1,1,0,0,0,0,0,691208.0046,5334049.3224,11.569867688,48.130951272,1,#66c2a5,bicycle
138187,9,1,62,0,2016,5,11,3,3,2,6,0,0,0,1,0,0,0,0,691766.6516,5335471.9773,11.578008617,48.143569825,2,#fc8d62,car
138188,9,1,62,0,2016,6,13,6,3,1,7,0,0,0,1,0,0,0,0,688511.1422,5334310.4526,11.533773964,48.134102803,2,#fc8d62,car
138189,9,1,62,0,2016,5,11,3,3,9,1,0,0,0,0,0,1,0,0,691410.6503,5335759.2883,11.5733569,48.146259344,4,#e78ac3,marker
138190,9,1,62,0,2016,6,10,6,3,1,5,0,0,1,1,0,0,0,0,690890.2208,5336727.3781,11.56680162,48.155116827,1,#66c2a5,bicycle
138194,9,1,62,0,2016,5,20,3,3,0,2,0,1,1,1,0,0,0,0,691956.5347,5336155.4548,11.580866788,48.149655536,1,#66c2a5,bicycle
138198,9,7,62,0,2016,6,17,6,3,6,4,0,1,0,1,1,0,0,0,621306.9355,5303937.6634,10.622374828,47.877307871,2,#fc8d62,car
138199,9,1,62,0,2016,6,9,5,3,5,3,0,1,0,1,0,1,0,0,687819.2379,5334461.6058,11.524550116,48.135665971,2,#fc8d62,car
138202,9,1,88,144,2016,6,15,6,3,5,3,0,0,0,1,0,0,0,0,670135.2427,5325006.8116,11.283290724,48.055642572,2,#fc8d62,car
138206,9,1,84,112,2016,6,16,4,3,2,6,0,1,0,1,0,0,0,0,701589.6928,5338348.5871,11.711277434,48.166385113,2,#fc8d62,car
138207,9,1,62,0,2016,5,7,3,3,2,6,0,0,0,1,0,0,0,0,692721.3657,5335396.2757,11.590795445,48.142600959,2,#fc8d62,car
138209,9,1,87,177,2016,6,19,6,3,0,1,1,1,0,0,0,1,0,0,737007.3201,5305558.4727,12.168805421,47.859606974,4,#e78ac3,marker
138211,9,1,84,120,2016,6,11,5,3,0,2,0,0,0,1,1,0,0,0,681580.5488,5331977.1515,11.439715279,48.115144387,2,#fc8d62,car
138214,9,1,62,0,2016,6,7,5,3,1,6,0,1,0,1,0,0,0,0,698371413.0,5334755951.0,11.666367935,48.135109789,2,#fc8d62,car
138216,9,1,62,0,2016,6,12,4,3,5,3,0,0,1,1,0,0,0,0,693832.9022,5340288.9281,11.607951796,48.186236536,1,#66c2a5,bicycle
138217,9,1,62,0,2016,5,18,3,3,0,6,0,1,0,0,0,1,0,0,691495192.0,5337314891.0,11.575192265,48.160215426,4,#e78ac3,marker
138219,9,1,62,0,2016,6,7,4,3,6,4,0,0,0,1,1,0,0,0,687829.2358,5339514.4512,11.52691508,48.181078933,2,#fc8d62,car
138220,9,1,62,0,2016,5,23,3,3,2,7,2,1,0,1,0,1,0,0,691524.6323,5335419.6256,11.574734901,48.143172197,2,#fc8d62,car
138222,9,1,87,179,2016,6,17,6,3,0,1,0,0,1,0,0,0,0,0,723838.8825,5309803.1202,11.995197879,47.902467456,1,#66c2a5,bicycle
138225,9,7,72,147,2016,6,16,4,3,0,5,0,0,1,1,0,0,0,0,639081.0604,5364787.9912,10.879850407,48.420879707,1,#66c2a5,bicycle
138228,9,1,62,0,2016,5,11,3,3,0,4,0,0,0,1,1,0,0,0,691098.8536,5330705.3247,11.566903696,48.100928334,2,#fc8d62,car
138229,9,1,62,0,2016,6,16,6,3,5,3,0,0,0,1,0,1,0,0,687278648.0,5334454675.0,11.517288078,48.135762991,2,#fc8d62,car
138230,9,1,62,0,2016,5,17,3,3,6,4,0,1,0,1,1,0,0,0,687442.3553,5339767.1301,11.521826981,48.183464306,2,#fc8d62,car
138232,9,7,61,0,2016,6,16,6,3,4,6,0,0,1,1,0,0,0,0,639697.9542,5357357.2633,10.885712907,48.353928393,1,#66c2a5,bicycle
138236,9,1,84,148,2016,5,13,3,3,0,1,0,1,1,0,0,0,0,0,694872.6328,5326377.5132,11.615566221,48.060888431,1,#66c2a5,bicycle
138237,9,1,62,0,2016,6,9,6,3,3,6,0,0,0,1,0,0,0,0,691460466.0,5335505.6259,11.573911863,48.143964469,2,#fc8d62,car
138242,9,1,62,0,2016,6,16,4,3,6,7,0,1,0,1,1,0,0,0,697952.0247,5332937.5719,11.659892559,48.118898095,2,#fc8d62,car
138243,9,1,62,0,2016,5,18,3,3,3,2,0,0,1,0,0,0,0,1,698436.8374,5333524.6986,11.666672989,48.124023851,1,#66c2a5,bicycle
138247,9,1,62,0,2016,5,13,3,3,1,3,0,1,1,1,0,0,0,0,691861.3223,5335000.9551,11.579067772,48.139307811,1,#66c2a5,bicycle
138252,9,1,74,121,2016,6,11,6,3,4,6,0,0,1,1,0,0,0,0,690102.3837,5353230.4522,11.563621472,48.303679739,1,#66c2a5,bicycle
138256,9,1,62,0,2016,6,8,4,3,0,1,0,1,0,1,0,1,0,0,690411412.0,5335588841.0,11.559860689,48.14502724,2,#fc8d62,car
138257,9,1,62,0,2016,5,8,3,3,3,6,0,0,0,1,0,0,0,0,692923284.0,5335714817.0,11.593651321,48.14540273,2,#fc8d62,car
138262,9,1,62,0,2016,6,2,5,2,6,2,2,0,0,1,1,0,0,0,691235.0799,5335297.6334,11.570791625,48.142162841,2,#fc8d62,car
138264,9,1,62,0,2016,6,23,5,3,4,3,2,1,0,1,0,0,0,0,690314.51,5338199.0377,11.55972678,48.168516567,2,#fc8d62,car
138266,9,1,62,0,2016,6,7,4,3,5,3,0,0,1,1,0,0,0,0,686358727.0,5337431144.0,11.506238458,48.162786558,1,#66c2a5,bicycle
138271,9,7,61,0,2016,6,15,4,3,3,2,0,0,1,1,0,0,0,0,639660.7883,5357475.0907,10.885250605,48.354996089,1,#66c2a5,bicycle
138275,9,1,62,0,2016,6,16,6,3,5,3,0,0,0,1,0,0,0,0,700556.7031,5332598.5986,11.694692466,48.115036721,2,#fc8d62,car
138276,9,1,62,0,2016,6,12,5,3,2,6,0,1,0,1,0,0,0,0,691883.1078,5337298.3957,11.580395963,48.159950226,2,#fc8d62,car
138278,9,1,62,0,2016,6,10,4,3,5,7,0,0,0,1,0,1,0,0,689963.6034,5343155.3698,11.557228847,48.213168662,2,#fc8d62,car
138279,9,1,62,0,2016,6,20,6,3,1,6,0,1,0,1,0,0,0,0,690740.4924,5340297.2011,11.566391919,48.187246919,2,#fc8d62,car
138283,9,7,71,122,2016,6,7,6,3,1,6,0,0,0,1,0,0,0,1,651583041.0,5360882493.0,11.047312061,48.382882332,2,#fc8d62,car
138284,9,7,61,0,2016,6,11,5,3,6,4,0,1,0,1,1,0,0,0,641750.3181,5358204.5912,10.913686219,48.36108987,2,#fc8d62,car
138287,9,1,62,0,2016,6,19,6,3,6,4,0,1,0,1,1,0,0,0,691673.2251,5334354.4237,11.576251037,48.13355356,2,#fc8d62,car
138288,9,1,81,130,2016,6,17,6,3,4,1,0,1,0,1,0,0,0,0,639215.8304,5324343.8268,10.86837671,48.057176504,2,#fc8d62,car
138291,9,1,88,139,2016,6,10,5,3,0,1,0,1,1,0,0,0,0,0,672956.36,5318872366.0,11.318643292,47.99973701,1,#66c2a5,bicycle
138293,9,7,61,0,2016,6,11,6,3,6,7,0,0,0,1,1,0,0,0,640441.2297,5359018.6298,10.896294902,48.368702015,2,#fc8d62,car
138296,9,1,73,126,2016,6,18,6,3,5,3,0,1,0,1,0,0,0,0,685903.3394,5303177.9463,11.485274232,47.855029923,2,#fc8d62,car
138299,9,1,78,120,2016,6,15,6,3,4,5,0,0,0,1,0,0,1,0,695287.4485,5353289.6634,11.633496209,48.302632718,2,#fc8d62,car
138303,9,1,62,0,2016,6,6,4,3,4,6,0,0,0,1,0,0,0,0,686345.3212,5341309.7716,11.507759177,48.197652685,2,#fc8d62,car
138306,9,1,62,0,2016,6,8,4,3,5,2,0,0,1,1,0,0,0,0,688828.7237,5335613.7468,11.53861608,48.145722831,1,#66c2a5,bicycle
138309,9,1,87,181,2016,6,8,6,3,8,1,0,0,0,1,0,0,0,0,736420.8406,5312352.3353,12.164696506,47.920856587,2,#fc8d62,car
138310,9,1,62,0,2016,6,15,5,3,2,7,0,1,1,1,0,0,0,0,692043.0051,5334954.8525,11.581486658,48.138838643,1,#66c2a5,bicycle
138313,9,1,62,0,2016,6,13,5,3,2,6,0,1,0,1,0,0,0,0,689228.0891,5340120.37,11.545984866,48.186109878,2,#fc8d62,car
138314,9,1,62,0,2016,6,21,4,3,5,3,2,1,0,1,0,0,0,0,691979.7979,5332315.9732,11.579449208,48.115139851,2,#fc8d62,car
138317,9,1,79,126,2016,6,13,5,3,0,2,0,1,1,1,0,0,0,0,677473.3,5340152.6263,11.387989843,48.189792709,1,#66c2a5,bicycle
138320,9,1,87,150,2016,6,13,6,3,5,3,0,0,1,1,0,0,0,0,728606165.0,5303369147.0,12.055492839,47.842980331,1,#66c2a5,bicycle
138322,9,1,79,126,2016,6,15,5,2,0,7,0,1,1,0,0,0,0,0,675956.9026,5341667.5931,11.368232024,48.203832915,1,#66c2a5,bicycle
138323,9,1,84,149,2016,6,7,5,3,2,6,0,1,0,1,0,0,0,0,691302098.0,5349599.1245,11.578138937,48.27068116,2,#fc8d62,car
138324,9,7,61,0,2016,6,13,4,3,5,3,0,0,0,1,0,1,0,0,638481.8304,5359425.8035,10.869987142,48.372796199,2,#fc8d62,car
138325,9,1,62,0,2016,6,18,5,3,0,7,0,1,0,0,0,1,0,0,691565.8981,5335283.9129,11.575228019,48.141940006,4,#e78ac3,marker
138327,9,1,62,0,2016,6,8,4,3,1,7,0,0,0,1,0,0,0,0,692327.4266,5337771.0945,11.586578464,48.164064491,2,#fc8d62,car
138328,9,1,62,0,2016,6,7,6,3,5,3,0,0,1,1,0,0,0,0,683452.7628,5336220.7375,11.466673678,48.152751867,1,#66c2a5,bicycle
138329,9,7,62,0,2016,5,16,3,2,6,4,0,0,0,1,1,0,0,0,622107395.0,5304640.7185,10.633274578,47.883479213,2,#fc8d62,car
138330,9,1,79,121,2016,6,20,5,3,5,3,0,1,1,1,0,0,0,0,666865.2319,5338864.3385,11.244864394,48.18108663,1,#66c2a5,bicycle
138332,9,7,61,0,2016,6,12,6,3,4,4,0,0,0,1,1,0,0,0,641715.5361,5353552.4318,10.911651687,48.319267161,2,#fc8d62,car
138338,9,1,62,0,2016,6,14,6,3,0,5,0,0,1,1,0,0,0,0,690281.4316,5335694.4199,11.558162246,48.146015071,1,#66c2a5,bicycle
138339,9,1,62,0,2016,6,18,6,3,5,2,0,1,1,1,0,0,0,0,691573578.0,5332615.5988,11.574131543,48.117955185,1,#66c2a5,bicycle
138343,9,7,72,163,2016,5,19,3,3,0,3,0,0,1,1,0,0,0,0,639801.2573,5349440.2951,10.884481975,48.282717677,1,#66c2a5,bicycle
138348,9,1,62,0,2016,6,18,5,3,2,6,0,1,0,1,0,1,0,0,695693.9301,5333827.6527,11.629992361,48.127595663,2,#fc8d62,car
138352,9,1,79,121,2016,6,7,6,3,5,2,0,0,1,1,0,0,0,0,667946.2404,5337974.8474,11.259044182,48.172805358,1,#66c2a5,bicycle
138356,9,1,62,0,2016,6,19,4,3,5,3,0,0,1,1,0,0,0,0,691816.7627,5334647.5863,11.57831028,48.136145219,1,#66c2a5,bicycle
138358,9,1,63,0,2016,6,18,6,3,5,3,0,0,0,1,0,0,0,0,731507.3029,5304254.6944,12.094684307,47.849898398,2,#fc8d62,car
138360,9,1,79,119,2016,6,7,5,3,2,6,0,1,0,1,0,0,0,1,669039247.0,5339237.7713,11.274236581,48.183869031,2,#fc8d62,car
138361,9,1,62,0,2016,6,19,5,3,5,3,0,0,0,1,0,1,0,0,689916079.0,5336129632.0,11.553449634,48.150035936,2,#fc8d62,car
138364,9,1,62,0,2016,6,11,5,3,1,5,0,0,0,1,0,0,0,0,690152294.0,5333706.7342,11.555540565,48.128188347,2,#fc8d62,car
138368,9,1,84,149,2016,6,15,2,3,4,6,1,0,1,0,0,0,0,0,691525.0388,5351599.2715,11.582046655,48.288590318,1,#66c2a5,bicycle
138369,9,1,62,0,2016,6,20,2,3,1,6,0,0,0,1,0,0,0,0,692563.3613,5335438.8971,11.588692882,48.143031871,2,#fc8d62,car
138373,9,1,63,0,2016,6,17,2,3,3,6,0,0,1,1,0,0,0,0,733393.6591,5304440.4728,12.119961969,47.850885372,1,#66c2a5,bicycle
138375,9,1,62,0,2016,6,16,2,3,8,7,0,0,0,1,0,0,0,0,690151.2867,5337434.1073,11.557191702,48.161690254,2,#fc8d62,car
138378,9,1,62,0,2016,6,13,7,3,5,3,0,0,1,1,0,0,0,0,694021.4179,5334115.8894,11.607670423,48.130698192,1,#66c2a5,bicycle
138383,9,7,72,167,2016,6,9,2,2,0,7,0,0,1,0,0,0,0,0,625502.9195,5355176.9002,10.693543312,48.337301945,1,#66c2a5,bicycle
138392,9,1,88,121,2016,6,11,3,3,0,7,0,0,1,1,0,0,0,0,670889.3421,5330110497.0,11.295443831,48.101322398,1,#66c2a5,bicycle
138396,9,1,62,0,2016,6,11,2,3,5,3,0,0,1,1,0,0,0,0,686487.7097,5338359.2176,11.508378341,48.171090537,1,#66c2a5,bicycle
138398,9,1,75,122,2016,6,17,3,3,5,3,0,0,1,1,0,0,0,0,720649.0199,5325785.1329,11.960778775,48.047174416,1,#66c2a5,bicycle
138399,9,1,62,0,2016,6,16,2,3,5,2,0,0,1,1,0,0,0,0,692824.4183,5335368.5997,11.592166802,48.142320991,1,#66c2a5,bicycle
138403,9,1,87,122,2016,6,17,2,3,5,6,0,0,1,1,0,0,0,0,719630562.0,5306669748.0,11.937369629,47.875766767,1,#66c2a5,bicycle
138404,9,1,77,117,2016,6,15,3,2,0,2,0,0,1,0,0,1,0,0,716263503.0,5354352516.0,11.916545336,48.305361538,1,#66c2a5,bicycle
138407,9,1,62,0,2016,6,15,2,3,6,3,0,0,0,1,1,0,0,0,686815.9341,5334852.9672,11.511249448,48.139478969,2,#fc8d62,car
138408,9,1,62,0,2016,6,13,2,3,5,2,0,0,1,1,0,0,0,0,692180424.0,5334923.2675,11.583317677,48.138513275,1,#66c2a5,bicycle
138412,9,1,62,0,2016,6,17,2,3,3,6,0,0,1,0,0,0,0,0,692297.0667,5337406.8546,11.586005928,48.160799975,1,#66c2a5,bicycle
138415,9,1,87,122,2016,6,8,2,3,9,1,0,0,0,1,0,0,0,0,716676408.0,5306007.2557,11.897580802,47.870817157,2,#fc8d62,car
138420,9,1,62,0,2016,6,18,2,2,6,7,0,0,1,0,1,0,0,0,682811745.0,5334761.6646,11.457436369,48.139821319,1,#66c2a5,bicycle
138423,9,7,61,0,2016,6,12,2,3,2,6,0,0,0,1,0,0,1,0,637156.2543,5360809.6681,10.852548615,48.385529244,2,#fc8d62,car
138426,9,1,62,0,2016,6,13,2,3,5,2,0,0,0,1,0,0,0,0,690325.2831,5335873.4759,11.558831228,48.147611304,2,#fc8d62,car
138427,9,7,61,0,2016,6,11,2,3,0,1,0,0,1,0,0,0,0,0,637440672.0,5360789.8213,10.856381614,48.385288877,1,#66c2a5,bicycle
138430,9,1,62,0,2016,6,10,2,3,5,2,0,0,1,1,0,0,0,0,689526.7534,5336060.6281,11.548189746,48.149531849,1,#66c2a5,bicycle
138435,9,7,61,0,2016,6,14,2,3,2,6,0,0,0,1,0,1,0,0,639283.1766,5361344.9878,10.881438124,48.389876634,2,#fc8d62,car
138436,9,1,79,134,2016,6,19,2,2,5,2,0,0,1,0,0,0,0,0,666713.7743,5346701.9349,11.245909481,48.251585882,1,#66c2a5,bicycle
138438,9,1,62,0,2016,6,14,2,3,0,2,0,0,0,1,0,1,0,0,685421.2034,5338111.1633,11.493939118,48.169172952,2,#fc8d62,car
138441,9,1,62,0,2016,6,8,2,3,5,2,0,0,1,1,0,0,0,0,692673.4436,5334807.8294,11.589885687,48.137326657,1,#66c2a5,bicycle
138443,9,7,72,163,2016,6,13,7,3,5,3,0,0,1,1,0,0,0,0,640497.7712,5349535.2731,10.893897055,48.283417504,1,#66c2a5,bicycle
138445,9,2,74,182,2016,6,13,3,3,2,6,0,0,0,1,0,0,0,0,727595.8405,5375409.7896,12.080561966,48.490556886,2,#fc8d62,car
138446,9,1,62,0,2016,6,16,7,3,1,7,0,1,1,1,0,0,0,0,692569011.0,5335130.3072,11.588629208,48.140256626,1,#66c2a5,bicycle
138450,9,1,74,115,2016,6,6,2,3,5,3,0,0,0,1,0,0,0,0,681140.7686,5346713.1811,11.440093939,48.247728178,2,#fc8d62,car
138451,9,1,79,134,2016,6,17,3,3,0,1,0,0,1,0,0,0,0,0,670221.5103,5342693.8022,11.29151536,48.214621945,1,#66c2a5,bicycle
138453,9,1,62,0,2016,6,7,2,3,5,3,0,0,1,1,0,0,0,0,691773099.0,5332058.3992,11.576559087,48.112887077,1,#66c2a5,bicycle
138458,9,1,75,132,2016,6,7,2,3,1,5,0,0,0,1,0,1,0,0,708489.0452,5330710.6137,11.800219964,48.095523592,2,#fc8d62,car
138460,9,1,78,145,2016,6,15,2,3,3,3,0,0,1,1,0,0,0,0,697461.1995,5357356.2683,11.664681088,48.338504436,1,#66c2a5,bicycle
138461,9,1,79,121,2016,6,5,3,2,1,7,0,0,0,1,0,0,0,0,665643.2968,5336465.8054,11.227503953,48.159843309,2,#fc8d62,car
138464,9,1,62,0,2016,6,8,2,3,1,3,0,0,0,1,0,1,0,0,696986.4603,5331566.7767,11.646299513,48.106877637,2,#fc8d62,car
138467,9,7,61,0,2016,6,6,2,3,5,2,0,0,1,1,0,0,0,0,643500.0472,5360170.1577,10.93796503,48.37836789,1,#66c2a5,bicycle
138468,9,1,78,143,2016,6,13,2,2,5,3,0,0,1,1,0,0,0,0,717427.8218,5372033.6482,11.941373298,48.463823073,1,#66c2a5,bicycle
138471,9,1,62,0,2016,6,15,2,3,0,2,0,0,1,1,0,0,0,0,685101.4338,5328535.6532,11.485483671,48.083196686,1,#66c2a5,bicycle
138474,9,1,77,143,2016,6,18,3,2,5,3,0,0,0,1,0,1,0,0,719923049.0,5363723.2661,11.970723332,48.388292143,2,#fc8d62,car
138477,9,1,62,0,2016,6,15,2,3,6,7,0,0,1,0,1,0,0,0,690619.5371,5334747.7152,11.56227929,48.137404912,1,#66c2a5,bicycle
138481,9,7,61,0,2016,6,12,2,2,3,6,0,0,1,0,0,0,0,0,638706.6286,5356688.9982,10.872118754,48.348137996,1,#66c2a5,bicycle
138482,9,1,77,117,2016,6,10,2,3,5,2,0,0,1,1,0,0,0,0,715270.1393,5352857.3181,11.902404384,48.292265717,1,#66c2a5,bicycle
138484,9,1,62,0,2016,6,9,2,3,5,3,0,0,0,1,0,0,0,1,687294.0791,5327426.8842,11.514410634,48.072590283,2,#fc8d62,car
138489,9,1,77,117,2016,6,9,2,3,1,7,0,0,1,0,0,0,1,0,715391.5618,5355179238.0,11.905223969,48.31308718,1,#66c2a5,bicycle
138490,9,1,86,143,2016,6,16,3,3,6,4,0,0,0,1,1,0,0,0,685303.5672,5378251.3271,11.510025014,48.529989271,2,#fc8d62,car
138492,9,7,61,0,2016,6,13,2,3,5,6,0,0,1,1,0,0,0,0,639579.1684,5356646.0041,10.883874544,48.347559184,1,#66c2a5,bicycle
138493,9,1,77,139,2016,6,19,2,3,4,6,0,0,1,1,0,0,0,0,736030.2954,5363616.5298,12.187901948,48.381513511,1,#66c2a5,bicycle
138496,9,2,61,0,2016,6,15,3,3,3,2,0,0,1,1,0,0,0,0,733632.3147,5379615.1898,12.164492535,48.526118244,1,#66c2a5,bicycle
138497,9,7,62,0,2016,6,16,7,2,5,3,0,1,0,1,0,1,0,0,619186.8532,5303647.1274,10.593951854,47.87509189,2,#fc8d62,car
138498,9,1,63,0,2016,6,18,7,3,5,3,0,0,1,1,0,0,0,0,733717.8288,5303340.3618,12.123694699,47.840884153,1,#66c2a5,bicycle
138499,9,1,62,0,2016,6,2,1,3,5,2,2,1,0,1,0,0,0,0,694589833.0,5334166835.0,11.615325011,48.130982554,2,#fc8d62,car