OBJECTID,ULAND,UREGBEZ,UKREIS,UGEMEINDE,UJAHR,UMONAT,USTUNDE,UWOCHENTAG,UKATEGORIE,UART,UTYP1,ULICHTVERH,STRZUSTAND,IstRad,IstPKW,IstFuss,IstKrad,IstGkfz,IstSonstig,LINREFX,LINREFY,XGCSWGS84,YGCSWGS84,Teilnehmer,color,symbol
138500,9,1,79,123,2016,6,15,3,3,2,6,0,0,0,1,0,1,0,0,676741.2945,5334318.2479,11.375724691,48.137550549,2,#fc8d62,car
138503,9,1,62,0,2016,6,17,2,3,3,7,0,0,1,0,0,0,0,0,690865.6465,5334321.5011,11.565393053,48.133500354,1,#66c2a5,bicycle
138506,9,1,77,116,2016,6,13,3,3,5,2,0,0,1,1,0,0,0,0,712211167.0,5365469906.0,11.867571845,48.40662759,1,#66c2a5,bicycle
138511,9,1,62,0,2016,6,19,1,3,5,3,0,1,0,1,0,0,0,0,683066.1103,5335072.3025,11.460985929,48.142540404,2,#fc8d62,car
138512,9,1,75,132,2016,6,18,3,3,0,6,0,0,1,1,0,0,0,0,704770.8543,5334685.1284,11.752249328,48.132446575,1,#66c2a5,bicycle
138514,9,1,79,118,2016,6,14,1,3,0,7,0,0,0,1,0,0,0,0,672772.0738,5338270621.0,11.324022027,48.174170653,2,#fc8d62,car
138515,9,1,62,0,2016,6,12,2,3,3,2,0,0,0,1,0,1,0,0,693495.9708,5335539.7873,11.601262735,48.143655695,2,#fc8d62,car
138520,9,1,62,0,2016,6,17,1,3,3,6,0,0,1,1,0,0,0,0,690665389.0,5340667.0588,11.565548486,48.190593695,1,#66c2a5,bicycle
138523,9,1,87,122,2016,6,12,7,3,4,6,0,0,1,1,0,0,0,0,720011768.0,5304243768.0,11.941226467,47.853837586,1,#66c2a5,bicycle
138525,9,1,79,142,2016,6,11,1,3,0,1,0,1,0,0,0,1,0,0,672539.3229,5343264.9479,11.322923594,48.219130296,4,#e78ac3,marker
138526,9,1,62,0,2016,6,7,2,3,3,2,0,0,0,1,0,1,0,0,691253.9262,5339757.2533,11.573049826,48.1822396,2,#fc8d62,car
138531,9,1,62,0,2016,6,11,1,3,5,3,0,1,0,1,0,0,0,0,679386.2177,5334104.4776,11.411154834,48.134888853,2,#fc8d62,car
138533,9,1,62,0,2016,6,7,2,3,5,3,0,0,1,1,0,0,0,0,697648.6484,5329311.5257,11.654141269,48.086403766,1,#66c2a5,bicycle
138534,9,1,74,115,2016,6,1,1,3,8,1,2,1,0,1,0,0,0,0,680570.9033,5348044.8642,11.432992798,48.259860825,2,#fc8d62,car
138536,9,1,62,0,2016,6,16,7,3,1,6,0,1,0,1,0,1,0,0,692648.2756,5334783.8856,11.589536912,48.137119075,2,#fc8d62,car
138538,9,1,62,0,2016,6,7,2,3,5,3,0,0,1,1,0,0,0,0,686497.1428,5331061519.0,11.505309665,48.105493516,1,#66c2a5,bicycle
138541,9,1,77,118,2016,6,16,1,3,4,6,0,0,0,1,0,1,0,0,707813.2921,5344953.6709,11.798112169,48.223735564,2,#fc8d62,car
138544,9,1,62,0,2016,6,15,1,3,0,7,0,0,1,1,0,0,0,0,690460.2738,5338135.3527,11.561656743,48.167900514,1,#66c2a5,bicycle
138547,9,1,62,0,2016,6,14,7,3,0,1,0,0,1,0,0,0,0,0,690626.3783,5337444.7521,11.56357897,48.161643669,1,#66c2a5,bicycle
138551,9,1,62,0,2016,6,12,7,3,5,2,0,0,0,1,0,1,0,0,691091464.0,5331739808.0,11.567267833,48.110228466,2,#fc8d62,car
138553,9,1,62,0,2016,6,8,1,3,0,7,0,1,1,0,0,0,0,0,693222.2358,5334180.9914,11.596970311,48.131526416,1,#66c2a5,bicycle
138555,9,1,62,0,2016,6,9,7,3,5,3,0,0,0,1,0,0,0,0,688116.6334,5333884.1293,11.528288509,48.130387652,2,#fc8d62,car
138556,9,1,75,115,2016,6,13,3,3,2,6,0,0,0,1,0,0,0,0,720169.6206,5328938.6348,11.955977973,48.075674485,2,#fc8d62,car
138560,9,1,85,158,2016,6,12,7,3,0,3,0,0,1,1,0,0,0,0,668640.0898,5381375.3507,11.285771478,48.56277027,1,#66c2a5,bicycle
138561,9,1,62,0,2016,6,10,1,3,3,2,0,1,1,1,0,0,0,0,690140.6034,5334938.6046,11.555933404,48.13926391,1,#66c2a5,bicycle
138562,9,1,77,117,2016,6,8,3,3,4,2,0,0,0,1,0,1,0,0,714867.6469,5353250.0765,11.897184759,48.295931489,2,#fc8d62,car
138563,9,1,73,147,2016,6,19,2,3,8,1,0,0,0,0,0,1,0,0,681253.0869,5309704.4921,11.425904485,47.915027444,4,#e78ac3,marker
138565,9,1,79,123,2016,6,13,3,3,5,3,0,0,0,1,0,1,0,0,676732197.0,5332163306.0,11.37470882,48.118181772,2,#fc8d62,car
138567,9,1,62,0,2016,6,14,7,2,1,5,0,0,0,1,0,1,0,0,686770.9633,5336758669.0,11.511481651,48.156621198,2,#fc8d62,car
138568,9,1,62,0,2016,6,15,2,3,3,2,0,0,0,1,0,1,0,0,691464.4373,5335715.1759,11.574059427,48.145846682,2,#fc8d62,car
138572,9,1,75,115,2016,6,14,7,3,5,3,0,0,0,1,0,1,0,0,720643.6468,5328993.8113,11.962361883,48.076006435,2,#fc8d62,car
138575,9,1,62,0,2016,6,4,7,3,1,7,2,1,0,1,0,0,0,0,687850.7239,5343033.6115,11.528760944,48.212703181,2,#fc8d62,car
138576,9,1,62,0,2016,6,17,2,3,1,6,0,0,0,1,0,0,0,0,678820.0023,5338946.2468,11.405586094,48.178570909,2,#fc8d62,car
138580,9,1,62,0,2016,6,15,7,2,0,1,0,1,0,0,0,1,0,0,692316.4074,5337908.7238,11.586492657,48.165304802,4,#e78ac3,marker
138581,9,1,62,0,2016,6,8,2,3,5,2,0,0,1,1,0,0,0,0,689118.8128,5334932.2366,11.542209388,48.139511181,1,#66c2a5,bicycle
138588,9,1,62,0,2016,6,8,2,3,3,2,0,0,1,1,0,0,0,0,691914.6681,5339105.2636,11.581635391,48.176180437,1,#66c2a5,bicycle
138589,9,1,63,0,2016,6,20,2,3,0,1,0,0,1,0,0,0,0,0,732745761.0,5303411.5863,12.110760908,47.841876604,1,#66c2a5,bicycle
138591,9,1,62,0,2016,6,14,7,3,0,3,0,0,1,0,0,1,0,0,687474926.0,5338921.9761,11.521891898,48.175858301,1,#66c2a5,bicycle
138597,9,1,62,0,2016,6,17,7,3,5,3,0,0,1,1,0,0,0,0,686793158.0,5336667372.0,11.511739724,48.155794075,1,#66c2a5,bicycle
138600,9,1,62,0,2016,6,9,7,2,2,2,0,0,1,1,0,0,0,0,698962.4606,5333744.5859,11.673831194,48.125835976,1,#66c2a5,bicycle
138601,9,2,61,0,2016,6,16,3,3,4,2,0,0,1,1,0,0,0,0,731692.3512,5381902.2863,12.139528782,48.547381714,1,#66c2a5,bicycle
138604,9,1,62,0,2016,6,13,6,3,6,4,0,1,0,1,1,0,0,0,686596.5001,5337941.9318,11.509657064,48.167307927,2,#fc8d62,car
138606,9,1,79,123,2016,6,19,3,3,5,3,0,0,1,1,0,0,0,0,676732.3543,5332190.4831,11.374722197,48.11842603,1,#66c2a5,bicycle
138607,9,1,62,0,2016,6,13,7,3,0,7,0,1,1,0,0,0,0,0,691836.5,5332407.0141,11.577566826,48.116001297,1,#66c2a5,bicycle
138608,9,1,62,0,2016,6,8,2,3,0,7,0,0,0,0,0,1,0,0,688211.8,5339946.9895,11.532248205,48.184853425,4,#e78ac3,marker
138613,9,7,73,182,2016,6,13,2,3,1,2,0,0,0,1,0,0,0,0,622315.3406,5379934.5991,10.657781607,48.5605663,2,#fc8d62,car
138615,9,7,61,0,2016,6,16,7,3,5,3,0,0,1,1,0,0,0,0,641784.6611,5358748.3573,10.914332869,48.365971479,1,#66c2a5,bicycle
138616,9,1,62,0,2016,6,10,6,3,5,3,0,1,0,1,0,0,0,0,692474745.0,5334458614.0,11.587059851,48.134248111,2,#fc8d62,car
138618,9,1,75,139,2016,6,10,3,3,0,7,0,0,1,0,0,0,0,0,711825.0013,5329483871.0,11.844360024,48.083400152,1,#66c2a5,bicycle
138619,9,1,63,0,2016,6,16,2,3,5,3,0,0,0,1,0,0,0,0,731658.6655,5304438.4055,12.096802954,47.851494381,2,#fc8d62,car
138620,9,1,62,0,2016,6,10,2,3,1,1,0,0,1,1,0,0,0,0,691161.2464,5335717.8067,11.569988748,48.145961504,1,#66c2a5,bicycle
138626,9,1,62,0,2016,6,13,6,3,5,3,0,1,1,1,0,0,0,0,701086.9437,5334626.1292,11.702765063,48.13309089,1,#66c2a5,bicycle
138627,9,7,72,184,2016,6,15,5,3,5,3,0,0,1,1,0,0,0,0,635196335.0,5361610.5322,10.826348126,48.393153734,1,#66c2a5,bicycle
138629,9,2,61,0,2016,6,7,5,2,1,6,0,0,0,1,0,1,0,0,733733.9626,5381818.2924,12.167102507,48.545869983,2,#fc8d62,car
138631,9,1,78,124,2016,6,9,6,3,0,7,0,0,1,0,0,0,0,0,703307.5606,5364623.3942,11.746996041,48.401954959,1,#66c2a5,bicycle
138633,9,1,62,0,2016,6,14,4,3,0,1,0,0,1,0,0,0,0,0,690625.4828,5340280.5903,11.564838633,48.187132146,1,#66c2a5,bicycle
138634,9,1,62,0,2016,6,14,5,3,2,6,0,1,0,1,0,0,0,1,692728.1682,5334863.0321,11.590645484,48.137806234,2,#fc8d62,car
138635,9,1,62,0,2016,6,13,3,3,3,6,0,0,1,0,0,0,0,0,693817248.0,5331767.2669,11.603861624,48.109651697,1,#66c2a5,bicycle
138640,9,7,61,0,2016,6,18,4,3,0,7,0,0,1,0,0,0,0,0,639188.2746,5360198.1107,10.87977699,48.379585173,1,#66c2a5,bicycle
138641,9,1,74,115,2016,6,12,5,3,5,3,0,1,0,1,0,0,0,0,680893.5722,5346679.3351,11.436752697,48.247494539,2,#fc8d62,car
138643,9,7,61,0,2016,6,14,4,3,5,3,0,1,0,1,0,0,0,1,639534.4116,5355640.6896,10.882937719,48.338529504,2,#fc8d62,car
138644,9,1,85,158,2016,6,17,5,3,5,3,0,0,1,1,0,0,0,0,666342.3686,5382194104.0,11.254980508,48.570744168,1,#66c2a5,bicycle
138646,9,7,61,0,2016,6,17,4,3,4,2,0,1,0,1,0,1,0,0,640417046.0,5358354.4162,10.895746811,48.362734999,2,#fc8d62,car
138647,9,1,62,0,2016,6,14,5,3,5,3,0,1,0,1,0,0,0,0,683770.7359,5339653.0401,11.472428311,48.183511464,2,#fc8d62,car
138648,9,1,62,0,2016,6,14,3,3,7,7,0,0,1,0,0,0,0,1,688834.9033,5331774.2764,11.536997742,48.111211264,1,#66c2a5,bicycle
138652,9,7,61,0,2016,6,13,4,3,5,3,0,1,0,1,0,1,0,0,639620.3325,5360107.4013,10.88557864,48.378674074,2,#fc8d62,car
138653,9,1,77,117,2016,6,15,5,3,1,5,0,1,0,1,0,1,0,0,715178.8934,5352349.8512,11.900917307,48.287737057,2,#fc8d62,car
138654,9,7,72,163,2016,6,10,5,3,4,1,0,1,0,1,0,0,0,0,639831.6762,5347000.7993,10.884084936,48.260775287,2,#fc8d62,car
138655,9,1,62,0,2016,6,19,3,3,5,4,0,0,0,1,1,1,0,0,692249.2018,5337538.2844,11.585422319,48.161995709,2,#fc8d62,car
138658,9,1,62,0,2016,6,9,3,3,5,3,0,0,1,1,0,0,0,0,691126.9171,5334237.7639,11.568863524,48.132669324,1,#66c2a5,bicycle
138662,9,1,77,133,2016,6,9,6,3,3,6,0,0,0,1,0,0,0,1,706312.8307,5359455.6609,11.785016227,48.354541852,2,#fc8d62,car
138663,9,1,73,147,2016,6,7,6,3,5,3,0,0,1,0,0,0,0,0,682332.7336,5308538.5307,11.439848063,47.904240376,1,#66c2a5,bicycle
138664,9,7,61,0,2016,6,7,4,3,0,7,0,1,1,0,0,0,0,0,640148.6836,5358317.0465,10.892113302,48.362458617,1,#66c2a5,bicycle
138665,9,1,62,0,2016,6,10,4,3,1,6,0,1,0,1,0,0,0,0,689493.1962,5337081.6172,11.54819366,48.158718536,2,#fc8d62,car
138666,9,7,61,0,2016,6,14,5,3,2,6,0,0,0,1,0,0,0,1,639304.0358,5358790.2399,10.880873035,48.366900408,2,#fc8d62,car
138667,9,7,78,116,2016,6,11,3,3,6,7,0,0,0,1,1,0,0,0,618627.6084,5317876.2547,10.590396815,48.003169679,2,#fc8d62,car
138670,9,1,75,133,2016,6,7,6,3,0,3,0,0,0,0,0,1,0,1,705643.2754,5343150.1035,11.768055025,48.20823516,4,#e78ac3,marker
138672,9,1,62,0,2016,6,15,4,3,4,3,0,0,0,1,0,0,0,0,679556467.0,5334180.9117,11.413473291,48.135527906,2,#fc8d62,car
138673,9,2,61,0,2016,6,17,4,2,9,7,0,0,0,1,0,0,0,0,731332.1275,5383306827.0,12.135435474,48.560131395,2,#fc8d62,car
138675,9,1,62,0,2016,6,3,4,3,1,7,2,0,0,1,0,0,0,1,691031.9131,5334798.9318,11.567839589,48.137741583,2,#fc8d62,car
138676,9,7,78,203,2016,6,18,3,3,5,3,0,0,1,1,0,0,0,0,622959.2533,5324963.0839,10.650479802,48.066085848,1,#66c2a5,bicycle
138677,9,7,72,202,2016,6,13,5,3,5,3,0,1,0,1,0,0,0,0,636638.0042,5359745.3056,10.845206424,48.37607106,2,#fc8d62,car
138681,9,2,74,113,2016,6,13,4,3,4,6,0,0,0,1,0,0,0,0,729131.2256,5383480.0931,12.105746094,48.562495873,2,#fc8d62,car
138683,9,1,84,138,2016,6,15,4,3,3,6,0,0,1,1,0,0,0,0,682512.8337,5331370.3818,11.451969945,48.109423777,1,#66c2a5,bicycle
138684,9,1,62,0,2016,6,16,5,3,5,3,0,0,0,1,0,0,0,0,688945.0986,5337621.2138,11.541070366,48.163731568,2,#fc8d62,car
138688,9,1,62,0,2016,6,12,5,3,5,3,0,1,0,1,0,0,0,0,696745.1931,5331812.5538,11.643175269,48.109161101,2,#fc8d62,car
138694,9,1,81,130,2016,6,16,5,2,6,3,0,0,1,0,1,0,0,0,639708.8136,5324208.7234,10.87494511,48.055853864,1,#66c2a5,bicycle
138697,9,1,62,0,2016,6,17,5,3,3,2,0,0,0,1,0,0,0,1,691873.7347,5332145191.0,11.5779488,48.113636843,2,#fc8d62,car
138698,9,7,62,0,2016,6,7,3,2,0,1,0,0,1,0,0,0,0,0,621957.85,5302166.1552,10.630576638,47.861252068,1,#66c2a5,bicycle
138702,9,1,78,145,2016,6,17,6,3,0,1,0,0,0,0,0,1,0,0,697569.2952,5355652.5665,11.665339564,48.32315962,4,#e78ac3,marker
138705,9,1,77,117,2016,6,14,5,3,5,2,0,1,1,1,0,0,0,0,715557.1201,5354460.0357,11.907086678,48.306568673,1,#66c2a5,bicycle
138709,9,1,78,113,2016,6,0,5,1,9,1,2,1,1,0,0,0,0,0,694014.7052,5368144.5674,11.623204193,48.436528131,1,#66c2a5,bicycle
138712,9,7,61,0,2016,6,19,5,2,4,2,0,0,1,1,0,0,0,0,640231.2355,5358508.3705,10.893290961,48.364160612,1,#66c2a5,bicycle
138715,9,1,63,0,2016,6,21,4,3,3,6,2,1,0,1,0,1,0,0,734131.6882,5304730.9874,12.129969812,47.853226975,2,#fc8d62,car
138716,9,1,78,122,2016,6,15,6,3,5,3,0,0,1,1,0,0,0,0,703768986.0,5385495.9467,11.763405282,48.589366171,1,#66c2a5,bicycle
138720,9,7,61,0,2016,6,15,3,3,2,6,0,0,0,1,0,0,0,0,641172.8175,5358054.4563,10.905843847,48.359869312,2,#fc8d62,car
138722,9,7,71,113,2016,6,7,3,3,5,3,0,0,1,1,0,0,0,0,657000.0833,5369687.6319,11.123721024,48.460718767,1,#66c2a5,bicycle
138725,9,1,82,120,2016,6,13,4,3,5,3,0,1,1,1,0,0,0,0,701990.0442,5307118.0554,11.701935668,47.885586868,1,#66c2a5,bicycle
138727,9,1,62,0,2016,6,8,4,3,6,4,0,0,1,0,1,0,0,1,686671.7248,5339461.2751,11.511334997,48.180942099,1,#66c2a5,bicycle
138728,9,1,62,0,2016,6,9,5,3,0,7,0,0,1,0,0,0,0,0,692594.7509,5334176.3733,11.588543562,48.131675088,1,#66c2a5,bicycle
138729,9,7,71,113,2016,6,16,3,3,2,6,0,0,0,1,0,0,0,0,655854.3307,5366929.8957,11.107207076,48.43621052,2,#fc8d62,car
138732,9,1,88,126,2016,6,18,6,2,5,3,0,0,1,1,0,0,0,0,659148.5333,5324198.7319,11.135653433,48.051212046,1,#66c2a5,bicycle
138735,9,1,87,150,2016,6,17,4,3,5,3,0,0,0,1,0,0,0,0,728634891.0,5303299.8599,12.055839624,47.842347599,2,#fc8d62,car
138737,9,1,79,137,2016,6,13,4,3,0,5,0,0,1,0,0,0,0,0,656040.4528,5346772.5406,11.102252225,48.254938533,1,#66c2a5,bicycle
138738,9,1,77,117,2016,6,17,6,3,5,6,0,0,1,0,0,0,0,0,714472.4759,5353288.9212,11.891883226,48.296414555,1,#66c2a5,bicycle
138740,9,1,62,0,2016,6,17,4,2,0,1,0,0,1,0,0,0,0,0,688779.9445,5338367.1744,11.539182665,48.170485383,1,#66c2a5,bicycle
138741,9,1,62,0,2016,6,13,5,3,3,7,0,1,0,1,0,0,1,1,689921.8131,5331937.6806,11.551658165,48.112356789,2,#fc8d62,car
138744,9,1,79,126,2016,6,18,6,3,0,1,0,0,1,0,0,0,0,0,676595.7268,5338931.5702,11.375684664,48.179061047,1,#66c2a5,bicycle
138745,9,1,74,113,2016,6,7,4,2,9,1,0,1,0,1,0,0,0,0,670877.0152,5346742.3463,11.301965076,48.250840397,2,#fc8d62,car
138747,9,1,74,115,2016,6,17,5,3,0,1,0,0,1,0,0,0,0,0,681252.3485,5347352.3272,11.441869247,48.253441321,1,#66c2a5,bicycle
138748,9,1,74,115,2016,6,15,4,3,4,6,0,0,0,1,0,0,0,0,680412.7143,5348475.8252,11.431047155,48.263779651,2,#fc8d62,car
138752,9,1,62,0,2016,6,23,5,3,5,3,2,0,0,1,0,0,0,0,688754571.0,5334412884.0,11.537087945,48.134951321,2,#fc8d62,car
138755,9,1,78,124,2016,6,21,4,3,4,6,2,1,0,1,0,0,0,0,703697.7499,5365554.4115,11.752713566,48.410195294,2,#fc8d62,car
138758,9,1,78,124,2016,6,8,5,3,5,3,0,0,0,1,0,0,0,0,704705.7899,5362761.8978,11.764958286,48.384775021,2,#fc8d62,car
138763,9,1,78,124,2016,6,17,4,3,0,1,0,0,1,0,0,0,0,0,703699.6209,5365747896.0,11.752832738,48.411933369,1,#66c2a5,bicycle
138766,9,1,62,0,2016,6,18,3,3,5,3,0,0,1,0,0,0,0,0,690632.6866,5337360.8376,11.563626113,48.160887561,1,#66c2a5,bicycle
138767,9,1,77,119,2016,6,16,6,3,5,3,0,0,1,1,0,0,0,0,721279.5281,5341025.3885,11.977134549,48.183888045,1,#66c2a5,bicycle
138768,9,2,61,0,2016,6,11,6,3,5,3,0,0,1,1,0,0,0,0,733294.23,5381125747.0,12.160765819,48.53981276,1,#66c2a5,bicycle
138770,9,1,62,0,2016,6,10,4,3,5,2,0,1,0,1,0,0,0,0,692063.3729,5333351.1846,11.581037281,48.124418988,2,#fc8d62,car
138774,9,1,88,120,2016,6,11,3,3,5,3,0,0,0,1,0,1,0,0,679017.2502,5328843015.0,11.403991799,48.087697064,2,#fc8d62,car
138775,9,1,75,115,2016,6,13,6,3,0,1,0,0,1,0,0,0,0,0,720284.8009,5328940.4977,11.957523198,48.075651452,1,#66c2a5,bicycle
138777,9,1,62,0,2016,6,12,4,3,1,5,0,1,1,1,0,0,0,0,688259.2347,5336461648.0,11.53134263,48.153512686,1,#66c2a5,bicycle
138778,9,1,62,0,2016,6,16,5,3,0,1,0,1,1,0,0,0,0,0,692426.1281,5335468.2846,11.586863242,48.14333752,1,#66c2a5,bicycle
138781,9,1,62,0,2016,6,10,4,3,6,2,0,1,0,1,1,0,0,0,686795137.0,5328056.6802,11.507994294,48.078397491,2,#fc8d62,car
138785,9,1,62,0,2016,6,0,3,3,0,7,2,0,1,0,0,0,0,0,687838.2015,5329765.3149,11.522736298,48.09344885,1,#66c2a5,bicycle
138786,9,1,62,0,2016,6,17,5,3,5,3,0,1,1,1,0,0,0,0,698639.4871,5329191.7757,11.667376232,48.085019576,1,#66c2a5,bicycle
138788,9,1,62,0,2016,6,22,4,3,3,6,2,1,0,1,0,1,0,0,691965.0021,5336206.8735,11.581003701,48.150115122,2,#fc8d62,car
138789,9,1,62,0,2016,6,10,5,3,5,3,0,1,0,1,0,0,0,1,690960.1824,5335121.7497,11.567021133,48.140664577,2,#fc8d62,car
138792,9,1,74,141,2016,6,16,6,3,0,1,0,0,1,0,0,0,0,0,685054263.0,5357756.6199,11.497599901,48.345858233,1,#66c2a5,bicycle
138793,9,1,62,0,2016,6,14,3,3,5,7,0,0,1,1,0,0,0,0,686975.9401,5336957.7747,11.514322689,48.158350578,1,#66c2a5,bicycle
138797,9,1,74,113,2016,6,16,6,2,0,1,0,0,1,0,0,0,0,0,675383.0268,5347902.2282,11.363095449,48.260035903,1,#66c2a5,bicycle
138801,9,1,62,0,2016,6,18,3,3,1,3,0,0,1,0,0,1,0,0,701225.2499,5334464.1696,11.704545369,48.131591657,1,#66c2a5,bicycle
138803,9,7,62,0,2016,6,11,5,3,5,3,0,1,0,1,0,0,0,0,623011504.0,5308332.4879,10.646415217,47.916508991,2,#fc8d62,car
138806,9,1,62,0,2016,6,8,3,3,5,2,0,0,0,1,0,0,0,0,693955.2033,5333016.3039,11.606281072,48.120835662,2,#fc8d62,car
138809,9,1,77,117,2016,6,12,5,3,5,7,0,0,1,1,0,0,0,0,715324.86,5354359.3535,11.903907148,48.305743121,1,#66c2a5,bicycle
138811,9,1,74,115,2016,6,7,5,3,0,1,0,1,0,0,0,1,0,0,682910.2988,5348417.0229,11.464644364,48.262534963,4,#e78ac3,marker
138812,9,1,62,0,2016,6,17,3,3,0,7,0,0,1,0,0,0,0,1,682860.9697,5341061.5387,11.460806599,48.196434375,1,#66c2a5,bicycle
138813,9,7,62,0,2016,6,14,5,3,8,1,0,1,0,1,0,0,0,0,621226281.0,5303744.6,10.621242408,47.875586736,2,#fc8d62,car
138816,9,1,62,0,2016,6,12,3,3,5,3,0,0,0,1,0,0,0,0,689791.3551,5343179.0182,11.554923071,48.213432744,2,#fc8d62,car
138817,9,1,62,0,2016,6,10,5,3,5,3,0,1,0,1,0,0,1,0,689407.8226,5335740.8546,11.54645008,48.146693132,2,#fc8d62,car
138826,9,1,62,0,2016,6,9,3,3,5,3,0,0,1,1,0,0,0,0,690688.6988,5332939.8561,11.562399,48.121135202,1,#66c2a5,bicycle
138828,9,1,62,0,2016,6,12,4,3,0,7,0,1,0,0,0,1,0,0,691150.9944,5335691.7495,11.569839365,48.145730385,4,#e78ac3,marker
138833,9,1,63,0,2016,6,8,5,3,5,3,0,1,1,1,0,0,0,0,733892.0513,5305592.3063,12.12723692,47.861052303,1,#66c2a5,bicycle
138834,9,1,84,120,2016,6,18,3,3,0,1,0,0,0,0,0,1,0,0,681295263.0,5331814679.0,11.435816707,48.113765223,4,#e78ac3,marker
138836,9,1,62,0,2016,6,12,4,3,3,2,0,1,1,1,0,0,0,0,691398.2928,5334255922.0,11.572515328,48.132750977,1,#66c2a5,bicycle
138837,9,7,77,121,2016,6,7,5,3,1,1,0,1,1,1,0,0,0,0,629130.6156,5321552.2397,10.732250271,48.034192647,1,#66c2a5,bicycle
138838,9,1,84,120,2016,6,21,3,2,7,1,0,0,1,0,0,0,0,0,680526.7778,5332586.7856,11.425828128,48.120923935,1,#66c2a5,bicycle
138839,9,1,62,0,2016,6,7,5,3,5,3,0,1,0,1,0,0,0,0,690909.4852,5329525.4237,11.563835048,48.090380131,2,#fc8d62,car
138845,9,1,74,115,2016,6,20,6,3,1,1,0,0,0,1,0,1,0,0,680815.5673,5347146.0438,11.435902248,48.251711877,2,#fc8d62,car
138848,9,1,79,145,2016,6,17,5,3,0,7,0,0,0,0,0,0,0,1,674117.8249,5337582.9329,11.34182696,48.167621472,6,#ffd92f,circle
138849,9,1,62,0,2016,6,7,3,3,0,7,0,0,1,0,0,0,0,0,683450.2375,5336088.8497,11.466582907,48.151567109,1,#66c2a5,bicycle
138854,9,1,62,0,2016,6,17,3,3,0,7,0,0,1,1,0,0,0,0,690464.2776,5342277.8947,11.563567862,48.205132003,1,#66c2a5,bicycle
138856,9,2,61,0,2016,6,19,5,3,5,3,0,0,0,1,0,0,0,0,731615154.0,5381869.7175,12.138466255,48.547117657,2,#fc8d62,car
138857,9,1,62,0,2016,6,12,3,3,4,2,0,0,1,1,0,0,0,0,698185.2304,5334684.7697,11.663835094,48.134528071,1,#66c2a5,bicycle
138860,9,1,78,124,2016,6,15,5,3,5,3,0,0,0,1,0,1,0,0,703853.8149,5363540.7213,11.753842387,48.392049521,2,#fc8d62,car
138865,9,1,62,0,2016,6,19,3,3,5,2,0,0,0,1,0,1,0,0,695133.3346,5332996.9204,11.622086248,48.120301495,2,#fc8d62,car
138866,9,1,62,0,2016,6,7,5,2,1,5,0,1,1,1,0,0,0,0,685754.0112,5332857.3755,11.496118814,48.121852623,1,#66c2a5,bicycle
138867,9,1,63,0,2016,6,17,6,3,5,7,0,0,1,1,0,0,0,0,732450.0126,5304604711.0,12.107454937,47.852702831,1,#66c2a5,bicycle
138870,9,1,62,0,2016,6,9,5,3,3,3,0,0,1,1,0,0,0,0,690687.5999,5338154.3738,11.564719592,48.168003323,1,#66c2a5,bicycle
138871,9,2,61,0,2016,6,10,6,3,0,6,0,0,1,1,0,0,0,1,732914.8692,5380764261.0,12.155432196,48.536706555,1,#66c2a5,bicycle
138873,9,1,62,0,2016,6,19,4,3,6,4,0,1,1,0,1,0,0,0,685561.0392,5335333.9877,11.49460693,48.144169783,1,#66c2a5,bicycle
138878,9,1,62,0,2016,6,17,5,2,0,1,0,1,0,0,0,1,0,0,696821.1384,5333754.1112,11.645090612,48.126587205,4,#e78ac3,marker
138881,9,7,72,162,2016,6,13,5,3,9,2,0,1,0,1,0,0,0,0,636934.1284,5335063.1454,10.841211735,48.154062436,2,#fc8d62,car
138885,9,1,62,0,2016,6,18,2,3,9,6,0,0,0,1,1,0,0,0,686042.4335,5337608.8554,11.50206674,48.164476521,2,#fc8d62,car
138886,9,1,62,0,2016,6,7,1,3,2,6,0,1,0,1,0,0,0,0,690887.4086,5334433.2267,11.56573531,48.134498011,2,#fc8d62,car
138888,9,7,61,0,2016,6,18,3,3,2,6,0,1,0,1,0,0,0,0,639588.4851,5359565.6743,10.884968896,48.373810063,2,#fc8d62,car
138893,9,1,79,121,2016,6,18,2,3,1,6,0,0,0,1,0,0,0,0,667085.91,5337761.0815,11.247397126,48.171110376,2,#fc8d62,car
138895,9,7,61,0,2016,6,13,3,3,5,3,0,0,1,1,0,0,0,0,638365.3581,5359371.5664,10.868397381,48.372334057,1,#66c2a5,bicycle
138898,9,7,62,0,2016,6,19,1,3,0,1,0,0,1,0,0,0,0,0,622197.2302,5305342.0768,10.634674201,47.889769923,1,#66c2a5,bicycle
138899,9,1,78,123,2016,6,9,7,3,5,1,0,1,0,1,0,0,0,0,690607.3277,5357399.3515,11.572308225,48.340996256,2,#fc8d62,car
138901,9,7,61,0,2016,6,19,1,3,0,1,0,1,1,0,0,0,0,0,637555.6277,5361184.1787,10.858062567,48.388809819,1,#66c2a5,bicycle
138902,9,1,62,0,2016,6,17,6,3,3,5,0,0,1,1,0,0,0,0,691491961.0,5333977.6872,11.573647927,48.130222057,1,#66c2a5,bicycle
138903,9,7,72,170,2016,6,12,7,3,0,1,0,0,0,1,0,0,0,0,630701.1416,5336261.3475,10.757813272,48.166149203,2,#fc8d62,car