OBJECTID,ULAND,UREGBEZ,UKREIS,UGEMEINDE,UJAHR,UMONAT,USTUNDE,UWOCHENTAG,UKATEGORIE,UART,UTYP1,ULICHTVERH,STRZUSTAND,IstRad,IstPKW,IstFuss,IstKrad,IstGkfz,IstSonstig,LINREFX,LINREFY,XGCSWGS84,YGCSWGS84,Teilnehmer,color,symbol
138906,9,1,78,120,2016,6,14,2,3,1,6,0,0,0,1,0,1,0,0,696170.6025,5353810371.0,11.64563459,48.307039171,2,#fc8d62,car
138908,9,1,62,0,2016,6,13,6,3,2,6,0,0,0,1,0,1,0,0,695289673.0,5338768988.0,11.626832375,48.172130025,2,#fc8d62,car
138909,9,7,72,147,2016,6,15,7,3,5,7,0,0,0,1,0,0,0,1,638867.7336,5365065.3072,10.877060486,48.423420305,2,#fc8d62,car
138910,9,7,61,0,2016,6,1,1,3,0,1,2,1,1,0,0,0,0,0,638366.5832,5355969.3393,10.867295237,48.341741509,1,#66c2a5,bicycle
138914,9,1,62,0,2016,6,19,2,3,5,3,0,0,1,1,0,0,0,0,686437307.0,5339456346.0,11.508182299,48.180966622,1,#66c2a5,bicycle
138915,9,1,78,145,2016,6,15,2,3,0,1,0,0,1,0,0,0,0,0,697399232.0,5355986082.0,11.663204024,48.326210025,1,#66c2a5,bicycle
138917,9,1,78,120,2016,6,16,2,3,6,3,0,1,1,0,1,0,0,0,694012.5787,5353226.9809,11.616294173,48.302461581,1,#66c2a5,bicycle
138918,9,1,62,0,2016,6,13,6,3,0,1,0,0,0,0,0,1,0,0,689891.2177,5334449.8148,11.552366626,48.134945123,4,#e78ac3,marker
138920,9,7,61,0,2016,6,0,7,3,0,1,2,0,1,0,0,0,0,0,638754.3574,5356811.8829,10.872803091,48.349232471,1,#66c2a5,bicycle
138925,9,1,62,0,2016,6,19,2,3,5,3,1,1,0,1,0,0,0,0,687414.0235,5333976.4806,11.518895531,48.131424996,2,#fc8d62,car
138926,9,1,62,0,2016,6,15,6,2,5,2,0,0,1,1,0,0,0,0,686635.8063,5330300.3947,11.506837692,48.098611615,1,#66c2a5,bicycle
138930,9,1,62,0,2016,6,14,6,3,3,6,0,0,0,1,0,1,0,0,692263399.0,5337254.5621,11.585484817,48.159441387,2,#fc8d62,car
138934,9,2,61,0,2016,6,13,2,3,4,6,0,0,0,1,0,0,0,1,733373.0799,5379485.4847,12.160914255,48.525049555,2,#fc8d62,car
138936,9,1,86,143,2016,6,7,3,3,3,7,0,0,0,1,0,1,0,0,684592.9575,5377747.1848,11.500185837,48.525667533,2,#fc8d62,car
138937,9,1,84,148,2016,6,13,2,3,1,5,0,0,0,1,0,1,0,0,694754.8381,5327246.3214,11.614382567,48.068732991,2,#fc8d62,car
138939,9,1,62,0,2016,6,23,6,2,5,2,2,0,1,1,0,0,0,0,694482929.0,5333730434.0,11.613690589,48.127093025,1,#66c2a5,bicycle
138944,9,1,74,126,2016,6,13,2,3,5,3,0,1,0,1,0,1,0,0,683646.4929,5344954.0049,11.473052662,48.231194997,2,#fc8d62,car
138945,9,1,86,143,2016,6,12,3,3,0,4,0,0,0,0,1,0,0,1,684613.0583,5377870.2555,11.500512306,48.526767755,3,#8da0cb,toilet
138946,9,7,72,202,2016,6,19,3,3,0,1,0,0,1,0,0,0,0,0,637423.28,5358540.2081,10.855411455,48.365064432,1,#66c2a5,bicycle
138947,9,7,71,130,2016,6,21,6,3,0,1,1,0,1,0,0,0,0,0,647360.5033,5360547.8501,10.990200545,48.380873986,1,#66c2a5,bicycle
138951,9,7,61,0,2016,6,15,3,3,2,6,0,0,1,0,0,0,0,0,639049.1837,5361607.6444,10.878366065,48.392290004,1,#66c2a5,bicycle
138952,9,1,62,0,2016,6,0,2,3,0,2,2,0,0,1,0,0,0,0,694447.29,5333046771.0,11.612900281,48.120959405,2,#fc8d62,car
138954,9,1,62,0,2016,6,15,6,3,6,6,0,0,1,1,1,0,0,0,683256926.0,5339135.2171,11.465298905,48.179005394,1,#66c2a5,bicycle
138956,9,7,72,163,2016,6,7,6,3,0,7,0,0,1,0,0,0,0,0,640636.9948,5348943.9463,10.89557591,48.278069488,1,#66c2a5,bicycle
138958,9,7,72,163,2016,6,17,3,3,2,6,0,0,0,1,0,0,0,0,639947.65,5347389685.0,10.885775345,48.264246499,2,#fc8d62,car
138960,9,1,62,0,2016,6,17,6,3,6,4,0,0,1,0,1,0,0,0,685276251.0,5329971341.0,11.488451644,48.096050662,1,#66c2a5,bicycle
138964,9,1,62,0,2016,6,0,6,3,0,1,2,0,1,0,0,0,0,0,689650.2809,5332927.4984,11.548454009,48.121334276,1,#66c2a5,bicycle
138967,9,1,62,0,2016,6,15,6,2,3,5,0,0,1,1,0,0,0,0,687558.8387,5328000.6491,11.518213254,48.077669691,1,#66c2a5,bicycle
138971,9,1,62,0,2016,6,2,1,3,1,5,2,0,0,1,0,0,0,0,685693242.0,5332350.1598,11.495082103,48.117311262,2,#fc8d62,car
138972,9,1,62,0,2016,6,11,6,3,1,5,0,0,1,1,0,0,0,0,687414.5963,5330386.3001,11.517325445,48.099155185,1,#66c2a5,bicycle
138981,9,1,62,0,2016,6,17,2,3,3,6,0,0,1,1,0,0,0,0,691956.1047,5332260.6059,11.579106279,48.114649358,1,#66c2a5,bicycle
138982,9,1,62,0,2016,6,12,1,3,6,4,0,0,0,1,1,0,0,0,688299.1842,5330557903.0,11.529270832,48.100436807,2,#fc8d62,car
138983,9,1,62,0,2016,6,16,6,3,0,3,0,0,0,1,0,1,0,0,691896.3912,5340933.2227,11.582215425,48.1926152,2,#fc8d62,car
138986,9,7,61,0,2016,6,20,6,3,1,6,0,0,0,1,0,1,0,0,637681685.0,5360376175.0,10.859499611,48.381516876,2,#fc8d62,car
138989,9,2,61,0,2016,6,19,3,3,0,7,0,0,1,0,0,0,0,0,732562457.0,5380404.51,12.150464682,48.533605689,1,#66c2a5,bicycle
138990,9,1,79,121,2016,6,19,3,3,1,6,0,1,1,1,0,0,0,0,667155.0369,5337459.4626,11.248207596,48.16838065,1,#66c2a5,bicycle
138991,9,7,61,0,2016,6,13,3,3,4,1,0,0,1,0,0,0,0,0,640753.7561,5355035.8934,10.89918067,48.332820891,1,#66c2a5,bicycle
138992,9,1,62,0,2016,6,18,2,3,5,3,0,1,0,1,0,1,0,0,690702.2248,5334630.7604,11.563337252,48.136328953,2,#fc8d62,car
138993,9,2,74,165,2016,6,3,1,2,6,1,2,0,0,0,1,0,0,1,716845.3667,5385628.8387,11.94057334,48.586170462,3,#8da0cb,toilet
138994,9,1,62,0,2016,6,18,6,3,6,4,0,0,1,0,1,0,0,0,686214.3372,5334805.7357,11.503149925,48.139230777,1,#66c2a5,bicycle
138996,9,1,62,0,2016,6,15,6,3,6,6,0,0,1,0,1,0,0,0,690002.9211,5336525.9747,11.554792972,48.153572327,1,#66c2a5,bicycle
138999,9,2,61,0,2016,6,10,1,3,5,3,0,0,0,1,0,0,0,0,731332.1275,5383306827.0,12.135435474,48.560131395,2,#fc8d62,car
139000,9,7,61,0,2016,6,8,6,3,5,3,0,0,1,1,0,0,0,0,638852.6811,5359238.4328,10.874930258,48.371029914,1,#66c2a5,bicycle
139002,9,1,79,147,2016,6,10,2,2,0,3,0,0,1,1,0,0,0,0,664336.3993,5333869.8154,11.208940689,48.136843828,1,#66c2a5,bicycle
139003,9,1,78,130,2016,6,17,3,2,5,1,0,1,0,1,0,1,0,0,703794.1919,5356658.2988,11.749704706,48.330221724,2,#fc8d62,car
139004,9,7,61,0,2016,6,15,3,3,1,6,0,0,0,1,0,0,0,0,638337613.0,5354657446.0,10.866473721,48.329951469,2,#fc8d62,car
139005,9,1,62,0,2016,6,20,6,3,5,2,0,0,1,1,0,0,0,0,688723.6005,5336269385.0,11.537494914,48.15164698,1,#66c2a5,bicycle
139007,9,1,62,0,2016,6,13,6,3,0,2,0,0,0,1,0,1,0,0,686000.8246,5329877605.0,11.498133005,48.094997049,2,#fc8d62,car
139011,9,7,61,0,2016,6,19,6,3,4,2,0,0,0,1,0,0,0,0,641417.9676,5359226.8409,10.909545644,48.370356075,2,#fc8d62,car
139013,9,1,78,145,2016,6,16,2,2,0,3,0,0,0,1,1,0,0,0,697508.2472,5354462.1537,11.663959479,48.312480513,2,#fc8d62,car
139014,9,1,77,117,2016,6,17,3,3,6,4,0,0,0,1,1,0,0,0,715637.1459,5354747.0298,11.908311129,48.309120073,2,#fc8d62,car
139015,9,1,62,0,2016,6,7,6,3,5,3,0,0,1,1,0,0,0,0,687902.8699,5328367.8282,11.522989135,48.080868736,1,#66c2a5,bicycle
139021,9,1,84,120,2016,6,20,1,3,0,6,0,0,1,1,0,0,0,0,681395382.0,5332844308.0,11.437598647,48.122991896,1,#66c2a5,bicycle
139022,9,1,84,147,2016,6,16,6,3,5,2,0,0,1,1,0,0,0,0,695899.5584,5339490.1563,11.635359282,48.178423761,1,#66c2a5,bicycle
139023,9,1,62,0,2016,6,16,1,3,0,7,0,0,1,0,0,0,0,0,680022.9009,5335839.7404,11.4204383,48.15030722,1,#66c2a5,bicycle
139024,9,1,62,0,2016,6,7,2,2,4,2,0,0,1,1,0,0,0,0,695058.0631,5336140.2222,11.622515084,48.148575125,1,#66c2a5,bicycle
139025,9,1,62,0,2016,6,17,6,3,6,4,0,0,0,1,1,0,0,0,694875169.0,5336161.9264,11.620068715,48.148826248,2,#fc8d62,car
139033,9,1,62,0,2016,6,8,6,3,6,2,0,0,0,1,1,0,0,0,693990677.0,5335028.2584,11.607673166,48.138907613,2,#fc8d62,car
139037,9,7,61,0,2016,6,15,6,3,3,2,0,0,1,1,0,0,0,0,640785762.0,5359235627.0,10.901016906,48.370576421,1,#66c2a5,bicycle
139045,9,1,74,115,2016,6,18,1,3,0,6,0,1,1,1,0,0,0,0,681939838.0,5347756.9961,11.451296431,48.256881718,1,#66c2a5,bicycle
139046,9,1,62,0,2016,6,15,6,3,2,6,0,0,0,1,0,0,0,0,693692738.0,5332468.5522,11.602509137,48.115992525,2,#fc8d62,car
139049,9,1,74,115,2016,6,16,1,3,5,3,0,0,1,1,0,0,0,0,680868983.0,5348394.6977,11.437154883,48.262920331,1,#66c2a5,bicycle
139050,9,7,61,0,2016,6,13,6,3,0,2,0,0,1,1,0,0,0,0,640054248.0,5359104.9204,10.891101419,48.369563905,1,#66c2a5,bicycle
139052,9,1,81,114,2016,6,10,2,3,6,4,0,0,0,1,1,0,0,0,657025216.0,5312932.65,11.103057277,47.95044347,2,#fc8d62,car
139053,9,1,62,0,2016,6,17,2,3,2,6,0,0,0,1,0,0,0,0,687577.5975,5328910.4573,11.518864313,48.085841852,2,#fc8d62,car
139054,9,7,61,0,2016,6,12,3,3,3,2,0,0,0,1,0,1,0,0,639502.8711,5355553.1158,10.882483336,48.337749023,2,#fc8d62,car
139055,9,1,62,0,2016,6,14,6,3,0,7,0,0,0,0,0,0,0,1,689088.3045,5333358.9306,11.541101458,48.125379189,6,#ffd92f,circle
139057,9,1,88,127,2016,6,11,2,3,0,7,0,1,0,0,0,0,0,1,679666.6677,5329318.8996,11.412904929,48.091792108,6,#ffd92f,circle
139058,9,7,61,0,2016,6,15,3,3,3,6,0,0,0,1,0,0,0,1,638477939.0,5354754.2667,10.868397792,48.330791338,2,#fc8d62,car
139060,9,1,75,127,2016,6,17,1,3,0,7,0,0,1,0,0,0,0,0,713013.1759,5340965.0249,11.86603449,48.186170854,1,#66c2a5,bicycle
139061,9,1,62,0,2016,6,1,6,3,0,1,2,0,1,0,0,0,0,0,691775.5295,5339832.2073,11.580093713,48.182756045,1,#66c2a5,bicycle
139063,9,7,71,113,2016,6,16,6,3,4,6,0,0,0,1,0,1,0,0,658327.4931,5372604.0775,11.14276798,48.486605402,2,#fc8d62,car
139065,9,1,62,0,2016,6,9,2,3,2,7,0,0,0,1,0,1,0,0,692941.0921,5335336.6016,11.5937191,48.141998031,2,#fc8d62,car
139068,9,1,62,0,2016,6,13,7,3,2,6,0,1,0,1,0,0,0,0,692597.1363,5334716.7631,11.588819887,48.136531272,2,#fc8d62,car
139071,9,1,62,0,2016,6,12,7,3,5,3,0,1,1,1,0,0,0,0,686454.4806,5339763.3841,11.508547844,48.183721323,1,#66c2a5,bicycle
139075,9,1,62,0,2016,6,13,1,3,0,1,0,0,0,0,0,1,0,0,679338.5033,5337319.6144,11.411868699,48.163803089,4,#e78ac3,marker
139082,9,7,72,177,2016,6,15,2,2,0,1,0,1,1,0,0,0,0,0,636567404.0,5378567446.0,10.850396707,48.54533091,1,#66c2a5,bicycle
139084,9,7,61,0,2016,6,18,2,3,2,6,0,1,0,1,0,0,0,0,641022.4666,5351449.0955,10.90160494,48.300509484,2,#fc8d62,car
139085,9,1,84,131,2016,6,8,1,3,5,3,0,1,1,1,0,0,0,0,704719.9341,5337885.9087,11.753104838,48.161226971,1,#66c2a5,bicycle
139088,9,1,62,0,2016,6,19,7,3,3,3,0,0,0,1,0,0,0,1,696990.0707,5331811.9161,11.646461149,48.109079689,2,#fc8d62,car
139090,9,1,73,123,2016,6,10,2,3,0,7,0,0,1,0,0,0,0,1,679563.3378,5301374365.0,11.399846824,47.840619414,1,#66c2a5,bicycle
139092,9,1,84,120,2016,6,9,2,3,0,1,0,1,0,0,0,1,0,0,680713.6415,5334140.1398,11.428995479,48.134833862,4,#e78ac3,marker
139093,9,7,61,0,2016,6,18,2,3,0,7,0,1,1,0,0,0,0,0,640624.0793,5359957.0466,10.899076266,48.377099221,1,#66c2a5,bicycle
139094,9,1,84,149,2016,6,16,7,3,0,7,0,1,1,0,0,0,0,0,691275.5248,5350848.5445,11.578346521,48.281918515,1,#66c2a5,bicycle
139097,9,1,62,0,2016,6,16,7,3,1,7,0,0,0,1,0,0,0,0,693359.1921,5329154.1095,11.596530685,48.086304425,2,#fc8d62,car
139102,9,1,62,0,2016,6,15,7,3,6,4,0,1,0,1,1,0,0,0,689528624.0,5334901783.0,11.547699036,48.13911553,2,#fc8d62,car
139106,9,1,84,139,2016,6,20,2,3,0,1,2,1,0,0,0,1,0,0,688344.9276,5326975.3588,11.528305079,48.06822238,4,#e78ac3,marker
139107,9,7,61,0,2016,6,8,3,3,0,7,0,0,0,0,0,0,0,1,639365.0804,5358683.8296,10.881661533,48.365930117,6,#ffd92f,circle
139108,9,7,61,0,2016,6,12,2,3,6,7,0,0,0,0,1,0,0,1,640508354.0,5358811.7076,10.897131594,48.366826499,3,#8da0cb,toilet
139109,9,1,62,0,2016,6,10,7,3,4,2,0,1,0,1,0,0,0,0,690144.8,5334736.6431,11.555899596,48.137447425,2,#fc8d62,car
139111,9,2,61,0,2016,6,21,7,3,2,6,1,1,1,0,0,0,0,0,735390.5564,5382558.5759,12.18993163,48.551900193,1,#66c2a5,bicycle
139114,9,1,62,0,2016,6,7,2,3,5,2,0,0,1,1,0,0,0,0,691487.2418,5338080.5677,11.575430171,48.167099594,1,#66c2a5,bicycle
139117,9,1,75,135,2016,6,12,2,2,5,3,0,0,1,1,0,0,0,0,708601.9841,5340128975.0,11.806347326,48.180121763,1,#66c2a5,bicycle
139118,9,1,62,0,2016,6,18,2,2,3,6,0,0,1,1,0,0,0,0,691471193.0,5337438.0301,11.574925293,48.161329408,1,#66c2a5,bicycle
139119,9,7,78,116,2016,6,18,6,3,0,1,0,0,1,0,0,0,0,0,619398.5302,5318464.7346,10.600891926,48.008318737,1,#66c2a5,bicycle
139121,9,1,62,0,2016,6,15,7,3,0,7,0,1,0,0,0,0,0,1,690739.1846,5334068.3736,11.563581746,48.131263166,6,#ffd92f,circle
139125,9,1,62,0,2016,6,17,1,3,6,4,0,0,0,0,1,0,0,1,690533.7731,5335060.9677,11.561267793,48.1402461,3,#8da0cb,toilet
139126,9,7,78,116,2016,6,12,6,3,3,6,0,1,1,1,0,0,0,0,618438.2092,5318183325.0,10.587943404,48.005966504,1,#66c2a5,bicycle
139131,9,1,63,0,2016,6,13,7,3,5,3,0,1,1,1,0,0,0,0,732661.3508,5304914.6299,12.110442534,47.855410728,1,#66c2a5,bicycle
139136,9,7,71,113,2016,6,6,2,3,4,6,0,0,0,1,0,1,0,0,658092.8312,5368905.6558,11.138196439,48.453415017,2,#fc8d62,car
139137,9,1,62,0,2016,6,13,1,3,5,3,0,0,1,1,0,0,0,0,689532.5297,5331894.5363,11.546414212,48.112084966,1,#66c2a5,bicycle
139143,9,1,62,0,2016,6,17,5,2,0,7,0,0,1,1,0,0,0,0,688498559.0,5336441.7967,11.534548539,48.153263373,1,#66c2a5,bicycle
139144,9,1,62,0,2016,6,8,6,3,5,7,0,1,0,1,0,1,0,0,694395.8472,5334969.4403,11.613086855,48.138255332,2,#fc8d62,car
139145,9,7,62,0,2016,6,8,6,3,0,1,0,1,1,0,0,0,0,0,622292.6101,5304133.4679,10.635607275,47.878881892,1,#66c2a5,bicycle
139149,9,1,62,0,2016,6,17,4,3,0,3,0,0,1,0,0,0,0,0,687927.8673,5329817.7843,11.523962426,48.093894027,1,#66c2a5,bicycle
139151,9,1,62,0,2016,6,19,3,3,0,6,0,0,0,1,0,1,0,0,690232.2242,5336158.6114,11.557708815,48.150201931,2,#fc8d62,car
139154,9,1,62,0,2016,6,23,5,3,2,7,2,1,0,1,0,0,0,0,686626628.0,5336465373.0,11.509414094,48.154027339,2,#fc8d62,car
139158,9,1,62,0,2016,6,9,4,3,5,2,0,0,1,1,0,0,0,0,693723.5518,5332215.3727,11.602807712,48.113707648,1,#66c2a5,bicycle
139161,9,1,62,0,2016,6,9,4,3,5,2,0,0,1,1,0,0,0,0,692607.1627,5332572.3392,11.587985398,48.117254594,1,#66c2a5,bicycle
139164,9,1,62,0,2016,6,12,4,3,6,4,0,0,0,1,1,0,0,0,692079.4841,5337284.0102,11.583027504,48.159761642,2,#fc8d62,car
139165,9,1,62,0,2016,6,7,3,3,5,3,0,0,1,1,0,0,0,0,688062.3115,5339461.1501,11.530023948,48.180530913,1,#66c2a5,bicycle
139167,9,1,62,0,2016,6,7,5,3,5,7,0,0,1,1,0,0,0,0,688478.7706,5336435.1319,11.534279783,48.153209334,1,#66c2a5,bicycle
139170,9,1,62,0,2016,6,12,4,3,2,6,0,0,0,1,0,0,0,1,690894412.0,5334418512.0,11.565822752,48.134363656,2,#fc8d62,car
139172,9,1,62,0,2016,6,6,5,2,2,7,0,1,0,1,0,0,0,1,693935.2518,5331204784.0,11.605189586,48.104560349,2,#fc8d62,car
139173,9,1,62,0,2016,6,9,6,3,0,1,0,1,0,0,0,1,0,0,689063.9336,5336374.8068,11.542113046,48.152493446,4,#e78ac3,marker
139175,9,7,62,0,2016,6,15,6,3,0,1,0,0,1,0,0,0,0,0,621365.7594,5304112.5856,10.623210371,47.878869963,1,#66c2a5,bicycle
139176,9,1,62,0,2016,6,12,5,3,4,7,0,0,0,1,0,0,0,0,688218.5746,5339957.5338,11.532343931,48.184946192,2,#fc8d62,car
139178,9,1,62,0,2016,6,15,5,3,5,2,0,0,0,1,0,0,0,0,689412.4367,5335730.2546,11.546507333,48.146596485,2,#fc8d62,car
139179,9,1,62,0,2016,6,17,3,3,0,7,0,1,0,1,0,1,0,0,687705.9484,5334578.6893,11.523080474,48.136751771,2,#fc8d62,car
139181,9,2,74,114,2016,6,1,7,2,1,5,2,0,1,1,0,0,0,0,734787.2879,5370816.6865,12.175168954,48.446654225,1,#66c2a5,bicycle
139184,9,1,62,0,2016,6,13,5,3,6,4,0,0,0,1,1,0,0,0,686694.6286,5334412.2631,11.509427271,48.135553378,2,#fc8d62,car
139185,9,1,62,0,2016,6,7,6,3,2,6,0,1,0,1,0,0,1,0,691566.8249,5342981.0276,11.578709573,48.211119847,2,#fc8d62,car
139196,9,1,62,0,2016,6,11,5,3,2,6,0,0,0,1,0,1,0,0,688302.3046,5330573.3393,11.529319514,48.10057463,2,#fc8d62,car
139197,9,1,62,0,2016,6,18,6,2,4,7,0,0,0,1,0,1,0,0,692119.7411,5342054.4634,11.5857251,48.202625061,2,#fc8d62,car
139204,9,1,62,0,2016,6,13,3,3,6,4,0,0,0,1,1,0,0,0,692283.0608,5338118.8646,11.586139659,48.167203582,2,#fc8d62,car
139207,9,1,62,0,2016,6,18,5,3,3,5,0,0,0,1,0,1,0,0,686838636.0,5328045401.0,11.508572819,48.078283365,2,#fc8d62,car
139210,9,1,62,0,2016,6,16,3,3,2,2,0,1,0,1,0,0,0,0,690296.1937,5336032.1141,11.558511456,48.149045842,2,#fc8d62,car
139213,9,1,62,0,2016,6,11,5,3,2,6,0,0,0,0,0,1,0,1,694021.8641,5334116.3651,11.60767663,48.130702332,4,#e78ac3,marker
139217,9,2,61,0,2016,6,18,5,3,0,4,0,0,0,1,1,0,0,0,734861796.0,5382466088.0,12.182725427,48.551267615,2,#fc8d62,car
139220,9,1,62,0,2016,6,6,3,3,0,1,0,1,1,0,0,0,0,0,688624.9261,5336487.8134,11.536266339,48.153639512,1,#66c2a5,bicycle
139222,9,1,62,0,2016,6,16,3,3,5,3,0,1,1,1,0,0,0,0,688464.2874,5336357.4254,11.534050829,48.152515189,1,#66c2a5,bicycle
139227,9,2,61,0,2016,6,20,5,3,4,2,1,1,1,1,0,0,0,0,731981.3442,5380356.3458,12.142578043,48.53338807,1,#66c2a5,bicycle
139230,9,2,61,0,2016,6,8,5,3,0,1,0,1,1,0,0,0,0,0,732881702.0,5380974665.0,12.155101133,48.538608856,1,#66c2a5,bicycle
139232,9,7,72,184,2016,6,15,4,3,5,3,0,0,1,0,0,0,1,0,635240.4842,5359827.4785,10.826370295,48.377111041,1,#66c2a5,bicycle
139233,9,1,62,0,2016,6,7,6,3,3,3,0,0,1,1,0,0,0,0,695371.9353,5332659.8368,11.625134482,48.117198776,1,#66c2a5,bicycle
139235,9,1,62,0,2016,6,9,5,3,0,1,0,0,1,0,0,0,0,1,691411.6193,5337338.1164,11.574080022,48.160449336,1,#66c2a5,bicycle
139238,9,7,72,163,2016,6,9,4,3,1,7,0,0,1,1,0,0,0,0,640241.4734,5347874.1798,10.889893006,48.268538031,1,#66c2a5,bicycle
139240,9,1,62,0,2016,6,9,6,3,0,7,0,1,0,0,0,1,0,0,687891.9086,5334107.9722,11.525369961,48.13246598,4,#e78ac3,marker
139241,9,1,87,137,2016,6,13,6,1,5,3,0,0,0,1,0,0,1,0,730101.2298,5312493.4941,12.08030666,47.924423614,2,#fc8d62,car
139243,9,1,62,0,2016,6,16,6,3,5,3,0,0,0,1,0,1,0,0,691444.3935,5339698176.0,11.57558299,48.181651263,2,#fc8d62,car
139245,9,7,72,130,2016,6,19,6,3,0,7,0,0,1,0,1,0,0,0,632723.6251,5357989.8686,10.791818574,48.361121333,1,#66c2a5,bicycle
139248,9,7,72,163,2016,6,12,4,3,0,1,0,0,1,0,0,0,0,0,639528.4375,5350601.2904,10.88119,48.293217397,1,#66c2a5,bicycle
139250,9,1,84,139,2016,6,16,3,3,5,3,0,1,0,1,0,0,0,0,687254.2061,5325416.2426,11.512995498,48.0545295,2,#fc8d62,car
139253,9,7,71,130,2016,6,12,5,3,1,6,0,0,0,1,0,0,0,0,645861.8731,5363036.0323,10.97083717,48.403594099,2,#fc8d62,car
139254,9,1,62,0,2016,6,13,6,3,5,3,0,0,0,1,0,1,0,0,686639699.0,5333902121.0,11.508466193,48.130984157,2,#fc8d62,car
139257,9,7,72,130,2016,6,10,6,3,2,6,0,0,0,1,0,0,0,0,632588222.0,5358156439.0,10.790044006,48.362647623,2,#fc8d62,car
139260,9,7,72,160,2016,6,18,6,3,0,1,0,0,0,0,0,1,0,0,639575.4771,5340122.0024,10.878369084,48.198977785,4,#e78ac3,marker
139261,9,2,61,0,2016,6,20,4,3,0,1,0,1,0,0,0,1,0,0,732073.8689,5382526.7914,12.145038369,48.552850486,4,#e78ac3,marker
139263,9,7,61,0,2016,6,8,4,3,3,6,0,0,0,1,0,0,0,0,639290542.0,5358810.4271,10.88069763,48.367084904,2,#fc8d62,car
139265,9,1,62,0,2016,6,9,3,3,2,7,0,0,1,1,0,0,0,0,689274.8713,5330027.6546,11.542127991,48.095381764,1,#66c2a5,bicycle
139268,9,7,72,163,2016,6,8,5,3,6,4,0,0,1,0,1,0,0,0,640143.3163,5348175.2561,10.88867078,48.271266997,1,#66c2a5,bicycle
139271,9,2,61,0,2016,6,14,4,3,1,7,0,0,0,1,0,1,0,0,732782067.0,5380765.7967,12.153636745,48.536769618,2,#fc8d62,car
139272,9,1,63,0,2016,6,14,5,3,5,3,0,0,1,1,0,0,0,0,733379.9644,5303950.9857,12.119515202,47.846492755,1,#66c2a5,bicycle
139274,9,7,61,0,2016,6,18,4,3,6,4,0,0,0,1,1,0,0,0,639606.0465,5360940.6458,10.88566263,48.386169527,2,#fc8d62,car
139276,9,7,61,0,2016,6,20,4,3,3,6,0,0,1,1,0,0,0,0,638886.6439,5356944.1347,10.874631234,48.350392578,1,#66c2a5,bicycle
139277,9,1,62,0,2016,6,1,3,3,9,1,2,1,0,0,0,1,0,0,691868.2007,5332138.6631,11.577871588,48.113579838,4,#e78ac3,marker
139278,9,1,88,141,2016,6,8,6,3,5,3,0,1,0,1,0,1,0,0,670157721.0,5308834.5412,11.277185295,47.910246584,2,#fc8d62,car
139279,9,7,71,144,2016,6,9,5,2,0,7,0,0,0,1,0,0,0,0,661454.4157,5372747.5792,11.185110745,48.487100102,2,#fc8d62,car
139282,9,7,61,0,2016,6,11,4,3,0,7,0,0,1,0,0,0,0,0,640314.5186,5358065.3466,10.894266983,48.36015857,1,#66c2a5,bicycle
139284,9,1,62,0,2016,6,17,6,3,6,4,0,0,0,0,1,0,0,1,684970.9306,5328561.7376,11.483744317,48.083469023,3,#8da0cb,toilet
139285,9,1,79,123,2016,6,17,6,3,5,3,0,0,1,0,0,0,0,1,676852921.0,5333130487.0,11.376730777,48.126842481,1,#66c2a5,bicycle
139286,9,7,72,171,2016,6,20,6,2,3,6,0,0,1,0,0,0,0,1,636846.7809,5372198.0687,10.85209054,48.487998724,1,#66c2a5,bicycle
139292,9,1,81,130,2016,6,18,7,3,6,7,0,0,1,0,1,0,0,0,638429.17,5324543.5754,10.857889576,48.059143871,1,#66c2a5,bicycle
139296,9,1,62,0,2016,6,16,6,3,5,3,0,0,1,1,0,0,0,0,691786.3577,5332663.6819,11.577009247,48.118323302,1,#66c2a5,bicycle
139297,9,1,79,123,2016,6,0,6,3,0,7,2,1,1,0,0,0,0,0,675772.0642,5333739.2926,11.362469098,48.132614605,1,#66c2a5,bicycle
139298,9,7,71,122,2016,6,16,6,3,5,3,0,0,0,1,0,1,0,0,655896.3754,5360928.5783,11.105545601,48.382245537,2,#fc8d62,car
139300,9,1,79,121,2016,6,9,7,3,0,7,0,0,1,0,0,0,0,0,667041.0573,5339637204.0,11.247531804,48.187988464,1,#66c2a5,bicycle
139303,9,1,62,0,2016,6,13,3,2,5,3,0,0,1,1,0,0,0,0,692476.8447,5337584.0336,11.588501188,48.162338019,1,#66c2a5,bicycle
139305,9,1,81,114,2016,6,18,6,3,0,1,0,0,0,0,0,0,0,1,654023.6537,5312105.1742,11.06258806,47.943732165,6,#ffd92f,circle
139308,9,1,79,123,2016,6,17,5,3,0,7,0,1,1,0,0,0,0,0,675408.5666,5333420.0175,11.357456351,48.129844815,1,#66c2a5,bicycle
139310,9,1,62,0,2016,6,9,6,3,2,6,0,1,0,1,0,0,0,0,692135.5113,5335250.5855,11.582862256,48.141468711,2,#fc8d62,car
139311,9,7,72,163,2016,6,7,6,3,5,3,0,1,0,1,0,0,0,0,640789.5567,5350135.4901,10.898028091,48.288749706,2,#fc8d62,car
139312,9,1,79,123,2016,6,13,5,3,5,2,0,0,1,1,0,0,0,0,676069.8,5333139683.0,11.366219523,48.127142235,1,#66c2a5,bicycle