OBJECTID,ULAND,UREGBEZ,UKREIS,UGEMEINDE,UJAHR,UMONAT,USTUNDE,UWOCHENTAG,UKATEGORIE,UART,UTYP1,ULICHTVERH,STRZUSTAND,IstRad,IstPKW,IstFuss,IstKrad,IstGkfz,IstSonstig,LINREFX,LINREFY,XGCSWGS84,YGCSWGS84,Teilnehmer,color,symbol
139314,9,1,74,126,2016,6,21,7,3,0,1,1,1,1,0,0,0,0,0,682978.0203,5345083474.0,11.464115324,48.232551928,1,#66c2a5,bicycle
139316,9,1,74,126,2016,6,12,5,3,3,6,0,0,0,1,0,0,0,1,681512.4904,5344878.7069,11.444310443,48.231132472,2,#fc8d62,car
139317,9,1,62,0,2016,6,13,3,3,3,6,0,0,0,1,0,0,0,0,691388.0655,5335379.0212,11.572882655,48.142848345,2,#fc8d62,car
139319,9,1,74,111,2016,6,20,6,2,0,1,2,0,0,0,0,1,0,0,664536.5826,5357714.3149,11.220894587,48.351155694,4,#e78ac3,marker
139327,9,7,61,0,2016,6,16,6,3,5,3,0,1,1,1,0,0,0,0,641848.6615,5361849.6246,10.916243162,48.393842315,1,#66c2a5,bicycle
139328,9,1,74,113,2016,6,8,5,3,5,3,0,0,1,1,0,0,0,0,674169.2402,5345438.6475,11.345741724,48.238224992,1,#66c2a5,bicycle
139329,9,1,63,0,2016,6,16,4,3,5,3,0,0,0,1,0,1,0,0,734199.1454,5304463.7597,12.13072557,47.850801634,2,#fc8d62,car
139332,9,1,74,115,2016,6,11,6,3,5,3,0,1,0,1,0,1,0,0,680815.4172,5347162.3779,11.435907205,48.251858742,2,#fc8d62,car
139336,9,1,78,124,2016,6,17,5,3,4,2,0,1,1,1,0,0,0,0,702607249.0,5364179057.0,11.737330615,48.398187439,1,#66c2a5,bicycle
139339,9,1,75,121,2016,6,7,5,3,5,3,0,0,0,1,0,0,0,0,714638.7325,5319280.0495,11.876979964,47.990770151,2,#fc8d62,car
139342,9,1,77,133,2016,6,23,6,3,1,3,2,0,0,1,0,0,0,0,706434.5285,5359617.6841,11.786736465,48.355958023,2,#fc8d62,car
139345,9,1,74,135,2016,6,0,7,3,0,7,2,0,0,0,0,1,0,0,663990.0213,5355327.0019,11.212593468,48.329836062,4,#e78ac3,marker
139349,9,1,78,145,2016,6,10,6,3,3,1,0,0,0,1,0,0,0,0,696360.6375,5354335.3667,11.648438933,48.311698392,2,#fc8d62,car
139350,9,7,61,0,2016,6,17,6,3,6,4,0,0,1,0,1,0,0,0,641361.3156,5360263.4853,10.909129696,48.379689856,1,#66c2a5,bicycle
139351,9,1,78,130,2016,6,23,6,2,0,1,2,1,1,0,0,0,0,0,703283175.0,5356891.2501,11.742930358,48.33247965,1,#66c2a5,bicycle
139352,9,7,61,0,2016,6,15,6,3,5,3,0,0,0,1,0,1,0,0,642394.4514,5360015.0611,10.922990222,48.37722382,2,#fc8d62,car
139354,9,1,79,121,2016,6,16,4,3,5,3,0,0,0,1,0,1,0,0,667612.0554,5339141359.0,11.255012755,48.183380443,2,#fc8d62,car
139356,9,1,62,0,2016,6,13,4,3,5,2,0,0,0,1,0,0,0,0,689430569.0,5337170873.0,11.547392091,48.15953943,2,#fc8d62,car
139358,9,1,78,124,2016,6,8,6,3,6,4,0,1,0,1,1,0,0,0,704664.9047,5363644.6689,11.764836725,48.392720947,2,#fc8d62,car
139363,9,1,62,0,2016,6,7,4,3,2,6,0,0,0,1,0,0,0,0,689599.8198,5334898.1525,11.548653473,48.139061689,2,#fc8d62,car
139364,9,1,79,121,2016,6,5,4,3,5,3,0,0,0,1,0,0,0,0,666503.0516,5337758.5258,11.239562585,48.171240363,2,#fc8d62,car
139366,9,1,62,0,2016,6,12,4,3,3,2,0,0,1,1,0,0,0,0,691658.2224,5332789.8688,11.575346034,48.119496036,1,#66c2a5,bicycle
139368,9,1,79,121,2016,6,20,4,3,4,2,0,0,0,1,0,0,0,0,666504.5037,5337765.2146,11.239584721,48.171300115,2,#fc8d62,car
139369,9,1,78,145,2016,6,12,7,2,0,1,0,0,1,0,0,0,0,0,697379.99,5355055294.0,11.662509037,48.317851083,1,#66c2a5,bicycle
139371,9,1,62,0,2016,6,18,4,3,0,6,0,0,1,1,0,0,0,0,690810.8588,5334598.9068,11.564781678,48.136010091,1,#66c2a5,bicycle
139374,9,1,77,118,2016,6,7,6,3,5,3,0,1,0,1,0,1,0,0,708954.6,5345631773.0,11.813794434,48.229454131,2,#fc8d62,car
139379,9,1,62,0,2016,6,10,4,3,8,1,0,0,0,1,0,0,0,0,678481.2396,5341208.6475,11.401983718,48.199002823,2,#fc8d62,car
139380,9,1,74,115,2016,6,16,4,2,5,3,0,0,0,1,0,1,0,0,682220292.0,5346524.8833,11.454541026,48.245726258,2,#fc8d62,car
139382,9,7,72,200,2016,6,18,3,3,9,7,0,1,0,1,0,0,0,0,630726.9919,5337671.1948,10.758594357,48.178822184,2,#fc8d62,car
139383,9,1,75,122,2016,6,18,6,3,5,3,0,0,0,1,0,1,0,0,721364617.0,5326077996.0,11.970519114,48.049558074,2,#fc8d62,car
139385,9,1,78,145,2016,6,23,4,3,5,1,2,0,0,1,0,0,0,0,697559.5182,5354279.0105,11.664564484,48.310818601,2,#fc8d62,car
139386,9,1,84,148,2016,6,8,5,3,5,3,0,0,1,1,0,0,0,0,694472.0986,5327480.0881,11.610697504,48.070920283,1,#66c2a5,bicycle
139389,9,1,62,0,2016,6,18,3,3,5,3,0,0,0,1,0,0,0,0,693620582.0,5332556745.0,11.601580709,48.116807119,2,#fc8d62,car
139391,9,1,62,0,2016,6,16,4,3,5,3,0,0,0,1,0,0,0,0,691779.6742,5333317.7944,11.577213785,48.124204403,2,#fc8d62,car
139394,9,1,62,0,2016,6,15,5,3,0,3,0,0,0,1,0,1,0,0,690675.0379,5336178.8028,11.563665399,48.150250823,2,#fc8d62,car
139396,9,1,62,0,2016,6,17,3,2,0,7,0,0,1,0,0,0,0,0,688513.9061,5333239.6112,11.533337353,48.124477072,1,#66c2a5,bicycle
139397,9,1,78,120,2016,6,14,7,3,5,2,0,0,0,1,0,0,0,0,695470.3273,5353733.7268,11.636165309,48.306567122,2,#fc8d62,car
139399,9,1,62,0,2016,6,12,4,3,3,2,0,0,1,1,0,0,0,0,689414.9887,5337157.2282,11.547176713,48.159421431,1,#66c2a5,bicycle
139400,9,1,75,114,2016,6,8,7,2,8,1,0,0,0,0,0,1,0,0,714812.0932,5323432.4844,11.881380057,48.028024868,4,#e78ac3,marker
139402,9,1,84,120,2016,6,16,4,3,5,3,0,0,1,0,0,0,0,0,680961044.0,5331801202.0,11.431324741,48.113739133,1,#66c2a5,bicycle
139404,9,7,62,0,2016,6,17,6,3,5,7,0,0,0,1,1,0,0,0,622311.8221,5307960.7001,10.63694898,47.91329912,2,#fc8d62,car
139405,9,1,62,0,2016,6,4,5,3,5,3,2,1,1,1,0,0,0,0,691224.6443,5334400.2293,11.570248589,48.134100195,1,#66c2a5,bicycle
139408,9,1,62,0,2016,6,8,6,3,0,7,0,1,0,0,0,1,0,1,690146.0191,5334452.0099,11.555788912,48.134888774,4,#e78ac3,marker
139410,9,1,62,0,2016,6,12,4,3,1,5,0,0,1,1,0,0,0,0,687427337.0,5339182.4556,11.521367246,48.178213577,1,#66c2a5,bicycle
139411,9,7,72,209,2016,6,10,3,3,8,1,0,0,0,0,0,1,0,0,636742.1664,5336462.1365,10.839081747,48.166683886,4,#e78ac3,marker
139418,9,7,61,0,2016,6,16,2,3,5,7,0,0,1,0,0,0,1,0,640218.8296,5357288.0577,10.892716907,48.353190673,1,#66c2a5,bicycle
139419,9,1,88,139,2016,6,19,3,3,2,6,0,0,0,1,0,1,0,0,669629.1592,5318794.3045,11.274044909,47.999926608,2,#fc8d62,car
139420,9,1,62,0,2016,6,15,7,2,0,7,0,0,1,1,0,0,0,0,697484.6788,5331399.0457,11.652907477,48.105215926,1,#66c2a5,bicycle
139421,9,1,74,126,2016,6,1,1,3,1,7,2,1,0,1,1,0,0,0,680712.9117,5342584.6881,11.432575402,48.210740502,2,#fc8d62,car
139422,9,1,62,0,2016,6,11,3,3,5,3,0,0,0,1,0,1,0,0,686776.3913,5327869.7945,11.507661173,48.076723172,2,#fc8d62,car
139426,9,7,61,0,2016,6,6,2,3,4,6,0,0,0,1,0,0,0,0,635839.3842,5355729.9996,10.833131114,48.34013782,2,#fc8d62,car
139427,9,1,79,126,2016,6,17,3,3,2,2,0,0,1,1,0,0,0,0,677516.2543,5340501.0625,11.388712939,48.192912819,1,#66c2a5,bicycle
139430,9,7,61,0,2016,6,15,2,3,0,4,0,0,0,0,1,0,0,1,639799214.0,5358685.7876,10.887520411,48.365851722,3,#8da0cb,toilet
139431,9,1,74,113,2016,6,13,3,3,8,1,0,0,0,1,0,0,0,0,674826.92,5350423.6036,11.35665163,48.282854596,2,#fc8d62,car
139436,9,1,62,0,2016,6,7,3,3,0,7,0,1,0,0,0,1,1,0,697916.7365,5334491.0239,11.660140263,48.132870378,4,#e78ac3,marker
139441,9,1,77,117,2016,6,14,3,3,5,3,0,0,1,1,0,0,0,0,715605.3731,5354077.1519,11.907540996,48.303111978,1,#66c2a5,bicycle
139442,9,2,74,113,2016,6,18,1,2,0,7,0,0,1,0,0,0,0,0,730087.5145,5382072923.0,12.117910489,48.549505143,1,#66c2a5,bicycle
139444,9,1,62,0,2016,6,17,3,3,5,7,0,0,1,1,0,0,0,0,689398.9206,5332137.3616,11.54472881,48.114307255,1,#66c2a5,bicycle
139445,9,1,88,141,2016,6,9,4,3,6,4,0,0,0,1,1,0,0,0,668416.6702,5312023.9452,11.255150593,47.939379923,2,#fc8d62,car
139447,9,1,62,0,2016,6,9,3,3,0,4,0,0,1,0,1,0,0,0,688013.1894,5331983.3729,11.526061332,48.113333765,1,#66c2a5,bicycle
139451,9,1,75,114,2016,6,7,3,3,5,3,0,0,0,1,0,0,0,0,718046.4258,5324944.2683,11.9254751,48.040513135,2,#fc8d62,car
139452,9,1,79,123,2016,6,23,1,3,5,3,2,0,0,1,0,0,0,0,676438.7971,5332785.6305,11.371027543,48.12385739,2,#fc8d62,car
139455,9,1,62,0,2016,6,8,3,3,0,2,0,0,1,1,0,0,0,0,690194.5411,5335424.1275,11.556874548,48.143611669,1,#66c2a5,bicycle
139456,9,1,81,130,2016,6,21,4,3,0,7,0,0,1,0,0,0,0,0,638466.1256,5322117.1401,10.857600224,48.037316436,1,#66c2a5,bicycle
139459,9,1,62,0,2016,6,16,2,3,0,7,0,0,1,0,0,0,0,0,689651556.0,5342773039.0,11.552861577,48.209825628,1,#66c2a5,bicycle
139460,9,1,63,0,2016,6,8,2,3,0,7,0,0,1,0,0,0,0,0,732049.3324,5304110.5025,12.101841625,47.848407522,1,#66c2a5,bicycle
139462,9,1,62,0,2016,6,7,2,3,4,6,0,0,1,1,0,1,0,0,696038.0417,5331568.8185,11.633573465,48.107188551,1,#66c2a5,bicycle
139463,9,1,62,0,2016,6,18,3,3,0,6,0,0,1,0,0,0,0,0,691743.4487,5335214326.0,11.577581002,48.141261087,1,#66c2a5,bicycle
139467,9,1,81,130,2016,6,13,4,3,0,7,0,0,1,0,0,0,0,0,636703.4195,5320652.1576,10.833497646,48.024522381,1,#66c2a5,bicycle
139468,9,1,62,0,2016,6,9,2,2,7,7,0,0,1,0,0,0,0,1,695151.8691,5334778.8083,11.623151007,48.136310618,1,#66c2a5,bicycle
139469,9,1,87,117,2016,6,10,2,3,6,4,0,0,0,1,1,0,0,0,725143.1799,5305557.8235,12.010413005,47.863867454,2,#fc8d62,car
139472,9,1,62,0,2016,6,16,2,3,4,6,0,0,1,1,0,0,0,0,694192521.0,5334515.1754,11.610149581,48.13423465,1,#66c2a5,bicycle
139474,9,1,77,117,2016,6,13,1,3,5,2,0,1,0,1,0,1,0,0,716143793.0,5354361.8852,11.914937888,48.305486628,2,#fc8d62,car
139479,9,1,62,0,2016,6,14,7,3,5,3,0,0,1,1,0,0,0,0,689483.7101,5331488.2898,11.545578527,48.108448098,1,#66c2a5,bicycle
139483,9,1,74,151,2016,6,7,4,3,4,2,0,0,1,1,0,0,0,0,678874.1004,5361153.0075,11.415711153,48.378167251,1,#66c2a5,bicycle
139484,9,1,62,0,2016,6,17,2,3,1,5,0,0,1,1,0,0,0,0,689867.7173,5337352.3401,11.553345641,48.161040074,1,#66c2a5,bicycle
139493,9,1,62,0,2016,6,14,2,3,6,4,0,0,0,1,1,0,0,0,689417.6588,5333066361.0,11.545393016,48.122651634,2,#fc8d62,car
139495,9,1,86,143,2016,6,17,2,3,5,3,0,0,0,1,0,1,0,0,685578.5631,5377915.9421,11.513596953,48.526893692,2,#fc8d62,car
139497,9,1,62,0,2016,6,8,2,2,1,5,0,0,0,1,0,1,0,0,692311.7542,5337619.2274,11.586299247,48.162704288,2,#fc8d62,car
139508,9,7,78,116,2016,6,12,3,3,5,3,0,0,0,1,1,0,0,0,619234088.0,5318052319.0,10.598573332,48.004640307,2,#fc8d62,car
139512,9,1,75,132,2016,6,11,4,3,5,3,0,0,0,1,0,0,0,0,707647.1326,5334030.3567,11.790542057,48.125630779,2,#fc8d62,car
139514,9,1,79,126,2016,6,11,2,2,0,7,0,0,1,0,0,0,0,0,677381.5887,5339705.9478,11.3865704,48.185803099,1,#66c2a5,bicycle
139516,9,1,62,0,2016,6,17,2,2,4,2,0,0,0,1,0,1,0,0,692938829.0,5333675429.0,11.59293638,48.127068515,2,#fc8d62,car
139517,9,7,71,130,2016,6,18,7,3,5,7,0,0,1,1,0,0,0,0,646209.9047,5357394.3721,10.973574352,48.352787934,1,#66c2a5,bicycle
139518,9,1,62,0,2016,6,18,7,3,5,3,0,0,1,0,0,0,0,0,693530614.0,5342617728.0,11.6049505,48.207258953,1,#66c2a5,bicycle
139519,9,7,77,172,2016,6,14,3,3,0,1,0,0,1,0,0,0,0,0,627909.2015,5306432.1871,10.711373832,47.898460657,1,#66c2a5,bicycle
139523,9,1,78,157,2016,6,19,4,3,0,1,0,0,1,0,0,0,0,0,702860.6788,5369926.7516,11.74353095,48.449755931,1,#66c2a5,bicycle
139524,9,1,62,0,2016,6,11,2,3,6,3,0,0,0,1,1,0,0,0,691450.2836,5334373.7099,11.573266317,48.133794005,2,#fc8d62,car
139525,9,1,88,127,2016,6,7,2,3,4,2,0,0,0,1,0,0,0,0,676770.1504,5329865.8109,11.374266358,48.097518409,2,#fc8d62,car
139527,9,1,62,0,2016,6,11,3,3,6,4,0,0,1,0,1,0,0,0,691642.1748,5334747.2378,11.576010846,48.137093473,1,#66c2a5,bicycle
139528,9,1,62,0,2016,6,16,1,3,0,7,0,1,0,0,0,1,0,1,691978.9594,5333436.9179,11.5799427,48.125215007,4,#e78ac3,marker
139531,9,1,62,0,2016,6,11,2,2,6,2,0,0,0,0,1,0,0,1,693162.6149,5331885.1393,11.595129619,48.11090996,3,#8da0cb,toilet
139532,9,7,71,130,2016,6,12,7,3,0,1,0,0,1,0,0,0,0,0,645839.3772,5361494.9053,10.969998149,48.389742665,1,#66c2a5,bicycle
139533,9,1,62,0,2016,6,9,7,3,5,3,0,0,1,1,0,0,0,0,687515.8215,5336172.8808,11.521229492,48.151136803,1,#66c2a5,bicycle
139537,9,1,62,0,2016,6,13,1,3,5,2,0,1,0,1,0,0,1,0,700047.3362,5335210.7166,11.689082453,48.138672213,2,#fc8d62,car
139538,9,1,62,0,2016,6,17,2,3,3,6,0,0,1,1,0,0,0,0,679687692.0,5336907675.0,11.416386486,48.1600016,1,#66c2a5,bicycle
139539,9,1,62,0,2016,6,19,1,2,4,7,0,1,0,1,0,0,0,0,689764.7609,5333389.9089,11.550196624,48.125456346,2,#fc8d62,car
139542,9,7,61,0,2016,6,12,3,3,1,6,0,0,0,1,0,0,0,0,639692.1888,5357496378.0,10.885681301,48.355180554,2,#fc8d62,car
139544,9,7,71,113,2016,6,5,7,3,8,1,0,0,0,1,0,0,0,0,649526094.0,5367529389.0,11.021917609,48.443135038,2,#fc8d62,car
139545,9,7,71,130,2016,6,16,3,3,0,1,0,0,1,0,0,0,0,0,646405917.0,5357847.1427,10.976376037,48.356813506,1,#66c2a5,bicycle
139547,9,1,63,0,2016,6,18,4,3,6,2,0,0,0,1,1,0,0,0,734551258.0,5304271946.0,12.135321287,47.848950016,2,#fc8d62,car
139548,9,1,84,112,2016,6,11,1,3,8,1,0,1,0,1,0,0,0,0,702971.3936,5338277.6461,11.729804932,48.165307959,2,#fc8d62,car
139550,9,1,62,0,2016,6,13,2,3,5,3,0,0,1,1,0,0,0,0,687614.4108,5341233.3841,11.524787158,48.196592425,1,#66c2a5,bicycle
139553,9,7,61,0,2016,6,7,3,3,1,6,0,0,1,0,0,0,0,0,638604.0852,5360895.8897,10.872121888,48.385988056,1,#66c2a5,bicycle
139554,9,1,62,0,2016,6,11,3,3,0,2,0,0,1,1,0,0,0,0,685892823.0,5329876995.0,11.496683624,48.095023078,1,#66c2a5,bicycle
139556,9,1,62,0,2016,6,0,1,3,6,4,2,1,0,1,1,0,0,0,691817.4593,5334647338.0,11.578319522,48.136142778,2,#fc8d62,car
139558,9,1,63,0,2016,6,7,4,3,1,3,0,0,1,0,0,0,0,0,734116.0981,5304969.09,12.12989057,47.855371762,1,#66c2a5,bicycle
139559,9,1,62,0,2016,6,12,1,3,5,3,0,1,0,1,0,0,0,0,681933.0289,5339497.1731,11.447660822,48.182639341,2,#fc8d62,car
139561,9,1,62,0,2016,6,15,2,3,2,6,0,0,0,1,0,1,0,0,698328.7056,5333271.0605,11.665103499,48.121778035,2,#fc8d62,car
139562,9,1,79,142,2016,6,10,1,2,5,3,0,1,1,1,0,0,0,0,674278.8282,5343894.2839,11.34658123,48.224312185,1,#66c2a5,bicycle
139565,9,7,61,0,2016,6,7,3,3,5,1,0,0,1,1,0,0,0,0,639779.1464,5357674.6027,10.886913661,48.356763861,1,#66c2a5,bicycle
139566,9,1,84,130,2016,6,17,3,3,5,3,0,0,0,1,0,0,0,0,699681879.0,5344121066.0,11.688361943,48.218864363,2,#fc8d62,car
139567,9,1,62,0,2016,6,19,1,3,0,7,0,1,1,0,0,0,0,0,690534.7575,5332614266.0,11.560187038,48.118254881,1,#66c2a5,bicycle
139569,9,1,62,0,2016,6,8,2,3,5,3,0,0,1,1,0,0,0,0,694310441.0,5336465.4927,11.612622806,48.151727333,1,#66c2a5,bicycle
139571,9,1,62,0,2016,6,13,7,3,2,6,0,0,0,1,0,0,0,0,686266454.0,5331173.9604,11.50226286,48.10657168,2,#fc8d62,car
139572,9,7,61,0,2016,6,18,3,3,5,2,0,0,0,1,0,1,0,0,641948664.0,5359459085.0,10.916785797,48.372325175,2,#fc8d62,car
139573,9,2,61,0,2016,6,16,3,3,5,3,0,0,0,1,0,0,0,0,731579.8533,5382620.2309,12.138405964,48.55387241,2,#fc8d62,car
139575,9,1,62,0,2016,6,9,2,3,3,6,0,0,1,0,0,0,0,0,692870.2917,5334747.6246,11.592501619,48.136725921,1,#66c2a5,bicycle
139578,9,1,62,0,2016,6,16,3,3,2,7,0,0,0,1,0,0,0,1,688638125.0,5336490748.0,11.536444933,48.153661974,2,#fc8d62,car
139579,9,1,62,0,2016,6,19,2,3,6,6,0,0,1,0,1,0,0,0,690871.2592,5334466.5739,11.565533411,48.134802578,1,#66c2a5,bicycle
139580,9,1,62,0,2016,6,20,1,3,4,2,0,0,0,1,0,1,0,0,694447.0374,5333053.0065,11.612899735,48.121015525,2,#fc8d62,car
139583,9,1,62,0,2016,6,13,2,3,3,7,0,0,1,0,1,0,0,0,690136.3046,5334171.2083,11.555533152,48.132367827,1,#66c2a5,bicycle
139585,9,1,62,0,2016,6,14,7,3,2,5,0,0,0,1,0,1,0,0,691862.5822,5337168.3788,11.580061595,48.158787854,2,#fc8d62,car
139586,9,7,61,0,2016,6,12,3,3,0,1,0,0,1,0,0,0,0,0,642089.2708,5356958.7955,10.917838946,48.349812002,1,#66c2a5,bicycle
139588,9,1,63,0,2016,6,9,4,3,5,3,0,0,0,1,0,1,0,0,734153.6903,5304933.7522,12.130373236,47.855040594,2,#fc8d62,car
139589,9,1,62,0,2016,6,21,1,3,4,3,1,1,0,1,0,0,0,0,691492.4295,5337027.9175,11.575025989,48.157636986,2,#fc8d62,car
139592,9,1,84,135,2016,6,16,3,3,5,3,0,0,1,1,0,0,0,0,689113.3422,5347155.7078,11.547579877,48.249377324,1,#66c2a5,bicycle
139593,9,1,62,0,2016,6,18,2,3,6,7,0,0,1,0,1,0,0,0,692178.3191,5335574.8569,11.583583459,48.144370271,1,#66c2a5,bicycle
139598,9,7,61,0,2016,6,17,3,3,0,4,0,0,1,0,1,0,0,0,640566.7717,5359163.6558,10.898037531,48.369978093,1,#66c2a5,bicycle
139599,9,1,87,150,2016,6,18,4,3,1,1,0,0,0,1,0,0,0,0,728655.5421,5304746.0302,12.056879379,47.85533353,2,#fc8d62,car
139605,9,2,74,126,2016,6,16,4,3,0,1,0,0,0,0,0,0,1,0,732479.4731,5384437.7335,12.151593692,48.569865688,5,#a6d854,bus
139607,9,7,72,147,2016,6,17,1,2,8,1,0,0,1,0,0,0,0,0,639173678.0,5365773868.0,10.881428818,48.429723926,1,#66c2a5,bicycle
139612,9,7,61,0,2016,6,2,1,2,0,7,2,1,1,0,0,0,0,0,637005.0075,5360157.8163,10.850294334,48.379700734,1,#66c2a5,bicycle
139614,9,1,79,140,2016,6,14,1,2,5,3,0,1,0,1,0,1,0,0,660160545.0,5345011.6418,11.157053632,48.238079422,2,#fc8d62,car
139616,9,2,74,126,2016,6,11,4,3,5,3,0,0,0,0,0,1,0,1,733168.6072,5382959.6134,12.160093042,48.556332394,4,#e78ac3,marker
139618,9,1,62,0,2016,6,9,3,3,4,7,0,0,0,1,0,0,0,0,693438.9716,5340340217.0,11.602680637,48.186817571,2,#fc8d62,car
139620,9,1,62,0,2016,6,12,3,3,5,3,0,0,1,1,0,0,0,0,691565.5027,5336516.1389,11.575777193,48.153015193,1,#66c2a5,bicycle
139622,9,7,61,0,2016,6,14,1,3,5,3,0,0,1,1,0,0,0,0,639943.1121,5357375.4352,10.889026345,48.354037508,1,#66c2a5,bicycle
139625,9,1,62,0,2016,6,10,7,3,5,3,0,0,0,1,0,0,0,0,687854.6006,5343117.2022,11.528850096,48.213453353,2,#fc8d62,car
139627,9,1,63,0,2016,6,16,3,3,1,6,0,0,1,1,0,0,0,0,733972.8513,5305343.1191,12.128180777,47.858784196,1,#66c2a5,bicycle
139630,9,1,62,0,2016,6,19,3,3,5,3,0,0,1,1,0,0,0,0,692294.1145,5335021.7898,11.58488879,48.139364428,1,#66c2a5,bicycle
139631,9,7,77,172,2016,6,13,2,3,0,3,0,0,0,1,0,0,0,0,628138.6262,5305533.8287,10.714175272,47.890335651,2,#fc8d62,car
139632,9,7,61,0,2016,6,23,1,3,6,7,2,0,0,1,1,0,0,0,640696.3184,5358596.2711,10.89959596,48.364847498,2,#fc8d62,car
139641,9,1,84,147,2016,6,10,7,3,5,3,0,0,1,1,0,0,0,0,696302.3344,5340745.3704,11.64135164,48.189580487,1,#66c2a5,bicycle
139643,9,1,63,0,2016,6,16,3,3,0,1,0,0,0,0,0,1,0,0,733849549.0,5304736.0358,12.126206595,47.853375035,4,#e78ac3,marker
139645,9,1,62,0,2016,6,17,3,3,3,2,0,0,1,1,0,0,0,0,689260.2485,5337359.1023,11.545187771,48.161281961,1,#66c2a5,bicycle
139656,9,1,86,151,2016,6,17,4,3,2,7,0,0,0,1,0,1,0,0,681463.3712,5374510.3778,11.456431191,48.497487232,2,#fc8d62,car
139659,9,7,72,200,2016,6,14,2,3,5,3,0,0,0,1,0,0,0,0,630652.8627,5338031.1461,10.757708313,48.182074354,2,#fc8d62,car
139667,9,7,72,147,2016,6,14,2,3,0,7,0,0,1,0,0,0,0,0,638723.8116,5365176.3861,10.875152944,48.424450803,1,#66c2a5,bicycle
139669,9,7,72,163,2016,6,8,2,3,3,7,0,0,1,1,0,0,0,0,639744.9373,5347671.8965,10.883138603,48.26682887,1,#66c2a5,bicycle
139672,9,1,73,147,2016,6,19,4,3,5,3,0,0,1,0,0,0,1,0,681647.8457,5308944.0057,11.430862687,47.908079572,1,#66c2a5,bicycle
139674,9,1,62,0,2016,6,11,3,3,3,6,0,0,1,0,0,0,0,0,689832915.0,5336695.9865,11.552585252,48.15515116,1,#66c2a5,bicycle
139677,9,7,61,0,2016,6,14,2,3,2,6,0,0,0,1,0,0,0,0,639295.4881,5361561.2626,10.881676057,48.391818597,2,#fc8d62,car
139680,9,7,61,0,2016,6,9,6,3,5,3,0,0,1,1,0,0,0,0,641544.6581,5360456109.0,10.911669237,48.381380741,1,#66c2a5,bicycle
139683,9,1,88,132,2016,6,14,6,2,8,7,0,0,0,0,0,1,0,0,667361.2421,5322478.9691,11.245103977,48.033650333,4,#e78ac3,marker
139684,9,7,77,130,2016,6,6,4,3,5,3,0,0,0,1,0,0,0,0,624334.8963,5309181.1091,10.66436497,47.923885813,2,#fc8d62,car
139685,9,1,74,115,2016,6,7,5,3,5,3,0,0,1,1,0,0,0,0,682272.8097,5347667.1693,11.455739631,48.255978622,1,#66c2a5,bicycle
139688,9,1,79,145,2016,6,15,6,3,5,3,0,0,1,0,0,0,0,0,675255.4966,5338471.5533,11.357481191,48.175296898,1,#66c2a5,bicycle
139693,9,1,78,143,2016,6,17,5,2,0,7,0,0,1,0,0,0,0,0,715815.4248,5371270.6507,11.91919686,48.457522834,1,#66c2a5,bicycle
139696,9,1,88,120,2016,6,19,6,3,4,6,0,0,1,1,0,0,0,0,677296.5508,5326532.6542,11.379947016,48.067409478,1,#66c2a5,bicycle
139697,9,1,78,124,2016,6,10,5,3,0,7,0,0,0,0,1,1,0,0,702880.7675,5364544.9642,11.741198389,48.401387637,3,#8da0cb,toilet
139700,9,1,79,121,2016,6,13,6,3,5,3,0,0,1,1,0,0,0,0,666379.2577,5337374.8273,11.237748654,48.167823313,1,#66c2a5,bicycle
139701,9,1,78,124,2016,6,7,5,3,5,3,0,0,1,1,0,0,0,0,702293.6425,5364866.2864,11.733429753,48.404463773,1,#66c2a5,bicycle
139707,9,1,77,117,2016,6,13,5,2,5,2,0,0,1,0,0,1,0,0,715071.2044,5353674.9186,11.900142172,48.299679633,1,#66c2a5,bicycle
139709,9,1,79,121,2016,6,12,6,3,0,7,0,0,1,0,0,0,0,0,667208291.0,5339651.4865,11.249785751,48.188072862,1,#66c2a5,bicycle
139710,9,7,77,121,2016,6,11,5,3,4,3,0,0,1,1,0,0,0,0,628289.0613,5321250.4965,10.720875974,48.031648677,1,#66c2a5,bicycle
139712,9,7,61,0,2016,6,15,6,3,2,3,0,0,0,1,0,1,0,0,637430.4116,5355425.6387,10.854490854,48.337056938,2,#fc8d62,car
139718,9,1,62,0,2016,6,18,4,3,3,6,0,0,0,1,0,1,0,0,700448.4419,5334459.1079,11.694114381,48.131791273,2,#fc8d62,car
139720,9,1,74,115,2016,6,13,6,2,5,3,0,0,0,0,0,1,1,0,679447.5685,5350355.8103,11.418851858,48.280952449,4,#e78ac3,marker
139721,9,7,61,0,2016,6,13,5,3,1,5,0,0,1,1,0,0,0,0,640564.5323,5357891.4483,10.897582188,48.358539318,1,#66c2a5,bicycle
139723,9,7,61,0,2016,6,20,6,3,5,3,1,0,1,1,0,0,0,0,639718.1453,5356395.3932,10.885666075,48.345275023,1,#66c2a5,bicycle
139726,9,1,62,0,2016,6,16,4,3,2,6,0,0,0,1,0,1,0,0,689008.4702,5332095.4151,11.53946955,48.11404623,2,#fc8d62,car
139729,9,1,62,0,2016,6,16,4,3,5,3,0,0,1,0,0,0,0,0,689644.4452,5334884.2854,11.549246549,48.138923753,1,#66c2a5,bicycle