OBJECTID,ULAND,UREGBEZ,UKREIS,UGEMEINDE,UJAHR,UMONAT,USTUNDE,UWOCHENTAG,UKATEGORIE,UART,UTYP1,ULICHTVERH,STRZUSTAND,IstRad,IstPKW,IstFuss,IstKrad,IstGkfz,IstSonstig,LINREFX,LINREFY,XGCSWGS84,YGCSWGS84,Teilnehmer,color,symbol
139732,9,7,61,0,2016,6,17,5,3,1,7,0,0,0,1,0,0,0,0,641788.5308,5360234.3083,10.914886185,48.379331645,2,#fc8d62,car
139734,9,7,61,0,2016,6,11,6,3,5,3,0,0,0,1,0,1,0,0,640266327.0,5358599927.0,10.893795,48.364976064,2,#fc8d62,car
139737,9,1,78,143,2016,6,8,6,3,4,2,0,0,1,1,0,0,0,0,717263.3855,5372216.8208,11.939246952,48.465525608,1,#66c2a5,bicycle
139738,9,1,62,0,2016,6,22,4,2,1,1,2,0,1,1,0,0,0,0,691883.8279,5334212695.0,11.579014914,48.132216264,1,#66c2a5,bicycle
139741,9,1,78,124,2016,6,10,6,3,5,3,0,0,1,1,0,0,0,0,703889.3914,5363936.9932,11.754514759,48.395598985,1,#66c2a5,bicycle
139743,9,7,72,147,2016,6,17,5,3,5,3,0,0,1,1,0,0,0,0,639000.65,5364341757.0,10.878616274,48.416885056,1,#66c2a5,bicycle
139745,9,7,78,173,2016,6,15,6,3,0,2,0,0,0,0,0,1,0,1,614112.4357,5320766.9158,10.530655848,48.029990123,4,#e78ac3,marker
139746,9,1,75,124,2016,6,12,6,3,5,3,0,0,0,1,0,0,0,0,714534.7116,5328514.0962,11.88021148,48.073780103,2,#fc8d62,car
139748,9,7,61,0,2016,6,13,5,3,6,2,0,0,0,1,1,0,0,0,640279.8982,5358595.4475,10.893976632,48.36493277,2,#fc8d62,car
139750,9,7,61,0,2016,6,11,6,3,0,7,0,0,1,0,0,0,0,0,639144157.0,5359173.7677,10.878842466,48.370384264,1,#66c2a5,bicycle
139753,9,1,77,139,2016,6,19,6,3,0,1,0,0,1,0,0,0,0,0,732898.3369,5359326.2512,12.143292851,48.344137392,1,#66c2a5,bicycle
139754,9,1,62,0,2016,6,15,4,3,5,3,0,0,0,1,0,0,0,0,698826.8142,5333384.1565,11.671842197,48.122639104,2,#fc8d62,car
139760,9,1,62,0,2016,6,8,4,3,5,3,0,0,1,0,0,1,0,0,692147571.0,5338112531.0,11.584316431,48.167187625,1,#66c2a5,bicycle
139762,9,1,62,0,2016,6,22,5,3,0,1,2,0,1,0,0,0,0,0,690589.5879,5341314.4784,11.56482016,48.19643536,1,#66c2a5,bicycle
139764,9,1,62,0,2016,6,8,4,3,2,6,0,0,0,1,0,0,0,0,692719.9752,5340438.7213,11.593061682,48.187921423,2,#fc8d62,car
139767,9,1,62,0,2016,6,7,5,3,5,2,0,0,0,1,0,0,0,0,688657.1166,5335669.5079,11.536336047,48.146274932,2,#fc8d62,car
139768,9,1,62,0,2016,6,17,4,2,5,2,0,0,0,0,0,0,0,1,690857.2432,5334812.5334,11.565500224,48.137916245,6,#ffd92f,circle
139772,9,7,61,0,2016,6,14,4,3,0,1,0,0,1,0,0,0,0,0,639017343.0,5359166567.0,10.877128691,48.370347463,1,#66c2a5,bicycle
139773,9,1,62,0,2016,6,7,4,3,3,2,0,0,0,1,0,1,0,0,689871.3229,5333259.7552,11.551569231,48.124254744,2,#fc8d62,car
139778,9,7,71,169,2016,6,16,6,3,5,3,0,0,1,1,0,0,0,0,642346.4697,5375725.0694,10.927683205,48.518489602,1,#66c2a5,bicycle
139780,9,2,74,124,2016,6,16,5,3,5,6,0,0,1,1,0,0,0,0,722928739.0,5374761725.0,12.017138122,48.486407153,1,#66c2a5,bicycle
139781,9,1,62,0,2016,6,20,4,1,6,2,0,0,0,0,1,0,1,0,687505.1035,5338952.3591,11.522310838,48.176122486,3,#8da0cb,toilet
139784,9,1,62,0,2016,6,17,5,3,0,7,0,0,0,0,1,0,0,1,693729.1141,5333761.0263,11.603584711,48.127597827,3,#8da0cb,toilet
139791,9,1,62,0,2016,6,13,5,3,5,3,0,0,1,1,0,0,0,0,682748.0404,5338788.9618,11.458310686,48.176039598,1,#66c2a5,bicycle
139794,9,1,62,0,2016,6,20,5,1,4,6,0,0,0,1,0,1,0,0,685818.7245,5328662.7149,11.495161045,48.084130127,2,#fc8d62,car
139795,9,7,61,0,2016,6,10,4,3,3,6,0,0,1,1,0,0,0,0,637862.0963,5357555.0595,10.861010053,48.35611042,1,#66c2a5,bicycle
139796,9,1,62,0,2016,6,8,4,3,3,6,0,0,1,1,0,0,0,0,693817.1576,5334380.5296,11.605048466,48.13313892,1,#66c2a5,bicycle
139799,9,1,62,0,2016,6,16,5,3,0,2,0,0,1,1,0,0,0,0,692415.7875,5340961.1513,11.589209835,48.192709075,1,#66c2a5,bicycle
139805,9,1,73,147,2016,6,17,5,3,5,3,0,0,0,1,0,0,0,1,681406.7858,5308849.9911,11.427600209,47.90730267,2,#fc8d62,car
139806,9,1,62,0,2016,6,15,5,3,5,2,0,0,1,1,0,0,0,0,683737.3062,5338607.9792,11.471527159,48.174127578,1,#66c2a5,bicycle
139807,9,1,62,0,2016,6,16,4,3,2,6,0,0,0,1,0,0,0,0,689002.8679,5332085.4392,11.539389935,48.113958227,2,#fc8d62,car
139809,9,1,62,0,2016,6,12,4,3,5,2,0,0,1,1,0,0,0,0,683245.8458,5335507.6168,11.463587178,48.146401544,1,#66c2a5,bicycle
139810,9,7,62,0,2016,6,17,6,2,0,1,0,0,1,0,0,0,0,0,620504.1143,5305352.6633,10.612037104,47.890185288,1,#66c2a5,bicycle
139814,9,1,90,138,2016,6,18,5,3,0,7,0,0,1,0,0,0,0,0,660824.6663,5310596.0447,11.153034149,47.928492456,1,#66c2a5,bicycle
139815,9,1,62,0,2016,6,18,4,3,1,6,0,0,0,1,0,1,0,0,685443.1242,5337741.9842,11.494072671,48.165848232,2,#fc8d62,car
139817,9,1,62,0,2016,6,10,5,3,5,3,0,0,1,1,0,0,0,0,685332.6689,5341815.7814,11.494365682,48.20249723,1,#66c2a5,bicycle
139825,9,7,61,0,2016,6,10,4,2,5,2,0,0,0,1,0,1,0,0,637241.2127,5360174.8442,10.853488183,48.37980251,2,#fc8d62,car
139826,9,1,62,0,2016,6,17,4,3,5,3,0,0,1,1,0,0,0,0,688318.3426,5340267.8462,11.533822437,48.18770574,1,#66c2a5,bicycle
139828,9,1,62,0,2016,6,8,5,3,3,6,0,0,1,0,0,0,0,0,690825.1523,5339467.1178,11.567157008,48.179760825,1,#66c2a5,bicycle
139833,9,7,61,0,2016,6,16,4,3,2,6,0,0,0,1,0,0,0,0,641077.4027,5357902.0728,10.904505388,48.358520461,2,#fc8d62,car
139834,9,1,62,0,2016,6,21,4,3,5,2,1,0,1,1,0,0,0,0,686208439.0,5339874.2992,11.505289513,48.18479042,1,#66c2a5,bicycle
139837,9,1,62,0,2016,6,8,5,3,5,2,0,0,0,1,0,0,0,0,687452.2829,5336060883.0,11.520326721,48.150148869,2,#fc8d62,car
139838,9,1,73,147,2016,6,17,6,2,3,6,0,0,0,1,0,1,0,0,681233.5862,5309650.9839,11.425621235,47.914551957,2,#fc8d62,car
139840,9,1,62,0,2016,6,18,4,3,1,7,0,0,1,0,0,0,0,0,695249.6817,5340170.6393,11.626938972,48.18473957,1,#66c2a5,bicycle
139846,9,1,62,0,2016,6,0,5,3,0,1,2,0,1,0,0,0,0,0,698671.6244,5334185.3206,11.670132545,48.129887776,1,#66c2a5,bicycle
139847,9,7,61,0,2016,6,18,4,3,4,6,0,0,1,0,0,0,0,0,640783.5917,5356330.5463,10.900015699,48.344455379,1,#66c2a5,bicycle
139848,9,1,62,0,2016,6,15,4,3,0,3,0,0,0,1,0,1,0,0,687808335.0,5343625346.0,11.528452921,48.218034282,2,#fc8d62,car
139851,9,1,62,0,2016,6,17,5,3,6,2,0,0,0,1,1,0,0,0,692657.6351,5332501.3841,11.588630801,48.116601596,2,#fc8d62,car
139856,9,1,62,0,2016,6,8,4,3,1,7,0,0,0,1,0,0,0,0,689591.3331,5336873.4043,11.549419213,48.156817862,2,#fc8d62,car
139861,9,1,62,0,2016,6,13,5,2,0,7,0,0,1,0,0,0,0,0,693050.4876,5334431033.0,11.594777711,48.13382584,1,#66c2a5,bicycle
139862,9,1,62,0,2016,6,7,4,3,5,7,0,0,1,1,0,0,0,0,685245.6941,5333466.8207,11.489559734,48.127478712,1,#66c2a5,bicycle
139866,9,1,86,143,2016,6,12,5,3,2,7,0,0,0,1,0,1,0,0,684993.2031,5378045.6959,11.505733935,48.528232659,2,#fc8d62,car
139867,9,1,62,0,2016,6,18,4,3,5,3,0,0,1,1,0,0,0,0,689033.5586,5332377.8827,11.539931496,48.116577646,1,#66c2a5,bicycle
139869,9,1,62,0,2016,6,17,5,3,6,2,0,0,1,0,1,0,0,0,690780862.0,5332928911.0,11.563631269,48.121009219,1,#66c2a5,bicycle
139873,9,1,62,0,2016,6,12,5,3,3,3,0,0,1,1,0,0,0,0,690857.2739,5336494.2,11.566254484,48.153030931,1,#66c2a5,bicycle
139877,9,1,88,139,2016,6,16,5,3,2,6,0,0,0,1,0,0,0,0,674664.9068,5319211.1911,11.34166618,48.002318489,2,#fc8d62,car
139878,9,7,61,0,2016,6,15,4,3,5,3,0,0,1,1,0,0,0,0,638975.5829,5356443.5881,10.875665798,48.345872192,1,#66c2a5,bicycle
139879,9,1,62,0,2016,6,8,4,3,6,4,0,0,1,0,1,0,0,0,691923.5539,5334148.3627,11.579519312,48.131626077,1,#66c2a5,bicycle
139882,9,1,62,0,2016,6,18,6,3,0,1,0,0,1,0,0,0,0,0,690236326.0,5333662.3825,11.556648944,48.127764606,1,#66c2a5,bicycle
139888,9,1,81,129,2016,6,9,5,2,2,7,0,0,1,0,0,0,0,0,642961.7894,5305887.3579,10.912480973,47.89038404,1,#66c2a5,bicycle
139889,9,1,62,0,2016,6,17,4,3,4,2,0,0,1,1,0,0,0,0,692303.0558,5337689.5105,11.586214166,48.163338606,1,#66c2a5,bicycle
139894,9,1,62,0,2016,6,22,6,3,4,6,2,0,0,1,0,1,0,0,691438.9384,5333588.5438,11.572761237,48.126740423,2,#fc8d62,car
139898,9,1,81,128,2016,6,16,5,3,0,7,0,0,1,0,0,0,0,0,638775.9236,5328333.3049,10.863771662,48.093146944,1,#66c2a5,bicycle
139899,9,7,78,116,2016,6,19,5,3,9,7,0,0,1,0,0,0,0,0,618227609.0,5318990.04,10.585343336,48.013260866,1,#66c2a5,bicycle
139900,9,1,62,0,2016,6,18,4,3,0,7,0,0,1,0,0,0,0,0,691101.3653,5335316.2271,11.569004306,48.142370136,1,#66c2a5,bicycle
139902,9,7,72,130,2016,6,16,6,2,4,7,0,0,1,1,0,0,0,0,631489705.0,5357246581.0,10.774936276,48.354695675,1,#66c2a5,bicycle
139903,9,1,81,130,2016,6,14,5,2,4,2,0,0,0,0,0,1,1,0,636876.5727,5325320.6333,10.837311706,48.066466512,4,#e78ac3,marker
139905,9,1,62,0,2016,6,10,4,3,0,7,0,0,0,1,0,0,1,0,692208.6995,5334525.6413,11.583517938,48.134930944,2,#fc8d62,car
139907,9,7,72,177,2016,6,18,6,2,5,3,0,0,0,1,0,1,0,0,636750.5845,5378715.7837,10.852926035,48.546624798,2,#fc8d62,car
139908,9,7,78,116,2016,6,16,5,2,8,1,0,0,1,0,0,0,0,0,620006.7208,5319342.5398,10.609288883,48.016099469,1,#66c2a5,bicycle
139909,9,1,87,150,2016,6,14,6,3,4,2,0,0,1,0,0,1,0,0,729072.3852,5304001.5029,12.062049717,47.848495854,1,#66c2a5,bicycle
139914,9,1,79,145,2016,6,20,5,3,0,7,0,0,1,0,1,0,0,0,676095074.0,5338630833.0,11.368830917,48.176496604,1,#66c2a5,bicycle
139917,9,7,61,0,2016,6,11,6,3,1,6,0,0,0,1,0,0,0,0,639283.0317,5361336.9471,10.881433501,48.389804367,2,#fc8d62,car
139920,9,1,79,119,2016,6,15,5,3,5,3,0,0,0,1,0,0,0,0,668920.9868,5339207.3088,11.272634708,48.183626634,2,#fc8d62,car
139921,9,1,85,158,2016,6,14,6,3,5,3,0,0,0,1,0,1,0,0,666388.4072,5382106176.0,11.255568942,48.569941535,2,#fc8d62,car
139924,9,1,79,121,2016,6,12,5,2,5,3,0,0,1,1,0,0,0,0,667710652.0,5338737.5764,11.256178805,48.17972445,1,#66c2a5,bicycle
139929,9,1,62,0,2016,6,13,6,3,0,4,0,0,1,0,1,0,0,0,690124.7988,5335485.9131,11.555965526,48.144187843,1,#66c2a5,bicycle
139930,9,1,79,118,2016,6,19,6,3,1,7,0,0,1,1,0,0,0,0,672680.5344,5337285.9714,11.32239184,48.165344006,1,#66c2a5,bicycle
139932,9,1,74,115,2016,6,13,5,3,5,3,0,0,1,1,0,0,0,0,681276.0699,5347364.7395,11.442193842,48.253546106,1,#66c2a5,bicycle
139933,9,7,78,116,2016,6,12,4,3,5,3,0,0,1,1,0,0,0,0,618656012.0,5318075.1433,10.590832474,48.004953153,1,#66c2a5,bicycle
139935,9,7,78,116,2016,6,15,4,3,5,3,0,0,1,1,0,0,0,0,619320.0533,5318437.3172,10.599832507,48.00808681,1,#66c2a5,bicycle
139940,9,1,81,130,2016,6,13,6,3,4,7,0,0,1,0,0,0,0,0,638643.6142,5323955782.0,10.860575599,48.053811664,1,#66c2a5,bicycle
139945,9,1,62,0,2016,6,20,7,3,0,3,1,0,1,1,0,0,0,0,688549.8472,5336316.2643,11.535181844,48.152119869,1,#66c2a5,bicycle
139947,9,7,61,0,2016,6,6,2,3,5,7,0,0,1,1,0,0,0,0,643635.7167,5358343.8441,10.93917234,48.361915822,1,#66c2a5,bicycle
139950,9,7,61,0,2016,6,16,2,3,1,5,0,0,1,1,0,0,0,0,641031.2656,5359165.2114,10.904306399,48.369888457,1,#66c2a5,bicycle
139953,9,1,62,0,2016,6,16,2,3,5,3,0,0,1,1,0,0,0,0,695674.2513,5331211264.0,11.628527676,48.104086861,1,#66c2a5,bicycle
139959,9,1,62,0,2016,6,11,1,3,5,2,0,0,0,1,0,0,0,0,689933.6276,5339546.4071,11.555211234,48.180740586,2,#fc8d62,car
139965,9,1,88,120,2016,6,7,2,2,5,3,0,0,0,1,0,1,0,0,678951.4472,5328711.5651,11.403053871,48.08653392,2,#fc8d62,car
139966,9,2,61,0,2016,6,9,3,3,5,3,0,0,0,1,0,0,0,0,731698.7411,5381881.8734,12.139603879,48.547195989,2,#fc8d62,car
139970,9,1,62,0,2016,6,22,1,3,6,2,2,1,0,1,1,0,0,0,694442834.0,5333026.9677,11.612831436,48.120782781,2,#fc8d62,car
139973,9,1,62,0,2016,6,11,7,3,3,7,0,0,0,1,0,1,0,0,687723.2151,5334560.9544,11.523304518,48.136587272,2,#fc8d62,car
139975,9,1,84,140,2016,6,11,2,3,5,3,0,0,1,1,0,0,0,0,701900.6962,5328490.2038,11.710786566,48.077690146,1,#66c2a5,bicycle
139977,9,1,62,0,2016,6,13,2,3,5,3,0,0,0,1,0,0,0,0,695806.1027,5337277.4431,11.633084554,48.15856601,2,#fc8d62,car
139982,9,1,62,0,2016,6,16,7,3,3,6,0,0,1,0,0,0,0,0,691777.2002,5335512.7885,11.578168659,48.14393345,1,#66c2a5,bicycle
139987,9,1,62,0,2016,6,17,2,3,5,6,0,0,1,1,0,0,0,0,690915164.0,5334277.5708,11.566038232,48.133090659,1,#66c2a5,bicycle
139988,9,1,77,126,2016,6,15,3,2,6,6,0,0,0,1,1,0,0,0,718769766.0,5367859.2653,11.957321986,48.425853256,2,#fc8d62,car
139991,9,1,62,0,2016,6,13,7,3,2,6,0,0,0,1,0,0,0,0,690792.8944,5340304.8859,11.567099699,48.187300253,2,#fc8d62,car
139995,9,7,61,0,2016,6,11,2,3,2,6,0,0,0,1,0,0,0,0,640924.8931,5357196.3978,10.902211434,48.352209328,2,#fc8d62,car
139997,9,1,85,158,2016,6,9,1,2,4,1,0,0,0,1,0,1,0,0,660127476.0,5385213336.0,11.171957352,48.599505137,2,#fc8d62,car
139998,9,7,61,0,2016,6,15,2,3,2,6,0,0,0,1,0,0,0,0,640896.1354,5358018.0522,10.90209857,48.359603785,2,#fc8d62,car
140001,9,1,62,0,2016,6,13,2,2,6,4,0,0,0,1,1,0,0,0,692310656.0,5337573.9657,11.586264031,48.162297819,2,#fc8d62,car
140007,9,1,84,135,2016,6,18,2,3,4,1,0,0,0,1,0,1,0,0,689628.5019,5347188.1494,11.554527064,48.249515,2,#fc8d62,car
140011,9,1,78,143,2016,6,12,2,3,0,6,0,0,1,0,0,0,0,0,717170.9202,5372370.2062,11.938077363,48.466935639,1,#66c2a5,bicycle
140012,9,1,81,130,2016,6,14,7,2,2,2,0,0,0,1,0,1,0,0,638052882.0,5324532.9872,10.852838651,48.059130191,2,#fc8d62,car
140015,9,1,62,0,2016,6,8,2,3,0,2,0,0,1,0,0,1,0,0,690691.3717,5338139.4426,11.564763574,48.167867992,1,#66c2a5,bicycle
140021,9,1,62,0,2016,6,3,1,3,0,1,2,0,1,0,0,0,0,0,692691.2487,5337972.9228,11.591557697,48.165768302,1,#66c2a5,bicycle
140022,9,1,88,124,2016,6,9,7,3,1,5,0,0,0,1,0,0,0,0,662116.7668,5318854.0854,11.173433304,48.002413095,2,#fc8d62,car
140024,9,1,62,0,2016,6,23,1,3,5,3,2,1,0,1,0,0,0,0,686528.2843,5336342.2358,11.508039091,48.152949394,2,#fc8d62,car
140025,9,1,78,155,2016,6,16,7,2,5,3,0,0,0,1,0,1,0,0,716305.3754,5374322.2784,11.927393173,48.484772581,2,#fc8d62,car
140027,9,1,62,0,2016,6,11,7,3,5,2,0,0,0,1,0,1,0,0,694580836.0,5329638.2722,11.613138524,48.090284223,2,#fc8d62,car
140029,9,1,62,0,2016,6,8,2,3,1,6,0,0,1,1,0,0,0,0,689860.8734,5332495676.0,11.551088678,48.117390265,1,#66c2a5,bicycle
140030,9,1,74,113,2016,6,10,3,3,0,1,0,0,1,0,0,0,0,0,675583.0995,5347644788.0,11.365681994,48.257666336,1,#66c2a5,bicycle
140032,9,7,61,0,2016,6,1,1,3,2,6,2,0,0,1,0,0,0,0,639117.5674,5359146.3078,10.878474547,48.370143213,2,#fc8d62,car
140033,9,1,62,0,2016,6,17,6,3,4,2,0,0,1,0,0,0,0,1,696684.7511,5337761.9564,11.645111072,48.162649336,1,#66c2a5,bicycle
140034,9,1,62,0,2016,6,9,7,3,4,7,0,0,0,1,0,1,0,0,692009.3363,5334963.7883,11.581038579,48.138929116,2,#fc8d62,car
140036,9,1,62,0,2016,6,12,7,3,5,3,0,0,0,1,0,0,0,0,694011931.0,5342555024.0,11.611393452,48.206548484,2,#fc8d62,car
140040,9,1,62,0,2016,6,20,6,3,5,3,2,0,0,1,0,0,0,0,690919.5993,5339431.2175,11.568410143,48.179409787,2,#fc8d62,car
140042,9,1,84,149,2016,6,16,2,2,5,3,0,0,1,0,0,0,0,0,690818318.0,5350636757.0,11.572094323,48.280152996,1,#66c2a5,bicycle
140043,9,1,84,145,2016,6,17,7,3,1,3,0,1,1,1,0,0,0,0,693830.2766,5325568.0727,11.601224039,48.053930829,1,#66c2a5,bicycle
140045,9,1,81,126,2016,6,15,2,1,5,7,0,0,1,0,0,0,0,0,635303.8167,5331071.0941,10.818033939,48.11851316,1,#66c2a5,bicycle
140048,9,1,62,0,2016,6,18,6,3,0,7,0,0,1,0,0,0,0,0,682338.6922,5336587.8831,11.45186567,48.156372403,1,#66c2a5,bicycle
140050,9,7,61,0,2016,6,17,2,3,2,6,0,0,0,1,0,0,0,0,638037303.0,5358443206.0,10.863665264,48.364058229,2,#fc8d62,car
140052,9,7,61,0,2016,6,16,2,3,5,3,0,0,1,1,0,0,0,0,641785.5092,5358747.0647,10.914343877,48.365959666,1,#66c2a5,bicycle
140053,9,1,62,0,2016,6,11,6,3,3,6,0,0,0,1,0,1,0,0,690576.5373,5335933.2225,11.562232465,48.14807308,2,#fc8d62,car
140055,9,1,62,0,2016,6,17,2,3,5,2,0,0,1,1,0,0,0,0,684603.4087,5335010.4008,11.48160521,48.141539812,1,#66c2a5,bicycle
140059,9,7,61,0,2016,6,11,7,3,1,1,0,0,1,1,0,0,0,0,638636.0953,5358999.3072,10.871928485,48.36892736,1,#66c2a5,bicycle
140061,9,1,62,0,2016,6,13,1,3,0,5,0,0,1,0,0,0,0,1,688942.4835,5341474.8154,11.542748701,48.198368664,1,#66c2a5,bicycle
140062,9,1,62,0,2016,6,18,6,3,2,6,0,0,0,1,0,0,0,1,688995.4183,5334939.6083,11.540555634,48.139614102,2,#fc8d62,car
140064,9,1,62,0,2016,6,18,2,3,5,2,0,0,1,0,0,1,0,0,688561.5517,5328547.1034,11.531903504,48.082285657,1,#66c2a5,bicycle
140066,9,1,62,0,2016,6,8,2,3,5,3,0,0,1,1,0,0,0,0,693831.9248,5340289.0562,11.607938718,48.186237985,1,#66c2a5,bicycle
140071,9,1,62,0,2016,6,9,1,3,3,5,0,0,1,1,0,0,0,0,692832.9084,5331415.2886,11.590492352,48.106786934,1,#66c2a5,bicycle
140072,9,1,62,0,2016,6,19,6,3,3,6,0,0,1,1,0,0,0,0,691310.3291,5334736.9082,11.571550276,48.137100481,1,#66c2a5,bicycle
140074,9,1,62,0,2016,6,18,7,3,5,2,0,1,1,1,0,0,0,0,690174857.0,5333740247.0,11.555858442,48.128482821,1,#66c2a5,bicycle
140076,9,1,62,0,2016,6,17,2,3,0,6,0,0,1,0,0,0,0,0,692771.9925,5338322.6821,11.592801038,48.168887356,1,#66c2a5,bicycle
140077,9,1,78,143,2016,6,12,3,3,5,3,0,0,1,1,0,0,0,0,717386.7379,5373003.7575,11.941322363,48.472553299,1,#66c2a5,bicycle
140080,9,1,62,0,2016,6,8,2,2,3,6,0,0,1,0,0,0,1,0,693470.4919,5335195545.0,11.600764177,48.140569503,1,#66c2a5,bicycle
140081,9,1,87,117,2016,6,12,3,3,0,7,0,0,1,0,0,0,0,0,725288.5544,5305429.7726,12.012287328,47.862665967,1,#66c2a5,bicycle
140084,9,1,62,0,2016,6,9,6,3,5,2,0,0,1,1,0,0,0,0,692862.1986,5333174.3145,11.591680885,48.122587831,1,#66c2a5,bicycle
140085,9,1,62,0,2016,6,19,7,3,1,5,0,0,0,1,0,0,0,1,694728.4701,5334186.2769,11.61719519,48.131114892,2,#fc8d62,car
140087,9,7,62,0,2016,6,7,2,3,0,1,0,0,0,0,0,1,0,0,621484939.0,5304535.0484,10.624922523,47.882646948,4,#e78ac3,marker
140089,9,1,62,0,2016,6,17,6,3,2,6,0,0,0,1,0,1,0,0,686115.2683,5340012.9363,11.504097953,48.186063833,2,#fc8d62,car
140091,9,1,62,0,2016,6,18,2,3,1,5,0,0,1,1,0,0,0,0,691929.0694,5336695.3662,11.580741378,48.154516445,1,#66c2a5,bicycle
140094,9,1,62,0,2016,6,17,6,3,0,3,0,0,0,0,1,0,0,1,690406.5252,5335182.4334,11.55961333,48.141375922,3,#8da0cb,toilet
140095,9,1,62,0,2016,6,14,7,3,5,2,0,0,1,1,0,0,0,0,693876.6863,5341262.1599,11.608984526,48.194970145,1,#66c2a5,bicycle
140098,9,7,61,0,2016,6,20,2,3,5,3,0,0,1,1,0,0,0,0,641381.6354,5357509.7054,10.908478257,48.354924388,1,#66c2a5,bicycle
140099,9,1,62,0,2016,6,6,6,3,5,3,0,0,0,1,0,0,1,0,687978.5983,5327377.3332,11.523569247,48.07194352,2,#fc8d62,car
140101,9,7,61,0,2016,6,17,2,3,2,6,0,0,0,1,0,1,0,0,640813.5243,5359248.5902,10.901395904,48.370686788,2,#fc8d62,car
140102,9,1,62,0,2016,6,18,6,3,5,3,0,0,1,1,0,0,0,0,689811.5898,5328864.4469,11.548812189,48.084767071,1,#66c2a5,bicycle
140104,9,1,62,0,2016,6,12,2,2,6,4,0,0,0,0,1,0,1,0,691880.4243,5333528.0391,11.578660932,48.126063698,3,#8da0cb,toilet
140108,9,7,61,0,2016,6,19,7,3,4,6,0,1,0,1,0,0,0,0,641848386.0,5361194.7078,10.916018274,48.387953669,2,#fc8d62,car
140110,9,1,62,0,2016,6,18,1,2,0,7,0,0,0,0,0,1,0,0,698022.8804,5338100.1301,11.663244217,48.165273224,4,#e78ac3,marker
140112,9,7,61,0,2016,6,13,7,3,4,7,0,0,1,1,0,0,0,0,641776.5044,5360158.7359,10.914698368,48.378654833,1,#66c2a5,bicycle
140113,9,1,78,143,2016,6,15,2,3,9,1,0,0,0,0,0,1,0,0,717246.3087,5372388.9769,11.939105634,48.467078259,4,#e78ac3,marker
140114,9,1,62,0,2016,6,17,6,3,5,3,0,0,1,1,0,0,0,0,689993.1353,5336289.3063,11.554555874,48.151448076,1,#66c2a5,bicycle
140117,9,1,62,0,2016,6,17,2,3,1,6,0,0,0,1,0,0,0,0,687751.7856,5342191776.0,11.527057904,48.205165958,2,#fc8d62,car
140118,9,2,74,114,2016,6,22,3,2,9,1,2,0,0,0,0,1,0,0,738449.8563,5370785.2715,12.224601165,48.444995663,4,#e78ac3,marker
140122,9,1,62,0,2016,6,13,1,2,4,2,0,0,0,1,0,0,0,0,694454.2299,5333046186.0,11.612993169,48.120952028,2,#fc8d62,car
140123,9,1,62,0,2016,6,12,6,3,4,2,0,0,0,1,0,1,0,0,688557377.0,5339328.0178,11.536618285,48.17918759,2,#fc8d62,car
140124,9,1,62,0,2016,6,12,7,3,5,7,0,0,1,1,0,0,0,0,692816.9369,5338370.5877,11.593426625,48.169304285,1,#66c2a5,bicycle
140126,9,1,62,0,2016,6,17,6,3,3,6,0,0,1,0,0,0,0,0,691078.5804,5335061.8702,11.568584197,48.140090841,1,#66c2a5,bicycle
140130,9,1,62,0,2016,6,20,2,3,0,7,0,0,1,0,0,0,0,0,692123.6137,5332929.5078,11.58165593,48.120610844,1,#66c2a5,bicycle
140131,9,1,79,121,2016,6,16,3,3,5,3,0,0,0,1,0,0,0,0,665757.8089,5337246.4754,11.229346907,48.166831778,2,#fc8d62,car
140133,9,7,72,167,2016,6,4,1,3,7,7,1,0,0,0,0,1,0,0,627291.6772,5355847.0286,10.717872233,48.342970307,4,#e78ac3,marker
140134,9,1,62,0,2016,6,16,6,3,3,6,0,0,1,0,0,0,0,0,692387.2675,5333950078.0,11.585655684,48.129703938,1,#66c2a5,bicycle
140135,9,1,62,0,2016,6,0,7,2,1,7,2,0,0,0,0,1,0,1,697033.0584,5333936.8309,11.648019938,48.12816382,4,#e78ac3,marker
140137,9,7,72,171,2016,6,15,2,3,5,3,0,0,0,1,0,0,0,0,637175.8948,5371934411.0,10.856455792,48.485556252,2,#fc8d62,car
140139,9,1,77,117,2016,6,8,3,3,1,3,0,0,1,1,0,0,0,0,714486.2438,5353547.1011,11.89219976,48.298729699,1,#66c2a5,bicycle
140141,9,1,62,0,2016,6,12,6,3,3,3,0,0,1,1,0,0,0,0,690896.6108,5335110.2593,11.566162297,48.140580378,1,#66c2a5,bicycle
140142,9,1,62,0,2016,6,23,2,3,0,7,2,0,1,1,0,0,0,0,687079.4138,5330260521.0,11.512772688,48.098123132,1,#66c2a5,bicycle
140143,9,1,62,0,2016,6,10,7,3,2,6,0,0,1,0,0,0,0,0,682772.4636,5339817.5371,11.459081321,48.185278035,1,#66c2a5,bicycle
140147,9,1,62,0,2016,6,7,6,3,2,6,0,0,0,1,0,0,0,0,694036286.0,5341789807.0,11.611371082,48.199663644,2,#fc8d62,car
140148,9,1,79,126,2016,6,14,1,3,1,1,0,0,0,1,0,0,0,0,676360.7647,5340913418.0,11.373349485,48.196941465,2,#fc8d62,car
140150,9,1,62,0,2016,6,17,6,3,3,2,0,0,1,1,0,0,0,0,688211.4486,5338380.6632,11.531549845,48.170775212,1,#66c2a5,bicycle