OBJECTID,ULAND,UREGBEZ,UKREIS,UGEMEINDE,UJAHR,UMONAT,USTUNDE,UWOCHENTAG,UKATEGORIE,UART,UTYP1,ULICHTVERH,STRZUSTAND,IstRad,IstPKW,IstFuss,IstKrad,IstGkfz,IstSonstig,LINREFX,LINREFY,XGCSWGS84,YGCSWGS84,Teilnehmer,color,symbol
140153,9,7,61,0,2016,6,7,2,3,2,6,0,0,0,1,0,0,0,1,638954.5498,5356389.2671,10.87536416,48.345388375,2,#fc8d62,car
140154,9,1,62,0,2016,6,19,6,3,5,3,0,0,1,0,0,0,0,0,690729.9701,5338842.8868,11.56559774,48.17417889,1,#66c2a5,bicycle
140156,9,1,62,0,2016,6,7,2,3,5,3,0,0,0,1,0,0,0,0,690622.7374,5333765.7901,11.561882931,48.128578438,2,#fc8d62,car
140159,9,7,61,0,2016,6,17,7,3,2,3,0,1,0,1,0,0,0,0,639813.49,5357792.7658,10.887416272,48.357818749,2,#fc8d62,car
140160,9,1,62,0,2016,6,0,1,3,0,7,2,0,1,0,0,0,0,0,679395.7941,5336650.9312,11.41235648,48.157776166,1,#66c2a5,bicycle
140161,9,1,62,0,2016,6,21,6,3,6,6,2,0,1,0,1,0,0,0,687557564.0,5341425.7655,11.524107913,48.198338367,1,#66c2a5,bicycle
140164,9,1,62,0,2016,6,15,2,3,0,2,0,0,0,1,0,1,0,0,688121.2778,5336314.7375,11.529424592,48.152233051,2,#fc8d62,car
140165,9,2,61,0,2016,6,9,3,3,6,7,0,0,1,0,1,0,0,0,731652.3476,5382273.1778,12.139193835,48.550728132,1,#66c2a5,bicycle
140168,9,1,62,0,2016,6,20,2,3,5,2,0,0,1,1,0,0,0,0,693827.2705,5331713.1201,11.603971526,48.109161992,1,#66c2a5,bicycle
140170,9,1,62,0,2016,6,17,2,3,2,6,0,0,0,1,0,1,0,0,694107.6521,5334744.7834,11.609114703,48.136324173,2,#fc8d62,car
140175,9,1,62,0,2016,6,3,1,3,1,5,2,0,0,1,0,0,0,0,690448681.0,5335315.11,11.560238776,48.142555799,2,#fc8d62,car
140176,9,1,62,0,2016,6,15,6,3,0,1,0,0,0,0,0,1,0,0,689600.2569,5330703.8472,11.546794087,48.101362753,4,#e78ac3,marker
140178,9,1,62,0,2016,6,12,7,3,0,7,0,0,0,0,0,0,0,1,691569.9362,5335013.3294,11.575160529,48.139506821,6,#ffd92f,circle
140180,9,1,62,0,2016,6,19,2,3,5,3,0,0,1,0,0,0,0,0,691646.99,5333859.5209,11.575676186,48.129113335,1,#66c2a5,bicycle
140181,9,1,78,145,2016,6,15,3,2,4,2,0,0,0,0,0,1,0,1,697809318.0,5355493646.0,11.668499432,48.321656368,4,#e78ac3,marker
140183,9,7,61,0,2016,6,12,1,3,0,7,0,0,1,0,0,0,0,0,640249.6532,5358556.4238,10.893555502,48.364588601,1,#66c2a5,bicycle
140184,9,1,62,0,2016,6,8,6,3,3,2,0,0,1,1,0,0,0,0,686676.4552,5328072.6851,11.506409393,48.078576106,1,#66c2a5,bicycle
140186,9,1,62,0,2016,6,15,6,3,2,6,0,0,0,1,0,0,0,1,691472.1284,5332300.9963,11.572628553,48.115158074,2,#fc8d62,car
140187,9,1,62,0,2016,6,9,7,3,3,6,0,0,1,0,0,0,0,0,690698.7473,5338103.1691,11.564846405,48.167539757,1,#66c2a5,bicycle
140192,9,1,62,0,2016,6,14,2,2,0,7,0,0,0,0,0,0,0,1,693800.4181,5333855.0614,11.604584723,48.128421281,6,#ffd92f,circle
140193,9,1,62,0,2016,6,10,7,3,0,1,0,0,1,0,0,0,0,0,688685.5984,5328173.2184,11.533402336,48.078888385,1,#66c2a5,bicycle
140195,9,1,74,115,2016,6,16,2,2,0,1,0,0,1,1,0,0,0,0,680078.9559,5347404.6193,11.426098074,48.254245856,1,#66c2a5,bicycle
140197,9,7,61,0,2016,6,17,7,2,0,7,0,1,1,0,0,0,0,0,640484.3762,5360188.5977,10.897268093,48.379212369,1,#66c2a5,bicycle
140198,9,1,62,0,2016,6,21,4,2,4,3,1,0,0,1,0,1,0,0,690180.8597,5333732.2914,11.555935481,48.128409522,2,#fc8d62,car
140200,9,2,74,124,2016,6,8,5,3,0,7,0,0,0,0,0,1,0,0,727081.4525,5376850.3025,12.074393164,48.503683674,4,#e78ac3,marker
140201,9,1,62,0,2016,6,18,3,3,5,2,0,0,1,1,0,0,0,0,694457078.0,5333027787.0,11.613023008,48.120785795,1,#66c2a5,bicycle
140202,9,1,85,158,2016,7,7,6,2,5,3,0,0,0,1,0,1,0,0,668057.62,5381411.0234,11.277897521,48.563247347,2,#fc8d62,car
140203,9,1,62,0,2016,6,10,3,3,5,3,0,0,0,1,0,1,0,0,690698.7433,5337054.0599,11.564376008,48.158110461,2,#fc8d62,car
140210,9,1,62,0,2016,6,7,5,3,5,2,0,1,0,1,0,0,0,0,691913.6754,5333493.6799,11.57909185,48.125744859,2,#fc8d62,car
140211,9,7,61,0,2016,6,12,5,2,6,4,0,0,0,1,1,0,0,0,639417.5658,5360025.1178,10.882814513,48.377979041,2,#fc8d62,car
140212,9,1,84,119,2016,6,18,3,3,5,3,0,0,1,1,0,0,0,0,695278.2863,5347255.0304,11.630585294,48.248400787,1,#66c2a5,bicycle
140213,9,1,62,0,2016,6,7,5,3,0,7,0,1,1,0,0,0,0,0,689851.8992,5336675.9995,11.552831342,48.15496585,1,#66c2a5,bicycle
140214,9,1,62,0,2016,6,11,3,3,3,6,0,0,1,0,0,0,0,0,699255.1422,5332426.6552,11.677144141,48.11389998,1,#66c2a5,bicycle
140215,9,1,77,117,2016,7,23,6,3,5,3,2,0,0,1,0,0,0,0,715082.4609,5352931.0922,11.899914924,48.292992391,2,#fc8d62,car
140216,9,7,71,130,2016,6,17,3,3,1,6,0,0,0,1,0,0,0,0,645509.3256,5356537.6055,10.963827448,48.34524626,2,#fc8d62,car
140217,9,1,81,127,2016,6,16,5,3,1,6,0,0,1,1,0,0,0,0,635151.6511,5326050.3934,10.814400707,48.07339675,1,#66c2a5,bicycle
140218,9,2,61,0,2016,7,10,6,3,4,2,0,0,1,1,0,0,0,0,734096.0892,5380526.3165,12.171275766,48.534129754,1,#66c2a5,bicycle
140222,9,1,84,122,2016,6,16,5,3,1,5,0,0,1,1,0,0,0,0,688334.4001,5323802.3892,11.526767308,48.039705764,1,#66c2a5,bicycle
140224,9,1,62,0,2016,6,21,3,3,6,2,1,0,0,1,1,0,0,0,689472.4928,5342604.5384,11.550378476,48.208364631,2,#fc8d62,car
140225,9,1,62,0,2016,6,18,5,3,5,3,0,0,1,0,0,1,0,0,681114.0278,5335846.0355,11.435097661,48.150054049,1,#66c2a5,bicycle
140226,9,1,62,0,2016,6,19,4,3,1,5,0,0,1,1,0,0,0,0,690269.6085,5334943.6264,11.557667985,48.139270485,1,#66c2a5,bicycle
140229,9,1,77,133,2016,6,10,5,3,2,6,0,1,0,0,0,0,1,1,707795.2146,5360192.2999,11.805365763,48.360675199,5,#a6d854,bus
140233,9,1,62,0,2016,6,20,5,3,0,1,0,0,1,0,0,0,0,0,691916192.0,5334408018.0,11.579537431,48.133962039,1,#66c2a5,bicycle
140235,9,1,62,0,2016,6,7,3,3,3,6,0,0,1,0,0,0,0,1,690146.2498,5334597.3724,11.555856894,48.136195225,1,#66c2a5,bicycle
140236,9,1,62,0,2016,6,8,4,3,4,2,0,0,1,1,0,0,0,0,688313.8702,5340214.2637,11.533738568,48.187225462,1,#66c2a5,bicycle
140239,9,1,62,0,2016,6,8,3,2,5,3,0,0,1,0,0,0,0,0,683344.0292,5335378.4355,11.464850273,48.145212092,1,#66c2a5,bicycle
140242,9,1,62,0,2016,6,16,3,3,5,2,0,0,1,1,0,0,0,0,687971.4401,5338584.3681,11.528414923,48.172677165,1,#66c2a5,bicycle
140243,9,1,62,0,2016,6,15,4,3,5,2,0,0,0,1,0,0,0,0,683083.6466,5337546669.0,11.462285964,48.164776527,2,#fc8d62,car
140244,9,1,62,0,2016,6,9,4,3,5,3,0,0,1,1,0,0,0,0,689648.0056,5332705.7696,11.548324835,48.119342036,1,#66c2a5,bicycle
140249,9,1,62,0,2016,6,6,3,2,0,7,0,0,1,0,0,0,0,0,690861.4881,5339204.9532,11.567527585,48.177393612,1,#66c2a5,bicycle
140251,9,1,62,0,2016,6,15,3,3,5,2,0,0,1,1,0,0,0,0,688284.9717,5336363448.0,11.531644895,48.15262243,1,#66c2a5,bicycle
140252,9,7,61,0,2016,6,16,3,3,3,6,0,0,0,1,0,1,0,0,643332.0498,5360629.8619,10.935854353,48.382539482,2,#fc8d62,car
140253,9,1,86,128,2016,6,16,5,3,0,7,0,0,1,0,0,0,0,0,674716.7792,5385198.0333,11.369670071,48.595466804,1,#66c2a5,bicycle
140256,9,1,81,130,2016,6,17,4,3,4,2,0,0,0,1,0,0,0,0,637846716.0,5324579.5623,10.850088158,48.05959359,2,#fc8d62,car
140258,9,2,61,0,2016,6,21,4,2,2,6,1,0,0,1,0,1,0,0,734657.1113,5381929.0049,12.179653533,48.546519887,2,#fc8d62,car
140259,9,7,61,0,2016,6,14,3,3,5,3,0,0,0,1,0,0,0,0,638839.8005,5355800.4272,10.873622211,48.340118858,2,#fc8d62,car
140260,9,1,87,117,2016,6,7,5,3,5,6,0,1,1,1,0,0,0,0,724775.4668,5305188.8034,12.005311453,47.860680545,1,#66c2a5,bicycle
140263,9,2,61,0,2016,6,13,4,3,5,6,0,0,0,1,0,0,0,0,734860.2338,5379650.7929,12.181117816,48.525979943,2,#fc8d62,car
140264,9,7,71,168,2016,6,12,5,3,5,3,0,1,0,1,0,1,0,0,648682.9486,5342292.9576,11.001620536,48.216430264,2,#fc8d62,car
140265,9,1,62,0,2016,6,9,3,3,6,4,0,0,1,0,1,0,0,0,686134.3468,5332253.6966,11.500961088,48.11631543,1,#66c2a5,bicycle
140266,9,1,62,0,2016,6,11,5,3,2,6,0,1,0,1,0,0,0,0,697002.0347,5331110.0261,11.646297637,48.102767814,2,#fc8d62,car
140267,9,7,61,0,2016,6,11,3,3,0,1,0,0,0,0,0,1,0,0,640648.0885,5357550509.0,10.898595579,48.355455093,4,#e78ac3,marker
140268,9,1,79,126,2016,6,10,5,2,5,3,0,1,1,1,0,0,0,0,676478.4363,5340322.6494,11.374686084,48.191598269,1,#66c2a5,bicycle
140272,9,1,79,121,2016,6,11,4,3,5,3,0,0,1,1,0,0,0,1,665665.6889,5336993.8689,11.228010512,48.164584831,1,#66c2a5,bicycle
140274,9,1,84,131,2016,6,17,5,3,6,4,0,0,0,1,1,0,0,0,705056.6508,5338185.4888,11.757772031,48.16381065,2,#fc8d62,car
140276,9,1,84,145,2016,6,16,3,3,5,2,0,0,1,1,0,0,0,1,697544.6596,5325401109.0,11.650939629,48.051291396,1,#66c2a5,bicycle
140277,9,1,62,0,2016,6,20,5,3,0,1,1,1,1,0,0,0,0,0,693405.6308,5341894549.0,11.602940452,48.200797421,1,#66c2a5,bicycle
140279,9,1,84,127,2016,6,15,3,3,0,7,0,0,1,0,0,0,0,0,702163156.0,5322009.6153,11.711245488,48.019365852,1,#66c2a5,bicycle
140280,9,1,62,0,2016,6,0,5,3,0,7,2,0,1,0,0,0,0,0,692577496.0,5334813103.0,11.588599724,48.137403098,1,#66c2a5,bicycle
140281,9,1,75,123,2016,6,20,5,2,0,1,0,0,1,0,0,0,0,0,719420719.0,5338482.9091,11.950848244,48.16168859,1,#66c2a5,bicycle
140282,9,7,72,202,2016,6,9,4,3,5,2,0,0,1,1,0,0,0,0,636300.1465,5360007.8287,10.840731455,48.378504725,1,#66c2a5,bicycle
140287,9,1,84,147,2016,6,19,3,3,2,6,0,0,1,0,0,0,0,0,697161762.0,5339595.2428,11.65236914,48.178977838,1,#66c2a5,bicycle
140288,9,1,62,0,2016,6,9,4,3,2,6,0,0,0,1,0,0,0,0,686219.3403,5333668.7577,11.50272012,48.129009721,2,#fc8d62,car
140290,9,1,62,0,2016,6,7,4,3,2,6,0,0,0,1,0,1,0,0,690829.4672,5338978871.0,11.566995775,48.175371231,2,#fc8d62,car
140292,9,1,63,0,2016,7,19,6,3,5,6,0,0,1,1,0,0,0,0,733269.1986,5306233.7515,12.119267944,47.867041479,1,#66c2a5,bicycle
140294,9,1,62,0,2016,6,8,3,3,3,6,0,0,0,1,0,1,0,0,698951.0629,5333738.3191,11.67367527,48.125783217,2,#fc8d62,car
140295,9,7,61,0,2016,6,16,3,3,0,7,0,0,1,0,0,0,0,0,641901.1668,5356912.8766,10.915286025,48.349441408,1,#66c2a5,bicycle
140297,9,1,62,0,2016,6,18,4,3,5,2,0,0,1,1,0,0,0,0,687513.1972,5341056.3688,11.52334829,48.19503128,1,#66c2a5,bicycle
140298,9,1,62,0,2016,6,10,4,3,5,3,0,0,1,1,0,0,0,0,691009.93,5335895563.0,11.568036311,48.147604613,1,#66c2a5,bicycle
140303,9,1,62,0,2016,6,15,3,2,5,2,0,0,0,0,0,1,0,1,696139.9631,5334395.2361,11.636241418,48.132559518,4,#e78ac3,marker
140304,9,1,78,145,2016,7,15,6,2,2,2,0,0,1,1,0,0,0,0,697258981.0,5357821.1243,11.662172946,48.34274522,1,#66c2a5,bicycle
140305,9,2,74,113,2016,6,17,5,3,0,7,0,0,1,1,0,0,0,0,727126.1962,5382546.9714,12.078100999,48.554842799,1,#66c2a5,bicycle
140307,9,1,62,0,2016,6,13,3,3,0,7,0,0,0,0,1,1,0,0,694037.4727,5330834.0859,11.606392726,48.1011975,3,#8da0cb,toilet
140308,9,7,61,0,2016,6,12,3,3,4,2,0,0,0,1,0,0,0,0,641016.7206,5351428.3134,10.90152056,48.300323897,2,#fc8d62,car
140310,9,7,78,116,2016,6,18,4,3,6,6,0,0,0,1,1,0,0,0,618860.5347,5317952.3439,10.593539405,48.003810734,2,#fc8d62,car
140311,9,1,74,115,2016,6,11,4,3,2,6,0,0,0,1,0,0,0,0,681307.6279,5347665.8751,11.442747605,48.256243866,2,#fc8d62,car
140314,9,1,62,0,2016,6,16,5,3,3,6,0,0,0,1,0,0,0,1,693997019.0,5330983.6037,11.605917883,48.10255364,2,#fc8d62,car
140315,9,7,61,0,2016,6,19,5,3,2,6,0,1,0,1,0,0,0,0,640058.2648,5358139.7554,10.890834249,48.360884533,2,#fc8d62,car
140316,9,1,62,0,2016,6,8,3,3,1,6,0,0,0,1,0,1,0,0,690579.8045,5332833.4888,11.56088969,48.120211775,2,#fc8d62,car
140317,9,1,62,0,2016,6,16,5,3,5,3,0,0,1,1,0,0,0,0,695106.9485,5333849.2969,11.62212222,48.127970366,1,#66c2a5,bicycle
140318,9,1,74,115,2016,6,16,5,3,0,7,0,0,0,0,0,0,0,1,683779.7364,5348364.1449,11.476325384,48.261808078,6,#ffd92f,circle
140319,9,1,73,126,2016,7,18,6,3,0,3,0,0,1,1,0,0,0,0,684249.7213,5305604.7204,11.464223235,47.877320597,1,#66c2a5,bicycle
140324,9,1,78,145,2016,6,7,4,3,2,1,0,0,0,1,0,0,0,0,697797.1362,5353567.3614,11.667432182,48.304348792,2,#fc8d62,car
140326,9,1,62,0,2016,6,11,5,3,0,2,0,1,0,0,0,1,0,0,690093.3036,5335919.8768,11.555736317,48.148097719,4,#e78ac3,marker
140328,9,1,62,0,2016,6,9,3,3,5,3,0,0,1,1,0,0,0,0,690331699.0,5332971.3991,11.557620822,48.121525527,1,#66c2a5,bicycle
140329,9,1,62,0,2016,6,21,5,3,0,2,0,1,1,1,0,0,0,0,689517.6982,5336063.0001,11.548069179,48.149555867,1,#66c2a5,bicycle
140330,9,1,62,0,2016,6,17,4,2,5,3,0,0,1,1,0,0,0,0,682767.2646,5339824.7356,11.459014536,48.185344235,1,#66c2a5,bicycle
140331,9,7,61,0,2016,6,7,4,3,6,4,0,0,0,0,0,0,0,1,641058.9786,5359152.5974,10.904676154,48.369768843,6,#ffd92f,circle
140332,9,1,63,0,2016,7,6,6,3,3,2,0,0,1,1,0,0,0,0,730987.9393,5304051.7993,12.087643823,47.848262343,1,#66c2a5,bicycle
140337,9,1,62,0,2016,6,9,5,3,5,3,0,1,0,1,0,0,0,0,692416547.0,5334383.2018,11.586244376,48.133587919,2,#fc8d62,car
140339,9,1,62,0,2016,6,18,3,3,1,5,0,0,1,1,0,0,0,0,690746.0874,5334966.7481,11.564076686,48.139335648,1,#66c2a5,bicycle
140340,9,1,62,0,2016,6,15,4,3,5,3,0,0,0,1,0,1,0,0,690354.4743,5337312.8163,11.559867106,48.160539299,2,#fc8d62,car
140343,9,1,62,0,2016,6,7,3,3,0,2,0,0,0,1,0,1,0,0,692437.2423,5338146.7365,11.588223765,48.167407433,2,#fc8d62,car
140346,9,1,62,0,2016,6,8,4,3,5,3,0,0,0,1,0,0,0,0,691773.7501,5332183.1756,11.57662393,48.114008359,2,#fc8d62,car
140348,9,1,62,0,2016,6,13,3,3,3,5,0,0,1,1,0,0,0,1,690363477.0,5336140.8885,11.559463782,48.150003371,1,#66c2a5,bicycle
140349,9,1,62,0,2016,6,13,4,3,5,2,0,0,0,1,0,0,0,0,683374.4727,5335482.6939,11.465304064,48.146140457,2,#fc8d62,car
140350,9,1,62,0,2016,6,13,4,3,0,7,0,0,1,0,0,0,0,0,696493.7815,5337308.8597,11.642336376,48.158636242,1,#66c2a5,bicycle
140353,9,2,61,0,2016,6,7,5,3,0,1,0,1,0,1,0,0,0,0,731329.8705,5383313.1873,12.135408465,48.560189361,2,#fc8d62,car
140354,9,1,62,0,2016,6,16,3,3,0,7,0,0,1,0,0,0,0,0,691224.4292,5334043.9276,11.570085786,48.130897849,1,#66c2a5,bicycle
140356,9,1,62,0,2016,6,9,3,2,0,7,0,0,1,0,0,0,0,0,692152.4989,5334404.1708,11.582708542,48.13385616,1,#66c2a5,bicycle
140360,9,1,78,124,2016,6,7,4,3,3,2,0,0,1,1,0,0,0,0,702794.5481,5365326.4105,11.740412339,48.408437644,1,#66c2a5,bicycle
140363,9,1,62,0,2016,6,21,5,3,5,2,1,1,0,0,1,0,0,1,690748.4345,5337364.2832,11.565182616,48.160883816,3,#8da0cb,toilet
140367,9,7,61,0,2016,6,18,5,3,5,3,0,0,0,1,0,0,0,0,638457.9486,5360369.8256,10.869975779,48.381289894,2,#fc8d62,car
140369,9,1,62,0,2016,6,14,5,3,1,1,0,0,1,1,0,0,0,0,691438.2162,5338296.1236,11.574868528,48.169051739,1,#66c2a5,bicycle
140371,9,1,88,145,2016,6,17,5,3,4,1,0,0,1,1,0,0,0,0,664807.4004,5326247.7362,11.212323036,48.068197219,1,#66c2a5,bicycle
140374,9,1,77,130,2016,6,7,4,3,5,3,0,0,1,1,0,0,0,0,711232.4758,5350856.2767,11.847036391,48.275645456,1,#66c2a5,bicycle
140376,9,1,62,0,2016,6,12,5,3,6,4,0,0,0,1,1,0,0,0,687873.0512,5330000.4596,11.523307346,48.09555213,2,#fc8d62,car
140379,9,1,84,120,2016,6,13,4,3,0,7,0,0,0,0,0,0,0,1,680338.0817,5332935.6978,11.423442486,48.124113759,6,#ffd92f,circle
140382,9,1,62,0,2016,6,9,5,3,1,5,0,1,0,1,0,0,0,0,698571.2393,5333479.0999,11.668455863,48.123572141,2,#fc8d62,car
140383,9,7,72,163,2016,6,10,4,2,0,1,0,0,1,0,0,0,0,0,639779.7154,5346805.6902,10.883320746,48.259032349,1,#66c2a5,bicycle
140390,9,1,62,0,2016,6,17,4,2,6,4,0,0,0,1,1,0,0,0,687973.5555,5338726022.0,11.528505985,48.173949745,2,#fc8d62,car
140392,9,2,74,118,2016,6,6,5,3,5,3,0,1,0,1,0,0,0,0,737018.0212,5367846.7495,12.203608407,48.419141219,2,#fc8d62,car
140393,9,1,63,0,2016,7,7,6,3,0,1,0,0,1,0,0,0,0,0,732946.9765,5303057.5052,12.113255635,47.838622629,1,#66c2a5,bicycle
140398,9,1,62,0,2016,6,15,4,3,5,3,0,0,0,1,0,0,0,0,690518.7061,5339744.1425,11.563162897,48.182342648,2,#fc8d62,car
140399,9,1,62,0,2016,6,21,4,3,0,7,2,0,1,0,0,0,0,0,689599.6689,5331673676.0,11.547217149,48.110079866,1,#66c2a5,bicycle
140404,9,1,88,121,2016,7,17,6,3,1,6,0,0,0,1,0,1,0,0,670671506.0,5330016.0581,11.292482445,48.1005318,2,#fc8d62,car
140407,9,1,87,117,2016,7,17,6,3,5,3,0,0,1,1,0,0,0,0,724369.0858,5306141.2928,12.00038003,47.869380731,1,#66c2a5,bicycle
140410,9,1,87,150,2016,6,13,5,3,6,7,0,0,0,1,1,0,0,0,729090.6046,5304106282.0,12.06234837,47.849430756,2,#fc8d62,car
140414,9,7,61,0,2016,6,14,5,2,5,3,0,0,1,1,0,0,0,0,641947.2077,5360627.3501,10.917160658,48.382830018,1,#66c2a5,bicycle
140416,9,1,62,0,2016,6,16,5,3,2,6,0,0,0,1,0,0,0,0,686397704.0,5333352158.0,11.504976414,48.126111798,2,#fc8d62,car
140418,9,1,74,111,2016,6,21,5,2,8,1,1,1,0,0,0,1,0,0,667658.5673,5360333.6925,11.26404471,48.373881797,4,#e78ac3,marker
140420,9,7,72,147,2016,6,11,4,3,5,3,0,0,1,1,0,0,0,0,638129.4702,5364321.9675,10.866842144,48.416898697,1,#66c2a5,bicycle
140421,9,1,62,0,2016,6,16,3,2,3,6,0,0,1,0,0,0,0,0,693031.9325,5336303.7707,11.595377489,48.15066312,1,#66c2a5,bicycle
140424,9,1,62,0,2016,6,7,5,2,5,3,0,1,1,1,0,0,0,0,698575.3951,5335291399.0,11.669356253,48.139858353,1,#66c2a5,bicycle
140427,9,7,62,0,2016,6,8,4,3,0,1,0,0,1,0,0,0,0,0,622136.5395,5304720.6919,10.633686865,47.884192925,1,#66c2a5,bicycle
140428,9,1,62,0,2016,6,8,3,3,0,2,0,0,1,1,0,0,0,0,684114.6619,5337536.2316,11.476134139,48.164384958,1,#66c2a5,bicycle
140430,9,1,62,0,2016,6,7,5,3,5,2,0,0,1,1,0,0,0,0,683606.5067,5335448.9057,11.468405978,48.145769821,1,#66c2a5,bicycle
140433,9,1,62,0,2016,6,13,5,3,5,7,0,0,0,1,0,0,0,0,685066591.0,5339250.1284,11.489670078,48.179513782,2,#fc8d62,car
140434,9,1,62,0,2016,6,7,4,3,5,3,0,0,0,1,0,0,0,0,689831.7253,5328230.6903,11.548800698,48.079064779,2,#fc8d62,car
140435,9,7,61,0,2016,6,9,4,2,6,1,0,0,1,0,1,0,0,0,641050.1219,5357896.4177,10.904135421,48.358475708,1,#66c2a5,bicycle
140436,9,1,87,182,2016,7,12,6,2,0,7,0,0,0,0,0,1,0,0,737418.9268,5324073.0691,12.184509383,48.025779255,4,#e78ac3,marker
140443,9,1,62,0,2016,6,19,4,3,0,7,0,0,1,0,0,0,0,0,691000.2203,5335248.4573,11.567615619,48.141791398,1,#66c2a5,bicycle
140448,9,1,62,0,2016,6,10,4,3,2,2,0,0,0,1,0,0,0,0,689653.3816,5340132.9256,11.551706722,48.186095904,2,#fc8d62,car
140449,9,1,62,0,2016,6,16,4,3,1,5,0,0,1,1,0,0,0,0,692224.3414,5334907.6967,11.583900371,48.138360063,1,#66c2a5,bicycle
140452,9,1,62,0,2016,7,12,7,3,5,3,0,0,1,1,0,0,0,0,686366.0885,5339252.3312,11.507135661,48.179153773,1,#66c2a5,bicycle
140459,9,1,81,130,2016,7,9,7,2,0,1,0,0,1,0,0,0,0,0,639095519.0,5323672.66,10.86654472,48.051167396,1,#66c2a5,bicycle
140462,9,1,62,0,2016,7,19,6,3,1,3,0,0,1,1,0,0,0,0,689623.5823,5340133.8776,11.551306622,48.186113356,1,#66c2a5,bicycle
140465,9,1,88,121,2016,7,20,2,3,4,2,1,0,1,1,0,0,0,0,671167736.0,5330827204.0,11.299467705,48.107690697,1,#66c2a5,bicycle
140471,9,2,61,0,2016,7,11,1,3,6,4,0,0,0,0,1,1,0,0,731741.6404,5381741.4973,12.140106182,48.545919174,3,#8da0cb,toilet
140472,9,1,79,145,2016,7,19,7,2,2,6,1,1,0,1,0,1,0,0,673453.4934,5337539.6143,11.332881952,48.167413687,2,#fc8d62,car
140476,9,1,62,0,2016,7,11,6,3,6,7,0,0,0,1,1,0,0,0,690374.2058,5338780.2865,11.560789119,48.173722911,2,#fc8d62,car
140478,9,1,84,130,2016,7,17,1,3,5,3,0,0,0,1,0,0,0,0,698222497.0,5343996845.0,11.668678099,48.218205533,2,#fc8d62,car
140481,9,1,79,142,2016,7,7,1,3,9,1,0,0,0,1,0,0,0,0,673239.1264,5343978.7536,11.332628744,48.225356284,2,#fc8d62,car
140482,9,1,74,126,2016,7,16,7,3,5,7,0,0,1,1,0,0,0,0,683581.3626,5344715.9991,11.472073339,48.22907455,1,#66c2a5,bicycle
140483,9,7,61,0,2016,7,19,2,3,1,5,0,0,1,1,0,0,0,0,637497.2184,5360183.9833,10.856946728,48.379828947,1,#66c2a5,bicycle
140485,9,1,78,124,2016,7,13,7,2,4,1,0,0,0,1,0,0,0,1,703834.9678,5364279.2912,11.753946525,48.398692521,2,#fc8d62,car
140488,9,1,84,134,2016,7,15,1,3,0,7,0,0,1,0,0,0,0,0,692406.2962,5321750.5762,11.580419218,48.020050102,1,#66c2a5,bicycle
140489,9,1,73,147,2016,7,17,2,3,2,6,0,0,0,1,0,0,1,0,681668.3997,5308966.2213,11.431146848,47.908273452,2,#fc8d62,car
140490,9,1,62,0,2016,7,19,1,3,0,2,0,0,1,1,0,0,0,0,689473.8359,5333094.2563,11.546159549,48.122885644,1,#66c2a5,bicycle
140491,9,7,71,142,2016,7,15,6,3,5,2,0,0,0,1,0,1,0,0,645332.5855,5351128.0415,10.959579032,48.296647344,2,#fc8d62,car
140492,9,1,62,0,2016,7,19,7,3,5,3,0,0,0,1,0,0,0,0,689879.3539,5344058.4724,11.556500223,48.221310852,2,#fc8d62,car
140494,9,7,61,0,2016,7,22,1,3,1,1,2,0,1,1,0,0,0,0,637264.4387,5361709.5447,10.854303102,48.393597274,1,#66c2a5,bicycle
140495,9,7,72,163,2016,7,15,6,3,3,6,0,0,0,1,0,0,0,0,640538.1371,5349654.1153,10.894480406,48.284477151,2,#fc8d62,car
140498,9,7,72,125,2016,7,15,6,3,5,3,0,0,1,1,0,0,0,0,635788.2677,5349044.2966,10.830289839,48.280030311,1,#66c2a5,bicycle
140499,9,1,62,0,2016,7,14,7,3,3,6,0,1,0,1,0,1,0,0,687750.9176,5343627331.0,11.527681574,48.218069114,2,#fc8d62,car
140500,9,1,62,0,2016,7,12,7,3,3,7,0,0,0,1,0,0,0,0,692797674.0,5335298.6879,11.591776004,48.141700746,2,#fc8d62,car
140502,9,1,62,0,2016,7,17,6,3,0,7,0,0,1,0,0,0,0,0,688303.7714,5337400.9168,11.532356564,48.161941783,1,#66c2a5,bicycle
140504,9,7,61,0,2016,7,7,6,3,5,2,0,0,1,1,0,0,0,0,641858.3973,5361170.3987,10.916145215,48.387732841,1,#66c2a5,bicycle
140506,9,7,61,0,2016,7,15,6,3,2,6,0,0,0,1,0,0,0,0,639139.8673,5356888.3399,10.878028784,48.349835146,2,#fc8d62,car
140509,9,1,77,115,2016,7,13,7,3,5,3,0,0,0,1,0,1,0,0,734151.0276,5350792.8519,12.155439591,48.267018668,2,#fc8d62,car
140511,9,1,73,147,2016,7,0,7,3,6,6,2,0,1,0,1,0,0,0,681872506.0,5310147794.0,11.434374138,47.918837,1,#66c2a5,bicycle
140512,9,1,84,148,2016,7,13,6,3,5,3,0,0,1,1,0,0,0,0,694128.0336,5325845.2852,11.605341469,48.056331857,1,#66c2a5,bicycle
140516,9,7,61,0,2016,7,20,7,3,5,7,0,1,0,1,0,0,0,0,639012389.0,5360282193.0,10.877430743,48.380379998,2,#fc8d62,car