OBJECTID,ULAND,UREGBEZ,UKREIS,UGEMEINDE,UJAHR,UMONAT,USTUNDE,UWOCHENTAG,UKATEGORIE,UART,UTYP1,ULICHTVERH,STRZUSTAND,IstRad,IstPKW,IstFuss,IstKrad,IstGkfz,IstSonstig,LINREFX,LINREFY,XGCSWGS84,YGCSWGS84,Teilnehmer,color,symbol
140517,9,1,84,134,2016,7,11,6,3,0,7,0,0,1,0,0,0,0,0,693050.6128,5322435.1782,11.589359571,48.026008934,1,#66c2a5,bicycle
140520,9,7,61,0,2016,7,23,6,3,5,3,2,0,1,1,0,0,0,0,638523.5672,5356138.3968,10.869468214,48.343227247,1,#66c2a5,bicycle
140523,9,2,74,126,2016,7,13,1,3,0,7,0,0,1,0,0,0,0,0,734107138.0,5385090178.0,12.173991041,48.575120557,1,#66c2a5,bicycle
140524,9,1,62,0,2016,7,12,6,3,6,4,0,0,0,0,1,1,0,0,696995.7654,5331635.5846,11.646456149,48.107493165,3,#8da0cb,toilet
140525,9,7,78,203,2016,7,15,2,3,6,4,0,0,0,1,1,0,0,0,622196.2153,5324425.3686,10.64008825,48.061396601,2,#fc8d62,car
140529,9,1,62,0,2016,7,19,6,3,2,6,0,0,0,1,0,0,0,0,700164.7326,5334661.7479,11.690400767,48.133701692,2,#fc8d62,car
140530,9,2,74,124,2016,7,5,2,3,0,1,0,0,0,0,0,1,0,0,724316.1142,5374788188.0,12.03590183,48.486151438,4,#e78ac3,marker
140531,9,1,62,0,2016,7,16,1,3,0,7,0,0,1,1,0,0,0,0,690803.4488,5334862.6362,11.564800316,48.138382699,1,#66c2a5,bicycle
140532,9,7,61,0,2016,7,19,6,3,2,6,0,0,0,1,0,0,0,0,639815.8633,5360020.0967,10.888188761,48.377845758,2,#fc8d62,car
140534,9,1,78,124,2016,7,14,2,3,5,3,0,0,1,1,0,0,0,0,702265.9053,5365265.6029,11.733247823,48.40806105,1,#66c2a5,bicycle
140535,9,7,61,0,2016,7,8,6,3,0,5,0,0,1,1,0,0,0,0,640264.4079,5358069.5201,10.893592257,48.360207232,1,#66c2a5,bicycle
140537,9,1,87,142,2016,7,16,1,3,0,1,0,0,1,0,0,0,0,0,733733647.0,5314522195.0,12.129959173,47.941335376,1,#66c2a5,bicycle
140538,9,1,62,0,2016,7,9,6,3,5,3,0,0,1,1,0,0,0,0,691492181.0,5333546745.0,11.573457239,48.126348726,1,#66c2a5,bicycle
140540,9,1,62,0,2016,7,9,1,3,5,2,0,0,1,1,0,0,0,0,691352.2968,5338426.3282,11.573772707,48.170247866,1,#66c2a5,bicycle
140541,9,1,62,0,2016,7,16,2,3,0,7,0,0,1,0,0,0,0,0,692237.3755,5335797.2987,11.584476992,48.146351691,1,#66c2a5,bicycle
140542,9,1,87,177,2016,7,17,2,3,0,1,0,0,1,0,0,0,0,0,735391.4696,5305189.7912,12.147034548,47.856888696,1,#66c2a5,bicycle
140543,9,1,62,0,2016,7,21,1,3,5,2,1,0,0,1,0,0,0,0,688034.1683,5339629699.0,11.529720302,48.18205418,2,#fc8d62,car
140545,9,1,62,0,2016,7,20,7,3,5,2,1,1,0,1,0,0,0,0,687341316.0,5334938.9,11.518342562,48.140096891,2,#fc8d62,car
140546,9,1,62,0,2016,7,20,7,3,0,7,1,1,1,0,0,0,0,0,685654.0084,5334434.1696,11.49546328,48.136054715,1,#66c2a5,bicycle
140547,9,1,62,0,2016,7,10,6,3,6,4,0,0,0,1,1,0,0,0,686759601.0,5336508441.0,11.511219192,48.154375413,2,#fc8d62,car
140548,9,7,61,0,2016,7,7,2,3,5,3,0,0,1,1,0,0,0,0,639240.3354,5360460.9614,10.880566777,48.38193717,1,#66c2a5,bicycle
140553,9,1,62,0,2016,7,17,7,3,0,1,0,1,1,0,0,0,0,0,689272344.0,5330025144.0,11.542092969,48.095359949,1,#66c2a5,bicycle
140556,9,1,62,0,2016,7,14,6,3,0,7,0,0,1,0,0,0,0,0,696052.6937,5331906.4566,11.633925245,48.110218564,1,#66c2a5,bicycle
140568,9,1,62,0,2016,7,14,6,3,4,2,0,0,1,1,0,0,0,0,691579.3198,5330079765.0,11.573069983,48.095161555,1,#66c2a5,bicycle
140571,9,1,79,142,2016,7,15,2,3,4,6,0,0,1,0,0,0,0,0,674259.4537,5341074.7996,11.345162374,48.198972302,1,#66c2a5,bicycle
140575,9,1,62,0,2016,7,11,6,3,2,6,0,0,0,1,0,0,0,1,693641.0394,5331577.1838,11.60141058,48.107996873,2,#fc8d62,car
140579,9,1,62,0,2016,7,16,6,3,0,7,0,0,1,0,0,0,0,0,693325.3478,5333220336.0,11.597918925,48.122860998,1,#66c2a5,bicycle
140582,9,1,62,0,2016,7,8,6,3,3,6,0,0,1,0,0,0,0,0,693867.5971,5331405.6187,11.604372983,48.106385986,1,#66c2a5,bicycle
140584,9,1,75,113,2016,7,16,2,2,8,1,0,0,0,1,0,0,0,0,719568004.0,5314143241.0,11.940338711,47.94294111,2,#fc8d62,car
140587,9,1,88,139,2016,7,7,1,3,5,3,0,0,0,1,0,0,0,0,674005.4357,5319585.4664,11.332984305,48.005862944,2,#fc8d62,car
140588,9,1,62,0,2016,7,23,6,3,0,7,2,0,1,0,0,0,0,0,686054701.0,5332262177.0,11.499895698,48.11641493,1,#66c2a5,bicycle
140591,9,1,62,0,2016,7,9,2,3,2,6,0,0,0,1,0,0,0,0,691848.9511,5334466014.0,11.578660715,48.134503572,2,#fc8d62,car
140593,9,1,62,0,2016,7,18,6,3,0,7,0,0,0,1,0,0,0,0,695279.6642,5338384.4312,11.626521275,48.168676913,2,#fc8d62,car
140594,9,1,62,0,2016,7,3,1,3,5,2,2,0,0,1,0,0,0,0,688213.8561,5339944.0762,11.53227455,48.184826631,2,#fc8d62,car
140596,9,1,62,0,2016,7,0,1,3,6,4,2,1,0,0,1,1,0,0,692186.2556,5334349.4576,11.583137104,48.133354215,3,#8da0cb,toilet
140598,9,1,62,0,2016,7,11,7,3,0,7,0,0,1,0,0,0,0,1,686425.2141,5344653.5372,11.510302783,48.227683712,1,#66c2a5,bicycle
140599,9,7,61,0,2016,7,14,2,2,6,2,0,0,0,1,1,0,0,0,641046.5604,5359208.6548,10.904527374,48.370275666,2,#fc8d62,car
140604,9,1,62,0,2016,7,23,7,3,4,2,2,1,0,1,0,0,0,0,693003.1269,5333843.3422,11.593875616,48.128558187,2,#fc8d62,car
140605,9,7,72,184,2016,7,19,7,3,5,3,0,1,0,1,0,0,0,0,634212724.0,5360450118.0,10.812696878,48.38292932,2,#fc8d62,car
140607,9,1,62,0,2016,7,0,7,3,5,3,2,0,0,1,0,0,0,0,690340.5816,5343131.5959,11.562287676,48.212842042,2,#fc8d62,car
140608,9,1,62,0,2016,7,0,7,3,5,3,2,0,1,1,0,0,0,0,689112.2006,5333106.1403,11.541310109,48.123099978,1,#66c2a5,bicycle
140609,9,1,63,0,2016,7,17,7,3,4,3,0,0,1,1,0,0,0,0,732457.7491,5305954.4507,12.108283637,47.864826308,1,#66c2a5,bicycle
140617,9,1,63,0,2016,7,5,7,3,0,1,1,0,1,0,0,0,0,0,733984.5018,5305244.8188,12.128283125,47.857896826,1,#66c2a5,bicycle
140618,9,1,62,0,2016,7,15,6,3,0,7,0,0,0,1,1,0,0,0,696289.9622,5335930.8732,11.638963018,48.146314686,2,#fc8d62,car
140621,9,1,78,120,2016,7,19,2,3,6,1,0,0,0,1,1,0,0,0,694212.1065,5353200.7773,11.618969866,48.302164868,2,#fc8d62,car
140622,9,1,62,0,2016,7,20,6,3,0,7,0,0,1,0,0,0,0,0,691156.8077,5336837.7775,11.570432129,48.156029009,1,#66c2a5,bicycle
140624,9,1,85,158,2016,7,17,2,3,6,4,0,0,1,0,1,0,0,0,667084.1118,5381266.2857,11.264654991,48.562206471,1,#66c2a5,bicycle
140628,9,2,74,126,2016,7,15,1,3,1,7,0,0,1,1,0,0,0,0,733808.3562,5384845.1687,12.169808948,48.573031283,1,#66c2a5,bicycle
140629,9,1,62,0,2016,7,13,6,3,5,3,0,0,1,0,0,0,0,1,682137.1263,5338542.3432,11.449994858,48.173998212,1,#66c2a5,bicycle
140632,9,1,63,0,2016,7,16,7,3,2,6,0,1,0,1,0,0,0,0,731105.1554,5304079.4939,12.089223101,47.848469035,2,#fc8d62,car
140635,9,1,62,0,2016,7,9,1,3,0,1,0,0,1,0,0,0,0,1,691048.0159,5334130.4039,11.567756009,48.131728068,1,#66c2a5,bicycle
140637,9,1,75,121,2016,7,13,1,2,8,1,0,0,1,0,0,0,0,0,714573.9113,5318097.5324,11.875521495,47.98016596,1,#66c2a5,bicycle
140641,9,1,62,0,2016,7,13,6,3,3,2,0,0,1,1,0,0,0,0,690627706.0,5335496.7859,11.562724281,48.14413508,1,#66c2a5,bicycle
140643,9,1,62,0,2016,7,12,1,3,6,4,0,0,0,1,1,0,0,0,692724.5055,5333140.8942,11.589817418,48.12232915,2,#fc8d62,car
140644,9,1,62,0,2016,7,14,2,3,3,6,0,0,1,0,0,0,0,0,692041.0457,5336502.1632,11.582158279,48.152746173,1,#66c2a5,bicycle
140646,9,1,62,0,2016,7,16,1,3,0,7,0,0,1,0,0,0,0,0,691333.4858,5334101.9828,11.571576062,48.131386871,1,#66c2a5,bicycle
140648,9,1,62,0,2016,7,18,7,3,6,7,0,1,0,1,1,0,0,0,686197314.0,5334378.7986,11.502734689,48.135398287,2,#fc8d62,car
140651,9,1,62,0,2016,7,17,6,3,2,6,0,0,0,1,0,0,0,0,688895021.0,5337654632.0,11.540412414,48.164046814,2,#fc8d62,car
140652,9,7,61,0,2016,7,18,2,3,2,6,0,0,0,1,0,0,0,0,637989953.0,5360297994.0,10.863635055,48.380746535,2,#fc8d62,car
140657,9,1,62,0,2016,7,11,7,3,0,3,0,0,1,1,0,0,0,0,684187.4062,5332658.3089,11.475001593,48.120518424,1,#66c2a5,bicycle
140658,9,7,62,0,2016,7,0,7,3,0,1,2,0,1,0,0,0,0,0,621075.6752,5304277.8987,10.61937858,47.880411525,1,#66c2a5,bicycle
140659,9,1,82,120,2016,7,19,7,3,5,3,0,0,1,1,0,0,0,0,702298.0074,5306937.9994,11.705966069,47.883871679,1,#66c2a5,bicycle
140669,9,7,61,0,2016,7,17,7,2,2,6,0,1,0,1,0,0,0,0,640948.4546,5351181.0843,10.900518017,48.298116084,2,#fc8d62,car
140672,9,1,81,114,2016,7,17,2,3,2,6,0,0,0,1,0,1,0,0,657168.0231,5312667.4417,11.104871704,47.948023903,2,#fc8d62,car
140677,9,1,62,0,2016,7,14,6,3,0,7,0,1,1,0,0,0,0,1,684683.9501,5332904.8188,11.481774167,48.122590359,1,#66c2a5,bicycle
140682,9,1,62,0,2016,7,15,1,3,0,7,0,0,1,1,0,0,0,0,691945.4055,5340003.9218,11.582454344,48.184248074,1,#66c2a5,bicycle
140683,9,2,61,0,2016,7,9,2,3,0,1,0,0,1,0,0,0,0,0,732652.7836,5380742.0085,12.15187475,48.536603872,1,#66c2a5,bicycle
140685,9,1,62,0,2016,7,8,6,3,1,5,0,0,1,1,0,0,0,0,682674631.0,5335724187.0,11.456007935,48.14851251,1,#66c2a5,bicycle
140690,9,1,78,124,2016,7,18,2,2,5,3,0,0,1,0,0,0,0,0,701913.1603,5363204263.0,11.7274956,48.389650207,1,#66c2a5,bicycle
140693,9,1,86,126,2016,7,20,1,3,0,1,0,0,1,0,0,0,0,0,684863.6488,5376437.7617,11.503268219,48.513819084,1,#66c2a5,bicycle
140694,9,1,62,0,2016,7,15,6,2,6,4,0,0,1,0,1,0,0,0,692990.5482,5333810.6185,11.593691924,48.128267888,1,#66c2a5,bicycle
140696,9,1,62,0,2016,7,10,1,3,5,3,0,0,0,1,0,1,0,0,692622.0192,5334816.0829,11.589198913,48.137416405,2,#fc8d62,car
140697,9,1,62,0,2016,7,7,2,3,5,3,0,0,1,0,0,0,0,1,691126.7066,5335156.0608,11.569272733,48.140922964,1,#66c2a5,bicycle
140698,9,1,63,0,2016,7,14,2,3,1,1,0,0,1,1,0,0,0,0,733892.9577,5303576.4774,12.126159307,47.84294175,1,#66c2a5,bicycle
140699,9,1,62,0,2016,7,13,1,3,0,7,0,0,1,0,0,0,0,0,692211094.0,5334634.3599,11.583599143,48.135907364,1,#66c2a5,bicycle
140701,9,1,84,130,2016,7,13,1,3,0,7,0,0,1,0,0,0,0,0,699228.5868,5346617.2392,11.683439547,48.241439826,1,#66c2a5,bicycle
140703,9,1,62,0,2016,7,21,7,3,5,3,2,1,0,1,0,0,0,0,690665.2967,5335207.4273,11.563099548,48.141523075,2,#fc8d62,car
140704,9,7,61,0,2016,7,5,2,3,5,3,0,0,1,1,0,0,0,0,639229.3018,5360797.9581,10.880529501,48.384969789,1,#66c2a5,bicycle
140705,9,7,62,0,2016,7,0,1,2,6,4,2,0,0,1,1,0,0,0,621592191.0,5304114.21,10.626237985,47.878841728,2,#fc8d62,car
140708,9,1,62,0,2016,7,10,7,3,1,3,0,0,0,1,0,1,0,0,694004.1713,5336399.2641,11.608479065,48.151225586,2,#fc8d62,car
140709,9,7,72,200,2016,7,13,7,3,2,6,0,0,0,1,0,0,0,0,630680.1813,5337840.2226,10.758016934,48.180351824,2,#fc8d62,car
140711,9,7,61,0,2016,7,17,4,3,5,3,0,0,0,1,0,0,0,1,639647738.0,5360294242.0,10.886010623,48.380348027,2,#fc8d62,car
140715,9,1,62,0,2016,7,15,2,3,0,5,0,0,1,0,0,0,1,0,698776.8095,5335710.8706,11.672256516,48.143565328,1,#66c2a5,bicycle
140717,9,1,62,0,2016,7,19,3,2,0,7,0,0,1,0,0,0,0,0,690426.0649,5335421.7747,11.559982758,48.143521267,1,#66c2a5,bicycle
140718,9,1,62,0,2016,7,17,3,3,5,3,0,0,0,1,0,1,0,0,683130382.0,5334832155.0,11.461745843,48.140363306,2,#fc8d62,car
140728,9,1,88,127,2016,7,10,2,2,1,2,0,0,1,1,0,0,0,0,679535.1964,5329859.2048,11.411368114,48.096685993,1,#66c2a5,bicycle
140731,9,1,62,0,2016,7,8,3,3,4,2,0,0,1,0,0,0,0,1,692443.6869,5334858.2536,11.586823383,48.137849382,1,#66c2a5,bicycle
140733,9,1,62,0,2016,7,11,3,2,4,2,0,0,1,1,0,0,0,0,690607086.0,5337238.1186,11.563227209,48.159792247,1,#66c2a5,bicycle
140743,9,1,62,0,2016,7,15,4,3,1,6,0,0,0,1,0,0,0,0,690654.3918,5333371.3921,11.56213148,48.125024116,2,#fc8d62,car
140747,9,1,75,132,2016,7,15,5,3,0,7,0,0,1,0,0,0,0,0,706813.1936,5332094.2379,11.778409589,48.108503471,1,#66c2a5,bicycle
140749,9,1,62,0,2016,7,20,4,3,5,3,0,0,0,1,0,1,0,0,691463207.0,5335515.0388,11.573952906,48.144048246,2,#fc8d62,car
140753,9,1,62,0,2016,7,16,4,3,5,3,0,0,0,1,0,0,0,1,689078151.0,5334939489.0,11.541666574,48.139588451,2,#fc8d62,car
140757,9,2,61,0,2016,7,13,3,3,6,4,0,0,1,0,1,0,0,0,732497775.0,5380923488.0,12.149879303,48.538291493,1,#66c2a5,bicycle
140758,9,1,88,127,2016,7,16,3,3,5,3,0,0,1,0,0,0,0,0,679222.0518,5330413.1246,11.40739866,48.10175337,1,#66c2a5,bicycle
140760,9,1,87,150,2016,7,8,4,3,1,5,0,0,1,1,0,0,0,0,729568389.0,5303932188.0,12.068633294,47.847696168,1,#66c2a5,bicycle
140762,9,7,61,0,2016,7,12,4,2,5,3,0,0,1,0,0,0,0,1,640729.2274,5358015.4611,10.899845733,48.359617713,1,#66c2a5,bicycle
140763,9,2,74,113,2016,7,6,3,3,4,6,0,0,0,1,0,0,0,1,727894.0138,5381884.9354,12.088128759,48.54861707,2,#fc8d62,car
140766,9,1,62,0,2016,7,17,2,3,4,2,0,0,0,1,0,1,0,0,692254828.0,5337233602.0,11.585360208,48.159255594,2,#fc8d62,car
140769,9,1,62,0,2016,7,7,3,3,2,6,0,0,0,1,0,1,0,0,688991.0257,5333352356.0,11.539792574,48.125348981,2,#fc8d62,car
140774,9,1,84,138,2016,7,13,2,3,0,6,0,0,0,1,0,1,0,0,680132.6708,5330660.9228,11.41972386,48.103724024,2,#fc8d62,car
140776,9,1,84,149,2016,7,9,3,3,3,7,0,0,0,1,0,1,0,0,692163.7773,5349716.7688,11.58979278,48.271477666,2,#fc8d62,car
140777,9,1,86,143,2016,7,7,4,2,6,4,0,0,0,1,1,0,0,0,684402.6343,5377886.2921,11.497672109,48.526973736,2,#fc8d62,car
140783,9,1,84,131,2016,7,14,2,2,5,3,0,0,1,1,0,0,0,0,703810.1187,5339325.0339,11.741573781,48.174452107,1,#66c2a5,bicycle
140787,9,1,79,142,2016,7,8,5,3,1,6,0,0,0,1,0,0,0,0,672870.9746,5341875.7731,11.326818702,48.206552146,2,#fc8d62,car
140788,9,1,62,0,2016,7,14,3,2,6,4,0,0,1,0,1,0,0,0,690533.8718,5333992.4459,11.560791199,48.130642222,1,#66c2a5,bicycle
140800,9,1,62,0,2016,7,13,4,3,5,2,0,0,1,0,0,0,0,1,684514.5843,5332110.0883,11.479156519,48.115495978,1,#66c2a5,bicycle
140809,9,1,62,0,2016,7,12,4,3,5,2,0,0,0,1,0,0,0,0,690472.7768,5335665.1283,11.560718941,48.145694538,2,#fc8d62,car
140812,9,1,62,0,2016,7,19,2,2,3,6,0,0,1,1,0,0,0,0,693126.1059,5329029163.0,11.593347513,48.085252083,1,#66c2a5,bicycle
140814,9,1,62,0,2016,7,9,3,3,3,2,0,0,1,0,0,0,0,1,692064.0852,5340394.0965,11.584225788,48.187718994,1,#66c2a5,bicycle
140821,9,1,62,0,2016,7,19,4,3,4,6,0,0,1,0,0,0,0,0,692636.3547,5334169756.0,11.589099148,48.131603023,1,#66c2a5,bicycle
140822,9,7,73,182,2016,7,14,4,3,5,3,0,0,1,1,0,0,0,0,623362.6913,5379884.7229,10.671955652,48.559912571,1,#66c2a5,bicycle
140824,9,1,63,0,2016,7,20,3,3,7,1,0,0,1,0,0,0,0,0,732249.4026,5303630.4636,12.104254344,47.844022508,1,#66c2a5,bicycle
140825,9,1,62,0,2016,7,7,2,2,5,3,0,0,1,1,0,0,0,0,686117.4222,5336098.0936,11.502413392,48.150875322,1,#66c2a5,bicycle
140827,9,1,62,0,2016,7,8,3,3,2,6,0,0,0,1,0,0,0,0,686375082.0,5338408.4243,11.506886503,48.171565856,2,#fc8d62,car
140829,9,1,74,115,2016,7,22,4,3,0,1,2,0,0,0,0,1,0,0,681206.7373,5347906.3293,11.441492562,48.258434072,4,#e78ac3,marker
140833,9,1,63,0,2016,7,13,3,3,1,7,0,0,1,0,0,0,0,1,733153.4745,5304733.8851,12.116914254,47.853608573,1,#66c2a5,bicycle
140837,9,7,62,0,2016,7,16,3,3,1,6,0,0,0,1,0,0,0,0,623374.2104,5306047389.0,10.65061397,47.895888048,2,#fc8d62,car
140838,9,1,79,149,2016,7,19,5,3,0,7,0,0,1,0,0,0,0,0,654371.0072,5329634.5935,11.073550497,48.101260309,1,#66c2a5,bicycle
140839,9,1,84,119,2016,7,19,2,3,1,7,0,0,0,0,0,1,1,0,696532.14,5346931991.0,11.647307299,48.245110081,4,#e78ac3,marker
140841,9,7,72,141,2016,7,9,3,3,2,6,0,0,0,1,0,0,0,0,622692959.0,5352199883.0,10.654775727,48.311081786,2,#fc8d62,car
140842,9,1,62,0,2016,7,11,3,3,2,6,0,0,0,1,0,0,0,0,686253.7955,5336166.3334,11.504275024,48.151448766,2,#fc8d62,car
140844,9,1,62,0,2016,7,0,3,2,0,1,2,0,1,0,0,0,0,0,690893.6572,5333255.9322,11.565291827,48.123914668,1,#66c2a5,bicycle
140847,9,1,63,0,2016,7,17,3,3,8,1,0,0,1,0,0,0,0,0,734161.2255,5303288.9844,12.129583883,47.840261278,1,#66c2a5,bicycle
140851,9,7,61,0,2016,7,16,3,3,5,3,0,0,1,1,0,0,0,0,639147.0473,5359224.4705,10.878898249,48.370839534,1,#66c2a5,bicycle
140852,9,1,62,0,2016,7,7,4,3,3,2,0,0,0,1,0,0,0,1,685422.53,5334893691.0,11.492554975,48.140252587,2,#fc8d62,car
140855,9,1,62,0,2016,7,1,3,2,0,7,2,0,1,0,0,0,0,0,693127.4193,5331860.7509,11.594646229,48.110701435,1,#66c2a5,bicycle
140856,9,1,62,0,2016,7,16,4,3,2,6,0,0,0,1,0,0,0,0,691399.0277,5334026.7416,11.572422245,48.130690905,2,#fc8d62,car
140860,9,1,62,0,2016,7,16,4,3,3,6,0,0,0,1,0,0,0,1,690358.2004,5333976.1563,11.558425326,48.130548373,2,#fc8d62,car
140863,9,1,84,131,2016,7,11,2,2,0,1,0,0,1,0,0,0,0,0,705719.9009,5338098271.0,11.766639016,48.162812619,1,#66c2a5,bicycle
140865,9,1,62,0,2016,7,10,3,3,5,2,0,0,1,1,0,0,0,0,684485.5484,5332863.5365,11.479092778,48.122276811,1,#66c2a5,bicycle
140867,9,1,62,0,2016,7,8,3,3,4,2,0,0,0,1,0,1,0,0,695279.0718,5336088.0276,11.625459323,48.148038219,2,#fc8d62,car
140870,9,7,61,0,2016,7,15,4,3,0,7,0,0,1,0,0,0,0,0,640296.0381,5357286113.0,10.893757851,48.353156038,1,#66c2a5,bicycle
140874,9,1,62,0,2016,7,15,2,3,6,4,0,0,1,0,1,0,0,0,692710.3966,5339535.3277,11.592523184,48.17980492,1,#66c2a5,bicycle
140876,9,1,62,0,2016,7,18,3,3,6,7,0,0,1,0,1,0,0,0,693052.9752,5333751.7894,11.594503369,48.127720217,1,#66c2a5,bicycle
140878,9,1,62,0,2016,7,18,3,3,6,2,0,0,0,1,1,0,0,0,690848.8612,5339076.9357,11.567300418,48.1762468,2,#fc8d62,car
140882,9,1,62,0,2016,7,18,3,3,5,7,0,0,1,1,0,0,0,0,689283.0772,5333298.8779,11.543689608,48.124781548,1,#66c2a5,bicycle
140886,9,1,86,143,2016,7,9,3,3,4,2,0,0,1,1,0,0,0,0,685079666.0,5378331805.0,11.50703092,48.530778645,1,#66c2a5,bicycle
140888,9,1,62,0,2016,7,17,2,3,0,6,0,0,0,0,0,1,0,0,689492711.0,5340132.7786,11.549547123,48.186142529,4,#e78ac3,marker
140891,9,7,61,0,2016,7,15,3,3,2,6,0,0,0,1,0,0,0,0,637486.8763,5359472.3892,10.856574391,48.373432642,2,#fc8d62,car
140892,9,1,79,142,2016,7,17,5,3,2,6,0,0,1,1,0,0,0,0,675392.9111,5343669.6432,11.3614757,48.221985818,1,#66c2a5,bicycle
140893,9,1,62,0,2016,7,19,3,3,1,7,0,0,1,1,0,0,0,0,693056.4986,5334261.4189,11.594781561,48.13229957,1,#66c2a5,bicycle
140894,9,2,74,113,2016,7,15,4,3,5,3,0,0,1,1,0,0,0,0,728487.9214,5381936.8193,12.096192871,48.548867132,1,#66c2a5,bicycle
140895,9,1,84,120,2016,7,14,3,2,0,1,0,0,1,0,0,0,0,0,681264.8125,5332957494.0,11.435893826,48.124046496,1,#66c2a5,bicycle
140897,9,1,88,141,2016,7,6,3,3,4,6,0,0,1,1,0,0,0,0,669898.4251,5308704.6737,11.273666855,47.909147783,1,#66c2a5,bicycle
140898,9,1,81,126,2016,7,20,3,2,8,1,0,0,0,1,0,0,0,0,636580831.0,5332277.4572,10.835570274,48.129088563,2,#fc8d62,car
140900,9,1,84,136,2016,7,17,2,3,4,6,0,0,1,0,0,0,0,0,697670.0783,5326673.9675,11.653208914,48.06269231,1,#66c2a5,bicycle
140903,9,7,61,0,2016,7,18,3,3,2,6,0,0,1,1,0,0,0,0,639241.0842,5360173.6925,10.880481709,48.379353958,1,#66c2a5,bicycle
140904,9,1,62,0,2016,7,18,4,3,9,1,0,0,0,0,0,1,0,0,692090.8044,5340870.4125,11.584800335,48.191991911,4,#e78ac3,marker
140905,9,1,62,0,2016,7,13,4,3,5,3,0,0,1,0,0,1,0,0,692662.1029,5334798432.0,11.589729158,48.137245629,1,#66c2a5,bicycle
140907,9,1,86,151,2016,7,11,5,3,6,2,0,0,0,1,1,0,0,0,681613.6194,5375197.5055,11.458761973,48.503619804,2,#fc8d62,car
140908,9,1,81,130,2016,7,7,3,3,4,2,0,0,0,1,0,0,0,0,639219.8726,5324316.7778,10.868422126,48.056932389,2,#fc8d62,car
140910,9,1,62,0,2016,7,18,4,2,2,6,0,0,1,0,0,0,0,0,691430.2945,5332917.1051,11.572343658,48.12070819,1,#66c2a5,bicycle
140914,9,7,61,0,2016,7,22,3,2,0,1,2,0,1,0,0,0,0,0,643022.3933,5357597.8513,10.930643427,48.355347466,1,#66c2a5,bicycle
140915,9,1,84,138,2016,7,13,4,3,5,3,0,0,1,1,0,0,0,0,682504.9107,5331347.3132,11.451853736,48.109218688,1,#66c2a5,bicycle
140917,9,1,88,132,2016,7,15,3,3,6,6,0,0,1,0,1,0,0,0,663876.2345,5323368.7135,11.198730118,48.042553386,1,#66c2a5,bicycle
140918,9,7,71,158,2016,7,18,4,3,5,3,0,0,0,1,0,0,0,0,642756.4797,5373417.5071,10.932443049,48.497648613,2,#fc8d62,car
140919,9,1,62,0,2016,7,17,3,3,2,6,0,0,0,1,0,0,0,0,689741.2887,5334896.8411,11.550552599,48.139007734,2,#fc8d62,car
140921,9,1,62,0,2016,7,18,3,3,1,5,0,0,1,1,0,0,0,0,682887.0229,5337937.1799,11.459812051,48.168343277,1,#66c2a5,bicycle
140923,9,1,88,144,2016,7,7,3,3,5,3,0,0,0,1,0,0,0,0,668758.9692,5327735.8285,11.265912771,48.08054199,2,#fc8d62,car
140925,9,1,79,123,2016,7,17,3,3,5,3,0,0,1,1,0,0,0,0,675378892.0,5332764.3641,11.356788064,48.123959084,1,#66c2a5,bicycle
140926,9,1,62,0,2016,7,14,2,3,5,3,0,0,0,1,0,1,0,1,695231.6818,5338705.2977,11.626023942,48.171575426,2,#fc8d62,car
140928,9,1,81,114,2016,7,13,3,3,6,7,0,0,1,0,1,0,0,0,657162.8227,5312850.6567,11.104869024,47.9496725,1,#66c2a5,bicycle
140929,9,1,62,0,2016,7,8,2,3,6,2,0,0,0,1,1,0,0,0,691663.3838,5332801.7442,11.575420655,48.119601218,2,#fc8d62,car
140931,9,1,62,0,2016,7,17,3,3,0,7,0,0,1,0,0,0,0,0,690690.0543,5334110.3127,11.562940877,48.131654835,1,#66c2a5,bicycle
140932,9,1,62,0,2016,7,19,3,2,5,7,0,0,0,1,0,1,0,0,690425.5422,5342698.8706,11.563235961,48.208927291,2,#fc8d62,car
140935,9,2,61,0,2016,7,19,5,3,0,1,0,0,0,0,0,1,0,0,731973.5644,5379788.8949,12.142157109,48.528293643,4,#e78ac3,marker
140936,9,1,74,115,2016,7,19,3,3,4,7,0,0,0,1,0,0,0,0,683467.7601,5349165.1732,11.472473204,48.269098444,2,#fc8d62,car
140938,9,1,62,0,2016,7,11,2,3,6,4,0,0,0,1,1,0,0,0,692990.0674,5333851.2078,11.593703851,48.12863284,2,#fc8d62,car
140941,9,7,61,0,2016,7,16,3,3,5,3,0,0,0,1,0,0,0,0,639926.3737,5359945196.0,10.889655407,48.377147776,2,#fc8d62,car
140942,9,1,79,123,2016,7,14,5,3,5,2,0,0,1,0,0,1,0,0,675850.7708,5332579.7774,11.363047561,48.122169604,1,#66c2a5,bicycle
140943,9,1,62,0,2016,7,23,3,3,0,5,2,0,1,1,0,0,0,0,689103.9902,5334296.3807,11.541728055,48.133800445,1,#66c2a5,bicycle
140945,9,1,62,0,2016,7,12,3,3,4,6,0,0,1,0,0,0,0,0,689448.5231,5333088.2205,11.54581706,48.122838926,1,#66c2a5,bicycle
140946,9,1,62,0,2016,7,15,4,2,5,3,0,0,1,0,0,0,0,1,694254.1179,5333470.5361,11.610500416,48.124827018,1,#66c2a5,bicycle
140949,9,1,62,0,2016,7,18,3,2,0,1,0,0,1,0,0,0,0,0,692256.4266,5338477.4739,11.585943956,48.170434728,1,#66c2a5,bicycle