OBJECTID,ULAND,UREGBEZ,UKREIS,UGEMEINDE,UJAHR,UMONAT,USTUNDE,UWOCHENTAG,UKATEGORIE,UART,UTYP1,ULICHTVERH,STRZUSTAND,IstRad,IstPKW,IstFuss,IstKrad,IstGkfz,IstSonstig,LINREFX,LINREFY,XGCSWGS84,YGCSWGS84,Teilnehmer,color,symbol
140951,9,1,62,0,2016,7,8,3,3,3,6,0,0,1,0,0,0,0,0,691442.6205,5340002.1009,11.575696102,48.184383413,1,#66c2a5,bicycle
140954,9,1,78,120,2016,7,20,3,3,5,3,0,0,1,1,0,0,0,0,694784.5479,5352726.1292,11.626461895,48.297723117,1,#66c2a5,bicycle
140959,9,1,84,138,2016,7,16,4,3,0,6,0,0,1,0,0,0,0,0,681047.3658,5330827.9939,11.432070405,48.104966531,1,#66c2a5,bicycle
140962,9,1,86,143,2016,7,13,5,3,1,7,0,0,1,1,0,0,0,0,684569.8995,5378285.0937,11.50011196,48.530508921,1,#66c2a5,bicycle
140963,9,1,78,124,2016,7,15,3,3,2,7,0,0,1,1,0,0,0,0,704249.3284,5363794.4105,11.759302257,48.394201254,1,#66c2a5,bicycle
140965,9,1,77,117,2016,7,7,3,3,5,3,0,0,0,1,0,1,0,0,714460.7068,5353286.0161,11.89172327,48.29639244,2,#fc8d62,car
140967,9,1,62,0,2016,7,8,4,3,3,6,0,0,0,0,0,1,0,1,689062.0569,5333350.4562,11.540745325,48.125310815,4,#e78ac3,marker
140969,9,1,62,0,2016,7,18,2,3,1,5,0,0,1,1,0,0,0,0,691168.9092,5333794.4162,11.56922843,48.128671937,1,#66c2a5,bicycle
140972,9,7,61,0,2016,7,16,6,2,6,7,0,0,0,1,1,0,0,0,637733.0092,5360247932.0,10.860150376,48.380352532,2,#fc8d62,car
140976,9,7,61,0,2016,7,17,5,3,1,5,0,0,0,1,0,1,0,0,640401.1922,5359256.6653,10.895834081,48.370851261,2,#fc8d62,car
140978,9,1,62,0,2016,7,17,6,3,5,2,0,0,0,1,0,1,0,0,687912286.0,5343607.15,11.529842929,48.217839961,2,#fc8d62,car
140981,9,1,74,121,2016,7,17,7,3,5,3,0,0,1,1,0,0,0,0,688252.8855,5355126.0664,11.539551521,48.321270265,1,#66c2a5,bicycle
140982,9,7,61,0,2016,7,19,6,3,2,6,0,0,0,1,0,0,0,0,639126.9617,5359099.9762,10.878585996,48.369724539,2,#fc8d62,car
140983,9,7,71,158,2016,7,13,7,2,2,2,0,0,0,0,0,1,0,1,644191.1854,5372511.7884,10.951539805,48.489177525,4,#e78ac3,marker
140985,9,1,88,127,2016,7,15,1,3,5,3,0,0,1,1,0,0,0,0,675645159.0,5329269207.0,11.358924035,48.092466388,1,#66c2a5,bicycle
140992,9,1,62,0,2016,7,15,6,3,1,3,0,0,0,1,0,1,0,0,692322.9397,5340034.8372,11.587542354,48.18441176,2,#fc8d62,car
140993,9,1,62,0,2016,7,14,7,3,2,6,0,0,0,1,0,0,0,0,686252.8485,5331456.4484,11.502203594,48.109114781,2,#fc8d62,car
140996,9,1,78,120,2016,7,23,7,3,0,1,2,0,1,0,0,0,0,0,694046.9462,5352560.8962,11.616450987,48.296464723,1,#66c2a5,bicycle
140997,9,7,61,0,2016,7,22,6,2,5,2,2,0,1,1,0,0,0,0,641067.6916,5361166.8629,10.905469771,48.38787839,1,#66c2a5,bicycle
140999,9,1,62,0,2016,7,17,7,3,3,5,0,0,1,1,0,0,0,0,691949.9876,5335636398.0,11.580544819,48.144992323,1,#66c2a5,bicycle
141002,9,1,84,134,2016,7,19,5,3,0,1,0,0,1,0,0,0,0,0,691601396.0,5324562907.0,11.570893605,48.045569398,1,#66c2a5,bicycle
141003,9,7,61,0,2016,7,20,6,3,5,3,0,0,1,0,0,0,0,0,638006018.0,5355645629.0,10.862325922,48.33890961,1,#66c2a5,bicycle
141005,9,1,62,0,2016,7,20,6,3,1,6,0,0,0,1,0,0,0,0,690479.4528,5336639.9658,11.56124484,48.154454333,2,#fc8d62,car
141007,9,7,77,121,2016,7,17,5,3,5,2,0,0,0,1,0,0,0,0,627245.8933,5320943.6879,10.706798187,48.029098214,2,#fc8d62,car
141008,9,1,62,0,2016,7,9,6,2,0,7,0,0,1,0,0,0,0,0,685772.1972,5332236.5786,11.496092465,48.116267314,1,#66c2a5,bicycle
141009,9,1,62,0,2016,7,20,7,3,1,5,0,0,0,1,0,1,0,0,691468273.0,5337457.7206,11.574894928,48.161507262,2,#fc8d62,car
141010,9,7,61,0,2016,7,15,7,3,1,6,0,0,1,1,0,0,0,0,639028.3749,5355919.8152,10.876204985,48.341150905,1,#66c2a5,bicycle
141012,9,1,62,0,2016,7,18,7,3,0,1,0,0,1,0,0,0,0,0,691600.7428,5339827.3784,11.577742476,48.182765378,1,#66c2a5,bicycle
141014,9,1,62,0,2016,7,18,5,3,4,2,0,0,0,1,0,0,0,0,686500.1493,5334860.9622,11.507012271,48.139643466,2,#fc8d62,car
141015,9,7,61,0,2016,7,20,6,3,6,2,0,0,0,1,1,0,0,0,640619.1873,5357235.6496,10.898100471,48.352630413,2,#fc8d62,car
141019,9,1,62,0,2016,7,9,5,3,4,2,0,0,1,1,0,0,0,0,696876.9065,5330478.8693,11.644327539,48.09713401,1,#66c2a5,bicycle
141022,9,1,78,143,2016,7,12,7,3,0,7,0,0,1,0,0,0,0,0,716771.2304,5373286.2317,11.933152107,48.475303647,1,#66c2a5,bicycle
141023,9,7,61,0,2016,7,15,6,3,1,6,0,0,0,1,0,0,0,0,639725567.0,5356343492.0,10.885748961,48.344806698,2,#fc8d62,car
141024,9,2,61,0,2016,7,19,6,3,8,1,0,1,0,0,0,1,0,0,735079367.0,5379706916.0,12.184112778,48.526402061,4,#e78ac3,marker
141029,9,1,84,112,2016,7,18,6,2,5,3,0,0,1,1,0,0,0,0,703038.1736,5339140.3446,11.731113935,48.17303944,1,#66c2a5,bicycle
141032,9,1,78,155,2016,7,17,7,3,5,3,0,0,0,1,0,1,0,0,721750.2156,5374417.6606,12.001028183,48.483732829,2,#fc8d62,car
141033,9,7,61,0,2016,7,19,6,3,0,1,0,0,1,0,0,0,0,0,640254.2106,5358606.4085,10.893633665,48.365037036,1,#66c2a5,bicycle
141034,9,7,71,113,2016,7,18,7,2,5,3,0,0,1,1,0,0,0,0,657956.6925,5370681.4868,11.137026867,48.469414275,1,#66c2a5,bicycle
141036,9,1,62,0,2016,7,20,5,3,3,2,1,0,1,1,0,0,0,0,692312.4568,5334227.1891,11.58477637,48.132217168,1,#66c2a5,bicycle
141038,9,1,75,112,2016,7,14,7,2,0,1,0,0,0,0,0,1,0,0,722983.0863,5317474.4624,11.987734551,47.971692863,4,#e78ac3,marker
141039,9,7,71,114,2016,7,7,6,3,3,6,0,0,1,0,0,0,0,0,645632.8172,5374842.4198,10.971852313,48.50980001,1,#66c2a5,bicycle
141044,9,2,61,0,2016,7,17,1,3,2,6,0,0,0,1,0,1,0,0,731409.2801,5383335766.0,12.136495641,48.560362884,2,#fc8d62,car
141047,9,1,62,0,2016,7,17,6,3,3,3,0,0,1,1,0,0,0,0,695689.1811,5333755.7886,11.62989561,48.126951244,1,#66c2a5,bicycle
141048,9,1,62,0,2016,7,12,7,3,6,7,0,0,1,0,1,0,0,0,695683.4483,5333800.0016,11.629838951,48.127350371,1,#66c2a5,bicycle
141050,9,7,61,0,2016,7,12,7,3,5,3,0,0,1,1,0,0,0,0,638893.8846,5356158.3597,10.874469703,48.343325438,1,#66c2a5,bicycle
141052,9,1,62,0,2016,7,8,6,3,2,6,0,0,0,1,0,0,0,0,688061.6025,5337468.1794,11.529132847,48.162618026,2,#fc8d62,car
141054,9,1,84,113,2016,7,15,7,2,0,1,0,1,1,0,0,0,0,0,686591.26,5322834803.0,11.50298237,48.031520351,1,#66c2a5,bicycle
141057,9,1,74,115,2016,7,12,1,3,0,1,0,0,1,0,0,0,0,0,681923.8471,5348396.7222,11.451356255,48.262636509,1,#66c2a5,bicycle
141058,9,1,83,119,2016,7,11,6,3,4,7,0,0,1,0,0,0,0,0,736466.2137,5339194.3355,12.180124457,48.161969954,1,#66c2a5,bicycle
141060,9,7,71,113,2016,7,14,6,3,0,7,0,0,1,0,0,0,0,0,657032.3443,5369903.4061,11.12423808,48.462650584,1,#66c2a5,bicycle
141062,9,1,62,0,2016,7,13,6,3,1,6,0,0,0,1,0,0,0,0,691761535.0,5331959.3479,11.57635935,48.112000295,2,#fc8d62,car
141065,9,1,62,0,2016,7,19,7,3,5,3,0,0,0,1,0,0,0,0,681218.2382,5338597.8393,11.437669845,48.174759735,2,#fc8d62,car
141067,9,1,62,0,2016,7,19,5,2,3,7,0,0,1,0,0,0,0,0,692548.1945,5334168.2238,11.587914806,48.131615928,1,#66c2a5,bicycle
141069,9,1,62,0,2016,7,14,5,3,3,2,0,0,1,0,0,0,0,1,692166.0203,5339556.3392,11.585216966,48.180158631,1,#66c2a5,bicycle
141072,9,1,62,0,2016,7,15,6,3,5,3,0,0,0,1,0,0,0,0,693444465.0,5332080938.0,11.599001022,48.112584213,2,#fc8d62,car
141076,9,1,62,0,2016,7,7,5,3,0,7,0,0,1,0,0,0,0,0,689050.1835,5332397.9233,11.540163532,48.116752839,1,#66c2a5,bicycle
141079,9,1,62,0,2016,7,22,6,3,8,7,2,0,0,0,0,1,0,0,694335025.0,5330861.5515,11.610397782,48.101353669,4,#e78ac3,marker
141084,9,7,61,0,2016,7,9,7,3,5,3,0,0,1,1,0,0,0,0,639147.9951,5359224.2689,10.878910974,48.370837513,1,#66c2a5,bicycle
141086,9,1,63,0,2016,7,14,6,3,3,2,0,0,1,1,0,0,0,0,733691223.0,5304481446.0,12.123955766,47.851145373,1,#66c2a5,bicycle
141089,9,2,74,114,2016,7,18,7,2,0,7,0,0,1,0,0,0,0,0,734041.7764,5370696.0475,12.165035587,48.445848119,1,#66c2a5,bicycle
141091,9,1,62,0,2016,7,8,6,3,5,2,0,0,0,1,0,1,0,0,690037.5991,5334736.9404,11.554460235,48.13748212,2,#fc8d62,car
141095,9,1,79,126,2016,7,4,1,3,0,1,2,0,1,0,0,0,0,0,675963.2614,5340038.6134,11.367642383,48.189187952,1,#66c2a5,bicycle
141099,9,1,62,0,2016,7,6,6,3,2,6,0,0,0,1,0,1,0,0,694726701.0,5332188936.0,11.616259101,48.113164129,2,#fc8d62,car
141100,9,1,62,0,2016,7,13,7,3,5,3,0,0,1,1,0,0,0,0,688244481.0,5333747632.0,11.529944745,48.12912299,1,#66c2a5,bicycle
141103,9,1,90,157,2016,7,20,7,3,5,3,0,0,1,0,0,1,0,0,659880.8019,5301329.7151,11.136975918,47.845414194,1,#66c2a5,bicycle
141105,9,1,62,0,2016,7,19,6,3,5,3,0,0,0,1,0,0,0,0,680588.9826,5339900.8415,11.429767037,48.186651291,2,#fc8d62,car
141108,9,1,62,0,2016,7,14,7,3,4,2,0,0,0,1,0,1,0,0,694351.0847,5341707.2619,11.615565324,48.198825498,2,#fc8d62,car
141111,9,1,62,0,2016,7,17,5,3,1,5,0,0,1,1,0,0,0,0,690368.5428,5335692.5915,11.559331348,48.145972576,1,#66c2a5,bicycle
141113,9,7,72,200,2016,7,14,5,3,9,7,0,0,0,1,0,0,0,1,630170.4853,5338284.2572,10.751299468,48.184449529,2,#fc8d62,car
141117,9,1,62,0,2016,7,18,6,3,2,6,0,0,0,1,0,0,0,0,685955.6772,5337618.9413,11.500905526,48.164592558,2,#fc8d62,car
141119,9,1,62,0,2016,7,18,7,3,1,3,0,0,0,1,0,0,0,0,690825071.0,5332979083.0,11.564247171,48.121446916,2,#fc8d62,car
141121,9,1,62,0,2016,7,21,5,2,6,4,2,0,0,0,1,1,0,0,690727.9521,5342738.8952,11.567320323,48.209196233,3,#8da0cb,toilet
141126,9,1,62,0,2016,7,19,5,3,3,7,0,0,0,1,0,1,0,0,691987.5169,5337052.7736,11.581687713,48.15771111,2,#fc8d62,car
141128,9,1,81,130,2016,7,14,6,3,5,3,0,0,0,1,0,0,0,0,638636.0257,5325127.7032,10.860853682,48.064351632,2,#fc8d62,car
141129,9,1,84,147,2016,7,16,5,3,5,3,0,0,1,1,0,0,0,0,696387.8038,5340658.6485,11.642460311,48.188774672,1,#66c2a5,bicycle
141133,9,1,81,130,2016,7,11,6,3,0,7,0,0,1,0,0,0,0,0,639059695.0,5324454.2319,10.866318306,48.05820335,1,#66c2a5,bicycle
141135,9,1,79,126,2016,7,15,6,3,1,1,0,0,0,1,0,0,0,0,676835.3786,5339664.8098,11.379210909,48.185585587,2,#fc8d62,car
141140,9,1,62,0,2016,7,17,6,3,5,2,0,0,1,1,0,0,0,0,690092.7396,5335918.4463,11.555728103,48.14808503,1,#66c2a5,bicycle
141144,9,1,79,121,2016,7,17,1,3,0,2,0,0,0,1,0,1,0,0,666748.2962,5339186.7901,11.243419043,48.18401617,2,#fc8d62,car
141145,9,1,62,0,2016,7,15,6,2,0,7,0,0,1,0,0,0,0,0,683654.5582,5337762.7522,11.470050058,48.166554132,1,#66c2a5,bicycle
141148,9,1,87,137,2016,7,18,1,2,5,7,0,0,1,1,0,0,0,0,730949.9475,5309843376.0,12.090231928,47.900309239,1,#66c2a5,bicycle
141149,9,1,79,145,2016,7,17,6,3,3,6,0,0,1,1,0,0,0,0,675060.5093,5338223.0183,11.354758228,48.173116484,1,#66c2a5,bicycle
141150,9,2,61,0,2016,7,21,1,2,6,7,0,0,0,1,1,0,0,0,732858.7386,5380963.4662,12.154784257,48.538516781,2,#fc8d62,car
141152,9,7,72,171,2016,7,14,5,3,5,3,0,0,1,1,0,0,0,0,637899.2145,5369981.6919,10.865595271,48.467839797,1,#66c2a5,bicycle
141154,9,1,62,0,2016,7,20,7,2,5,3,0,0,0,1,0,1,0,0,697133815.0,5332123.8883,11.648534312,48.111839036,2,#fc8d62,car
141155,9,1,63,0,2016,7,13,7,3,6,4,0,0,0,1,1,0,0,0,731100.2102,5304160.9585,12.089200602,47.849202718,2,#fc8d62,car
141157,9,1,62,0,2016,7,22,6,3,1,1,2,0,0,1,0,0,0,0,686231.2562,5333547.2858,11.502827022,48.127914398,2,#fc8d62,car
141159,9,1,62,0,2016,7,19,7,3,3,6,0,0,0,1,0,1,0,0,689088.7342,5332795605.0,11.540857349,48.120315814,2,#fc8d62,car
141160,9,1,79,149,2016,7,14,6,3,0,7,0,0,1,0,0,0,0,0,654950.7717,5329810772.0,11.081396696,48.102703602,1,#66c2a5,bicycle
141161,9,1,62,0,2016,7,16,5,3,6,4,0,0,0,1,1,0,0,0,682119317.0,5335923.1972,11.448634129,48.150460592,2,#fc8d62,car
141162,9,1,74,122,2016,7,16,6,2,0,6,0,0,1,1,0,0,0,0,682811.4185,5351590.0329,11.464685515,48.291083857,1,#66c2a5,bicycle
141166,9,7,71,130,2016,7,10,5,3,4,6,0,0,0,0,0,0,0,1,647058059.0,5357250676.0,10.984965606,48.351298995,6,#ffd92f,circle
141168,9,1,62,0,2016,7,11,7,3,5,2,0,0,1,0,0,0,0,0,692123.8929,5336754.3867,11.583384924,48.154988085,1,#66c2a5,bicycle
141170,9,1,88,120,2016,7,14,7,2,0,1,0,0,1,0,0,0,0,0,679220.7012,5329343931.0,11.406931637,48.092142678,1,#66c2a5,bicycle
141171,9,1,74,115,2016,7,23,6,3,0,7,2,0,0,1,1,0,0,0,680626.2499,5347882.3197,11.433668444,48.258383993,2,#fc8d62,car
141172,9,1,62,0,2016,7,19,5,3,2,6,0,0,1,1,0,0,0,0,691965.3634,5336186.1567,11.580999211,48.149928814,1,#66c2a5,bicycle
141174,9,7,61,0,2016,7,17,7,3,2,6,0,0,0,1,0,1,0,0,637461941.0,5357343.5007,10.855542178,48.354295344,2,#fc8d62,car
141176,9,7,71,122,2016,7,13,5,2,6,4,0,0,0,1,1,0,0,0,652038.4851,5361952.2128,11.053846401,48.392390362,2,#fc8d62,car
141178,9,7,62,0,2016,7,10,7,3,0,1,0,0,1,0,0,0,0,0,617724617.0,5303452.3978,10.574351177,47.873610256,1,#66c2a5,bicycle
141179,9,1,62,0,2016,7,17,5,3,5,6,0,0,1,0,0,1,0,0,693745.0568,5332082.5663,11.60303601,48.112507481,1,#66c2a5,bicycle
141180,9,1,62,0,2016,7,18,5,3,4,2,0,0,0,1,1,0,0,0,694586673.0,5336064.72,11.616149692,48.148040916,2,#fc8d62,car
141181,9,1,82,133,2016,7,18,7,2,9,1,0,0,0,0,0,1,0,0,707971.0263,5309753.4272,11.783114461,47.907360675,4,#e78ac3,marker
141183,9,1,62,0,2016,7,16,6,2,4,2,0,0,1,1,0,0,0,0,698491358.0,5334848.8282,11.668021614,48.135907099,1,#66c2a5,bicycle
141185,9,1,62,0,2016,7,8,5,3,6,4,0,0,1,0,1,0,0,0,693191.9239,5340382422.0,11.599379409,48.187272072,1,#66c2a5,bicycle
141187,9,1,62,0,2016,7,20,5,3,1,1,0,0,1,1,0,0,0,0,690064.1191,5333356.6095,11.554200626,48.125067747,1,#66c2a5,bicycle
141190,9,1,62,0,2016,7,13,5,3,2,6,0,0,0,1,0,0,0,0,692883.4943,5335529.7596,11.593033126,48.143751548,2,#fc8d62,car
141194,9,1,62,0,2016,7,4,6,2,9,1,2,0,1,0,0,0,0,0,690662.2436,5333436.96,11.562266218,48.125611087,1,#66c2a5,bicycle
141199,9,1,62,0,2016,7,11,5,3,5,3,0,0,1,1,0,0,0,0,689887.1544,5342892.0086,11.556082894,48.210824478,1,#66c2a5,bicycle
141202,9,7,72,163,2016,7,19,5,3,1,1,0,0,0,1,0,0,0,0,640876.1584,5349156.3877,10.898868455,48.279926551,2,#fc8d62,car
141204,9,1,62,0,2016,7,16,7,3,4,2,0,0,0,1,0,1,0,0,695703.5133,5338976.4517,11.632488336,48.173867297,2,#fc8d62,car
141207,9,1,62,0,2016,7,7,6,3,5,3,0,0,1,1,0,0,0,0,683343641.0,5335375.6443,11.464843857,48.145187115,1,#66c2a5,bicycle
141212,9,1,62,0,2016,7,20,6,3,2,6,0,0,0,1,0,0,0,0,686195.9267,5335766.2939,11.50332273,48.147870013,2,#fc8d62,car
141215,9,1,77,113,2016,7,2,1,3,1,7,2,0,1,0,0,0,0,0,721165.43,5355567751.0,11.983197901,48.314585342,1,#66c2a5,bicycle
141216,9,1,62,0,2016,7,15,5,3,3,6,0,0,0,1,0,0,0,0,690304.5506,5336162.4904,11.558681985,48.15021516,2,#fc8d62,car
141219,9,7,61,0,2016,7,9,5,3,6,2,0,0,0,1,1,0,0,0,639383.6082,5360100.2224,10.882381083,48.378661864,2,#fc8d62,car
141221,9,7,78,137,2016,7,11,7,3,0,7,0,0,1,0,0,0,0,1,624225737.0,5329097.3293,10.668674833,48.103020691,1,#66c2a5,bicycle
141223,9,1,62,0,2016,7,17,7,3,6,7,0,0,1,0,1,0,0,0,688107677.0,5338207.08,11.530078675,48.169245742,1,#66c2a5,bicycle
141224,9,1,62,0,2016,7,12,5,3,2,6,0,0,0,1,0,1,0,0,686209.9839,5329851.4141,11.500927978,48.094700553,2,#fc8d62,car
141225,9,1,62,0,2016,7,23,5,3,5,2,2,0,1,1,0,0,0,0,687971.1158,5338583.8803,11.52841035,48.172672877,1,#66c2a5,bicycle
141227,9,1,62,0,2016,7,11,7,3,5,3,0,0,0,1,0,1,0,0,686218.3816,5333664.6826,11.502705467,48.128973373,2,#fc8d62,car
141228,9,1,62,0,2016,7,7,5,3,5,3,0,0,0,1,0,0,0,0,690735897.0,5339272222.0,11.565870042,48.178035924,2,#fc8d62,car
141229,9,1,62,0,2016,7,10,5,2,6,7,0,0,1,0,1,0,0,0,682768.4672,5334816.0159,11.45687849,48.140322298,1,#66c2a5,bicycle
141233,9,1,62,0,2016,7,19,5,3,3,6,0,0,0,1,0,1,0,0,690142.9948,5334902.8647,11.555949561,48.138941965,2,#fc8d62,car
141235,9,1,84,131,2016,7,7,2,3,3,6,0,0,1,0,0,0,0,0,704716.2043,5338131.4021,11.753172882,48.163434306,1,#66c2a5,bicycle
141237,9,2,61,0,2016,7,14,2,3,5,3,0,0,1,1,0,0,0,0,731831.2979,5381710.8564,12.141302091,48.545610812,1,#66c2a5,bicycle
141239,9,7,61,0,2016,7,15,2,3,5,3,0,0,1,1,0,0,0,0,640587489.0,5350913.2756,10.89556443,48.295788313,1,#66c2a5,bicycle
141240,9,1,84,130,2016,7,8,3,2,3,2,0,1,1,0,0,0,0,0,698836.1669,5345031.3552,11.677415774,48.227310695,1,#66c2a5,bicycle
141241,9,1,62,0,2016,7,14,3,3,1,7,0,1,1,1,0,0,0,0,690386.0065,5335612.4444,11.559530049,48.14524699,1,#66c2a5,bicycle
141242,9,1,63,0,2016,7,14,4,3,3,6,0,0,0,1,0,1,0,0,733765.1038,5305694.1265,12.12559723,47.862013248,2,#fc8d62,car
141243,9,7,61,0,2016,7,16,3,3,5,3,0,0,0,1,0,0,0,1,639191.4212,5356988.7797,10.87875745,48.35072692,2,#fc8d62,car
141247,9,1,62,0,2016,7,9,2,3,3,6,0,0,1,0,0,0,0,0,691319979.0,5339234641.0,11.57370226,48.17752257,1,#66c2a5,bicycle
141252,9,7,61,0,2016,7,10,2,3,0,7,0,0,1,0,0,0,0,0,640527.3746,5355442798.0,10.896263576,48.336530047,1,#66c2a5,bicycle
141253,9,1,62,0,2016,7,16,3,3,6,4,0,1,0,1,1,0,0,0,690164.7756,5333896.8518,11.555792978,48.1298934,2,#fc8d62,car
141254,9,1,62,0,2016,7,7,3,3,5,2,0,1,1,1,0,0,0,0,690633.9173,5335756.6664,11.562924057,48.146469011,1,#66c2a5,bicycle
141255,9,1,63,0,2016,7,21,4,3,4,6,2,1,0,1,0,0,0,0,733115.6073,5304235.1707,12.116140111,47.849141808,2,#fc8d62,car
141256,9,7,61,0,2016,7,23,3,3,3,5,2,1,1,1,0,0,0,0,639589.4655,5359509.3755,10.884963436,48.373303623,1,#66c2a5,bicycle
141258,9,7,71,142,2016,7,8,4,3,0,3,0,0,1,1,0,0,0,0,645936.6465,5352131.1753,10.968065669,48.305527892,1,#66c2a5,bicycle
141262,9,7,61,0,2016,7,17,2,3,2,6,0,0,0,1,0,0,0,0,639073.4913,5357827.5407,10.877443723,48.358294867,2,#fc8d62,car
141264,9,7,61,0,2016,7,21,2,2,0,1,2,1,1,0,0,0,0,0,640811.3392,5359136698.0,10.901328948,48.36968118,1,#66c2a5,bicycle
141265,9,1,62,0,2016,7,9,3,2,6,4,0,1,0,0,1,0,0,1,697316.9072,5329954.4353,11.649988436,48.092284625,3,#8da0cb,toilet
141267,9,1,62,0,2016,7,10,3,3,0,6,0,1,0,1,0,1,0,0,693601.2015,5332394.6337,11.601246985,48.115356,2,#fc8d62,car
141269,9,1,62,0,2016,7,20,2,3,0,7,1,0,1,1,0,0,0,0,690620.8576,5336312.0992,11.562997387,48.151465122,1,#66c2a5,bicycle
141270,9,7,61,0,2016,7,21,4,3,2,6,2,1,0,1,0,0,0,0,641352.6821,5359244.4798,10.908670542,48.370529302,2,#fc8d62,car
141273,9,1,73,126,2016,7,9,2,3,1,5,0,0,1,1,0,0,0,0,684686.1173,5306544.8264,11.470456145,47.885645849,1,#66c2a5,bicycle
141276,9,1,62,0,2016,7,7,2,3,5,3,0,0,1,1,0,0,0,0,685671.6835,5334634.2329,11.495787833,48.137847812,1,#66c2a5,bicycle
141277,9,1,73,126,2016,7,18,2,3,2,2,0,0,0,1,0,0,0,0,683954.8029,5305965.1209,11.460436131,47.880644816,2,#fc8d62,car
141278,9,1,62,0,2016,7,16,2,3,0,5,0,0,0,0,0,0,0,1,698153.5478,5331429.7268,11.661896929,48.10528398,6,#ffd92f,circle
141282,9,1,62,0,2016,7,7,3,3,3,6,0,1,1,1,0,0,0,0,694130.0049,5334745.2415,11.609415046,48.136321472,1,#66c2a5,bicycle
141284,9,7,71,156,2016,7,9,3,3,4,6,0,1,0,1,0,0,0,1,653675.0029,5380791.3282,11.082863393,48.561366887,2,#fc8d62,car
141286,9,1,62,0,2016,7,8,2,3,4,2,0,0,1,1,0,0,0,0,694574.6962,5335795.0959,11.615865615,48.145621314,1,#66c2a5,bicycle
141291,9,1,62,0,2016,7,15,3,3,0,1,0,1,1,0,0,0,0,0,691001.28,5337514886.0,11.568646958,48.162161514,1,#66c2a5,bicycle
141292,9,1,62,0,2016,7,18,3,3,5,2,0,1,1,1,0,0,0,0,691206.0183,5336397.8263,11.570895488,48.152059988,1,#66c2a5,bicycle
141299,9,1,62,0,2016,7,16,3,3,5,3,0,1,0,1,0,0,0,0,694515.2681,5336881.2954,11.615563904,48.155401778,2,#fc8d62,car
141308,9,1,62,0,2016,7,8,3,3,9,1,0,1,1,0,0,0,0,0,691191.2099,5337102.2421,11.571013079,48.158395641,1,#66c2a5,bicycle
141309,9,1,62,0,2016,7,15,3,3,5,2,0,1,1,1,0,0,0,0,691027.5562,5335094.5022,11.567913653,48.140399455,1,#66c2a5,bicycle
141313,9,1,62,0,2016,7,8,2,3,5,3,0,0,1,0,0,1,0,0,690496.6526,5332746.6312,11.559734696,48.119455981,1,#66c2a5,bicycle
141314,9,7,61,0,2016,7,16,4,2,2,2,0,1,1,0,0,1,0,0,641896.3395,5359144.7152,10.915973567,48.369510265,1,#66c2a5,bicycle
141322,9,2,61,0,2016,7,16,3,3,5,3,0,1,1,1,0,0,0,0,731741.8889,5381740.8034,12.140109158,48.545912849,1,#66c2a5,bicycle
141325,9,1,62,0,2016,7,6,2,3,5,3,0,0,1,1,0,0,0,0,689762.6562,5332522.2111,11.549782135,48.11765804,1,#66c2a5,bicycle
141336,9,1,62,0,2016,7,12,2,3,3,6,0,0,0,1,0,1,0,0,689029.4929,5337525.9603,11.54216187,48.162850337,2,#fc8d62,car
141338,9,1,63,0,2016,7,16,2,3,5,3,0,0,0,1,0,0,0,0,731374.4166,5304218.27,12.092891144,47.849618992,2,#fc8d62,car
141339,9,7,61,0,2016,7,13,1,3,6,7,0,0,0,1,1,0,0,0,636734.7329,5361695.5857,10.847146645,48.393586836,2,#fc8d62,car
141341,9,1,62,0,2016,7,13,3,3,0,4,0,1,0,0,1,0,0,1,682924.9449,5335499.9335,11.459273758,48.146424838,3,#8da0cb,toilet
141347,9,1,62,0,2016,7,7,2,3,5,3,0,0,0,1,0,1,0,0,688897.7042,5328584.1186,11.536428965,48.082518854,2,#fc8d62,car
141349,9,7,61,0,2016,7,15,1,3,4,6,0,0,1,0,0,0,0,0,641567.0425,5353325.2326,10.90957349,48.317257525,1,#66c2a5,bicycle
141351,9,1,62,0,2016,7,12,3,3,5,3,0,1,1,1,0,0,0,0,692257461.0,5338466.75,11.585953006,48.170338031,1,#66c2a5,bicycle
141362,9,7,71,113,2016,7,13,1,3,5,3,0,0,0,1,0,0,0,0,655849.7084,5366933.8014,11.107146078,48.436246778,2,#fc8d62,car
141364,9,1,62,0,2016,7,19,3,3,5,3,0,1,0,1,0,1,0,0,683611546.0,5336087256.0,11.468749007,48.151506237,2,#fc8d62,car
141368,9,7,72,217,2016,7,18,4,3,5,3,0,1,1,1,0,0,0,0,636657.4161,5379930.6324,10.852063075,48.557568555,1,#66c2a5,bicycle
141371,9,1,86,162,2016,7,12,2,3,2,6,0,0,0,1,0,0,0,0,693750308.0,5386159172.0,11.627999488,48.598505517,2,#fc8d62,car
141376,9,1,84,149,2016,7,16,2,3,1,5,0,0,1,1,0,0,0,0,691541.1038,5350260.9408,11.581656401,48.27655708,1,#66c2a5,bicycle
141380,9,1,84,131,2016,7,15,2,3,5,2,0,0,0,1,0,0,0,1,703816.7403,5339314.3794,11.741657638,48.174354236,2,#fc8d62,car
141381,9,7,61,0,2016,7,6,4,3,0,5,0,1,1,0,0,0,0,1,641004897.0,5358302493.0,10.903661339,48.362137096,1,#66c2a5,bicycle