OBJECTID,ULAND,UREGBEZ,UKREIS,UGEMEINDE,UJAHR,UMONAT,USTUNDE,UWOCHENTAG,UKATEGORIE,UART,UTYP1,ULICHTVERH,STRZUSTAND,IstRad,IstPKW,IstFuss,IstKrad,IstGkfz,IstSonstig,LINREFX,LINREFY,XGCSWGS84,YGCSWGS84,Teilnehmer,color,symbol
141382,9,7,61,0,2016,7,15,2,3,5,3,0,0,0,1,0,0,0,0,641014.8487,5359300.5223,10.90413023,48.371108791,2,#fc8d62,car
141384,9,1,81,130,2016,7,8,2,3,5,3,0,0,1,0,0,0,0,0,638812.3057,5322484.8945,10.862361107,48.040548251,1,#66c2a5,bicycle
141387,9,1,62,0,2016,7,18,2,3,6,3,0,0,1,0,1,0,0,0,690738.3492,5342756038.0,11.567467836,48.209347185,1,#66c2a5,bicycle
141388,9,1,74,146,2016,7,7,2,3,0,3,0,0,0,1,0,0,0,1,668006.1522,5349967.7279,11.26460316,48.280603235,2,#fc8d62,car
141391,9,1,62,0,2016,7,7,3,3,3,2,0,0,1,0,0,0,0,1,690725.1901,5333562.5742,11.563167475,48.12672125,1,#66c2a5,bicycle
141392,9,1,62,0,2016,7,11,1,3,0,1,0,0,1,0,0,0,0,0,697677109.0,5331836586.0,11.655692326,48.109088572,1,#66c2a5,bicycle
141394,9,1,62,0,2016,7,18,3,3,2,6,0,1,0,1,0,0,0,0,692773763.0,5340861.48,11.593976508,48.191704714,2,#fc8d62,car
141396,9,1,63,0,2016,7,18,3,3,3,2,0,1,1,1,0,0,0,0,734219.2343,5305396.8756,12.131498906,47.859177395,1,#66c2a5,bicycle
141397,9,1,84,123,2016,7,11,2,3,0,4,0,0,0,1,1,0,0,0,702877.8173,5332064536.0,11.725588704,48.109502045,2,#fc8d62,car
141398,9,1,62,0,2016,7,20,1,3,1,5,0,0,1,1,0,0,0,0,687624.0068,5336407.1458,11.522785901,48.153210524,1,#66c2a5,bicycle
141399,9,1,62,0,2016,7,18,1,3,5,3,0,0,1,1,0,0,0,0,696838.8792,5335237.7507,11.64601422,48.139915744,1,#66c2a5,bicycle
141402,9,1,62,0,2016,7,9,3,3,3,2,0,1,1,0,0,0,0,1,690762.9271,5339995.3194,11.566557904,48.184526913,1,#66c2a5,bicycle
141403,9,1,79,142,2016,7,13,4,3,1,6,0,0,0,1,0,1,0,0,673175.7758,5342168.9612,11.331037427,48.209104654,2,#fc8d62,car
141405,9,1,87,122,2016,7,20,3,3,0,1,0,1,0,0,0,1,0,0,716573543.0,5305839914.0,11.896123171,47.869348134,4,#e78ac3,marker
141408,9,7,72,147,2016,7,12,2,3,5,3,0,0,1,1,0,0,0,0,638589.2147,5365787.1396,10.873536505,48.429972142,1,#66c2a5,bicycle
141411,9,1,87,150,2016,7,12,3,3,4,3,0,1,1,1,0,0,0,0,729495705.0,5305212957.0,12.068342574,47.859229192,1,#66c2a5,bicycle
141414,9,1,62,0,2016,7,20,1,3,2,6,0,0,0,1,0,0,0,0,688599.8388,5339006.8976,11.537046434,48.176288735,2,#fc8d62,car
141418,9,1,62,0,2016,7,8,3,3,0,7,0,1,1,0,0,0,0,0,688628.8217,5336486929.0,11.536318274,48.153630407,1,#66c2a5,bicycle
141419,9,1,79,118,2016,7,7,4,3,5,7,0,0,1,1,0,0,0,0,672911117.0,5338012.8689,11.325785909,48.171815777,1,#66c2a5,bicycle
141421,9,7,71,130,2016,7,7,4,3,2,6,0,1,0,1,0,1,0,0,645437.8322,5356373.8558,10.962806591,48.343790392,2,#fc8d62,car
141422,9,7,71,130,2016,7,17,2,2,4,2,0,0,0,1,0,1,0,0,647362.6152,5360508.9329,10.990215404,48.380523582,2,#fc8d62,car
141424,9,1,62,0,2016,7,18,1,3,0,7,0,0,1,0,0,0,0,0,688897.2853,5336707.1475,11.540022134,48.155530072,1,#66c2a5,bicycle
141426,9,1,62,0,2016,7,17,1,3,5,2,0,0,1,0,0,0,0,1,686221.9423,5333339.5383,11.502611197,48.126049806,1,#66c2a5,bicycle
141430,9,7,78,203,2016,7,15,3,3,5,3,0,0,0,1,0,0,0,1,622206475.0,5324567632.0,10.64026655,48.062674067,2,#fc8d62,car
141431,9,1,62,0,2016,7,19,2,3,3,2,0,0,1,1,0,0,0,0,691082473.0,5334214022.0,11.568256143,48.132469278,1,#66c2a5,bicycle
141432,9,1,88,139,2016,7,16,3,3,5,3,0,1,0,1,0,0,0,0,674649.7512,5319197.9352,11.341457775,48.002203463,2,#fc8d62,car
141435,9,1,84,127,2016,7,19,1,3,1,6,0,0,1,0,0,0,0,0,702619048.0,5321741.4974,11.71722571,48.016811876,1,#66c2a5,bicycle
141437,9,1,79,123,2016,7,13,3,3,5,3,0,0,0,1,0,0,0,1,676778.7491,5332464.7988,11.375458783,48.120879046,2,#fc8d62,car
141438,9,1,62,0,2016,7,22,2,3,5,2,2,0,0,1,0,0,0,0,688286.2791,5330489.0552,11.529067291,48.099821799,2,#fc8d62,car
141439,9,1,79,119,2016,7,6,3,2,9,1,0,1,0,1,0,0,0,0,669865.1866,5340146.8441,11.285703087,48.191821041,2,#fc8d62,car
141442,9,1,62,0,2016,7,8,2,3,4,2,0,0,0,1,0,1,0,0,688038.2035,5339630.1286,11.529774725,48.182056847,2,#fc8d62,car
141444,9,1,62,0,2016,7,0,1,3,3,3,2,0,1,0,0,0,0,0,690271.7448,5335665.7941,11.558019357,48.14576068,1,#66c2a5,bicycle
141446,9,1,62,0,2016,7,21,3,3,5,3,1,1,0,1,0,0,0,0,688712874.0,5336543824.0,11.537472528,48.154116851,2,#fc8d62,car
141447,9,1,81,130,2016,7,21,4,3,5,3,2,1,1,1,0,0,0,0,639429125.0,5324315.1123,10.871228337,48.056871721,1,#66c2a5,bicycle
141449,9,1,74,111,2016,7,18,3,2,1,5,0,1,1,1,0,0,0,0,661900.9076,5357547.5959,11.185281576,48.35033802,1,#66c2a5,bicycle
141450,9,1,62,0,2016,7,16,2,3,0,6,0,0,1,0,0,1,0,0,690699.5447,5334750.3833,11.563354819,48.137404921,1,#66c2a5,bicycle
141457,9,1,62,0,2016,7,8,3,3,0,7,0,1,1,0,0,0,0,0,689605.3576,5336954617.0,11.549643795,48.157543622,1,#66c2a5,bicycle
141459,9,1,77,117,2016,7,19,3,3,5,1,0,1,0,1,0,0,0,1,715547.8972,5354376.9154,11.906920013,48.30582497,2,#fc8d62,car
141461,9,7,71,122,2016,7,8,2,3,4,1,0,0,0,1,0,1,0,0,650565.2251,5363778.3662,11.034612583,48.409162543,2,#fc8d62,car
141466,9,7,61,0,2016,7,16,3,3,4,2,0,1,1,1,0,0,0,0,641906.2357,5361056.9659,10.916752699,48.386702145,1,#66c2a5,bicycle
141467,9,1,84,144,2016,7,11,3,3,0,1,0,1,1,0,0,0,0,0,687089.0721,5320648.3881,11.508699205,48.011722102,1,#66c2a5,bicycle
141468,9,1,79,123,2016,7,18,4,3,2,6,0,1,0,1,0,0,0,1,677490.0598,5334210.2879,11.385735441,48.136371669,2,#fc8d62,car
141470,9,1,62,0,2016,7,14,2,2,3,7,0,0,0,1,0,1,0,1,694481.1604,5333730582.0,11.613666913,48.127094895,2,#fc8d62,car
141471,9,7,61,0,2016,7,17,4,3,4,2,0,1,1,1,0,0,0,0,643164.2988,5357584.0453,10.932553165,48.355191173,1,#66c2a5,bicycle
141473,9,7,61,0,2016,7,16,3,3,5,3,0,1,0,1,0,0,0,0,643041.7498,5359353791.0,10.931501634,48.371131612,2,#fc8d62,car
141474,9,1,84,123,2016,7,20,3,3,6,2,1,1,0,1,1,0,0,0,702370.1348,5332479722.0,11.718973121,48.113394757,2,#fc8d62,car
141475,9,1,74,115,2016,7,17,4,3,2,6,1,1,0,1,0,0,0,0,679985.5593,5349217.0783,11.425612093,48.270564047,2,#fc8d62,car
141477,9,1,77,117,2016,7,13,3,3,2,6,0,0,1,0,0,0,1,0,715411428.0,5354354.1688,11.905070413,48.305667068,1,#66c2a5,bicycle
141478,9,7,61,0,2016,7,20,4,3,0,1,1,1,1,0,0,0,0,0,640577.5211,5359105.1994,10.898163053,48.369450079,1,#66c2a5,bicycle
141479,9,7,61,0,2016,7,16,2,3,1,6,0,0,0,1,0,0,0,0,639031.4749,5362857.0007,10.878540672,48.403527772,2,#fc8d62,car
141482,9,1,75,113,2016,7,10,3,2,5,3,0,1,0,1,0,0,0,0,716314.2788,5315739.8201,11.897627185,47.958394298,2,#fc8d62,car
141484,9,7,61,0,2016,7,7,3,3,5,3,0,1,0,1,0,0,1,0,643391074.0,5362240554.0,10.937200881,48.39700849,2,#fc8d62,car
141485,9,1,62,0,2016,7,7,2,3,5,3,0,0,1,1,0,0,0,0,684262.7434,5336484.2953,11.477668113,48.154886713,1,#66c2a5,bicycle
141486,9,1,62,0,2016,7,11,2,3,2,6,0,0,0,1,0,1,0,0,690807.6223,5334824.7006,11.564839364,48.138040484,2,#fc8d62,car
141491,9,7,61,0,2016,7,6,2,2,2,6,0,0,1,1,0,0,0,0,638488.7021,5359784.8154,10.870198144,48.376022854,1,#66c2a5,bicycle
141495,9,1,62,0,2016,7,14,2,3,1,5,0,0,1,1,0,0,0,0,686497.0895,5338280391.0,11.508469804,48.170379269,1,#66c2a5,bicycle
141496,9,1,62,0,2016,7,11,2,3,2,6,0,0,0,1,0,0,0,0,697115.5095,5332107715.0,11.648281172,48.111699346,2,#fc8d62,car
141501,9,1,62,0,2016,7,15,5,3,3,6,0,0,0,1,0,0,0,1,690763.5627,5336258.7892,11.564890245,48.150943192,2,#fc8d62,car
141502,9,1,62,0,2016,7,17,5,3,4,6,0,0,1,0,0,1,0,0,691300.3277,5334748.0645,11.57142099,48.137203759,1,#66c2a5,bicycle
141509,9,1,78,136,2016,7,17,1,3,5,3,0,0,0,1,0,0,0,0,697548.4538,5370539.7215,11.672058922,48.45695409,2,#fc8d62,car
141511,9,7,62,0,2016,7,13,1,2,0,1,0,0,1,0,0,0,0,0,620383.9926,5304489.6979,10.610190207,47.882446487,1,#66c2a5,bicycle
141517,9,1,74,146,2016,7,17,2,3,0,3,0,0,0,1,0,1,0,0,668073.4922,5350068.6851,11.265550271,48.281492938,2,#fc8d62,car
141522,9,1,62,0,2016,7,21,7,3,5,3,2,0,0,1,0,1,0,0,691977.7445,5332318.8599,11.579422947,48.115166415,2,#fc8d62,car
141526,9,7,61,0,2016,7,16,5,2,0,2,0,0,0,0,0,0,0,1,641415.0807,5359228.0722,10.9095071,48.370367793,6,#ffd92f,circle
141532,9,1,62,0,2016,7,15,1,3,1,5,0,0,1,1,0,0,0,0,693900.9981,5335414.5117,11.606644834,48.142406453,1,#66c2a5,bicycle
141536,9,1,73,147,2016,7,11,5,3,0,7,0,1,1,0,0,0,0,0,680816191.0,5309669376.0,11.420047714,47.91483511,1,#66c2a5,bicycle
141539,9,7,72,149,2016,7,17,5,3,4,1,0,0,0,1,0,0,0,0,637739.7149,5339952.2372,10.853622313,48.197852146,2,#fc8d62,car
141541,9,1,63,0,2016,7,17,7,2,9,1,0,0,0,1,0,0,0,0,733750.3365,5306111.4757,12.125625703,47.865768085,2,#fc8d62,car
141542,9,7,61,0,2016,7,14,6,3,3,6,0,0,1,0,0,0,0,0,641557.0869,5355785.4902,10.910265578,48.33938157,1,#66c2a5,bicycle
141544,9,7,61,0,2016,7,14,5,3,0,6,0,0,0,1,0,0,0,1,638342459.0,5360899964.0,10.868591408,48.386082126,2,#fc8d62,car
141547,9,7,61,0,2016,7,11,5,3,5,3,0,0,0,1,0,0,0,0,641859.6626,5361167.4991,10.916161317,48.387706485,2,#fc8d62,car
141551,9,1,62,0,2016,7,11,7,3,0,7,0,0,1,0,0,0,0,0,692548.4545,5338093851.0,11.589694005,48.166898437,1,#66c2a5,bicycle
141552,9,1,63,0,2016,7,15,7,3,5,3,0,0,1,1,0,0,0,0,735717.0977,5303290.4234,12.150346639,47.839705802,1,#66c2a5,bicycle
141554,9,1,63,0,2016,7,15,5,3,5,3,0,1,1,1,0,0,0,0,733844984.0,5305455.6638,12.126534695,47.859841837,1,#66c2a5,bicycle
141555,9,7,61,0,2016,7,11,5,3,5,3,0,0,0,1,0,0,1,0,642937.5551,5362071939.0,10.93102011,48.395595369,2,#fc8d62,car
141556,9,7,61,0,2016,7,7,5,3,5,2,0,0,1,1,0,0,0,0,640929.3007,5357196.1363,10.902270806,48.352205993,1,#66c2a5,bicycle
141558,9,1,81,132,2016,7,17,2,3,2,6,0,0,0,1,0,1,0,0,643133903.0,5326649.8031,10.921701873,48.077044995,2,#fc8d62,car
141561,9,7,77,121,2016,7,20,7,3,0,1,2,0,1,0,0,0,0,0,628855.2104,5321178748.0,10.728445171,48.030889457,1,#66c2a5,bicycle
141563,9,1,62,0,2016,7,12,7,3,2,6,0,0,0,1,0,0,0,0,686232.4241,5332713451.0,11.502478391,48.120419216,2,#fc8d62,car
141565,9,7,77,128,2016,7,17,1,2,1,6,0,0,1,0,0,0,0,0,614687.0233,5301409.1116,10.533202003,47.855782312,1,#66c2a5,bicycle
141568,9,7,72,147,2016,7,15,7,3,5,3,0,0,1,1,0,0,0,0,639228.2512,5366211.8821,10.882311667,48.433650333,1,#66c2a5,bicycle
141569,9,1,62,0,2016,7,13,7,2,9,7,0,0,0,1,0,0,0,0,687343.4594,5334914.8444,11.518360764,48.139880041,2,#fc8d62,car
141572,9,1,63,0,2016,7,17,5,3,0,1,0,1,1,0,0,0,0,0,732763803.0,5304718.6996,12.111704707,47.85361337,1,#66c2a5,bicycle
141573,9,7,61,0,2016,7,19,5,3,2,6,0,0,0,1,0,0,0,0,641131881.0,5351852517.0,10.903214377,48.304112548,2,#fc8d62,car
141574,9,1,73,120,2016,7,3,1,3,6,6,2,0,0,1,1,0,0,0,685163.7173,5311592.7816,11.479005855,47.930883872,2,#fc8d62,car
141575,9,1,62,0,2016,7,12,1,3,0,7,0,0,0,0,0,1,0,0,683376.6318,5335496554.0,11.465339033,48.146264417,4,#e78ac3,marker
141576,9,2,61,0,2016,7,9,6,3,5,3,0,0,1,0,0,0,0,1,732813.0892,5381633.3532,12.154541039,48.544551103,1,#66c2a5,bicycle
141578,9,7,61,0,2016,7,11,7,2,0,1,0,0,1,0,0,0,0,0,637724.6945,5357081.4067,10.85900128,48.351881371,1,#66c2a5,bicycle
141581,9,1,62,0,2016,7,17,7,3,3,2,0,0,0,1,0,1,0,0,698831.4566,5333385.1236,11.671904962,48.122646346,2,#fc8d62,car
141589,9,1,62,0,2016,7,10,7,2,3,6,0,0,0,1,0,1,0,0,680124559.0,5338301.3739,11.422846213,48.172405776,2,#fc8d62,car
141593,9,1,79,142,2016,7,10,7,3,0,1,0,0,1,0,0,0,0,0,672923.8761,5341979.5538,11.327572434,48.207470666,1,#66c2a5,bicycle
141597,9,1,79,121,2016,7,22,7,3,2,6,2,0,1,0,0,0,0,0,665734028.0,5337178.5077,11.229000829,48.166226941,1,#66c2a5,bicycle
141598,9,7,61,0,2016,7,12,6,3,1,6,0,0,0,1,0,0,0,0,639394.9872,5360068.9927,10.882524314,48.378378541,2,#fc8d62,car
141599,9,1,63,0,2016,7,13,6,2,6,6,0,1,0,1,1,0,0,0,734046.0995,5305172.3493,12.12906618,47.857223332,2,#fc8d62,car
141600,9,1,74,115,2016,7,12,7,3,0,1,0,0,1,1,0,0,0,0,682507.4285,5348063.8097,11.459068674,48.259476293,1,#66c2a5,bicycle
141603,9,1,81,126,2016,7,23,6,2,9,1,2,0,0,1,0,0,0,0,633190.4408,5331690594.0,10.789845243,48.124529691,2,#fc8d62,car
141604,9,1,88,120,2016,7,7,5,3,5,3,0,1,1,1,0,0,0,0,676957.3115,5327040.9854,11.375607701,48.072073237,1,#66c2a5,bicycle
141609,9,7,61,0,2016,7,14,7,3,0,1,0,0,1,0,0,0,0,0,643599.2976,5357518.2953,10.938399225,48.354501211,1,#66c2a5,bicycle
141611,9,1,62,0,2016,7,21,7,3,4,2,1,0,1,1,0,0,0,0,690826.8566,5337643.4432,11.566361372,48.163369347,1,#66c2a5,bicycle
141612,9,1,78,145,2016,7,13,7,3,6,7,0,0,0,1,1,0,0,0,696390.7809,5354354.0635,11.648853747,48.311857063,2,#fc8d62,car
141616,9,1,62,0,2016,7,14,4,3,0,1,0,1,1,0,0,0,0,0,695026.2663,5336961.2233,11.622464254,48.155963633,1,#66c2a5,bicycle
141619,9,1,86,143,2016,7,10,2,3,0,7,0,0,1,0,0,0,0,0,684626.5293,5379023916.0,11.501205545,48.537132629,1,#66c2a5,bicycle
141620,9,1,81,130,2016,7,18,6,2,0,6,0,0,0,1,1,0,0,0,641004957.0,5323515.3913,10.892101567,48.049334183,2,#fc8d62,car
141621,9,7,61,0,2016,7,23,7,2,0,1,2,0,1,0,0,0,0,0,642049.8028,5357144.4997,10.917369204,48.351490656,1,#66c2a5,bicycle
141623,9,1,62,0,2016,7,19,7,2,6,4,0,0,0,1,1,0,0,0,693883.4059,5333607.7155,11.605586319,48.126172946,2,#fc8d62,car
141624,9,1,77,114,2016,7,15,7,2,3,6,0,0,1,1,0,0,0,0,721833.8252,5343006.3615,11.985616369,48.201493136,1,#66c2a5,bicycle
141625,9,7,71,130,2016,7,16,1,2,5,3,0,0,0,1,0,0,0,0,647363.7636,5360511.5919,10.990231836,48.380547221,2,#fc8d62,car
141627,9,1,62,0,2016,7,14,4,3,5,2,0,1,0,1,0,0,0,0,686219.4605,5334391.3961,11.503037579,48.135505038,2,#fc8d62,car
141629,9,1,62,0,2016,7,15,1,3,1,1,0,0,0,1,0,1,0,0,690808.0982,5335148.3291,11.564990744,48.140949096,2,#fc8d62,car
141630,9,1,79,123,2016,7,15,6,3,1,2,0,0,0,1,0,0,0,0,675750.2437,5332204.5005,11.36154318,48.118823869,2,#fc8d62,car
141633,9,1,74,111,2016,7,10,2,3,0,1,0,0,0,1,1,0,0,0,662456.0559,5357377.4335,11.192703416,48.348665705,2,#fc8d62,car
141635,9,7,61,0,2016,7,19,7,3,5,2,0,0,1,1,0,0,0,0,641395.4426,5357503.1067,10.908662312,48.354861963,1,#66c2a5,bicycle
141637,9,1,84,149,2016,7,17,7,3,5,3,0,0,1,1,0,0,0,0,690810.9347,5350281.5768,11.571834566,48.276962976,1,#66c2a5,bicycle
141638,9,1,62,0,2016,7,16,6,3,6,4,0,0,1,0,1,0,0,0,691045.6855,5335150.1511,11.568182069,48.14089418,1,#66c2a5,bicycle
141640,9,1,62,0,2016,7,16,4,2,6,4,0,1,0,1,1,0,0,0,690564.9454,5337375.3958,11.562722597,48.161038715,2,#fc8d62,car
141642,9,1,79,123,2016,7,11,6,3,5,3,0,0,1,1,0,0,0,0,677165.3088,5333885.7234,11.381239225,48.133544591,1,#66c2a5,bicycle
141643,9,1,84,129,2016,7,7,6,3,5,3,0,0,1,0,0,0,0,0,699794.9772,5326726.0536,11.681722306,48.062498574,1,#66c2a5,bicycle
141644,9,1,79,121,2016,7,17,6,2,4,6,0,0,1,0,0,0,0,0,668492755.0,5338120.0757,11.266446955,48.173966285,1,#66c2a5,bicycle
141647,9,1,62,0,2016,7,7,4,3,4,6,0,1,0,1,0,0,0,0,693500.8897,5332856.1671,11.600110062,48.119534623,2,#fc8d62,car
141648,9,1,62,0,2016,7,11,6,3,5,2,0,0,1,1,0,0,0,0,694452889.0,5333461225.0,11.613164491,48.124682653,1,#66c2a5,bicycle
141650,9,1,62,0,2016,7,13,7,3,0,7,0,0,1,0,0,0,0,0,699875.8522,5333239.2975,11.685855273,48.121008792,1,#66c2a5,bicycle
141651,9,1,62,0,2016,7,9,4,3,2,6,0,1,0,1,0,0,0,0,690983.9805,5337169.0476,11.56825929,48.159058355,2,#fc8d62,car
141653,9,1,84,138,2016,7,10,4,3,1,5,0,1,0,1,0,0,0,1,680472.9208,5330538.2953,11.424238342,48.102525435,2,#fc8d62,car
141655,9,1,79,121,2016,7,12,6,2,4,2,0,0,0,1,0,1,0,0,665029708.0,5335884094.0,11.219033451,48.154773175,2,#fc8d62,car
141656,9,1,62,0,2016,7,8,6,3,5,3,0,0,1,1,0,0,0,0,684036.5533,5333613.5377,11.473388927,48.129148213,1,#66c2a5,bicycle
141657,9,7,61,0,2016,7,14,6,3,0,3,0,0,1,0,0,0,0,0,638649.2525,5358596.9222,10.871973391,48.365306303,1,#66c2a5,bicycle
141658,9,1,62,0,2016,7,8,4,3,0,7,0,1,1,0,0,0,0,0,691116.4536,5334084.1342,11.568654124,48.131291653,1,#66c2a5,bicycle
141661,9,1,77,117,2016,7,13,6,3,5,3,0,0,1,1,0,0,0,0,715242.2252,5352868.3241,11.902034139,48.2923741,1,#66c2a5,bicycle
141662,9,7,61,0,2016,7,18,7,3,0,1,0,0,1,0,0,0,0,0,641370.0106,5358180.5192,10.908546792,48.360958698,1,#66c2a5,bicycle
141664,9,1,78,143,2016,7,7,6,3,5,3,0,0,1,0,0,0,0,0,716508565.0,5372654856.0,11.929275967,48.469721417,1,#66c2a5,bicycle
141667,9,1,62,0,2016,7,21,6,3,0,7,1,0,0,1,0,0,0,0,690488.8708,5342195.5877,11.563861588,48.204384862,2,#fc8d62,car
141669,9,1,62,0,2016,7,8,4,3,5,2,0,0,0,1,0,0,0,0,692308.7199,5337886.6086,11.586379376,48.165108362,2,#fc8d62,car
141672,9,1,87,150,2016,7,21,1,3,1,5,2,0,0,1,0,0,0,0,729630.0876,5304150.4234,12.069572598,47.849634869,2,#fc8d62,car
141673,9,1,79,142,2016,7,7,2,3,4,6,0,0,1,0,0,0,0,1,673010.4197,5343179.3956,11.329225704,48.218232955,1,#66c2a5,bicycle
141674,9,1,78,124,2016,7,20,6,3,2,6,0,0,0,1,0,0,0,0,704354.1374,5364249.8301,11.760938056,48.398259754,2,#fc8d62,car
141677,9,1,62,0,2016,7,15,7,3,3,7,0,0,0,1,0,1,0,0,690146.6608,5334562.55,11.555846869,48.135882118,2,#fc8d62,car
141678,9,1,62,0,2016,7,7,6,3,2,2,0,0,0,1,0,0,0,1,690845.0034,5333810891.0,11.564887181,48.128917204,2,#fc8d62,car
141679,9,7,61,0,2016,7,20,1,3,0,7,0,0,1,0,0,0,0,0,638532.9738,5356482898.0,10.869708427,48.346322887,1,#66c2a5,bicycle
141681,9,1,62,0,2016,7,18,4,3,5,3,0,1,0,1,0,0,0,1,686204.3012,5334378.6692,11.502828457,48.135395079,2,#fc8d62,car
141682,9,1,62,0,2016,7,22,7,3,0,1,2,0,1,0,0,0,0,0,690610.0686,5336016.4629,11.562720086,48.148811194,1,#66c2a5,bicycle
141683,9,1,62,0,2016,7,15,6,3,8,7,0,0,1,0,0,0,0,0,692121.6542,5340873897.0,11.585216592,48.192013898,1,#66c2a5,bicycle
141684,9,7,61,0,2016,7,5,1,3,6,7,2,0,0,1,1,0,0,0,640590798.0,5358980411.0,10.898300506,48.368325066,2,#fc8d62,car
141687,9,1,62,0,2016,7,13,1,3,2,6,0,0,1,1,0,0,0,0,691072.0127,5335871.8012,11.568859448,48.147372399,1,#66c2a5,bicycle
141688,9,1,78,129,2016,7,21,6,3,0,7,2,0,0,0,0,1,0,0,708807.6076,5371653.6795,11.824719621,48.463328798,4,#e78ac3,marker
141692,9,1,62,0,2016,7,12,7,3,1,5,0,0,1,1,0,0,0,0,690672.1953,5336171623.0,11.563624004,48.150187144,1,#66c2a5,bicycle
141694,9,1,62,0,2016,7,12,4,3,2,6,0,0,0,1,0,0,1,0,692279.9694,5338201657.0,11.58613556,48.167948634,2,#fc8d62,car
141696,9,1,62,0,2016,7,11,5,3,6,4,0,0,0,1,1,0,0,0,679484.5227,5335825.2679,11.413200282,48.150329278,2,#fc8d62,car
141699,9,1,62,0,2016,7,4,1,3,0,7,1,0,0,1,0,0,0,0,692084.6617,5335605.3008,11.58233942,48.14467218,2,#fc8d62,car
141700,9,1,84,132,2016,7,16,6,3,5,3,0,0,1,0,0,0,0,1,683005.0539,5329086.5805,11.457597184,48.088754048,1,#66c2a5,bicycle
141701,9,1,62,0,2016,7,11,5,3,1,6,0,0,0,1,0,0,0,0,691779.0082,5333793.8497,11.577419055,48.12848333,2,#fc8d62,car
141703,9,1,62,0,2016,7,17,4,3,0,6,0,1,0,1,0,1,0,0,690933.2135,5335924.6887,11.567019032,48.147889423,2,#fc8d62,car
141704,9,1,62,0,2016,7,19,6,3,5,3,0,0,0,1,0,0,0,0,686251.5453,5333289.2045,11.502986639,48.125588726,2,#fc8d62,car
141707,9,1,62,0,2016,7,16,5,3,6,4,0,0,1,1,1,0,0,0,692163.5863,5334392.4102,11.582852105,48.13374711,1,#66c2a5,bicycle
141708,9,1,62,0,2016,7,11,6,3,5,3,0,0,0,1,0,0,0,0,684503.5926,5333052.3686,11.479416751,48.123968911,2,#fc8d62,car
141709,9,7,61,0,2016,7,9,6,3,0,1,0,0,1,0,0,0,0,0,640378176.0,5356033256.0,10.894448225,48.341872451,1,#66c2a5,bicycle
141710,9,1,62,0,2016,7,21,4,3,2,6,2,1,0,1,0,1,0,0,690239.1011,5337374.4929,11.558344766,48.161128175,2,#fc8d62,car
141711,9,1,62,0,2016,7,14,6,3,2,6,0,0,0,1,0,0,0,1,699040.9231,5333931.0052,11.674971509,48.127486832,2,#fc8d62,car
141712,9,1,62,0,2016,7,19,5,3,5,3,0,0,1,0,0,0,0,0,690747.7282,5334307.3951,11.563803464,48.133408922,1,#66c2a5,bicycle
141715,9,1,62,0,2016,7,16,4,1,3,1,0,1,1,1,0,0,0,0,692171.1763,5332829.1725,11.582249154,48.119694692,1,#66c2a5,bicycle
141718,9,1,62,0,2016,7,18,5,3,0,5,0,0,1,0,0,0,0,1,691705963.0,5334956.3382,11.576961486,48.138953625,1,#66c2a5,bicycle
141721,9,1,62,0,2016,7,1,7,3,5,3,2,0,0,1,0,0,0,0,690526.1675,5335800.4762,11.561496553,48.146895051,2,#fc8d62,car
141722,9,1,62,0,2016,7,12,6,3,5,3,0,0,0,1,0,1,0,0,695676731.0,5331153.5791,11.628534499,48.103567654,2,#fc8d62,car
141724,9,1,62,0,2016,7,16,4,3,5,3,0,1,1,1,0,0,0,0,679473345.0,5335870.3661,11.413069151,48.150737818,1,#66c2a5,bicycle
141727,9,1,88,139,2016,7,17,1,3,0,1,0,0,1,0,0,0,0,0,674801.4758,5319524.7732,11.343623285,48.005100156,1,#66c2a5,bicycle
141728,9,1,79,145,2016,7,16,2,3,2,6,0,0,1,0,0,1,0,0,675334.4755,5338384.5318,11.35850676,48.174492851,1,#66c2a5,bicycle
141730,9,1,81,126,2016,7,13,1,3,1,7,0,0,1,0,0,0,0,0,635323.9185,5329379.6216,10.817767212,48.103298358,1,#66c2a5,bicycle
141731,9,1,84,135,2016,7,14,5,3,2,1,0,1,0,1,0,0,0,0,689801.2112,5348468.1184,11.557425293,48.260967434,2,#fc8d62,car
141734,9,1,62,0,2016,7,16,6,3,2,6,0,0,0,1,0,0,0,1,691276775.0,5329802.8609,11.568886738,48.092763621,2,#fc8d62,car
141735,9,7,71,113,2016,7,18,1,3,5,3,0,0,0,1,0,1,0,0,657338.7944,5368810501.0,11.127969711,48.452748522,2,#fc8d62,car
141736,9,1,62,0,2016,7,18,4,3,2,6,0,1,0,1,0,0,0,0,684478.3452,5332949.9741,11.479033484,48.123055848,2,#fc8d62,car
141738,9,1,78,143,2016,7,14,1,3,5,3,0,0,0,1,0,1,0,0,717051046.0,5372830813.0,11.9366968,48.471115385,2,#fc8d62,car
141739,9,1,62,0,2016,7,19,1,3,4,2,0,0,1,1,0,0,0,0,691696335.0,5337046.9939,11.577773653,48.157747007,1,#66c2a5,bicycle
141740,9,1,62,0,2016,7,8,5,3,3,6,0,1,0,1,0,0,0,0,686816.2289,5333447.4472,11.510637095,48.126845608,2,#fc8d62,car