OBJECTID,ULAND,UREGBEZ,UKREIS,UGEMEINDE,UJAHR,UMONAT,USTUNDE,UWOCHENTAG,UKATEGORIE,UART,UTYP1,ULICHTVERH,STRZUSTAND,IstRad,IstPKW,IstFuss,IstKrad,IstGkfz,IstSonstig,LINREFX,LINREFY,XGCSWGS84,YGCSWGS84,Teilnehmer,color,symbol
141745,9,1,62,0,2016,7,16,4,3,2,6,0,1,0,1,0,0,0,1,689093.9633,5332578.7711,11.540831376,48.118365327,2,#fc8d62,car
141747,9,1,62,0,2016,7,9,5,3,2,6,0,1,0,1,0,0,0,0,686266.6796,5331160.7921,11.502260139,48.106453252,2,#fc8d62,car
141752,9,1,62,0,2016,7,10,6,3,3,2,0,0,1,1,0,0,0,0,691880.9291,5333018.0284,11.57843813,48.121479636,1,#66c2a5,bicycle
141754,9,1,62,0,2016,7,13,4,3,0,7,0,1,0,0,0,1,0,0,690849464.0,5334812.7496,11.565395861,48.137920522,4,#e78ac3,marker
141756,9,1,62,0,2016,7,13,6,3,6,4,0,0,0,1,1,0,0,0,691974588.0,5334600.2458,11.580408128,48.13567214,2,#fc8d62,car
141757,9,1,62,0,2016,7,17,5,3,6,4,0,0,0,1,1,0,0,0,689416.5957,5337140.0493,11.547190653,48.159266548,2,#fc8d62,car
141758,9,1,73,147,2016,7,11,7,2,3,6,0,0,1,0,0,0,0,0,682121.2231,5308461.9739,11.436988108,47.903612272,1,#66c2a5,bicycle
141760,9,1,62,0,2016,7,12,6,3,1,6,0,0,0,1,0,0,1,0,690922.4424,5335100.3009,11.566504717,48.140483122,2,#fc8d62,car
141763,9,1,62,0,2016,7,16,5,3,5,3,0,0,1,1,0,0,0,0,688898.4048,5332417.2714,11.538134811,48.116971783,1,#66c2a5,bicycle
141766,9,1,62,0,2016,7,19,5,3,0,4,0,0,0,1,1,0,0,0,689935.3446,5330637295.0,11.551260892,48.100664774,2,#fc8d62,car
141768,9,7,72,163,2016,7,7,6,3,0,1,0,0,1,0,0,0,0,0,640535.2781,5349643433.0,10.894438335,48.284381733,1,#66c2a5,bicycle
141772,9,1,62,0,2016,7,18,3,3,0,7,0,0,0,0,0,0,0,1,696815.7001,5329124.1223,11.642881968,48.084977183,6,#ffd92f,circle
141774,9,1,63,0,2016,7,16,3,2,0,1,0,0,1,0,0,0,0,0,733434.6202,5305411.7061,12.121032781,47.859596111,1,#66c2a5,bicycle
141775,9,1,63,0,2016,7,17,3,3,0,1,0,0,1,1,0,0,0,0,734201.3992,5305116.87,12.131109207,47.856668336,1,#66c2a5,bicycle
141781,9,7,61,0,2016,7,9,4,3,0,1,0,0,1,0,0,0,0,0,637786.0968,5360256.0847,10.860869629,48.380414248,1,#66c2a5,bicycle
141783,9,1,62,0,2016,7,19,3,3,0,7,0,0,1,0,0,0,0,1,691203.6551,5333023.0761,11.569348897,48.121728748,1,#66c2a5,bicycle
141785,9,1,82,120,2016,7,15,3,3,0,7,0,0,1,0,0,0,0,0,701487.0428,5305854.1377,11.694625393,47.874385581,1,#66c2a5,bicycle
141786,9,1,62,0,2016,7,18,2,3,6,7,0,0,1,0,1,0,0,0,692011355.0,5336306.2877,11.581671115,48.150994647,1,#66c2a5,bicycle
141793,9,7,61,0,2016,7,19,4,2,3,1,0,0,0,1,0,1,0,0,639034.8911,5359175.3612,10.877368416,48.370422673,2,#fc8d62,car
141795,9,1,62,0,2016,7,17,3,3,5,2,0,0,1,1,0,0,0,0,689485.6949,5334926.0418,11.547133355,48.139346355,1,#66c2a5,bicycle
141798,9,7,61,0,2016,7,12,2,3,0,6,0,0,1,0,0,0,0,1,643465.0948,5358653.5658,10.936975833,48.364739471,1,#66c2a5,bicycle
141803,9,1,62,0,2016,7,13,3,3,3,2,0,0,0,1,0,1,0,0,690799.1226,5334320.1321,11.564499233,48.133507996,2,#fc8d62,car
141808,9,1,62,0,2016,7,19,3,3,3,6,0,0,1,0,0,0,0,0,690981.2647,5335621.7809,11.567528506,48.14515249,1,#66c2a5,bicycle
141814,9,1,62,0,2016,7,10,3,3,6,4,0,0,0,1,1,0,0,0,691213.1311,5335363.3576,11.570526386,48.14276016,2,#fc8d62,car
141816,9,1,86,151,2016,7,13,3,3,1,5,0,0,1,1,0,0,0,0,681677255.0,5375036966.0,11.459552815,48.502158461,1,#66c2a5,bicycle
141819,9,1,86,143,2016,7,6,3,3,5,3,0,0,1,1,0,0,0,0,683731.9851,5377892.4805,11.488600059,48.527226003,1,#66c2a5,bicycle
141823,9,7,61,0,2016,7,19,4,3,0,7,0,0,0,1,0,1,0,0,642010.3468,5359558.4503,10.917651799,48.373204746,2,#fc8d62,car
141825,9,7,78,116,2016,7,9,3,3,0,3,0,0,0,1,0,1,0,0,619218633.0,5318586976.0,10.598514825,48.009451718,2,#fc8d62,car
141834,9,7,61,0,2016,7,22,4,3,0,1,2,0,1,0,0,0,0,0,637696.3184,5352555.8687,10.857139707,48.311194237,1,#66c2a5,bicycle
141839,9,7,61,0,2016,7,16,4,3,0,7,0,0,1,0,0,0,0,0,641089.6604,5352525.4108,10.902870335,48.31017245,1,#66c2a5,bicycle
141842,9,1,88,113,2016,7,11,3,3,0,1,0,0,1,0,0,0,0,0,674596.7315,5312296.6683,11.33794406,47.940177458,1,#66c2a5,bicycle
141852,9,1,79,134,2016,7,10,3,3,0,1,0,0,1,0,0,0,0,0,671174.0384,5344806.1316,11.305180455,48.23335462,1,#66c2a5,bicycle
141855,9,1,81,130,2016,7,18,3,2,4,6,0,0,1,0,0,0,0,0,639193.3706,5324419.4113,10.868100046,48.057861084,1,#66c2a5,bicycle
141857,9,1,87,117,2016,7,9,4,3,0,1,0,0,1,0,0,0,0,0,725189.4042,5305769.4532,12.011140418,47.86575274,1,#66c2a5,bicycle
141861,9,1,87,117,2016,7,8,4,3,6,7,0,0,0,0,1,1,0,0,724156.4628,5304601.8576,11.996742722,47.855623009,3,#8da0cb,toilet
141863,9,1,79,126,2016,7,12,3,2,6,7,0,0,0,0,1,0,0,1,676880155.0,5340500.9407,11.380161021,48.193089201,3,#8da0cb,toilet
141868,9,7,61,0,2016,7,1,2,3,3,5,2,0,1,1,0,0,0,0,639566.8428,5359009.7692,10.884492294,48.368816301,1,#66c2a5,bicycle
141875,9,7,61,0,2016,7,15,3,3,2,6,0,0,0,1,0,0,0,0,639696511.0,5357545.0,10.885755752,48.355616794,2,#fc8d62,car
141876,9,1,79,121,2016,7,11,3,2,5,7,0,0,1,0,0,0,0,0,668468.1311,5338102.7139,11.266109119,48.173816732,1,#66c2a5,bicycle
141881,9,1,86,143,2016,7,16,4,3,3,6,0,0,0,0,0,0,0,1,677953.2236,5380465.6399,11.411500624,48.552019322,6,#ffd92f,circle
141882,9,7,72,147,2016,7,20,3,3,0,7,0,0,1,0,0,0,0,0,635668.6806,5366507.3684,10.834309335,48.437084263,1,#66c2a5,bicycle
141883,9,1,74,115,2016,7,19,3,2,0,1,0,0,1,0,0,0,0,0,681135.8549,5348839.1834,11.440937858,48.266839392,1,#66c2a5,bicycle
141885,9,1,74,115,2016,7,7,3,3,5,3,0,0,1,1,0,0,0,0,681186.8034,5347295.5566,11.44096274,48.252949774,1,#66c2a5,bicycle
141886,9,7,62,0,2016,7,13,4,3,0,3,0,0,1,1,0,0,0,0,621985.5175,5305234.3862,10.631812804,47.888841662,1,#66c2a5,bicycle
141891,9,1,88,137,2016,7,15,4,3,2,6,0,0,0,1,0,0,0,0,671913.4907,5315579.3142,11.303356196,47.970413964,2,#fc8d62,car
141892,9,7,61,0,2016,7,7,3,3,5,3,0,0,1,0,0,0,0,0,636722.7803,5360863.6173,10.846714471,48.386108455,1,#66c2a5,bicycle
141894,9,1,75,121,2016,7,8,3,3,6,7,0,0,0,1,1,0,0,0,713586.0022,5318401.6233,11.862450779,47.983229019,2,#fc8d62,car
141895,9,1,62,0,2016,7,13,2,3,5,2,0,0,1,1,0,0,0,0,692582.7164,5334177.0025,11.588382269,48.131684385,1,#66c2a5,bicycle
141904,9,1,79,142,2016,7,17,4,3,4,6,0,0,1,1,0,0,0,0,673250.4266,5344004.9737,11.332791485,48.2255889,1,#66c2a5,bicycle
141905,9,7,61,0,2016,7,10,3,3,5,6,0,0,0,0,0,0,1,1,641724.5601,5359976.8792,10.913935949,48.377031327,5,#a6d854,bus
141907,9,1,62,0,2016,7,19,2,2,5,7,0,0,1,1,0,0,0,0,693004.5883,5339732.9283,11.596566463,48.181491596,1,#66c2a5,bicycle
141908,9,7,61,0,2016,7,8,2,3,5,3,0,0,1,0,0,0,0,0,636726699.0,5360863.1401,10.846767217,48.386103315,1,#66c2a5,bicycle
141910,9,1,81,130,2016,7,8,4,3,5,3,0,0,1,1,0,0,0,0,638867.9491,5322709.9802,10.863180244,48.042560202,1,#66c2a5,bicycle
141913,9,7,61,0,2016,7,17,3,3,5,3,0,0,1,1,0,0,0,0,640746.7139,5355802.1198,10.899341687,48.339712145,1,#66c2a5,bicycle
141915,9,1,88,144,2016,7,6,4,3,8,1,0,0,0,0,0,1,0,0,666021.0654,5328550819.0,11.229497016,48.088587764,4,#e78ac3,marker
141916,9,7,61,0,2016,7,11,3,3,1,6,0,0,0,1,0,1,0,0,639571.0846,5359555.9964,10.884730844,48.373726891,2,#fc8d62,car
141921,9,1,62,0,2016,7,9,2,3,1,3,0,0,0,1,0,0,0,0,691375.4596,5335370.5544,11.572709562,48.142776038,2,#fc8d62,car
141924,9,1,79,119,2016,7,8,4,3,5,3,0,0,0,1,1,0,0,0,669785.7137,5338772.3127,11.284085208,48.179485618,2,#fc8d62,car
141927,9,1,84,145,2016,7,9,2,2,5,3,0,0,1,1,0,0,0,0,694115.4424,5325150.8694,11.604857653,48.050094421,1,#66c2a5,bicycle
141928,9,7,72,209,2016,7,17,4,3,1,6,0,0,1,0,0,0,0,1,634749.8374,5335351.4286,10.811948494,48.157121422,1,#66c2a5,bicycle
141931,9,1,62,0,2016,7,9,2,3,5,2,0,0,1,1,0,0,0,0,690059.5075,5340171.4569,11.557182572,48.186320848,1,#66c2a5,bicycle
141935,9,1,74,115,2016,7,17,4,2,5,3,0,0,0,1,0,0,0,0,683623917.0,5348722.2476,11.474383287,48.265072017,2,#fc8d62,car
141938,9,1,62,0,2016,7,16,2,3,4,2,0,0,1,1,0,0,0,0,696001.3396,5333651.4528,11.634038179,48.125917496,1,#66c2a5,bicycle
141939,9,1,62,0,2016,7,15,2,3,2,6,0,0,0,0,0,1,0,1,692902.9154,5333610.1342,11.592424691,48.126492544,4,#e78ac3,marker
141940,9,7,72,171,2016,7,19,4,3,7,7,0,0,1,0,0,0,0,0,637938614.0,5369743514.0,10.866049457,48.465689539,1,#66c2a5,bicycle
141945,9,1,62,0,2016,7,9,3,3,1,5,0,0,1,1,0,0,0,0,688125.7646,5339250177.0,11.530783331,48.178615878,1,#66c2a5,bicycle
141949,9,1,62,0,2016,7,17,3,3,6,4,0,0,1,0,0,0,0,1,696875.2556,5330517.1818,11.644323059,48.097478851,1,#66c2a5,bicycle
141950,9,1,62,0,2016,7,15,2,3,4,2,0,0,0,1,0,0,0,0,690700.2537,5338142.9892,11.564884501,48.167897204,2,#fc8d62,car
141951,9,7,72,147,2016,7,7,4,3,0,1,0,0,1,0,0,0,0,0,638943.9309,5367452.4945,10.878881391,48.444868288,1,#66c2a5,bicycle
141953,9,2,74,113,2016,7,15,3,3,5,3,0,0,1,1,0,0,0,0,729527.9321,5382817.7124,12.110749764,48.556400603,1,#66c2a5,bicycle
141956,9,1,62,0,2016,7,18,4,2,1,5,0,0,1,0,0,0,0,0,692831.2,5335712.6099,11.592413664,48.145410811,1,#66c2a5,bicycle
141960,9,1,62,0,2016,7,18,2,3,5,3,0,0,0,1,0,0,0,0,679500.1999,5334395.5734,11.412808143,48.13747337,2,#fc8d62,car
141961,9,7,61,0,2016,7,18,2,3,0,1,0,0,1,0,0,0,0,0,641060.8523,5357887.4052,10.904277174,48.358392273,1,#66c2a5,bicycle
141962,9,2,74,126,2016,7,17,3,2,0,7,0,0,1,0,0,1,0,0,732948.9978,5384239871.0,12.157837933,48.567914075,1,#66c2a5,bicycle
141963,9,1,62,0,2016,7,9,2,3,6,7,0,0,0,1,1,0,0,0,691469.8177,5334602776.0,11.573631552,48.135846949,2,#fc8d62,car
141964,9,7,78,116,2016,7,16,2,3,0,7,0,0,1,0,0,0,0,0,620366.0119,5318051.1872,10.613742532,48.004417981,1,#66c2a5,bicycle
141965,9,7,72,163,2016,7,17,4,3,5,3,0,0,1,1,0,0,0,0,640119.6117,5348082.0829,10.888320622,48.27043444,1,#66c2a5,bicycle
141967,9,1,62,0,2016,7,20,3,3,1,5,0,0,0,0,0,1,0,1,689702.3862,5342145.0103,11.55326432,48.204165769,4,#e78ac3,marker
141968,9,2,61,0,2016,7,10,3,3,0,7,0,0,1,0,0,0,0,0,733115.2645,5382136.7015,12.158910604,48.54896031,1,#66c2a5,bicycle
141970,9,2,61,0,2016,7,14,2,3,6,7,0,0,0,1,1,0,0,0,732682.2316,5380889.0846,12.152355175,48.537914097,2,#fc8d62,car
141971,9,1,62,0,2016,7,22,3,3,6,4,2,0,0,1,1,0,0,0,690702.1498,5334630.7546,11.563336242,48.136328923,2,#fc8d62,car
141973,9,1,62,0,2016,7,14,2,3,3,2,0,0,0,1,0,1,0,0,691810.0062,5332383.4988,11.577200645,48.115797924,2,#fc8d62,car
141976,9,1,62,0,2016,7,7,3,3,4,2,0,0,1,1,0,0,0,0,684073.5989,5335079.3171,11.474519719,48.14231277,1,#66c2a5,bicycle
141978,9,2,61,0,2016,7,14,2,3,5,3,0,0,1,0,0,0,0,0,732278.5646,5382398.3481,12.147736382,48.551620951,1,#66c2a5,bicycle
141979,9,1,62,0,2016,7,17,3,3,0,7,0,0,0,0,1,0,0,1,691737.8946,5334552.2033,11.577208353,48.135311697,3,#8da0cb,toilet
141981,9,2,74,194,2016,7,6,4,3,0,7,0,0,0,0,0,1,0,0,719506.5116,5380941.4142,11.974137477,48.543131222,4,#e78ac3,marker
141985,9,1,62,0,2016,7,14,2,3,0,7,0,0,0,1,0,1,0,0,690949.1436,5334345.5434,11.566524932,48.133691399,2,#fc8d62,car
141988,9,1,62,0,2016,7,13,4,3,0,5,0,0,1,1,0,0,0,0,691567.9127,5334545.9113,11.574923138,48.135306335,1,#66c2a5,bicycle
141990,9,1,62,0,2016,7,3,3,2,0,7,2,0,1,0,0,0,0,0,691801.6328,5335599.8533,11.578535995,48.144708609,1,#66c2a5,bicycle
141993,9,1,62,0,2016,7,19,2,3,5,3,0,0,1,0,0,0,0,0,687300.6464,5336055.1896,11.518287482,48.150142365,1,#66c2a5,bicycle
141994,9,1,62,0,2016,7,16,2,3,3,6,0,0,1,0,0,0,0,0,688109.1832,5336314.6671,11.529262105,48.152235995,1,#66c2a5,bicycle
141995,9,7,72,163,2016,7,10,4,3,5,3,0,0,0,1,0,0,1,0,639885.9758,5349762.3582,10.885729948,48.285594909,2,#fc8d62,car
141997,9,1,62,0,2016,7,10,2,3,0,2,0,0,0,1,0,1,0,0,685666.1423,5334633.4319,11.495713073,48.137842229,2,#fc8d62,car
141998,9,7,72,163,2016,7,8,4,3,0,7,0,0,1,0,0,0,0,0,640179.5808,5347692.6307,10.888999231,48.266919267,1,#66c2a5,bicycle
142002,9,1,62,0,2016,7,10,3,3,3,6,0,0,0,1,0,1,0,0,689693.4194,5340134.5877,11.552245601,48.186098889,2,#fc8d62,car
142004,9,1,62,0,2016,7,6,2,3,0,1,0,0,0,0,0,1,0,0,699546049.0,5328930243.0,11.679413823,48.082386026,4,#e78ac3,marker
142005,9,1,62,0,2016,7,15,2,3,0,1,0,0,0,0,0,0,0,1,693439.9582,5333502.9427,11.599585673,48.125366177,6,#ffd92f,circle
142006,9,7,61,0,2016,7,13,4,3,5,3,0,0,1,1,0,0,0,0,638086.7269,5360321.9724,10.864949201,48.38094097,1,#66c2a5,bicycle
142009,9,2,61,0,2016,7,7,4,3,5,7,0,0,1,1,0,0,0,0,732080.6118,5381146.6355,12.144360718,48.540450378,1,#66c2a5,bicycle
142011,9,1,62,0,2016,7,21,4,3,0,7,1,0,1,1,0,0,0,0,691764.5281,5334668.9384,11.577618516,48.136352871,1,#66c2a5,bicycle
142020,9,1,62,0,2016,7,14,3,3,1,6,0,0,0,1,0,1,0,0,690706.5579,5334750.6172,11.563449096,48.137404922,2,#fc8d62,car
142022,9,1,63,0,2016,7,18,2,3,5,3,0,0,1,0,0,0,0,0,733994.7234,5303157.7234,12.127291057,47.839142632,1,#66c2a5,bicycle
142023,9,1,62,0,2016,7,19,2,3,1,5,0,0,1,1,0,0,0,0,694776.0901,5338309.8191,11.619721358,48.168160836,1,#66c2a5,bicycle
142025,9,1,62,0,2016,7,8,3,3,6,4,0,0,0,1,1,0,0,0,695826.9,5333058335.0,11.631424003,48.120640536,2,#fc8d62,car
142028,9,1,87,122,2016,7,18,2,3,4,6,0,0,1,0,0,0,0,0,718324.3382,5306550.4964,11.919863288,47.875140574,1,#66c2a5,bicycle
142029,9,1,62,0,2016,7,11,3,3,6,4,0,0,0,1,1,0,0,0,686833.4487,5334836308.0,11.511477343,48.139324089,2,#fc8d62,car
142031,9,1,62,0,2016,7,6,2,3,5,3,0,0,1,1,0,0,0,0,695279.2232,5336097684.0,11.625465785,48.148124959,1,#66c2a5,bicycle
142035,9,1,62,0,2016,7,11,2,3,1,3,0,0,0,1,0,1,0,0,691660.9223,5332796.0807,11.575385068,48.119551056,2,#fc8d62,car
142037,9,1,63,0,2016,7,7,3,3,4,2,0,0,0,1,0,0,0,0,733155.5719,5304987.4445,12.117078908,47.855885812,2,#fc8d62,car
142038,9,1,84,130,2016,7,23,3,2,8,1,2,0,1,0,0,0,0,0,697986.9046,5343820.7869,11.665427683,48.216696829,1,#66c2a5,bicycle
142040,9,1,86,143,2016,7,14,2,3,2,1,0,0,0,1,0,0,0,1,685123.6741,5379122.7314,11.507977738,48.537874291,2,#fc8d62,car
142045,9,7,72,186,2016,7,20,5,3,3,6,0,0,1,0,0,0,0,0,637645.9407,5344769.6514,10.853925007,48.241191298,1,#66c2a5,bicycle
142046,9,1,88,137,2016,7,16,1,3,0,1,0,0,1,0,0,0,0,0,671093.0309,5317236.8448,11.293032607,47.985535029,1,#66c2a5,bicycle
142048,9,1,75,115,2016,7,19,6,3,2,6,0,0,0,1,0,0,0,0,718556.7416,5327913.1524,11.933828891,48.067014995,2,#fc8d62,car
142051,9,2,61,0,2016,7,6,5,3,4,2,0,0,1,1,0,0,0,0,731770.9887,5381909.1159,12.140596486,48.547414018,1,#66c2a5,bicycle
142052,9,1,62,0,2016,7,12,7,2,5,3,0,0,0,1,0,1,0,0,693011936.0,5333849389.0,11.593996619,48.128609863,2,#fc8d62,car
142054,9,1,81,141,2016,7,20,5,2,3,6,0,0,1,0,0,0,0,0,643599591.0,5318255437.0,10.925135223,48.001457868,1,#66c2a5,bicycle
142056,9,7,61,0,2016,7,18,5,3,2,6,0,0,0,1,0,0,0,0,637104984.0,5360821495.0,10.85186035,48.385646736,2,#fc8d62,car
142058,9,7,61,0,2016,7,16,5,3,0,1,0,0,1,0,0,0,0,0,638920.2299,5360251.9184,10.876176776,48.380128076,1,#66c2a5,bicycle
142059,9,1,88,132,2016,7,12,1,2,6,4,0,0,1,0,1,0,0,0,667827.4501,5321922.8207,11.251135154,48.028528109,1,#66c2a5,bicycle
142061,9,1,62,0,2016,7,16,5,3,7,1,0,1,1,0,0,0,0,1,689555.0917,5337259.3346,11.549104323,48.160297416,1,#66c2a5,bicycle
142063,9,7,72,184,2016,7,18,7,3,5,3,0,0,0,1,0,0,0,0,635986.6221,5361045.0683,10.836835245,48.387899191,2,#fc8d62,car
142064,9,2,61,0,2016,7,8,5,3,0,3,0,0,1,1,0,0,0,0,732007.1734,5379800.4696,12.142618081,48.528385197,1,#66c2a5,bicycle
142065,9,1,62,0,2016,7,21,7,3,0,7,2,0,0,1,0,0,0,0,690871716.0,5339114806.0,11.567624547,48.176580309,2,#fc8d62,car
142067,9,1,79,126,2016,7,9,5,2,6,4,0,1,0,1,1,0,0,0,677429921.0,5339662.2921,11.387201865,48.185397178,2,#fc8d62,car
142069,9,7,61,0,2016,7,16,5,2,0,1,0,0,1,0,0,0,0,0,639130.6164,5356884.4759,10.877902714,48.349802439,1,#66c2a5,bicycle
142071,9,1,62,0,2016,7,19,5,3,5,2,0,0,1,1,0,0,0,0,688419.1725,5336405.9922,11.533466341,48.152965081,1,#66c2a5,bicycle
142073,9,1,62,0,2016,7,15,5,2,5,3,0,0,0,0,1,0,0,1,686395.7245,5329069.1578,11.503078674,48.087614986,3,#8da0cb,toilet
142075,9,1,79,121,2016,7,15,5,3,5,3,0,0,0,1,0,1,0,0,666746.7526,5339193.3407,11.243400864,48.184075465,2,#fc8d62,car
142076,9,7,78,116,2016,7,13,6,3,9,1,0,0,0,1,0,0,0,0,619078.1329,5319130.8586,10.596782762,48.014369413,2,#fc8d62,car
142077,9,1,62,0,2016,7,23,5,3,6,4,2,1,1,0,1,0,0,0,691655.9283,5334071.9378,11.575891727,48.131019821,1,#66c2a5,bicycle
142080,9,1,74,115,2016,7,11,5,3,4,3,0,0,0,1,0,1,0,0,680804.0917,5348147.9158,11.436175844,48.260720621,2,#fc8d62,car
142082,9,7,61,0,2016,7,14,5,3,3,6,0,1,1,1,0,0,0,0,641278.0451,5358887.1746,10.907543274,48.367333264,1,#66c2a5,bicycle
142083,9,7,78,116,2016,7,10,6,3,8,7,0,0,1,0,0,0,0,0,619812.4018,5318549.5024,10.606462531,48.009003655,1,#66c2a5,bicycle
142084,9,1,62,0,2016,7,8,5,3,0,7,0,1,0,0,0,1,0,0,684269.0031,5331063.1027,11.475407771,48.106156145,4,#e78ac3,marker
142086,9,1,74,115,2016,7,8,5,3,1,6,0,1,0,1,0,0,0,0,681499441.0,5347527913.0,11.445270281,48.254948875,2,#fc8d62,car
142088,9,7,61,0,2016,7,15,5,3,0,1,0,1,0,0,0,1,0,0,640986.5973,5359211.9561,10.903719274,48.370318748,4,#e78ac3,marker
142090,9,1,78,124,2016,7,17,5,2,5,2,0,0,0,0,0,1,1,0,705007.2124,5359102.1965,11.767241002,48.351790721,4,#e78ac3,marker
142091,9,7,61,0,2016,7,9,5,3,2,6,0,0,0,1,0,0,0,0,640812.0485,5359541.9635,10.901474236,48.373325025,2,#fc8d62,car
142093,9,1,62,0,2016,7,13,5,3,6,4,0,0,0,1,1,0,0,0,691812.9829,5334652721.0,11.578261839,48.136192509,2,#fc8d62,car
142094,9,7,61,0,2016,7,7,7,3,5,2,0,0,1,0,0,0,0,0,640927.2143,5360740.3024,10.903430288,48.384074327,1,#66c2a5,bicycle
142095,9,1,73,126,2016,7,13,5,3,4,2,0,0,1,1,0,0,0,0,685612687.0,5303608.4627,11.481577145,47.858983833,1,#66c2a5,bicycle
142096,9,1,84,131,2016,7,14,7,3,0,1,0,0,1,0,0,0,0,0,703869.8721,5339329.7327,11.742378859,48.174475169,1,#66c2a5,bicycle
142098,9,1,78,124,2016,7,8,5,3,2,7,0,1,0,1,0,0,1,0,704607.9065,5358701.7527,11.761662989,48.348321737,2,#fc8d62,car
142102,9,1,79,123,2016,7,10,1,3,0,7,0,0,1,0,0,0,0,0,676721.0607,5332885.1258,11.374858545,48.124673488,1,#66c2a5,bicycle
142103,9,7,71,130,2016,7,17,6,3,0,7,0,0,1,1,0,0,0,0,648808.5688,5355344.1698,11.007905072,48.333747345,1,#66c2a5,bicycle
142104,9,1,84,136,2016,7,21,5,3,4,7,2,0,1,1,0,0,0,0,700441372.0,5327359.7853,11.690685601,48.067991281,1,#66c2a5,bicycle
142106,9,7,61,0,2016,7,20,7,2,0,7,0,0,1,0,0,0,0,0,635013233.0,5353130454.0,10.821155464,48.31693949,1,#66c2a5,bicycle
142108,9,1,84,131,2016,7,11,7,3,5,2,0,0,1,1,0,0,0,0,704858.5944,5339615.9842,11.755800798,48.176729647,1,#66c2a5,bicycle
142109,9,1,87,142,2016,7,11,7,2,0,1,0,0,0,0,0,1,0,0,733822.2168,5311565.4673,12.129538924,47.914740244,4,#e78ac3,marker
142110,9,1,79,147,2016,7,19,1,3,1,5,0,0,0,1,0,1,0,0,664168.2957,5334031.2995,11.206745095,48.138339009,2,#fc8d62,car
142111,9,1,62,0,2016,7,10,5,3,3,5,0,0,1,1,0,0,0,0,692286116.0,5334451895.0,11.584524126,48.134244741,1,#66c2a5,bicycle
142112,9,7,61,0,2016,7,15,7,3,0,7,0,0,0,0,0,0,0,1,641146117.0,5351851.1058,10.903405773,48.304096682,6,#ffd92f,circle
142113,9,1,62,0,2016,7,11,7,3,5,2,0,0,1,1,0,0,0,0,693780.6254,5331981.8681,11.603467627,48.111591614,1,#66c2a5,bicycle
142118,9,1,79,121,2016,7,14,1,3,1,1,0,0,1,1,0,0,0,0,665949.3516,5336790.3997,11.231743053,48.162681638,1,#66c2a5,bicycle
142119,9,7,72,163,2016,7,17,6,3,5,3,0,0,1,1,0,0,0,0,640622.5796,5344471.6313,10.893895291,48.237858275,1,#66c2a5,bicycle
142120,9,1,62,0,2016,7,20,5,3,5,3,0,0,0,1,0,0,0,0,692760.7349,5333149.6124,11.590307692,48.12239654,2,#fc8d62,car
142122,9,7,61,0,2016,7,15,7,3,9,7,0,0,0,1,0,0,0,0,641410304.0,5359234072.0,10.909444655,48.370422811,2,#fc8d62,car
142124,9,1,62,0,2016,7,17,7,3,5,2,0,0,0,1,0,1,0,0,690776.7911,5336435.1121,11.565146956,48.152524001,2,#fc8d62,car
142126,9,1,77,115,2016,7,10,5,3,4,7,0,1,0,1,0,0,0,0,735704.2405,5350777375.0,12.176328901,48.266303728,2,#fc8d62,car
142129,9,1,62,0,2016,7,16,4,3,5,3,0,0,0,1,0,1,0,0,692308.7473,5337525.1506,11.58621632,48.161859658,2,#fc8d62,car
142132,9,7,61,0,2016,7,13,6,3,5,3,0,0,1,1,0,0,0,0,642598.3369,5357714.5341,10.924962038,48.35649253,1,#66c2a5,bicycle
142134,9,1,62,0,2016,7,9,5,3,6,3,0,1,1,0,1,0,0,0,693276.4107,5334663.0695,11.597916364,48.13584275,1,#66c2a5,bicycle
142136,9,2,61,0,2016,7,11,6,3,0,1,0,0,1,0,0,0,0,0,731665.6939,5382170.2227,12.139317146,48.549798378,1,#66c2a5,bicycle
142137,9,1,88,139,2016,7,11,7,3,3,6,0,0,1,1,0,0,0,0,672895.9883,5319214.3473,11.317972435,48.002827686,1,#66c2a5,bicycle
142138,9,1,62,0,2016,7,18,4,3,5,2,0,0,1,0,0,0,0,0,684197.2096,5333240.7922,11.475384897,48.125751291,1,#66c2a5,bicycle
142140,9,7,61,0,2016,7,13,6,3,2,6,0,0,1,1,0,0,0,0,639130.1999,5356884.6714,10.87789716,48.349804289,1,#66c2a5,bicycle
142141,9,1,62,0,2016,7,13,5,3,4,6,0,0,0,1,0,0,0,0,688369.1883,5343124371.0,11.535773493,48.213365266,2,#fc8d62,car
142142,9,1,81,130,2016,7,14,7,3,0,7,0,0,1,0,0,0,0,0,639616.8285,5324161.2333,10.87369582,48.055446953,1,#66c2a5,bicycle
142143,9,1,62,0,2016,7,7,4,2,5,3,0,0,1,1,0,0,0,0,691207.0824,5340325.5967,11.572676057,48.187361865,1,#66c2a5,bicycle
142144,9,7,61,0,2016,7,22,6,3,0,1,2,0,1,0,0,0,0,0,639867.4103,5359869.4388,10.888834371,48.376479663,1,#66c2a5,bicycle
142145,9,1,84,149,2016,7,16,5,3,0,7,0,1,0,1,0,1,0,0,691286.8313,5350923408.0,11.578532657,48.282587945,2,#fc8d62,car
142146,9,1,88,121,2016,7,12,7,3,5,3,0,0,0,1,0,0,0,0,670548.0824,5330875.2793,11.29116941,48.108289095,2,#fc8d62,car