OBJECTID,ULAND,UREGBEZ,UKREIS,UGEMEINDE,UJAHR,UMONAT,USTUNDE,UWOCHENTAG,UKATEGORIE,UART,UTYP1,ULICHTVERH,STRZUSTAND,IstRad,IstPKW,IstFuss,IstKrad,IstGkfz,IstSonstig,LINREFX,LINREFY,XGCSWGS84,YGCSWGS84,Teilnehmer,color,symbol
142147,9,1,62,0,2016,7,20,5,3,5,3,1,0,0,1,0,1,0,0,690526.6873,5339646.8852,11.563226552,48.181466117,2,#fc8d62,car
142149,9,1,62,0,2016,7,14,4,3,4,2,0,0,0,1,0,0,0,0,695493884.0,5337480.3791,11.628983862,48.16048595,2,#fc8d62,car
142151,9,1,62,0,2016,7,9,4,3,6,4,0,0,1,0,1,0,0,0,691293.4184,5338779.7579,11.573140619,48.173442156,1,#66c2a5,bicycle
142153,9,1,81,114,2016,7,20,1,3,4,6,0,0,0,0,0,1,0,0,649465.6722,5313055.0924,11.00191954,47.953353317,4,#e78ac3,marker
142154,9,1,62,0,2016,7,9,5,3,6,4,0,1,1,0,1,0,0,0,694888.3566,5336699.3998,11.620491926,48.153652766,1,#66c2a5,bicycle
142157,9,1,62,0,2016,7,13,7,3,4,3,0,0,1,1,0,0,0,0,692197.8911,5337006.5216,11.584492773,48.157231859,1,#66c2a5,bicycle
142158,9,1,74,146,2016,7,17,7,3,9,1,0,0,0,0,0,1,0,0,667058.4711,5348936338.0,11.251431755,48.271582009,4,#e78ac3,marker
142160,9,1,62,0,2016,7,0,4,2,1,3,2,0,0,1,0,0,1,0,686349.4737,5338423.8306,11.506549147,48.171711841,2,#fc8d62,car
142164,9,1,78,124,2016,7,10,1,3,4,6,0,0,1,0,0,0,0,0,703969.0513,5364698.4905,11.755959537,48.40241615,1,#66c2a5,bicycle
142166,9,1,62,0,2016,7,15,5,3,5,3,0,0,1,0,0,0,1,0,690560.1444,5341556.4202,11.564532937,48.198618734,1,#66c2a5,bicycle
142170,9,1,74,115,2016,7,22,7,3,8,1,2,1,0,1,0,0,0,0,682608.0624,5348543.7053,11.460630436,48.263760827,2,#fc8d62,car
142171,9,1,82,120,2016,7,13,1,3,0,1,0,0,0,0,0,1,0,0,702930.1432,5310007.1117,11.715854984,47.911255021,4,#e78ac3,marker
142172,9,1,62,0,2016,7,11,4,3,5,2,0,0,1,0,0,0,1,0,682738.7854,5336228389.0,11.457086125,48.153026188,1,#66c2a5,bicycle
142173,9,1,63,0,2016,7,8,6,3,6,4,0,0,0,1,1,0,0,0,734124002.0,5304752.1474,12.129878669,47.853419876,2,#fc8d62,car
142177,9,1,62,0,2016,7,16,5,3,2,6,0,0,0,1,0,0,0,1,690276.4957,5336166.6132,11.558307015,48.150260609,2,#fc8d62,car
142179,9,1,77,143,2016,7,21,1,2,0,1,2,0,1,0,0,0,0,0,721238882.0,5365743642.0,11.989536803,48.405983754,1,#66c2a5,bicycle
142184,9,1,62,0,2016,7,13,7,3,6,6,0,0,0,1,1,0,0,0,691598.0154,5334694.2185,11.575394039,48.13663024,2,#fc8d62,car
142185,9,1,62,0,2016,7,21,4,3,5,3,1,0,0,1,0,1,0,0,697759916.0,5338370619.0,11.6598373,48.16778602,2,#fc8d62,car
142189,9,1,62,0,2016,7,12,5,2,6,4,0,0,0,0,1,0,0,1,690537.3103,5333419.5304,11.560581215,48.125491834,3,#8da0cb,toilet
142190,9,1,62,0,2016,7,13,6,3,5,3,0,0,1,1,0,0,0,0,692996.4673,5333848.6055,11.593788593,48.128607511,1,#66c2a5,bicycle
142191,9,1,62,0,2016,7,14,5,3,1,6,0,0,0,1,0,0,1,0,691460417.0,5340357.77,11.576095582,48.187574729,2,#fc8d62,car
142193,9,1,62,0,2016,7,15,4,3,2,6,0,0,0,1,0,1,0,0,686374.5075,5343393.6386,11.509066845,48.216374392,2,#fc8d62,car
142195,9,1,84,147,2016,7,9,6,3,5,3,0,0,0,1,0,0,0,1,695686.7514,5339559.7381,11.63253165,48.179114689,2,#fc8d62,car
142196,9,1,84,118,2016,7,7,4,3,7,7,0,0,1,0,0,0,0,1,704051.2635,5336554.2959,11.743484658,48.149475213,1,#66c2a5,bicycle
142197,9,7,78,116,2016,7,17,7,3,4,1,0,1,0,1,0,0,0,0,616670.8834,5319144.7097,10.564519022,48.014938064,2,#fc8d62,car
142198,9,1,87,130,2016,7,16,6,2,0,1,0,0,1,1,0,0,0,0,711658.0114,5309753.7103,11.832392824,47.906157393,1,#66c2a5,bicycle
142199,9,1,62,0,2016,7,8,4,3,5,3,0,0,1,1,0,0,0,0,697875.5604,5334408.2368,11.659548998,48.13213915,1,#66c2a5,bicycle
142203,9,1,84,120,2016,7,10,5,3,5,3,0,1,0,1,0,0,0,0,680297.4989,5332504892.0,11.422715418,48.120252765,2,#fc8d62,car
142204,9,1,62,0,2016,7,19,6,3,5,3,0,0,1,1,0,0,0,0,691658.3955,5332790.2669,11.575348537,48.119499562,1,#66c2a5,bicycle
142205,9,1,62,0,2016,7,8,4,3,3,6,0,0,0,1,0,0,1,0,683388.3257,5337555.8338,11.466383599,48.164771089,2,#fc8d62,car
142206,9,1,85,158,2016,7,18,6,3,0,1,0,0,1,0,0,0,0,0,666278.4258,5382324.3415,11.254166447,48.571931882,1,#66c2a5,bicycle
142208,9,1,77,118,2016,7,7,1,3,5,3,0,0,0,1,0,1,0,0,704778025.0,5349439.2244,11.759462211,48.265031293,2,#fc8d62,car
142209,9,1,62,0,2016,7,14,5,3,5,3,0,0,0,1,0,1,0,0,683101.5778,5337932.9755,11.462693218,48.168243719,2,#fc8d62,car
142213,9,1,62,0,2016,7,14,5,3,0,7,0,0,1,0,0,0,0,0,683104.9007,5335672.6744,11.461765097,48.147925772,1,#66c2a5,bicycle
142215,9,1,62,0,2016,7,8,6,3,6,4,0,0,0,1,1,0,0,0,690850.4292,5334675.4784,11.565347316,48.136686447,2,#fc8d62,car
142216,9,1,62,0,2016,7,11,4,3,5,3,0,0,0,1,0,1,0,0,691017.0358,5335348.9363,11.567886506,48.142689446,2,#fc8d62,car
142220,9,1,62,0,2016,7,23,7,3,0,7,2,1,1,0,0,0,0,0,700452.4456,5334374.2842,11.694128227,48.1310277,1,#66c2a5,bicycle
142222,9,1,62,0,2016,7,17,5,3,2,6,0,0,0,1,0,0,0,1,690707.0485,5338163.3623,11.564984932,48.168078277,2,#fc8d62,car
142225,9,1,62,0,2016,7,11,6,2,4,2,0,0,1,1,0,0,0,0,685680.0991,5334844.8036,11.495992645,48.139738055,1,#66c2a5,bicycle
142226,9,1,63,0,2016,7,18,1,3,1,5,0,0,1,1,0,0,0,0,733445.8248,5304564.7172,12.120725274,47.851982649,1,#66c2a5,bicycle
142227,9,1,62,0,2016,7,17,4,3,6,4,0,0,0,1,1,0,0,0,693420.0756,5340342.6386,11.60242777,48.186845089,2,#fc8d62,car
142228,9,1,88,139,2016,7,8,6,3,3,6,0,0,1,1,0,0,0,0,674360.2073,5317901.6456,11.337052723,47.990629242,1,#66c2a5,bicycle
142230,9,1,62,0,2016,7,8,6,3,5,3,0,0,1,0,0,0,0,1,687014.5878,5336343.1767,11.514571764,48.152815042,1,#66c2a5,bicycle
142233,9,1,62,0,2016,7,12,7,3,5,2,0,0,1,1,0,0,0,0,689027.8004,5337516.9414,11.542135124,48.162769778,1,#66c2a5,bicycle
142235,9,1,62,0,2016,7,16,5,3,5,2,0,1,1,1,0,0,0,0,689147.4749,5336904.2785,11.543470521,48.157227536,1,#66c2a5,bicycle
142240,9,1,62,0,2016,7,9,4,2,0,7,0,0,1,0,1,0,0,0,691949.7915,5335636.4417,11.580542205,48.144992775,1,#66c2a5,bicycle
142241,9,1,81,130,2016,7,18,6,3,5,3,0,0,1,1,0,0,0,0,639532.2647,5324336.4864,10.872618744,48.057041377,1,#66c2a5,bicycle
142244,9,1,62,0,2016,7,16,5,3,0,3,0,1,1,1,0,0,0,0,688718.3807,5336137.5668,11.537366355,48.150463731,1,#66c2a5,bicycle
142247,9,1,62,0,2016,7,22,7,2,9,1,2,1,0,0,0,1,0,0,699813.5005,5328814.8019,11.682946973,48.081264777,4,#e78ac3,marker
142249,9,1,62,0,2016,7,15,6,3,3,6,0,0,0,1,0,0,0,1,691154.2807,5340342.0578,11.571973764,48.187525705,2,#fc8d62,car
142250,9,1,62,0,2016,7,10,5,3,5,7,0,0,1,1,0,0,0,0,693609612.0,5329234006.0,11.599926086,48.086946514,1,#66c2a5,bicycle
142252,9,1,81,146,2016,7,22,6,3,0,7,2,0,1,0,0,0,0,0,651633.71,5325881.1717,11.035474204,48.068169309,1,#66c2a5,bicycle
142253,9,1,62,0,2016,7,15,6,2,6,4,0,0,0,0,1,0,0,1,695517.2578,5336708.9233,11.628943362,48.153545337,3,#8da0cb,toilet
142254,9,1,62,0,2016,7,18,4,3,5,3,0,0,0,1,0,0,0,1,690952.4636,5334300.5364,11.566549337,48.133285883,2,#fc8d62,car
142257,9,1,62,0,2016,7,8,5,3,3,5,0,1,1,1,0,0,0,0,691882.3633,5335644.1043,11.579640118,48.145081986,1,#66c2a5,bicycle
142258,9,1,62,0,2016,7,12,6,3,5,3,0,0,1,1,0,0,0,0,688853071.0,5334636.8366,11.538509843,48.136935015,1,#66c2a5,bicycle
142259,9,1,62,0,2016,7,10,4,2,1,7,0,0,0,1,0,0,0,0,684709.9362,5332551797.0,11.481970075,48.119409669,2,#fc8d62,car
142260,9,1,79,123,2016,7,11,6,3,0,7,0,0,0,0,0,0,0,1,676701.2526,5334408.1795,11.375224245,48.138370085,6,#ffd92f,circle
142261,9,1,62,0,2016,7,12,6,3,0,5,0,0,1,1,0,0,0,0,690842.2216,5339345.7387,11.567331893,48.17866476,1,#66c2a5,bicycle
142262,9,1,62,0,2016,7,8,5,3,0,1,0,1,1,0,0,0,0,0,695494.8686,5336041.2494,11.628335989,48.147551519,1,#66c2a5,bicycle
142264,9,1,62,0,2016,7,10,4,3,0,6,0,0,0,0,0,1,0,0,691195.9608,5340005.3057,11.572382423,48.184486496,4,#e78ac3,marker
142265,9,1,77,133,2016,7,20,6,3,3,7,0,0,0,1,0,0,0,0,706328272.0,5359381.1573,11.785187896,48.353867319,2,#fc8d62,car
142266,9,1,62,0,2016,7,7,4,3,0,4,0,0,0,1,1,0,0,0,690651.8571,5338382.4774,11.564341631,48.170064217,2,#fc8d62,car
142268,9,1,62,0,2016,7,17,5,3,1,5,0,0,0,1,0,0,0,0,694265.7132,5332713.9685,11.610311322,48.118023717,2,#fc8d62,car
142272,9,1,62,0,2016,7,8,6,3,3,6,0,0,0,1,0,1,0,0,689013.6,5336194.3,11.5413568,48.150885996,2,#fc8d62,car
142273,9,1,62,0,2016,7,12,4,3,5,3,0,0,1,1,0,0,0,0,686686.2521,5341242.3832,11.51231308,48.196946846,1,#66c2a5,bicycle
142274,9,1,78,143,2016,7,20,6,3,0,7,1,0,1,0,0,0,0,0,717190.2878,5372256326.0,11.938279911,48.465905784,1,#66c2a5,bicycle
142277,9,1,62,0,2016,7,11,7,2,4,2,0,0,1,1,0,0,0,0,696004.3638,5338779.7418,11.636440065,48.172006681,1,#66c2a5,bicycle
142280,9,1,62,0,2016,7,15,7,3,1,5,0,0,1,1,0,0,0,0,691050.1438,5334127.5716,11.567783309,48.131701973,1,#66c2a5,bicycle
142281,9,1,62,0,2016,7,17,5,3,5,3,0,0,1,1,0,0,0,0,692440.9057,5334846.6004,11.586780772,48.137745486,1,#66c2a5,bicycle
142284,9,1,62,0,2016,7,17,6,3,2,6,0,0,0,1,0,0,0,0,691434.0304,5335819.5091,11.573697976,48.146793566,2,#fc8d62,car
142286,9,1,78,124,2016,7,19,6,3,5,3,0,0,0,1,0,0,0,0,702510.3639,5365182.6105,11.736507267,48.407236775,2,#fc8d62,car
142289,9,1,62,0,2016,7,15,7,3,2,2,0,0,0,1,0,0,0,0,694454.2239,5333045.4213,11.61299274,48.120945157,2,#fc8d62,car
142296,9,1,77,143,2016,7,13,6,2,6,2,0,0,0,1,1,0,0,0,720964.2172,5366193.2067,11.986067247,48.410119106,2,#fc8d62,car
142297,9,1,62,0,2016,7,8,4,3,0,7,0,0,1,0,0,0,0,0,690380716.0,5336992.94,11.560076496,48.157656412,1,#66c2a5,bicycle
142298,9,7,78,116,2016,7,15,5,2,0,7,0,0,1,0,0,0,0,0,619527.57,5317561431.0,10.602369691,48.000170614,1,#66c2a5,bicycle
142301,9,1,87,117,2016,7,8,5,3,0,7,0,0,1,0,0,0,0,1,724095.2027,5304686.6202,11.995968808,47.856405972,1,#66c2a5,bicycle
142303,9,1,62,0,2016,7,6,6,2,5,3,0,0,1,1,0,0,0,0,692621.9616,5334815.8739,11.589198045,48.137414544,1,#66c2a5,bicycle
142304,9,1,84,134,2016,7,15,4,3,2,6,0,0,1,1,0,0,0,0,693062019.0,5322500.2068,11.589541695,48.02658996,1,#66c2a5,bicycle
142305,9,1,77,117,2016,7,7,6,3,0,1,0,0,1,0,0,0,0,0,715903.6569,5351457.2514,11.910219052,48.279470186,1,#66c2a5,bicycle
142311,9,1,77,117,2016,7,16,6,3,0,7,0,0,1,0,0,0,0,0,715742.24,5355111408.0,11.909912936,48.31235821,1,#66c2a5,bicycle
142313,9,1,62,0,2016,7,16,4,3,1,5,0,0,1,1,0,0,0,0,688475.6927,5329155.6808,11.531020323,48.087781099,1,#66c2a5,bicycle
142317,9,1,77,117,2016,7,9,6,3,0,1,0,0,1,0,0,0,0,0,715394.3983,5351952.9685,11.903616433,48.284097714,1,#66c2a5,bicycle
142322,9,1,84,136,2016,7,18,4,3,5,6,0,0,1,0,0,0,0,0,698208.0278,5326959.2744,11.660553666,48.065089582,1,#66c2a5,bicycle
142324,9,1,62,0,2016,7,21,1,2,8,1,1,0,0,1,0,0,0,0,692264.1971,5334791.4481,11.584383077,48.137303202,2,#fc8d62,car
142326,9,1,87,117,2016,7,17,4,3,1,5,0,0,1,1,0,0,0,0,724916.9294,5305437.3105,12.00732941,47.862863883,1,#66c2a5,bicycle
142329,9,7,62,0,2016,7,17,4,3,5,3,0,0,1,1,0,0,0,0,621453.4549,5306133.8813,10.624951452,47.897032391,1,#66c2a5,bicycle
142335,9,1,84,139,2016,7,14,1,3,5,2,0,0,1,1,0,0,0,0,688863.8357,5327376.0581,11.535440759,48.071670545,1,#66c2a5,bicycle
142336,9,1,62,0,2016,7,19,3,3,5,3,0,1,1,1,0,0,0,1,687804525.0,5328196.7094,11.521594762,48.079359637,1,#66c2a5,bicycle
142338,9,1,62,0,2016,7,17,3,3,2,6,0,0,0,1,0,0,0,1,693333.7987,5333571.6536,11.598191714,48.12601598,2,#fc8d62,car
142340,9,7,61,0,2016,7,16,4,3,4,2,0,0,1,1,0,0,0,0,641907.1031,5359889.7976,10.916370292,48.3762073,1,#66c2a5,bicycle
142343,9,7,72,160,2016,7,13,2,3,5,3,0,0,0,1,0,0,0,1,636835.9335,5342330.3181,10.842233329,48.219431757,2,#fc8d62,car
142345,9,1,62,0,2016,7,13,1,3,0,7,0,0,1,0,0,0,0,0,692548.3341,5336951.2275,11.589175184,48.156628877,1,#66c2a5,bicycle
142346,9,1,63,0,2016,7,11,5,3,0,1,0,0,1,0,0,0,0,0,732652.5915,5304883.5043,12.11030887,47.855134262,1,#66c2a5,bicycle
142347,9,7,71,141,2016,7,16,2,2,0,7,0,0,1,0,0,0,0,0,656663.4995,5375065.8045,11.121187543,48.509153827,1,#66c2a5,bicycle
142349,9,1,62,0,2016,7,14,3,3,1,6,0,0,0,1,0,0,0,0,689366.1058,5333690.8378,11.544978404,48.128279832,2,#fc8d62,car
142350,9,1,84,120,2016,7,17,1,3,5,3,0,0,0,1,0,0,0,0,682203618.0,5332778857.0,11.448421519,48.12217278,2,#fc8d62,car
142351,9,1,62,0,2016,7,18,4,2,0,7,0,0,1,0,1,0,0,0,689630.5652,5336033.4223,11.549571944,48.149256383,1,#66c2a5,bicycle
142353,9,1,62,0,2016,7,20,4,2,1,5,0,0,0,1,0,1,0,0,690805.6071,5335387.4811,11.565064448,48.143099326,2,#fc8d62,car
142356,9,1,84,149,2016,7,17,1,2,0,7,0,0,0,1,0,0,0,0,691811.21,5350030429.0,11.58518855,48.274403582,2,#fc8d62,car
142357,9,1,79,134,2016,7,8,5,3,0,6,0,0,0,1,0,1,0,0,668052.8212,5346198.9522,11.263734413,48.246710545,2,#fc8d62,car
142361,9,1,62,0,2016,7,10,1,3,5,3,0,0,0,1,0,1,0,0,690744.2389,5337634.1225,11.565247252,48.163310365,2,#fc8d62,car
142362,9,1,62,0,2016,7,16,4,3,0,7,0,0,0,1,0,0,0,0,690856.8345,5335032.4932,11.565593302,48.139893353,2,#fc8d62,car
142366,9,1,62,0,2016,7,17,2,3,0,7,1,1,1,0,0,0,0,0,688870.4082,5332409.3942,11.537755529,48.116909286,1,#66c2a5,bicycle
142367,9,1,62,0,2016,7,19,1,3,6,6,0,0,1,0,1,0,0,0,688153.1701,5339843.6028,11.531414396,48.183941542,1,#66c2a5,bicycle
142371,9,7,71,146,2016,7,19,3,3,5,3,0,0,1,1,0,0,0,0,647385.7491,5346559961.0,10.985652706,48.255099278,1,#66c2a5,bicycle
142372,9,1,62,0,2016,7,8,2,3,5,3,0,0,0,1,0,0,0,0,683406.0338,5339346.4265,11.467394033,48.180860841,2,#fc8d62,car
142373,9,1,62,0,2016,7,17,1,3,1,6,0,1,0,1,0,1,0,0,689097.95,5332922.77,11.541037463,48.121456054,2,#fc8d62,car
142377,9,7,71,146,2016,7,14,4,3,5,3,0,0,0,1,0,0,0,0,647293307.0,5347424.6838,10.984709105,48.26289582,2,#fc8d62,car
142385,9,1,62,0,2016,7,9,2,3,5,2,0,0,1,1,0,0,0,0,692607.7293,5332572.2814,11.587992977,48.117253903,1,#66c2a5,bicycle
142388,9,1,62,0,2016,7,14,3,3,2,6,0,1,0,1,0,0,0,0,690934086.0,5333073017.0,11.565752629,48.12225851,2,#fc8d62,car
142393,9,1,62,0,2016,7,15,4,3,2,6,0,1,0,1,0,0,0,0,689162.6481,5336935.8835,11.543688397,48.15750709,2,#fc8d62,car
142395,9,7,61,0,2016,7,9,2,3,2,6,0,0,0,1,0,1,0,0,636983.3745,5360833.9479,10.850222737,48.385785132,2,#fc8d62,car
142397,9,1,62,0,2016,7,15,1,3,5,3,0,0,0,1,0,1,0,0,688879.4799,5334815.0796,11.538943503,48.138529247,2,#fc8d62,car
142398,9,1,87,150,2016,7,17,5,3,2,6,0,0,1,1,0,0,0,0,728409844.0,5303790036.0,12.053094824,47.846831636,1,#66c2a5,bicycle
142400,9,2,61,0,2016,7,8,3,2,0,1,0,0,1,0,0,0,0,0,727678.8912,5380358.0672,12.084383817,48.534978888,1,#66c2a5,bicycle
142401,9,1,62,0,2016,7,17,1,3,0,7,0,0,0,0,0,1,0,0,692115.3554,5334529.9001,11.582266523,48.134997406,4,#e78ac3,marker
142402,9,1,62,0,2016,7,17,3,3,3,2,0,1,1,1,0,0,0,0,691850.3951,5340398.9661,11.581355813,48.187827333,1,#66c2a5,bicycle
142404,9,1,62,0,2016,7,14,3,3,5,3,0,0,0,1,0,1,0,0,681220.1776,5338597.8572,11.437695916,48.174759343,2,#fc8d62,car
142405,9,1,62,0,2016,7,18,4,3,0,1,0,1,1,0,0,0,0,0,691135.2323,5334076.6714,11.568902904,48.131218939,1,#66c2a5,bicycle
142406,9,1,78,124,2016,7,18,3,3,1,6,0,1,0,1,0,0,0,0,703720.6486,5359357.2781,11.750018929,48.354499212,2,#fc8d62,car
142407,9,1,62,0,2016,7,18,1,3,0,7,0,0,1,0,0,0,0,0,690846868.0,5334673.8731,11.565298779,48.136673086,1,#66c2a5,bicycle
142408,9,1,77,117,2016,7,18,5,3,5,3,0,0,1,1,0,0,0,0,715488.0012,5354475.8701,11.906163844,48.306734493,1,#66c2a5,bicycle
142412,9,1,62,0,2016,7,20,1,3,2,6,1,0,0,1,0,1,0,0,691950.9581,5334489092.0,11.580040758,48.134680235,2,#fc8d62,car
142416,9,1,62,0,2016,7,16,4,3,6,4,0,0,1,0,1,0,0,0,687124132.0,5332112.4857,11.514184956,48.11475611,1,#66c2a5,bicycle
142422,9,7,61,0,2016,7,12,3,3,2,6,0,0,0,1,0,0,0,0,639286.2116,5359516.7815,10.880873161,48.373437223,2,#fc8d62,car
142423,9,7,72,163,2016,7,8,3,3,1,1,0,0,1,1,0,0,0,0,640006.6675,5349235.2356,10.887181344,48.280828416,1,#66c2a5,bicycle
142424,9,1,62,0,2016,7,14,2,3,0,3,0,0,1,1,0,0,0,0,684194687.0,5335058.1009,11.476136765,48.142087023,1,#66c2a5,bicycle
142427,9,1,79,121,2016,7,21,4,3,6,5,1,0,0,1,1,0,0,0,665456.9839,5336702.1197,11.225092373,48.16201632,2,#fc8d62,car
142430,9,1,63,0,2016,7,10,4,3,5,4,0,0,1,0,1,0,0,0,733497.2984,5304681.9097,12.121475569,47.853016818,1,#66c2a5,bicycle
142433,9,2,74,126,2016,7,17,2,2,5,3,0,1,0,1,0,0,0,0,734138.7508,5384326825.0,12.173989335,48.568251955,2,#fc8d62,car
142436,9,1,62,0,2016,7,13,2,3,4,2,0,1,0,1,0,1,0,0,692629.7368,5338039.1012,11.590761259,48.166381736,2,#fc8d62,car
142440,9,1,62,0,2016,7,18,3,3,6,4,0,0,0,1,1,1,0,0,690807.7119,5335148489.0,11.564985628,48.140950649,2,#fc8d62,car
142443,9,7,61,0,2016,7,7,4,2,5,3,0,0,1,1,0,0,0,0,637240.7448,5360170.3475,10.853480398,48.379762178,1,#66c2a5,bicycle
142446,9,7,77,177,2016,7,16,2,2,5,3,0,1,1,1,0,0,0,0,634331.71,5317577121.0,10.800740885,47.997372611,1,#66c2a5,bicycle
142447,9,1,73,147,2016,7,10,3,2,2,6,0,0,0,1,0,0,0,1,681662491.0,5308945.6335,11.431059177,47.908090057,2,#fc8d62,car
142448,9,7,73,139,2016,7,17,1,3,5,3,0,0,1,1,0,0,0,0,615453.0801,5385569.8547,10.566378024,48.612544947,1,#66c2a5,bicycle
142450,9,1,62,0,2016,7,13,3,3,5,3,0,0,1,1,0,0,0,0,693592.5734,5333369.0863,11.601573639,48.124116725,1,#66c2a5,bicycle
142451,9,7,72,177,2016,7,20,1,3,0,7,0,0,1,0,0,0,0,0,635822.6958,5376956.0693,10.83978657,48.531003594,1,#66c2a5,bicycle
142452,9,1,62,0,2016,7,14,4,3,1,7,0,0,0,1,0,0,0,0,688098.8592,5339636.5828,11.530592788,48.182096904,2,#fc8d62,car
142453,9,1,77,139,2016,7,11,3,2,5,3,0,0,0,1,0,0,1,0,734727.7764,5359275.6753,12.167916465,48.343006138,2,#fc8d62,car
142454,9,7,61,0,2016,7,15,1,3,0,1,0,0,1,0,0,0,0,0,639949727.0,5359156.0728,10.889707932,48.370047038,1,#66c2a5,bicycle
142455,9,1,62,0,2016,7,23,4,3,5,3,2,1,1,1,0,0,0,0,689578.7732,5333519.6641,11.547757466,48.126678009,1,#66c2a5,bicycle
142458,9,1,62,0,2016,7,23,4,3,1,1,2,1,0,1,0,0,0,0,689005.7938,5332374.9496,11.539557517,48.116559524,2,#fc8d62,car
142466,9,1,62,0,2016,7,20,5,3,3,7,1,0,0,1,0,1,0,0,690291637.0,5335877.4317,11.558381109,48.147656924,2,#fc8d62,car
142473,9,7,61,0,2016,7,15,3,3,1,6,0,0,0,1,0,1,0,0,642292.2351,5360244.9728,10.921688463,48.379314136,2,#fc8d62,car
142476,9,1,62,0,2016,7,11,2,3,3,2,0,0,0,1,0,0,0,1,687378.4202,5336084.9863,11.519345232,48.150387279,2,#fc8d62,car
142480,9,1,73,147,2016,7,13,4,3,6,7,0,0,0,1,1,0,0,1,680426307.0,5308670135.0,11.414416211,47.905962415,2,#fc8d62,car
142486,9,2,61,0,2016,7,8,3,3,5,3,0,0,1,1,0,0,0,0,731831.5858,5381710935.0,12.141306029,48.545611412,1,#66c2a5,bicycle
142488,9,1,62,0,2016,7,8,2,3,0,1,0,1,1,0,0,0,0,0,696288.3619,5330457.1734,11.63642129,48.097120572,1,#66c2a5,bicycle
142490,9,2,61,0,2016,7,20,1,2,5,3,0,0,0,1,0,1,0,0,731255.6501,5382555.3591,12.13398314,48.553409286,2,#fc8d62,car
142491,9,1,62,0,2016,7,12,3,3,5,3,0,1,1,1,0,0,0,0,695683.4486,5332116.2269,11.629066169,48.112217423,1,#66c2a5,bicycle
142496,9,1,62,0,2016,7,15,4,3,3,6,0,1,0,1,0,1,0,0,691102.7524,5336128.2151,11.569387406,48.149667787,2,#fc8d62,car
142497,9,7,72,184,2016,7,19,2,3,5,3,0,1,0,1,0,1,0,0,636175.4704,5361804.3542,10.839630908,48.394685892,2,#fc8d62,car
142500,9,1,63,0,2016,7,16,5,3,0,4,0,0,1,0,1,0,0,0,733790181.0,5304781.0288,12.125438471,47.853800848,1,#66c2a5,bicycle
142503,9,1,62,0,2016,7,17,3,3,3,3,0,0,0,1,1,0,0,0,692259.4417,5334899256.0,11.584367885,48.138273595,2,#fc8d62,car
142504,9,1,62,0,2016,7,13,3,3,5,3,0,0,1,1,0,0,0,0,696360.2907,5332732.4572,11.638433494,48.117547462,1,#66c2a5,bicycle
142507,9,1,84,112,2016,7,9,4,2,8,1,0,0,0,0,0,1,0,0,701065.5507,5343315.1042,11.70658707,48.21118444,4,#e78ac3,marker
142508,9,1,74,126,2016,7,8,3,3,6,6,0,0,1,0,1,0,0,0,682297451.0,5345852377.0,11.455289896,48.239659229,1,#66c2a5,bicycle
142510,9,1,88,124,2016,7,14,5,3,6,4,0,0,0,1,1,0,0,0,662406.5903,5318626.2491,11.17722971,48.000291132,2,#fc8d62,car
142518,9,1,62,0,2016,7,18,4,3,4,2,0,0,0,1,0,0,0,0,688286.4767,5335720.7536,11.53138082,48.146845345,2,#fc8d62,car
142519,9,1,62,0,2016,7,16,2,3,2,6,0,0,0,1,0,0,0,0,689215.8983,5337382.3644,11.544602303,48.161504242,2,#fc8d62,car
142524,9,7,61,0,2016,7,7,3,3,5,3,0,0,0,1,0,0,0,0,642144244.0,5359102.02,10.919304547,48.369070585,2,#fc8d62,car
142525,9,7,71,130,2016,7,3,3,2,0,2,2,0,1,1,0,0,0,0,646401.3875,5357849.0646,10.976315599,48.356831836,1,#66c2a5,bicycle
142526,9,1,84,122,2016,7,15,2,3,5,3,0,0,1,1,0,0,0,0,687922.4331,5323940.7064,11.521306453,48.041070392,1,#66c2a5,bicycle
142530,9,7,71,111,2016,7,15,4,2,0,7,0,0,0,0,0,1,0,1,659265051.0,5358499.0139,11.150089991,48.359561716,4,#e78ac3,marker
142534,9,1,79,134,2016,7,4,2,3,8,1,2,0,0,0,0,1,0,0,667395.9651,5344429.8833,11.2541943,48.230980703,4,#e78ac3,marker
142537,9,1,62,0,2016,7,11,2,3,2,6,0,1,0,1,0,0,0,0,693105394.0,5335279259.0,11.595899468,48.141432807,2,#fc8d62,car
142540,9,1,62,0,2016,7,7,3,3,5,3,0,0,0,1,0,0,0,1,689635539.0,5333432.7248,11.548480879,48.125879684,2,#fc8d62,car
142543,9,1,78,124,2016,7,15,2,3,0,7,0,1,1,0,0,0,0,1,703162.6079,5364518.2336,11.744988963,48.401056684,1,#66c2a5,bicycle
142545,9,1,62,0,2016,7,18,4,3,5,3,0,1,0,1,0,1,0,0,691753.4723,5334461.2349,11.577376571,48.134489392,2,#fc8d62,car
142546,9,7,71,156,2016,7,19,2,2,0,7,0,0,1,0,0,0,0,0,654095.9846,5383232.7099,11.089469865,48.583212312,1,#66c2a5,bicycle
142549,9,1,87,179,2016,7,12,5,3,0,1,0,0,1,0,0,0,0,0,722704.1371,5308955723.0,11.979597797,47.895248298,1,#66c2a5,bicycle