OBJECTID,ULAND,UREGBEZ,UKREIS,UGEMEINDE,UJAHR,UMONAT,USTUNDE,UWOCHENTAG,UKATEGORIE,UART,UTYP1,ULICHTVERH,STRZUSTAND,IstRad,IstPKW,IstFuss,IstKrad,IstGkfz,IstSonstig,LINREFX,LINREFY,XGCSWGS84,YGCSWGS84,Teilnehmer,color,symbol
142552,9,1,73,147,2016,7,14,3,3,0,7,0,0,1,1,0,0,0,0,680849.3825,5309385.9307,11.420372647,47.91227778,1,#66c2a5,bicycle
142555,9,1,62,0,2016,7,9,3,3,5,2,0,0,1,0,0,0,0,0,690087.0469,5335905.7767,11.555645989,48.147972857,1,#66c2a5,bicycle
142556,9,1,62,0,2016,7,8,4,3,3,2,0,0,1,0,0,0,1,0,693686.6135,5340329.7574,11.606004263,48.18664811,1,#66c2a5,bicycle
142557,9,1,78,120,2016,7,16,3,3,0,6,0,1,0,0,0,1,0,0,692324.1784,5354773.9295,11.594255221,48.316880214,4,#e78ac3,marker
142558,9,2,61,0,2016,7,15,1,3,5,3,0,0,1,0,0,0,0,0,732861073.0,5381103.9197,12.154894311,48.539777565,1,#66c2a5,bicycle
142559,9,1,62,0,2016,7,19,4,3,0,3,0,0,0,1,0,1,0,0,687905.3553,5340211.9076,11.52824657,48.187325255,2,#fc8d62,car
142565,9,1,62,0,2016,7,17,4,3,1,5,0,0,1,1,0,0,0,0,691656.8632,5335386.4869,11.57649575,48.142834532,1,#66c2a5,bicycle
142569,9,1,78,124,2016,7,7,2,3,5,3,0,0,0,1,0,0,0,0,704770.2067,5367484.2528,11.768130964,48.427189418,2,#fc8d62,car
142572,9,7,61,0,2016,7,21,3,3,0,7,1,0,1,0,0,0,0,0,637110.4302,5360425827.0,10.851804764,48.382087754,1,#66c2a5,bicycle
142573,9,1,62,0,2016,7,8,2,3,5,3,0,0,1,0,0,0,0,0,691907.4443,5339446.1083,11.581692221,48.17924605,1,#66c2a5,bicycle
142576,9,1,88,139,2016,7,11,6,3,0,7,0,0,1,0,0,0,0,0,675130721.0,5319831428.0,11.348158946,48.007766751,1,#66c2a5,bicycle
142578,9,1,81,130,2016,7,13,7,3,0,7,0,0,1,0,0,0,0,0,639840.5939,5323477.6733,10.876473735,48.049251195,1,#66c2a5,bicycle
142579,9,1,62,0,2016,7,12,6,3,2,6,0,0,0,1,0,0,0,0,689703649.0,5336014.3771,11.550545054,48.149063412,2,#fc8d62,car
142580,9,7,78,116,2016,7,9,6,3,1,5,0,0,1,1,0,0,0,0,620607.3382,5318395.7105,10.617073525,48.007470993,1,#66c2a5,bicycle
142583,9,1,62,0,2016,7,16,5,3,6,4,0,0,0,0,1,1,0,0,690202815.0,5335433657.0,11.55698992,48.143694847,3,#8da0cb,toilet
142589,9,1,62,0,2016,7,17,7,3,5,3,0,0,0,1,0,0,0,0,690104.4047,5343127.4544,11.559109797,48.212875604,2,#fc8d62,car
142590,9,1,62,0,2016,7,17,6,2,9,7,0,0,0,1,0,0,0,0,693027.3753,5342445.0667,11.598105531,48.205860361,2,#fc8d62,car
142592,9,1,62,0,2016,7,12,6,3,6,4,0,0,0,0,1,0,0,1,689061.0507,5333349.0402,11.540731188,48.125298387,3,#8da0cb,toilet
142593,9,7,71,146,2016,7,7,6,2,0,6,0,0,0,1,0,1,0,0,646617.9201,5347523405.0,10.975648432,48.263940136,2,#fc8d62,car
142594,9,7,61,0,2016,7,7,7,3,0,7,0,0,1,0,0,0,0,0,639600.7481,5359010.5921,10.884950113,48.368816202,1,#66c2a5,bicycle
142595,9,1,62,0,2016,7,4,5,3,0,1,2,0,1,0,0,0,0,0,691141349.0,5335667737.0,11.569699046,48.145517462,1,#66c2a5,bicycle
142600,9,1,62,0,2016,7,10,7,3,3,2,0,0,1,1,0,0,0,0,694523.2466,5335152.1267,11.614880957,48.13985831,1,#66c2a5,bicycle
142606,9,1,63,0,2016,7,7,6,3,3,2,0,1,1,1,0,0,0,0,732457.3236,5304595.0172,12.107547316,47.852613096,1,#66c2a5,bicycle
142608,9,1,77,117,2016,7,13,6,3,5,3,0,0,0,1,0,0,0,0,714756.1929,5355044.4916,11.896596861,48.312092502,2,#fc8d62,car
142612,9,7,71,112,2016,7,6,6,3,0,7,0,0,1,1,0,0,0,0,646794.9974,5368745.4776,10.985436884,48.454711753,1,#66c2a5,bicycle
142618,9,1,75,132,2016,7,10,7,3,5,3,0,0,1,1,0,0,0,0,707216.0384,5331014.1525,11.783290501,48.098666487,1,#66c2a5,bicycle
142619,9,1,62,0,2016,7,21,6,3,0,7,2,0,1,1,0,0,0,0,691422.8896,5336381.7353,11.573801184,48.151850131,1,#66c2a5,bicycle
142623,9,1,62,0,2016,7,16,6,3,1,6,0,0,1,1,0,0,0,0,687273.4561,5329194.7944,11.514908939,48.088486999,1,#66c2a5,bicycle
142626,9,1,79,145,2016,7,10,6,3,2,6,0,0,1,0,0,0,0,0,676370.2727,5339030.4687,11.372695451,48.180012683,1,#66c2a5,bicycle
142628,9,1,84,142,2016,7,11,6,3,1,7,0,0,0,1,0,0,0,0,683185.0917,5316998.2451,11.454842797,47.980042125,2,#fc8d62,car
142632,9,1,62,0,2016,7,11,5,3,5,3,0,0,1,1,0,0,0,0,688300.2575,5340174681.0,11.53353805,48.186873725,1,#66c2a5,bicycle
142634,9,2,74,118,2016,7,19,5,3,0,7,0,1,1,0,0,0,0,0,737192.6874,5367393.2559,12.20570903,48.41500203,1,#66c2a5,bicycle
142635,9,1,62,0,2016,7,11,5,3,0,7,0,0,1,0,0,0,0,0,686392.8841,5337540.4814,11.506745276,48.163759304,1,#66c2a5,bicycle
142640,9,1,62,0,2016,7,21,5,3,0,5,2,0,1,1,0,0,0,0,692215.7372,5334909.9676,11.583785859,48.138383072,1,#66c2a5,bicycle
142641,9,1,62,0,2016,7,10,6,3,1,7,0,0,1,1,0,0,0,0,692950.0163,5335144.8108,11.593752045,48.14027156,1,#66c2a5,bicycle
142642,9,7,72,184,2016,7,17,6,3,5,5,0,0,1,1,0,0,0,0,635700.2351,5359924751.0,10.832607158,48.377887005,1,#66c2a5,bicycle
142643,9,7,71,113,2016,7,18,7,3,0,3,0,0,1,1,0,0,0,0,658344727.0,5369609.0599,11.14186695,48.459675414,1,#66c2a5,bicycle
142644,9,1,62,0,2016,7,19,5,3,1,7,0,0,1,1,0,0,0,0,696098.7555,5333630.6397,11.635336328,48.12570044,1,#66c2a5,bicycle
142647,9,1,62,0,2016,7,20,5,3,5,3,0,0,0,1,0,1,0,0,691728.61,5332915.38,11.576347296,48.120602928,2,#fc8d62,car
142650,9,7,77,121,2016,7,16,5,3,1,1,0,0,1,1,0,0,0,0,628970.9971,5321183.2819,10.729998949,48.030906857,1,#66c2a5,bicycle
142651,9,1,62,0,2016,7,18,7,3,5,3,0,0,1,1,0,0,0,0,690754.9904,5334138.5836,11.563825392,48.131889474,1,#66c2a5,bicycle
142656,9,1,62,0,2016,7,19,7,2,3,2,0,0,0,1,0,0,0,0,686214.1026,5334841.6248,11.503162467,48.13955343,2,#fc8d62,car
142657,9,1,62,0,2016,7,13,6,2,1,1,0,0,0,1,0,0,0,0,689016.9149,5336790643.0,11.54166619,48.156244991,2,#fc8d62,car
142659,9,1,63,0,2016,7,12,6,3,2,6,0,0,0,1,0,0,0,0,732675.0211,5304756.2127,12.11053981,47.853982537,2,#fc8d62,car
142672,9,1,86,132,2016,7,10,7,3,5,3,0,0,0,1,0,0,0,0,678356.9028,5367327.5058,11.411356526,48.433813626,2,#fc8d62,car
142674,9,1,62,0,2016,7,17,6,3,4,2,0,0,0,1,0,1,0,0,693841.9161,5331555.2935,11.604096361,48.107739035,2,#fc8d62,car
142676,9,1,62,0,2016,7,17,5,2,5,3,0,0,1,1,0,0,0,0,694101.2038,5334757.7745,11.609034041,48.136442899,1,#66c2a5,bicycle
142679,9,1,74,115,2016,7,10,6,3,1,6,0,0,1,0,0,0,1,0,680921479.0,5347704704.0,11.437566538,48.256703247,1,#66c2a5,bicycle
142682,9,1,62,0,2016,7,18,6,2,6,4,0,0,1,0,1,0,0,0,687684.5124,5329912.8822,11.520739138,48.09482051,1,#66c2a5,bicycle
142683,9,7,72,151,2016,7,12,6,3,3,2,0,0,0,0,0,1,1,0,630656.9359,5343553.3566,10.759463689,48.231732648,4,#e78ac3,marker
142684,9,1,81,128,2016,7,14,7,3,5,3,0,0,1,1,0,0,0,0,638651.0791,5327534.2621,10.861836451,48.085988895,1,#66c2a5,bicycle
142685,9,1,62,0,2016,7,13,6,3,5,3,0,0,1,1,0,0,0,0,693608.6385,5329211.3666,11.599902765,48.086743332,1,#66c2a5,bicycle
142688,9,1,62,0,2016,7,15,5,3,2,6,0,0,0,1,0,1,0,0,690978.5621,5335114.6402,11.56726476,48.140595161,2,#fc8d62,car
142690,9,2,74,126,2016,7,2,6,3,5,2,2,0,1,1,0,0,0,0,733719.3204,5382557.2039,12.16731903,48.552512758,1,#66c2a5,bicycle
142695,9,1,84,120,2016,7,15,7,3,0,1,0,0,1,0,0,0,0,0,681052.8478,5332191.9305,11.432722919,48.117225256,1,#66c2a5,bicycle
142696,9,1,84,134,2016,7,20,6,2,6,4,0,0,0,1,1,0,0,0,693922.3546,5322967.9536,11.60128078,48.030533421,2,#fc8d62,car
142698,9,1,63,0,2016,7,14,6,3,3,2,0,0,0,1,0,1,0,1,731403.7565,5304417.5814,12.093389343,47.851399104,2,#fc8d62,car
142699,9,7,72,200,2016,7,18,7,3,0,1,0,0,1,0,0,0,0,0,630870392.0,5337456.7993,10.760456463,48.176864677,1,#66c2a5,bicycle
142700,9,1,62,0,2016,7,10,5,1,3,2,0,0,0,1,0,0,0,1,685421.9954,5334891.6122,11.49254689,48.140234057,2,#fc8d62,car
142701,9,1,83,119,2016,7,10,6,3,6,4,0,0,0,1,1,0,0,0,736380588.0,5339203527.0,12.178979863,48.162084356,2,#fc8d62,car
142704,9,1,62,0,2016,7,13,7,3,0,7,0,0,1,1,0,0,0,0,693018.7697,5330842.0196,11.592727232,48.101578219,1,#66c2a5,bicycle
142708,9,1,87,122,2016,7,10,7,3,5,3,0,0,1,1,0,0,0,0,719201.3637,5306649.0562,11.931626753,47.875727469,1,#66c2a5,bicycle
142711,9,7,61,0,2016,7,21,5,3,0,1,2,0,1,0,0,0,0,0,638293.5731,5360710.9144,10.867869247,48.38439295,1,#66c2a5,bicycle
142712,9,1,62,0,2016,7,8,6,2,0,7,0,0,1,0,0,0,0,0,687643127.0,5337024.2082,11.523314845,48.158751168,1,#66c2a5,bicycle
142714,9,1,63,0,2016,7,20,7,3,0,1,0,0,0,0,0,1,0,0,733269.4502,5304621.1525,12.118401521,47.852553697,4,#e78ac3,marker
142717,9,7,61,0,2016,7,7,5,2,5,3,0,0,0,1,0,1,0,0,642863.2744,5360921.2787,10.929625854,48.385266082,2,#fc8d62,car
142718,9,7,61,0,2016,7,19,6,3,4,6,0,0,0,1,0,1,0,0,640259.2599,5359148.6265,10.893882625,48.369911369,2,#fc8d62,car
142724,9,1,74,113,2016,7,15,7,3,8,1,0,0,0,0,0,1,0,0,674494.0712,5345225993.0,11.350025191,48.236224084,4,#e78ac3,marker
142725,9,1,62,0,2016,7,19,6,3,2,6,0,0,1,0,0,0,0,0,692904.4993,5338525.9567,11.594673592,48.170674126,1,#66c2a5,bicycle
142727,9,1,62,0,2016,7,18,5,3,0,2,0,0,1,1,0,0,0,0,690638.5948,5333389.9181,11.561927696,48.125195358,1,#66c2a5,bicycle
142730,9,1,77,133,2016,7,17,6,3,4,2,0,0,0,1,0,0,0,0,709959.1583,5359403.93,11.834150125,48.352875424,2,#fc8d62,car
142732,9,1,88,118,2016,7,10,6,3,5,2,0,0,1,1,0,0,0,0,671178.6707,5312992.8528,11.292489549,47.947358528,1,#66c2a5,bicycle
142734,9,1,84,112,2016,7,18,6,3,5,3,0,0,1,1,0,0,0,0,703038.3412,5339139.9903,11.731116018,48.173036202,1,#66c2a5,bicycle
142738,9,1,62,0,2016,7,23,5,3,4,2,2,0,0,1,0,0,0,0,689051.1474,5335566.8346,11.541582467,48.14523512,2,#fc8d62,car
142744,9,1,62,0,2016,7,21,7,2,6,4,1,0,0,1,1,1,0,0,691020.5775,5335129.8597,11.567835798,48.140719341,2,#fc8d62,car
142747,9,1,62,0,2016,7,15,6,3,3,6,0,0,0,1,0,1,0,0,685141.6508,5335099.1286,11.48887225,48.142180946,2,#fc8d62,car
142748,9,7,72,163,2016,7,14,6,3,0,1,0,0,0,0,0,1,0,0,640176784.0,5348367482.0,10.889185295,48.272988059,4,#e78ac3,marker
142749,9,7,61,0,2016,7,18,7,3,3,7,0,0,0,1,0,0,0,1,641187.5302,5359196.0997,10.906425554,48.370131255,2,#fc8d62,car
142750,9,1,62,0,2016,7,14,5,3,0,5,0,0,1,1,0,0,0,0,690587914.0,5338654111.0,11.56360423,48.172524809,1,#66c2a5,bicycle
142755,9,7,61,0,2016,7,18,5,3,3,2,0,0,0,1,0,0,0,1,639656.2402,5357468.9009,10.885187192,48.354941438,2,#fc8d62,car
142756,9,1,62,0,2016,7,11,7,3,0,7,0,0,0,1,0,0,0,0,689552.1799,5333170913.0,11.547245348,48.123551322,2,#fc8d62,car
142759,9,1,87,150,2016,7,22,6,3,5,3,2,0,1,1,0,0,0,0,726140.6645,5303632.3222,12.022724742,47.846216772,1,#66c2a5,bicycle
142760,9,1,84,119,2016,7,16,6,3,5,3,0,0,1,1,0,0,0,0,696853.6633,5346499.0507,11.651432199,48.241119425,1,#66c2a5,bicycle
142762,9,1,62,0,2016,7,17,5,3,5,3,0,0,1,0,0,0,0,0,685165.7588,5332012.0641,11.487854666,48.114425884,1,#66c2a5,bicycle
142766,9,7,61,0,2016,7,6,5,3,0,1,0,0,0,0,0,1,0,0,640164.1975,5352918.7443,10.890526429,48.313915004,4,#e78ac3,marker
142772,9,1,79,142,2016,7,16,7,3,5,3,0,0,0,1,0,0,0,0,673240.0601,5341526.0177,11.331639491,48.203307434,2,#fc8d62,car
142773,9,1,62,0,2016,7,22,6,3,7,7,2,0,1,0,0,0,0,1,690835.3551,5339291.4377,11.567215234,48.178178772,1,#66c2a5,bicycle
142778,9,1,62,0,2016,7,17,6,3,5,3,0,0,1,1,0,0,0,0,697224.55,5331603.9923,11.64951165,48.107138443,1,#66c2a5,bicycle
142782,9,1,79,121,2016,7,18,6,2,0,7,0,0,0,1,0,0,1,0,666120686.0,5337503654.0,11.234324023,48.169049103,2,#fc8d62,car
142784,9,1,62,0,2016,7,8,6,3,1,3,0,0,1,1,0,0,0,0,689043.5534,5340155.8357,11.543520338,48.186483585,1,#66c2a5,bicycle
142786,9,7,73,182,2016,7,20,7,3,0,1,0,0,1,0,0,0,0,0,623181.8071,5379114.4339,10.669277219,48.553021323,1,#66c2a5,bicycle
142787,9,1,62,0,2016,7,15,5,3,2,7,0,0,1,1,0,0,0,0,686728.9177,5330217.9873,11.508051045,48.097843626,1,#66c2a5,bicycle
142790,9,1,84,130,2016,7,15,5,3,0,7,0,0,1,0,0,0,0,0,698377.4457,5345453.6362,11.671443524,48.231249363,1,#66c2a5,bicycle
142792,9,2,74,113,2016,7,9,6,2,3,7,0,0,1,1,0,0,0,0,728835246.0,5382317793.0,12.101101538,48.552162877,1,#66c2a5,bicycle
142796,9,1,62,0,2016,7,23,6,3,6,4,2,0,0,0,1,0,0,1,691748911.0,5333662025.0,11.576955674,48.127307572,3,#8da0cb,toilet
142797,9,7,61,0,2016,7,0,6,3,0,1,2,0,1,0,0,0,0,0,640913.4595,5357570.4456,10.902182422,48.355575192,1,#66c2a5,bicycle
142799,9,1,62,0,2016,7,23,5,3,0,7,2,0,1,0,0,0,0,0,696849.8651,5333970.3473,11.645576122,48.12852172,1,#66c2a5,bicycle
142800,9,1,63,0,2016,7,13,6,3,5,3,0,0,0,1,0,1,0,0,732677.5246,5304965.1373,12.110685599,47.855858639,2,#fc8d62,car
142801,9,1,63,0,2016,7,12,7,3,0,1,0,0,0,1,0,0,0,0,731433.9796,5303754.2331,12.093437998,47.845428506,2,#fc8d62,car
142809,9,1,62,0,2016,7,11,7,3,4,2,0,0,0,1,0,0,0,0,682475.2882,5335536.4973,11.453249925,48.14688264,2,#fc8d62,car
142811,9,1,63,0,2016,7,7,6,3,0,1,0,1,0,0,0,1,0,0,733172.7054,5304558.9097,12.117076648,47.852029602,4,#e78ac3,marker
142812,9,1,87,150,2016,7,17,7,3,5,3,0,0,1,0,0,0,0,1,728591751.0,5304487.4915,12.055891203,47.853033353,1,#66c2a5,bicycle
142819,9,7,61,0,2016,7,14,6,3,5,3,0,0,1,1,0,0,0,0,640243.9123,5358619027.0,10.893498909,48.365152786,1,#66c2a5,bicycle
142820,9,1,62,0,2016,7,23,7,3,3,6,2,0,1,1,0,0,0,0,691108.8961,5335857.6029,11.569348434,48.147233707,1,#66c2a5,bicycle
142824,9,1,74,118,2016,7,17,7,2,4,6,0,0,0,1,0,1,0,0,668181.1636,5356068.0885,11.269391619,48.335396847,2,#fc8d62,car
142825,9,1,62,0,2016,7,17,6,3,5,3,0,0,1,1,0,0,0,0,694449.1967,5333456.1791,11.613112623,48.12463843,1,#66c2a5,bicycle
142827,9,1,62,0,2016,7,18,5,3,0,1,0,0,1,0,0,0,0,0,694747.6167,5337163.0437,11.618813765,48.157862892,1,#66c2a5,bicycle
142830,9,1,74,126,2016,7,21,6,3,0,6,2,0,1,0,0,0,0,0,683096.3963,5343621.7547,11.465076544,48.219379111,1,#66c2a5,bicycle
142831,9,1,63,0,2016,7,16,5,3,4,7,0,0,0,1,0,1,0,0,734118.3153,5305550.5944,12.13023492,47.860595172,2,#fc8d62,car
142832,9,1,62,0,2016,8,16,4,3,0,1,0,0,1,0,0,0,0,0,689598.0167,5330026.62,11.546463218,48.09527641,1,#66c2a5,bicycle
142834,9,1,88,113,2016,8,12,4,3,0,1,0,0,1,0,0,0,0,0,676058.6164,5317266.9124,11.35953737,47.98445801,1,#66c2a5,bicycle
142835,9,1,62,0,2016,8,19,3,3,3,2,0,0,0,1,0,0,0,1,699039.8705,5333213.2983,11.674622252,48.121037003,2,#fc8d62,car
142838,9,1,62,0,2016,8,10,4,3,0,6,0,0,1,0,0,0,0,0,689608.6241,5334886.6112,11.548766563,48.138955332,1,#66c2a5,bicycle
142840,9,1,62,0,2016,8,20,2,2,2,6,1,0,1,0,1,0,0,0,693886773.0,5331332.6406,11.60459715,48.105724243,1,#66c2a5,bicycle
142841,9,7,72,163,2016,8,8,2,3,5,2,0,0,1,0,0,0,1,0,640781.6587,5350592.7406,10.898074094,48.292862962,1,#66c2a5,bicycle
142843,9,2,61,0,2016,8,15,2,3,4,2,0,0,1,1,0,0,0,0,731384577.0,5383148.72,12.136057376,48.558691799,1,#66c2a5,bicycle
142846,9,1,62,0,2016,8,8,3,3,6,7,0,0,1,0,1,0,0,0,695502.2204,5336348.7265,11.628575936,48.150312702,1,#66c2a5,bicycle
142847,9,7,72,163,2016,8,13,4,3,0,1,0,0,1,1,0,0,0,0,640090.3509,5347964.1473,10.887887436,48.269380452,1,#66c2a5,bicycle
142849,9,1,84,139,2016,8,17,3,3,5,3,0,0,0,1,0,0,0,0,687618.0294,5326167.2207,11.518202569,48.061172736,2,#fc8d62,car
142851,9,7,78,116,2016,8,9,4,3,0,1,0,0,1,0,0,0,0,0,620405.9303,5318012.8419,10.614266733,48.0040656,1,#66c2a5,bicycle
142853,9,7,78,116,2016,8,17,2,3,0,1,0,0,1,0,0,0,0,0,619026491.0,5318230779.0,10.595840716,48.006284011,1,#66c2a5,bicycle
142861,9,1,75,135,2016,8,19,5,3,4,6,0,0,0,1,0,1,0,0,706403246.0,5339066858.0,11.776287946,48.171295223,2,#fc8d62,car
142864,9,7,61,0,2016,8,10,2,2,0,7,0,0,1,0,0,0,0,0,638742357.0,5360994709.0,10.874021117,48.386846217,1,#66c2a5,bicycle
142865,9,2,74,126,2016,8,21,4,3,0,7,2,0,1,0,0,0,0,0,735484.2961,5385622153.0,12.192933439,48.579383047,1,#66c2a5,bicycle
142866,9,7,71,130,2016,8,6,2,3,5,6,0,0,1,1,0,0,0,0,647467.3673,5357167.1831,10.990457673,48.350452853,1,#66c2a5,bicycle
142873,9,1,85,158,2016,8,12,5,3,5,3,0,0,0,1,0,0,0,1,666179.3061,5380571472.0,11.252123755,48.556201031,2,#fc8d62,car
142874,9,1,62,0,2016,8,11,4,3,3,6,0,0,0,1,0,1,0,0,688949275.0,5333356553.0,11.539233931,48.125399098,2,#fc8d62,car
142877,9,1,78,124,2016,8,20,4,3,0,1,1,0,1,0,0,0,0,0,704025.6769,5363932.9658,11.756351783,48.39551872,1,#66c2a5,bicycle
142878,9,7,61,0,2016,8,10,3,3,0,7,0,0,1,0,0,0,0,0,640926.6467,5358280.5835,10.902598173,48.361957566,1,#66c2a5,bicycle
142881,9,1,79,134,2016,8,9,2,3,4,6,0,0,0,1,0,0,0,1,667059.5912,5342384.6985,11.248862343,48.212683392,2,#fc8d62,car
142884,9,1,78,145,2016,8,15,3,3,1,5,0,0,0,1,0,0,1,0,699401.8084,5354814.3005,11.689636866,48.315051052,2,#fc8d62,car
142885,9,1,62,0,2016,8,18,4,3,5,2,0,0,1,1,0,0,0,0,689646.9407,5332499.8915,11.54821897,48.117491902,1,#66c2a5,bicycle
142886,9,1,79,142,2016,8,12,2,2,2,6,0,0,0,1,0,0,0,0,670974.1859,5340932.4362,11.300929664,48.198585639,2,#fc8d62,car
142887,9,1,62,0,2016,8,9,3,3,5,3,0,0,0,1,0,0,0,1,698108.4651,5331272.3813,11.661218939,48.103883888,2,#fc8d62,car
142890,9,1,62,0,2016,8,17,4,2,2,3,0,0,1,0,0,0,0,0,692865.7376,5336584.7083,11.593272626,48.153238524,1,#66c2a5,bicycle
142892,9,1,62,0,2016,8,17,2,3,3,2,0,0,1,1,0,0,0,0,696696.3015,5337770.0523,11.645269979,48.162718524,1,#66c2a5,bicycle
142893,9,7,61,0,2016,8,15,2,3,5,2,0,0,1,1,0,0,0,0,639299.6108,5361660.4205,10.881764604,48.392709286,1,#66c2a5,bicycle
142895,9,1,62,0,2016,8,9,2,3,0,7,0,0,1,0,0,0,0,0,698542224.0,5333875.0495,11.66825082,48.127139677,1,#66c2a5,bicycle
142896,9,1,84,121,2016,8,18,2,3,5,3,0,0,1,1,0,0,0,0,703122.1034,5330673.2423,11.728204533,48.096920903,1,#66c2a5,bicycle
142897,9,7,61,0,2016,8,17,2,3,5,2,0,0,1,1,0,0,0,0,639076.3337,5363058.4331,10.879213192,48.405329098,1,#66c2a5,bicycle
142898,9,1,88,124,2016,8,19,2,2,2,6,0,0,1,0,0,0,0,0,660192.8018,5321746.6713,11.148739157,48.028904836,1,#66c2a5,bicycle
142900,9,1,62,0,2016,8,14,3,3,5,3,0,0,0,1,0,1,0,0,689155.4527,5336154.9228,11.543244613,48.150489901,2,#fc8d62,car
142902,9,7,72,184,2016,8,11,4,3,5,3,0,0,0,1,0,0,0,0,634937.9833,5361668535.0,10.822878565,48.393730631,2,#fc8d62,car
142906,9,7,72,163,2016,8,19,2,3,0,7,0,0,1,0,1,0,0,0,640046.9104,5347826.5147,10.887256769,48.268152483,1,#66c2a5,bicycle
142908,9,1,79,145,2016,8,15,2,3,1,7,0,0,1,0,0,0,0,1,674816932.0,5337892.4079,11.351348759,48.170211565,1,#66c2a5,bicycle
142914,9,1,75,135,2016,8,12,2,3,5,3,0,0,1,1,0,0,0,0,707977.5247,5339848.2457,11.797819434,48.177803771,1,#66c2a5,bicycle
142919,9,1,79,123,2016,8,21,5,3,9,7,2,0,0,1,0,0,0,0,673765.4437,5333184.2541,11.335296079,48.128176121,2,#fc8d62,car
142922,9,1,77,117,2016,8,10,2,3,5,3,0,0,1,1,0,0,0,0,714481.7274,5353546.3429,11.892138555,48.298724417,1,#66c2a5,bicycle
142926,9,1,79,123,2016,8,9,3,3,0,7,0,0,1,0,0,0,0,0,676322.3853,5333642.4054,11.369819054,48.131591433,1,#66c2a5,bicycle
142927,9,1,62,0,2016,8,18,4,3,0,4,0,0,1,0,1,0,0,0,686169.5794,5332253.3117,11.501433849,48.116301671,1,#66c2a5,bicycle
142928,9,1,62,0,2016,7,15,1,3,4,6,0,1,0,1,0,0,0,0,686099.3739,5328386.9327,11.498805738,48.081569401,2,#fc8d62,car
142930,9,1,62,0,2016,8,12,4,3,7,7,0,0,1,0,0,0,0,1,681585.3342,5339566.8523,11.44301726,48.183365136,1,#66c2a5,bicycle
142931,9,1,62,0,2016,7,19,1,3,5,7,0,0,0,1,0,0,0,0,690925115.0,5334387852.0,11.566221263,48.134078875,2,#fc8d62,car
142933,9,1,62,0,2016,7,10,1,3,5,5,0,0,0,1,0,1,0,0,687279.5512,5340065.9389,11.519770555,48.186198066,2,#fc8d62,car
142934,9,7,61,0,2016,8,7,3,1,7,7,0,0,0,0,0,1,0,0,637505.2119,5359455.8533,10.856816445,48.373279958,4,#e78ac3,marker
142936,9,2,61,0,2016,7,11,1,3,4,2,0,1,0,1,0,0,0,0,731697.8506,5381893.2781,12.139598174,48.547298764,2,#fc8d62,car
142937,9,1,62,0,2016,8,20,2,3,5,3,0,0,0,1,0,1,0,0,688921.6775,5343306.6265,11.543284529,48.214839157,2,#fc8d62,car
142938,9,1,62,0,2016,8,15,2,3,0,7,0,0,0,1,0,0,0,0,691614.5987,5330015.1246,11.573514301,48.094569964,2,#fc8d62,car
142939,9,7,61,0,2016,8,10,2,3,1,6,0,0,0,1,0,0,0,1,639282.7485,5361321.2352,10.881424468,48.389663152,2,#fc8d62,car
142940,9,1,62,0,2016,7,20,1,3,5,2,0,0,1,1,0,0,0,0,688661.0527,5335658.9772,11.536384244,48.146179114,1,#66c2a5,bicycle
142941,9,1,62,0,2016,8,17,3,3,6,4,0,0,1,0,1,0,0,0,693496.0737,5336120.6519,11.601528113,48.148876285,1,#66c2a5,bicycle
142944,9,1,62,0,2016,8,17,3,3,4,2,0,0,0,1,0,1,0,0,693620.7126,5341868.0508,11.605819927,48.200493718,2,#fc8d62,car
142947,9,1,73,137,2016,7,0,1,3,8,1,2,0,0,0,0,1,0,0,676441.0504,5304864.7067,11.359578628,47.87286123,4,#e78ac3,marker
142948,9,1,62,0,2016,8,14,2,3,2,6,0,0,1,1,0,0,0,0,682687.6887,5336227.4987,11.456399357,48.153032864,1,#66c2a5,bicycle
142949,9,1,62,0,2016,8,10,2,3,5,2,0,0,1,1,0,0,0,0,696563.0257,5332638.7813,11.641111403,48.116643011,1,#66c2a5,bicycle
142950,9,7,61,0,2016,8,17,2,3,6,4,0,0,1,0,1,0,0,0,641697.7183,5361868.2328,10.914211523,48.394043566,1,#66c2a5,bicycle
142952,9,1,62,0,2016,7,19,1,3,0,3,0,1,1,1,0,0,0,0,684429.5418,5333636.2654,11.478675275,48.129238759,1,#66c2a5,bicycle
142955,9,1,84,120,2016,8,16,3,3,5,3,0,0,1,1,0,0,0,0,681093.9798,5331716.9334,11.433073366,48.112943866,1,#66c2a5,bicycle
142956,9,7,71,130,2016,8,11,4,3,2,6,0,0,0,1,0,0,0,0,645627.4203,5357508.0336,10.965755993,48.353944492,2,#fc8d62,car
142957,9,1,85,158,2016,8,23,5,2,8,6,2,0,1,0,0,1,0,0,669991.7355,5382230.8262,11.304426029,48.570095117,1,#66c2a5,bicycle
142963,9,1,62,0,2016,7,12,1,3,1,5,0,0,0,1,0,0,0,0,690133.7975,5333693.2647,11.55528623,48.128072808,2,#fc8d62,car
142967,9,1,79,123,2016,8,10,5,3,4,6,0,0,1,0,0,0,0,0,675998078.0,5333408266.0,11.365367422,48.129576445,1,#66c2a5,bicycle
142975,9,2,74,126,2016,8,15,4,3,5,3,0,0,0,1,0,0,0,0,733147.2153,5383108.4302,12.159886914,48.557677111,2,#fc8d62,car