OBJECTID,ULAND,UREGBEZ,UKREIS,UGEMEINDE,UJAHR,UMONAT,USTUNDE,UWOCHENTAG,UKATEGORIE,UART,UTYP1,ULICHTVERH,STRZUSTAND,IstRad,IstPKW,IstFuss,IstKrad,IstGkfz,IstSonstig,LINREFX,LINREFY,XGCSWGS84,YGCSWGS84,Teilnehmer,color,symbol
142981,9,1,87,117,2016,8,21,3,3,2,7,0,0,1,1,0,0,0,0,724350973.0,5305598.0817,11.999856253,47.864506278,1,#66c2a5,bicycle
142983,9,1,62,0,2016,8,15,4,2,4,3,0,0,0,1,0,1,0,0,693596.0512,5332630.0966,11.601284755,48.117473841,2,#fc8d62,car
142985,9,1,63,0,2016,8,20,4,3,5,3,1,0,0,1,0,1,0,0,733289.4108,5304633.2002,12.118674446,47.85265469,2,#fc8d62,car
142986,9,1,74,126,2016,8,23,4,3,0,1,2,0,1,0,0,0,0,0,683727.7046,5346560.0329,11.474841814,48.245607119,1,#66c2a5,bicycle
142987,9,7,61,0,2016,8,10,3,3,0,7,0,0,1,0,0,0,0,0,640929345.0,5358280814.0,10.902634658,48.361959036,1,#66c2a5,bicycle
142990,9,1,62,0,2016,8,9,2,3,0,7,0,0,1,0,0,0,0,1,690877744.0,5334027.0577,11.565423575,48.130850284,1,#66c2a5,bicycle
142991,9,1,84,119,2016,8,15,2,2,6,6,0,0,1,0,1,0,0,0,696166.4621,5347507.7151,11.642653768,48.250397492,1,#66c2a5,bicycle
142992,9,1,74,115,2016,8,9,3,3,2,6,0,0,0,1,0,0,0,0,681988.7185,5348771.5279,11.452390796,48.265986828,2,#fc8d62,car
142993,9,1,62,0,2016,8,19,4,3,5,3,0,0,1,0,0,1,0,0,697733.22,5336792349.0,11.658745065,48.153610042,1,#66c2a5,bicycle
142994,9,7,61,0,2016,7,14,1,3,2,6,0,1,0,1,0,0,0,0,637682.2858,5359434.7907,10.859199376,48.373051958,2,#fc8d62,car
142995,9,1,62,0,2016,8,23,3,2,0,6,2,1,1,0,0,0,0,0,690140.9762,5335108.0857,11.556014077,48.140787096,1,#66c2a5,bicycle
142998,9,1,62,0,2016,8,12,4,3,3,6,0,0,0,1,0,0,0,0,690142.8409,5334911.8615,11.555951511,48.139022875,2,#fc8d62,car
143000,9,1,62,0,2016,8,18,2,3,4,2,0,0,1,1,0,0,0,0,696999.7072,5335246.5108,11.648177814,48.139944703,1,#66c2a5,bicycle
143001,9,7,61,0,2016,8,8,2,3,1,5,0,0,0,1,0,0,0,0,642280.4955,5360716.7502,10.921689734,48.38355878,2,#fc8d62,car
143003,9,7,61,0,2016,7,9,1,3,5,3,0,1,0,1,0,0,0,0,638368383.0,5358569439.0,10.868174288,48.36512081,2,#fc8d62,car
143006,9,7,61,0,2016,8,11,2,3,0,1,0,0,1,0,0,0,0,1,641278.5897,5358887.5397,10.907550745,48.367336425,1,#66c2a5,bicycle
143009,9,1,62,0,2016,8,14,3,3,5,3,0,0,0,1,0,0,0,0,696271.8527,5331313.7172,11.636593689,48.104823838,2,#fc8d62,car
143012,9,1,79,142,2016,7,0,1,3,0,1,2,0,1,0,0,0,0,0,673192.4302,5341475.1952,11.330978251,48.202863564,1,#66c2a5,bicycle
143020,9,1,63,0,2016,8,21,5,3,5,3,0,0,1,1,0,0,0,0,732444.6027,5304528.8336,12.107341962,47.852023092,1,#66c2a5,bicycle
143022,9,1,62,0,2016,8,10,4,3,0,5,0,0,1,0,0,0,0,1,692073.7761,5336575.2278,11.582630879,48.15339298,1,#66c2a5,bicycle
143023,9,1,62,0,2016,8,21,3,3,1,5,2,1,1,1,0,0,0,0,691342.5554,5334086.3731,11.571690823,48.131243846,1,#66c2a5,bicycle
143025,9,1,79,126,2016,8,21,5,3,8,1,1,0,1,0,0,0,0,0,677589.5827,5340939.7336,11.389882253,48.196835553,1,#66c2a5,bicycle
143026,9,1,79,126,2016,7,19,1,3,4,6,0,1,1,0,0,0,0,0,677471.5826,5340147.8868,11.387964775,48.189750585,1,#66c2a5,bicycle
143027,9,1,73,120,2016,8,11,4,2,8,1,0,0,1,0,0,0,0,0,683801.2321,5312852.1358,11.461319672,47.942596342,1,#66c2a5,bicycle
143034,9,1,62,0,2016,8,16,4,3,5,2,0,0,0,1,0,0,0,0,681988.71,5336909.9976,11.447301782,48.159368055,2,#fc8d62,car
143037,9,1,77,143,2016,8,18,4,2,0,1,0,0,1,0,0,0,0,0,720831.3465,5365306.0821,11.983807515,48.402195442,1,#66c2a5,bicycle
143042,9,7,72,163,2016,8,11,3,3,5,3,0,0,1,1,0,0,0,0,639246.9925,5345824.9619,10.8758244,48.250330987,1,#66c2a5,bicycle
143044,9,1,62,0,2016,8,8,2,3,5,3,0,0,1,1,0,0,0,0,689753.1651,5334562266.0,11.550563031,48.135997017,1,#66c2a5,bicycle
143045,9,1,62,0,2016,8,13,2,3,5,3,0,0,1,1,0,0,0,0,691931.0171,5336080.8888,11.580490442,48.14899305,1,#66c2a5,bicycle
143046,9,1,62,0,2016,8,8,4,3,5,3,0,0,1,1,0,0,0,0,688648.3916,5331584.1913,11.534410436,48.10955801,1,#66c2a5,bicycle
143048,9,1,62,0,2016,8,9,3,3,5,2,0,0,1,0,0,1,0,0,691280.6196,5332877.7484,11.570316844,48.120399436,1,#66c2a5,bicycle
143051,9,1,77,117,2016,7,3,1,3,5,3,2,0,0,1,0,0,0,0,714466.2509,5354166.22,11.892245034,48.304299406,2,#fc8d62,car
143052,9,7,61,0,2016,8,6,3,3,5,3,0,0,0,1,0,0,0,0,640538685.0,5358048.1056,10.89728578,48.359953685,2,#fc8d62,car
143054,9,1,62,0,2016,7,23,7,3,4,2,2,0,1,1,0,0,0,0,693240.0092,5333323.2919,11.596820033,48.123812246,1,#66c2a5,bicycle
143055,9,1,84,145,2016,8,12,2,3,0,3,0,0,1,0,0,0,0,0,694891.36,5324638208.0,11.615025145,48.045250324,1,#66c2a5,bicycle
143056,9,1,62,0,2016,8,18,2,3,0,7,0,0,0,0,0,0,0,1,698958.2482,5333759.2174,11.673781478,48.125968789,6,#ffd92f,circle
143060,9,1,62,0,2016,8,9,3,3,4,2,0,0,1,1,0,0,0,0,690046.1648,5332926.3621,11.553767777,48.121206023,1,#66c2a5,bicycle
143062,9,7,71,145,2016,8,22,4,2,9,1,2,0,1,0,0,0,0,0,647373.3339,5346343948.0,10.985410322,48.253159911,1,#66c2a5,bicycle
143063,9,1,62,0,2016,7,16,7,3,0,7,0,0,1,0,0,0,0,0,691198.0495,5334052.9945,11.569735677,48.130987267,1,#66c2a5,bicycle
143069,9,1,62,0,2016,8,15,2,3,1,5,0,0,0,1,0,0,0,1,691821.2467,5334821.7949,11.578448939,48.137709629,2,#fc8d62,car
143075,9,1,79,123,2016,8,20,5,3,4,6,0,0,1,0,0,0,0,0,675834.7215,5332930.6703,11.362976834,48.12532833,1,#66c2a5,bicycle
143082,9,1,74,115,2016,8,17,3,2,6,4,0,0,0,1,1,0,0,0,683334.8275,5348453.69,11.470375095,48.26274184,2,#fc8d62,car
143086,9,1,87,137,2016,8,19,5,2,8,1,0,0,0,0,0,1,0,0,730575893.0,5308612.8935,12.084577118,47.889388727,4,#e78ac3,marker
143087,9,1,62,0,2016,8,3,4,3,6,4,2,0,0,1,1,0,0,0,692069.8897,5334508.3662,11.581646343,48.134817587,2,#fc8d62,car
143088,9,1,63,0,2016,8,11,4,3,0,1,0,0,1,0,0,0,0,0,731623.14,5304396.7702,12.09630648,47.85113312,1,#66c2a5,bicycle
143089,9,1,81,130,2016,8,20,4,3,2,6,1,0,0,1,0,0,0,0,638820.3412,5323226.4598,10.862709346,48.047214925,2,#fc8d62,car
143090,9,7,61,0,2016,8,19,3,3,4,2,0,0,1,1,0,0,0,0,639232155.0,5357063.5037,10.879331668,48.351389843,1,#66c2a5,bicycle
143092,9,1,62,0,2016,7,0,7,3,5,3,2,0,0,1,0,0,0,0,690564.0605,5335327.9992,11.561794005,48.142637099,2,#fc8d62,car
143093,9,1,62,0,2016,8,16,2,3,6,7,0,0,1,0,0,0,0,1,696878.2113,5331808.4539,11.644958438,48.109083155,1,#66c2a5,bicycle
143094,9,1,84,136,2016,8,9,2,2,5,3,0,0,1,1,0,0,0,0,697678.2513,5326805.9927,11.653379517,48.063876345,1,#66c2a5,bicycle
143095,9,1,62,0,2016,8,11,1,3,5,3,0,0,0,1,0,0,0,0,694957.6559,5336700952.0,11.621423433,48.153645478,2,#fc8d62,car
143100,9,1,62,0,2016,8,14,5,3,2,6,0,0,0,1,0,0,0,0,693717.3212,5332471.8553,11.602840591,48.116014735,2,#fc8d62,car
143105,9,1,90,157,2016,8,18,2,3,4,1,0,0,0,1,0,1,0,0,660984.9368,5302153.9571,11.152029822,47.852549446,2,#fc8d62,car
143109,9,1,78,124,2016,8,18,2,2,6,4,0,0,0,1,1,0,0,0,703049.7709,5364626.4673,11.743518551,48.402065642,2,#fc8d62,car
143110,9,1,79,126,2016,8,14,6,3,6,4,0,1,0,1,1,0,0,0,677375.8851,5339711.0995,11.386495881,48.185851001,2,#fc8d62,car
143111,9,1,87,137,2016,8,11,1,3,0,7,0,0,0,1,1,0,0,0,730173.0862,5308765.1912,12.079277731,47.890901572,2,#fc8d62,car
143112,9,1,62,0,2016,8,7,5,3,3,2,0,0,0,1,0,1,0,0,689622.5847,5343210759.0,11.552667658,48.213768474,2,#fc8d62,car
143115,9,1,63,0,2016,8,17,2,3,5,3,0,0,1,0,0,1,0,0,734197574.0,5304464922.0,12.130705225,47.850812649,1,#66c2a5,bicycle
143118,9,1,79,142,2016,8,11,7,3,0,2,0,0,0,1,0,1,0,0,673177318.0,5340985.9909,11.330575439,48.198470024,2,#fc8d62,car
143119,9,7,61,0,2016,8,17,7,3,5,3,0,0,1,1,0,0,0,0,641795.3979,5361459.1471,10.915392213,48.390343301,1,#66c2a5,bicycle
143120,9,1,62,0,2016,8,15,5,3,5,2,0,0,0,1,0,1,0,0,692654.8754,5338021.9325,11.591091222,48.166219811,2,#fc8d62,car
143121,9,1,84,130,2016,8,16,1,3,0,1,0,0,1,0,0,0,0,0,698954.8931,5344161.0405,11.678604247,48.219451961,1,#66c2a5,bicycle
143129,9,7,62,0,2016,8,15,6,2,0,2,0,1,1,0,0,0,0,0,622061.7215,5307514.7875,10.633476947,47.909336388,1,#66c2a5,bicycle
143130,9,1,78,124,2016,8,11,1,3,2,6,0,0,0,1,0,1,0,0,702553.0731,5364551.5045,11.7367792,48.401551761,2,#fc8d62,car
143131,9,1,81,130,2016,8,11,7,3,1,6,0,0,1,0,0,0,0,0,639842.8272,5323649.1861,10.876559736,48.050792997,1,#66c2a5,bicycle
143133,9,1,62,0,2016,8,17,5,3,4,2,0,0,1,1,0,0,0,0,691377.6739,5338073.7562,11.573955003,48.167071368,1,#66c2a5,bicycle
143134,9,1,62,0,2016,8,5,1,3,6,4,1,0,0,1,1,0,0,0,689195.3123,5335509.1611,11.543492996,48.144673889,2,#fc8d62,car
143139,9,1,62,0,2016,8,17,5,3,5,2,0,0,0,1,0,1,0,0,687453.2443,5336060.7109,11.520339559,48.150147039,2,#fc8d62,car
143141,9,1,78,145,2016,8,16,2,3,5,1,0,0,0,1,0,0,0,0,697585.7883,5354739.0889,11.665133867,48.314945098,2,#fc8d62,car
143144,9,1,62,0,2016,8,5,7,3,5,3,0,0,0,1,0,0,0,0,688231.8893,5330222.6249,11.528219971,48.097443123,2,#fc8d62,car
143149,9,1,63,0,2016,8,10,6,3,6,7,0,1,1,0,1,0,0,0,734110.9456,5304788.1581,12.129723881,47.85374815,1,#66c2a5,bicycle
143151,9,1,62,0,2016,8,11,5,3,2,6,0,0,0,1,0,0,0,0,686211.2242,5334273.8003,11.502875579,48.134450452,2,#fc8d62,car
143152,9,7,72,163,2016,8,23,7,3,0,1,2,0,1,0,0,0,0,0,640475655.0,5346548882.0,10.892606918,48.256569245,1,#66c2a5,bicycle
143159,9,2,61,0,2016,8,23,7,3,4,2,2,0,0,1,0,0,0,1,731660.7575,5382219.8412,12.139277955,48.550245915,2,#fc8d62,car
143160,9,7,72,177,2016,8,9,5,3,0,7,0,0,1,0,0,0,0,0,636794111.0,5378176.9838,10.853338531,48.541770623,1,#66c2a5,bicycle
143161,9,7,61,0,2016,8,19,6,3,1,5,0,0,1,1,0,0,0,0,638885475.0,5360321.1252,10.875730528,48.380758019,1,#66c2a5,bicycle
143162,9,1,81,139,2016,8,19,6,2,0,7,0,1,1,0,0,0,0,0,655716.1035,5324187.4831,11.089620811,48.051957617,1,#66c2a5,bicycle
143164,9,1,62,0,2016,8,12,5,2,5,2,0,0,1,0,0,0,0,1,689226.9125,5330916.9013,11.541878752,48.103388705,1,#66c2a5,bicycle
143169,9,1,63,0,2016,8,9,2,3,0,1,0,0,1,0,0,0,0,0,734423.7552,5304834.2035,12.133924178,47.854047814,1,#66c2a5,bicycle
143170,9,7,71,130,2016,8,16,5,3,5,6,0,0,0,1,0,1,0,0,646824.7913,5364419.1338,10.984323667,48.415806227,2,#fc8d62,car
143171,9,7,72,131,2016,8,10,6,3,5,3,0,1,0,1,0,0,0,0,616641.7659,5356193.4935,10.574300692,48.348142475,2,#fc8d62,car
143172,9,1,81,130,2016,8,11,7,3,0,7,0,0,1,0,0,0,0,0,639782.4065,5324197279.0,10.875928467,48.055734836,1,#66c2a5,bicycle
143174,9,1,62,0,2016,8,16,5,3,3,6,0,0,0,1,0,1,0,0,692797.8457,5335299.1583,11.591778522,48.141704922,2,#fc8d62,car
143176,9,7,72,163,2016,8,19,5,3,0,1,0,0,1,0,0,0,0,0,640627.5022,5346953.5962,10.894786091,48.260174694,1,#66c2a5,bicycle
143177,9,7,72,171,2016,8,20,6,3,8,1,1,1,0,1,0,0,0,0,637859474.0,5370678755.0,10.865287718,48.474116273,2,#fc8d62,car
143178,9,1,79,126,2016,8,15,7,2,0,1,0,0,1,0,0,0,0,0,676111.9332,5340178.6916,11.369699119,48.190405938,1,#66c2a5,bicycle
143179,9,1,75,128,2016,8,12,2,3,0,1,0,0,1,0,0,0,0,0,712725.3673,5324309.5323,11.853861404,48.036604258,1,#66c2a5,bicycle
143180,9,7,71,130,2016,8,19,1,2,3,6,0,0,1,1,0,0,0,0,644131.8602,5363407.56,10.947603531,48.407332555,1,#66c2a5,bicycle
143182,9,7,61,0,2016,8,19,5,3,5,3,0,0,1,1,0,0,0,0,641761.9809,5362480.8465,10.915285972,48.399537458,1,#66c2a5,bicycle
143183,9,7,72,147,2016,8,15,6,3,2,6,0,1,0,1,0,0,0,0,639019.1234,5364392.7925,10.87888272,48.417339875,2,#fc8d62,car
143184,9,1,77,123,2016,8,10,1,3,5,3,0,0,0,1,0,0,0,0,727100.9561,5344398.54,12.057147087,48.212138735,2,#fc8d62,car
143185,9,1,74,115,2016,8,14,7,3,0,2,0,0,0,1,0,1,0,0,681963.3168,5346432.9589,11.451043311,48.244973803,2,#fc8d62,car
143188,9,1,62,0,2016,8,17,1,3,5,3,0,0,1,1,0,0,0,0,698511338.0,5332440427.0,11.667168226,48.114256019,1,#66c2a5,bicycle
143189,9,7,61,0,2016,8,7,5,3,2,6,0,0,0,1,0,0,0,0,640104.5425,5359042.9896,10.891759509,48.368995879,2,#fc8d62,car
143190,9,1,62,0,2016,8,18,1,3,0,7,0,0,0,1,0,1,0,0,699689.8937,5335416.3096,11.684379497,48.140632162,2,#fc8d62,car
143195,9,1,62,0,2016,8,1,7,3,6,7,2,1,0,1,1,0,0,0,687704.3476,5331201.5902,11.521572042,48.106397972,2,#fc8d62,car
143204,9,1,62,0,2016,8,16,5,3,5,3,0,0,0,1,0,0,0,0,682550.7916,5335429.0723,11.454217985,48.145895367,2,#fc8d62,car
143208,9,1,62,0,2016,8,15,5,3,3,7,0,0,1,1,0,0,0,0,692342.7567,5334453.4679,11.585285342,48.134241762,1,#66c2a5,bicycle
143214,9,1,73,147,2016,8,15,2,3,2,6,0,0,0,1,0,1,0,0,681212.1577,5309608.2573,11.425316744,47.914173932,2,#fc8d62,car
143216,9,7,61,0,2016,8,18,6,3,5,3,0,0,1,1,0,0,0,0,638482.2479,5359353.3892,10.869968926,48.372144972,1,#66c2a5,bicycle
143217,9,1,78,143,2016,8,22,7,3,5,3,2,0,0,1,0,0,0,0,717263.3855,5372216.8208,11.939246952,48.465525608,2,#fc8d62,car
143218,9,1,62,0,2016,8,19,5,3,6,4,0,0,1,0,1,0,0,0,690342.9504,5334937.6546,11.558650183,48.139194876,1,#66c2a5,bicycle
143219,9,1,78,124,2016,8,16,2,3,0,1,0,0,1,0,0,0,0,0,702364.3079,5363438.6862,11.733695531,48.391612241,1,#66c2a5,bicycle
143221,9,2,61,0,2016,8,15,5,3,4,2,0,0,1,1,0,0,0,0,732909626.0,5381909.3555,12.156001317,48.546994514,1,#66c2a5,bicycle
143225,9,1,62,0,2016,8,13,6,3,0,3,0,1,0,1,0,0,0,0,688987.9153,5341977.1496,11.543583138,48.202870123,2,#fc8d62,car
143226,9,1,62,0,2016,8,11,5,3,3,5,0,0,0,1,0,0,0,0,692006.6567,5334482.8679,11.580785818,48.134607492,2,#fc8d62,car
143227,9,1,62,0,2016,8,11,1,3,0,3,0,0,1,1,0,0,0,0,697993.0813,5329392.2086,11.658798756,48.087022013,1,#66c2a5,bicycle
143229,9,7,61,0,2016,8,7,1,3,5,3,0,0,0,1,0,0,0,1,640552.5317,5359222.1208,10.897864903,48.370506962,2,#fc8d62,car
143230,9,1,74,115,2016,8,7,2,2,5,3,0,0,1,1,0,0,0,0,683719.1329,5348073.4726,11.475383359,48.259212983,1,#66c2a5,bicycle
143232,9,7,61,0,2016,8,12,6,3,5,3,0,1,0,1,0,0,0,0,637193.0587,5362029103.0,10.853443754,48.396486229,2,#fc8d62,car
143234,9,1,62,0,2016,8,18,7,2,0,7,0,0,1,0,0,0,0,0,693220.0355,5334730.3484,11.597189924,48.136464553,1,#66c2a5,bicycle
143239,9,1,77,133,2016,8,15,1,3,0,7,0,0,1,0,0,0,0,0,706739.9672,5360027.6183,11.791055977,48.359541756,1,#66c2a5,bicycle
143240,9,1,62,0,2016,8,18,6,2,6,2,0,0,0,1,1,0,0,0,694528.2845,5334835.7439,11.614804109,48.137013252,2,#fc8d62,car
143243,9,1,84,121,2016,8,14,1,2,0,1,0,0,1,0,0,0,0,0,706077186.0,5330788.3,11.767903158,48.097006165,1,#66c2a5,bicycle
143247,9,1,62,0,2016,8,20,7,3,0,1,1,0,1,0,0,0,0,0,690440.5445,5330195.4018,11.557842713,48.096542219,1,#66c2a5,bicycle
143248,9,2,61,0,2016,8,17,5,3,8,1,0,0,1,0,0,0,0,0,733683672.0,5381459915.0,12.166221147,48.542669562,1,#66c2a5,bicycle
143253,9,1,62,0,2016,8,15,1,3,0,7,0,0,1,0,0,0,0,0,691934.3921,5336076.5641,11.580533821,48.148953162,1,#66c2a5,bicycle
143257,9,1,62,0,2016,8,11,5,3,5,2,0,0,0,1,0,0,0,0,695882.2352,5329757.9896,11.630651646,48.090961592,2,#fc8d62,car
143258,9,7,71,130,2016,8,20,7,3,4,6,0,0,0,1,0,0,0,0,646680979.0,5356840066.0,10.979735943,48.347694785,2,#fc8d62,car
143259,9,2,61,0,2016,8,17,5,3,1,7,0,0,0,1,0,1,0,0,731853.9519,5379696.3404,12.140487996,48.527506426,2,#fc8d62,car
143265,9,1,62,0,2016,8,17,6,3,9,6,0,1,0,1,0,0,0,1,688267901.0,5333772715.0,11.530270266,48.129341514,2,#fc8d62,car
143266,9,1,63,0,2016,8,14,7,3,0,7,0,0,0,1,0,1,0,0,731143.1292,5304358.2452,12.089878838,47.850959776,2,#fc8d62,car
143268,9,1,62,0,2016,8,0,6,3,6,7,2,0,0,1,1,0,0,0,687564.4563,5333936.5839,11.520897797,48.131022082,2,#fc8d62,car
143269,9,1,88,121,2016,8,17,6,3,2,6,0,1,0,1,0,0,0,0,670797.0573,5330141.7375,11.294217764,48.10162799,2,#fc8d62,car
143270,9,1,87,117,2016,8,15,1,3,0,1,0,0,1,0,0,0,0,0,724850.9962,5305262.7183,12.006358297,47.861318247,1,#66c2a5,bicycle
143271,9,1,62,0,2016,8,11,5,3,6,2,0,0,0,1,1,0,0,1,686540748.0,5336342399.0,11.508206581,48.152947205,2,#fc8d62,car
143272,9,2,74,126,2016,8,6,5,3,0,7,0,0,1,1,0,0,0,0,733291.9898,5385293523.0,12.163071019,48.577251041,1,#66c2a5,bicycle
143275,9,1,63,0,2016,8,13,2,3,0,7,0,0,1,0,0,0,0,0,733725.2241,5303343.7052,12.123795192,47.840911503,1,#66c2a5,bicycle
143278,9,1,62,0,2016,8,13,6,3,6,4,0,1,0,0,1,0,0,1,691304.6502,5342919.3763,11.575156303,48.210644813,3,#8da0cb,toilet
143279,9,7,71,165,2016,8,15,7,3,0,7,0,0,1,0,0,0,1,0,660182.7533,5360466.2174,11.163219124,48.377015099,1,#66c2a5,bicycle
143281,9,1,62,0,2016,8,9,1,3,3,6,0,0,0,1,0,1,0,0,686237.6617,5332277.4301,11.502358253,48.11649855,2,#fc8d62,car
143282,9,1,77,117,2016,8,17,2,3,4,2,0,0,1,1,0,0,0,0,716057.2029,5354365.5437,11.913773567,48.305549075,1,#66c2a5,bicycle
143284,9,7,72,171,2016,8,5,1,3,5,3,0,0,0,0,0,1,0,1,638226.6275,5369503.4231,10.86986425,48.463467499,4,#e78ac3,marker
143288,9,1,77,126,2016,8,3,1,3,0,7,2,0,0,1,1,0,0,0,720166.9982,5368381.0343,11.976457271,48.430054314,2,#fc8d62,car
143289,9,1,62,0,2016,8,21,6,2,0,7,2,1,1,0,0,0,0,0,684387.2425,5332272.8528,11.47751758,48.116995883,1,#66c2a5,bicycle
143292,9,1,62,0,2016,8,21,1,2,6,4,2,0,0,0,1,1,0,0,699000.6039,5332108242.0,11.673579533,48.111117918,3,#8da0cb,toilet
143295,9,2,61,0,2016,8,16,6,3,2,6,0,1,0,1,0,0,0,0,731687228.0,5381927.3,12.139473382,48.547608299,2,#fc8d62,car
143298,9,1,78,145,2016,8,11,2,3,1,6,0,0,1,0,0,0,0,1,697319.92,5355128.9576,11.661734108,48.318531842,1,#66c2a5,bicycle
143301,9,1,62,0,2016,8,19,7,2,5,2,0,0,0,1,0,1,0,0,690564.0605,5335327.9992,11.561794005,48.142637099,2,#fc8d62,car
143303,9,2,74,132,2016,8,20,2,3,0,1,1,0,1,0,0,0,0,0,723089.1967,5386294.2284,12.025479834,48.589956071,1,#66c2a5,bicycle
143308,9,1,63,0,2016,8,17,1,3,6,7,0,0,0,1,1,0,0,0,733013.6315,5304778.9603,12.115071897,47.854064243,2,#fc8d62,car
143309,9,1,62,0,2016,8,15,5,3,5,3,0,0,0,1,0,1,0,0,690728848.0,5340286.0663,11.566230408,48.187150338,2,#fc8d62,car
143312,9,1,84,148,2016,8,16,5,3,1,6,0,0,0,1,0,1,0,0,694739.2202,5326694.1518,11.613921671,48.06377502,2,#fc8d62,car
143313,9,7,62,0,2016,8,21,7,3,5,3,2,0,0,1,0,0,0,0,621161.0727,5303659.6803,10.620346876,47.874835295,2,#fc8d62,car
143320,9,1,81,120,2016,8,9,6,3,9,1,0,1,0,1,0,0,0,0,650248.8527,5320525.8018,11.01501666,48.020344007,2,#fc8d62,car
143321,9,1,88,120,2016,8,15,1,3,0,7,0,0,1,0,0,0,0,1,676856.4154,5325169.3306,11.373480357,48.055276252,1,#66c2a5,bicycle
143322,9,1,62,0,2016,8,20,5,3,3,2,1,0,1,1,0,0,0,0,692658.7579,5333414.8226,11.589058648,48.124811061,1,#66c2a5,bicycle
143333,9,1,84,129,2016,8,8,6,2,5,3,0,1,0,1,0,0,0,1,699372.4279,5325886.5138,11.675665836,48.055085578,2,#fc8d62,car
143334,9,1,62,0,2016,8,14,1,3,3,7,0,0,0,0,0,1,0,1,692289.2963,5335021.8796,11.584824131,48.139366691,4,#e78ac3,marker
143335,9,7,72,163,2016,8,10,1,3,0,1,0,0,1,0,0,0,0,0,639639.2764,5347787.1628,10.881753625,48.267888636,1,#66c2a5,bicycle
143336,9,1,74,131,2016,8,16,2,3,5,3,0,0,1,1,0,0,0,0,675838.3618,5355774.6127,11.372503266,48.330674658,1,#66c2a5,bicycle
143339,9,1,62,0,2016,8,2,7,3,6,4,2,0,0,1,1,0,0,0,691109.2105,5335221.7804,11.569067275,48.141518901,2,#fc8d62,car
143340,9,1,62,0,2016,8,16,6,3,2,6,0,1,0,1,0,0,0,0,690265.0625,5334943.0588,11.557606686,48.139266742,2,#fc8d62,car
143343,9,1,88,127,2016,8,16,1,3,0,7,0,0,1,0,0,0,0,0,673538.9033,5329067902.0,11.330579498,48.091233741,1,#66c2a5,bicycle
143347,9,1,62,0,2016,8,13,1,3,5,3,0,0,0,1,0,0,0,0,684481.3106,5332973.6178,11.479083527,48.123267512,2,#fc8d62,car
143349,9,2,74,121,2016,8,18,1,3,0,7,0,0,1,0,0,0,0,0,724226.3642,5370533.6448,12.032408822,48.44796136,1,#66c2a5,bicycle
143350,9,1,62,0,2016,8,18,7,3,1,2,0,0,1,1,0,0,0,0,683080.0443,5335518.3048,11.461364846,48.146545353,1,#66c2a5,bicycle
143353,9,1,62,0,2016,8,17,5,2,4,2,0,0,1,0,0,0,0,1,690911095.0,5335648784.0,11.566598243,48.145416252,1,#66c2a5,bicycle
143355,9,1,62,0,2016,8,20,2,3,0,6,1,0,1,1,0,0,0,0,687529.7339,5333877.9464,11.520405784,48.130505263,1,#66c2a5,bicycle
143361,9,1,62,0,2016,8,17,4,3,4,6,0,1,0,1,0,1,0,0,697888.5541,5333710.3234,11.65939936,48.125862767,2,#fc8d62,car
143363,9,1,62,0,2016,8,21,2,3,0,1,2,0,1,0,0,0,0,0,690210.1307,5333750.2201,11.556336465,48.12856192,1,#66c2a5,bicycle
143364,9,2,61,0,2016,8,7,4,3,5,2,0,0,0,1,0,1,0,0,732102.2884,5381780.2269,12.145006886,48.546133766,2,#fc8d62,car
143366,9,1,62,0,2016,8,16,3,3,2,6,0,0,0,0,0,1,0,0,683375.4275,5335515461.0,11.465331002,48.146434712,4,#e78ac3,marker
143369,9,1,62,0,2016,8,9,3,3,1,5,0,1,1,1,0,0,0,0,689434.7786,5333476.4203,11.545805077,48.126332195,1,#66c2a5,bicycle
143373,9,1,62,0,2016,8,10,4,3,5,3,0,0,0,1,0,1,0,0,689820.2323,5333430203.0,11.550959268,48.125801974,2,#fc8d62,car
143374,9,1,62,0,2016,8,13,2,3,5,3,0,0,1,1,0,0,0,0,690061.5361,5336424.5147,11.555534989,48.152642892,1,#66c2a5,bicycle
143376,9,1,63,0,2016,8,12,5,3,0,7,0,0,1,1,0,0,0,0,733420.3364,5304707.1105,12.120461887,47.853271175,1,#66c2a5,bicycle
143380,9,1,63,0,2016,8,18,6,3,5,3,0,0,1,1,0,0,0,0,733183.2427,5304566.2794,12.117221268,47.85209199,1,#66c2a5,bicycle
143382,9,1,62,0,2016,8,10,2,3,0,1,0,0,1,0,0,0,0,0,687295.4254,5334454.5114,11.517513292,48.135756583,1,#66c2a5,bicycle
143383,9,7,72,147,2016,8,15,5,3,2,6,0,0,1,1,0,0,0,0,639138.5905,5364409.2514,10.880501907,48.417461498,1,#66c2a5,bicycle
143384,9,1,62,0,2016,8,21,4,3,5,3,2,1,1,1,0,0,0,0,692212.0093,5338850.5959,11.585515845,48.173801686,1,#66c2a5,bicycle
143386,9,1,62,0,2016,8,10,5,3,5,3,0,0,0,1,0,0,0,0,690998.1046,5336437.6548,11.568120735,48.152480432,2,#fc8d62,car
143388,9,1,62,0,2016,8,18,2,2,5,3,0,0,0,1,0,0,0,0,690202815.0,5335433657.0,11.55698992,48.143694847,2,#fc8d62,car