OBJECTID,ULAND,UREGBEZ,UKREIS,UGEMEINDE,UJAHR,UMONAT,USTUNDE,UWOCHENTAG,UKATEGORIE,UART,UTYP1,ULICHTVERH,STRZUSTAND,IstRad,IstPKW,IstFuss,IstKrad,IstGkfz,IstSonstig,LINREFX,LINREFY,XGCSWGS84,YGCSWGS84,Teilnehmer,color,symbol
143390,9,1,87,117,2016,8,14,5,3,3,6,0,0,1,1,0,0,0,0,725421.1772,5305104.2453,12.013888375,47.85969461,1,#66c2a5,bicycle
143394,9,1,77,115,2016,8,12,6,3,5,3,0,1,0,1,0,0,0,0,733904.8412,5351669.4935,12.152612027,48.274984587,2,#fc8d62,car
143396,9,1,62,0,2016,8,8,2,3,2,6,0,0,0,1,0,1,0,0,691084.1047,5340794.4436,11.571234058,48.19161278,2,#fc8d62,car
143401,9,1,62,0,2016,8,8,2,3,5,3,0,0,1,1,0,0,0,0,687734.1485,5332390.8516,11.522495412,48.117078609,1,#66c2a5,bicycle
143405,9,7,72,184,2016,8,18,3,2,6,4,0,0,0,1,1,0,0,0,636276.5057,5360911.7189,10.840705484,48.386637556,2,#fc8d62,car
143406,9,1,62,0,2016,8,18,5,2,6,3,0,0,0,1,1,0,0,0,690103.7139,5338192.2503,11.556891472,48.168518639,2,#fc8d62,car
143408,9,1,62,0,2016,8,17,2,3,5,3,0,0,1,1,0,0,0,0,686253.6627,5343337.5128,11.507416942,48.2159054,1,#66c2a5,bicycle
143413,9,1,84,149,2016,8,15,4,3,0,7,0,1,1,0,0,0,0,0,691037.4382,5351330.91,11.575358622,48.286325725,1,#66c2a5,bicycle
143417,9,1,84,138,2016,8,8,4,3,5,2,0,0,1,1,0,0,0,0,682521.9126,5331311.8614,11.452066762,48.108895149,1,#66c2a5,bicycle
143419,9,1,62,0,2016,8,14,2,3,4,3,0,0,1,1,0,0,0,0,690707.1829,5338152.3668,11.564981807,48.16797941,1,#66c2a5,bicycle
143422,9,1,62,0,2016,8,6,3,3,5,7,0,1,0,1,0,0,0,0,690955.5881,5334314.6934,11.566597634,48.133412188,2,#fc8d62,car
143426,9,1,62,0,2016,8,23,4,3,6,7,2,0,0,1,1,0,0,0,690577.5565,5340272.2043,11.5641907,48.187071153,2,#fc8d62,car
143427,9,1,62,0,2016,8,12,5,3,3,2,0,0,1,1,0,0,0,0,689360063.0,5331128.2144,11.543759304,48.105248458,1,#66c2a5,bicycle
143429,9,1,62,0,2016,8,20,2,3,6,4,0,0,0,0,1,1,0,0,690519022.0,5336824.2791,11.561858869,48.156099077,3,#8da0cb,toilet
143435,9,1,62,0,2016,8,18,2,3,5,3,0,0,1,0,0,0,0,0,691550.2168,5333869.7854,11.57438156,48.129234719,1,#66c2a5,bicycle
143437,9,1,86,128,2016,8,14,5,3,8,1,0,0,0,1,0,0,0,0,679031.3498,5383750.2955,11.427510442,48.581235699,2,#fc8d62,car
143438,9,1,62,0,2016,8,8,3,3,5,3,0,1,0,1,0,1,0,0,693518.7332,5335605.5904,11.60159832,48.144240189,2,#fc8d62,car
143442,9,1,62,0,2016,8,13,2,3,5,6,0,0,0,1,0,0,0,1,694079017.0,5336372814.0,11.609472258,48.15096503,2,#fc8d62,car
143443,9,1,63,0,2016,8,5,4,3,5,3,1,1,1,0,0,1,0,0,731955901.0,5305393687.0,12.101282607,47.859969657,1,#66c2a5,bicycle
143444,9,1,86,143,2016,8,6,5,3,0,1,0,0,1,0,0,0,0,0,683972.6845,5378671.5943,11.492200884,48.534158053,1,#66c2a5,bicycle
143447,9,7,71,146,2016,8,15,3,3,0,7,0,0,0,0,0,1,1,0,646864.8442,5347019.0372,10.97879852,48.259347963,4,#e78ac3,marker
143448,9,1,62,0,2016,8,17,5,3,2,6,0,0,0,1,0,1,0,0,689877.6522,5340159.5914,11.554732996,48.186268582,2,#fc8d62,car
143450,9,1,62,0,2016,8,16,2,3,1,7,0,0,1,1,0,0,0,0,690851.9841,5334880687.0,11.565460143,48.138530383,1,#66c2a5,bicycle
143451,9,1,74,121,2016,8,20,6,3,0,1,1,0,1,0,0,0,0,0,687561.8777,5352833.9007,11.52922026,48.300873826,1,#66c2a5,bicycle
143453,9,1,62,0,2016,8,11,2,3,0,7,0,0,1,0,0,0,0,0,683043376.0,5335525685.0,11.460875515,48.146622243,1,#66c2a5,bicycle
143454,9,7,61,0,2016,8,12,5,2,0,7,0,0,0,0,0,1,0,0,644280.4334,5358670.5377,10.947983248,48.364706244,4,#e78ac3,marker
143455,9,1,62,0,2016,8,19,2,3,2,6,0,0,0,1,0,0,0,0,686216.0843,5334630.4113,11.503096733,48.137654384,2,#fc8d62,car
143457,9,7,72,200,2016,8,6,3,3,5,3,0,1,1,1,0,0,0,0,630529.7819,5338757.6896,10.756276545,48.188633217,1,#66c2a5,bicycle
143460,9,7,71,112,2016,8,8,3,3,5,3,0,1,0,1,0,0,1,0,648573.8543,5366587.0496,11.00871533,48.434887958,2,#fc8d62,car
143461,9,1,62,0,2016,8,19,4,3,5,3,0,1,1,1,0,0,0,0,690057988.0,5340181679.0,11.557166722,48.186413178,1,#66c2a5,bicycle
143463,9,1,62,0,2016,8,16,2,3,1,5,0,0,1,1,0,0,0,0,689824.7659,5333286.6245,11.550956188,48.12451013,1,#66c2a5,bicycle
143465,9,1,62,0,2016,8,11,3,3,5,3,0,0,1,1,0,0,0,0,691413.5374,5335298.5354,11.573188544,48.142117286,1,#66c2a5,bicycle
143471,9,2,61,0,2016,8,9,3,3,0,1,0,1,0,0,0,1,0,0,732503.8021,5380295.1522,12.14961036,48.532645085,4,#e78ac3,marker
143474,9,1,62,0,2016,8,18,4,3,2,7,0,1,0,1,0,0,0,0,694000.6439,5335034.4251,11.607809809,48.138959998,2,#fc8d62,car
143480,9,1,62,0,2016,8,13,3,3,4,2,0,0,1,1,0,0,0,0,691283.03,5339401.43,11.573280798,48.179032763,1,#66c2a5,bicycle
143482,9,1,62,0,2016,8,11,4,3,5,7,0,1,0,1,0,1,0,0,690145.3603,5334681.4944,11.555882501,48.136951581,2,#fc8d62,car
143484,9,1,62,0,2016,8,9,4,3,5,5,0,0,1,1,0,0,0,0,691575.5707,5335366.0551,11.575394866,48.142675376,1,#66c2a5,bicycle
143493,9,7,72,170,2016,8,16,2,3,4,6,0,0,0,1,0,1,0,0,631588.4097,5332731.3314,10.76864889,48.134221916,2,#fc8d62,car
143496,9,1,62,0,2016,8,22,5,3,5,3,2,0,1,1,0,0,0,0,696522.8959,5338873.0568,11.643450244,48.17268522,1,#66c2a5,bicycle
143497,9,7,72,177,2016,8,15,2,3,5,3,0,0,1,1,0,0,0,0,636894.6039,5378047.2342,10.854656668,48.540582044,1,#66c2a5,bicycle
143499,9,1,78,124,2016,8,12,5,3,5,3,0,0,1,1,0,0,0,0,703591.3282,5364254.6587,11.750646797,48.398549875,1,#66c2a5,bicycle
143503,9,1,77,133,2016,8,8,6,3,3,6,0,1,0,1,0,0,0,0,706327.9564,5359383.2327,11.785184658,48.353886072,2,#fc8d62,car
143505,9,7,71,142,2016,8,14,2,2,0,4,0,0,0,0,1,0,0,1,645618.8617,5351187.7462,10.963457251,48.297118358,3,#8da0cb,toilet
143511,9,7,62,0,2016,8,17,3,3,6,4,0,1,0,1,1,0,0,0,621582.9572,5305433.6809,10.626486098,47.890710455,2,#fc8d62,car
143514,9,1,62,0,2016,8,18,5,3,0,7,0,0,1,1,0,0,0,0,683121.9823,5337399.0473,11.462737486,48.163438572,1,#66c2a5,bicycle
143516,9,7,71,163,2016,8,19,2,3,5,7,0,0,1,1,0,0,0,0,645734524.0,5341785134.0,10.961777738,48.212548164,1,#66c2a5,bicycle
143523,9,7,61,0,2016,8,15,2,3,0,1,0,0,1,0,0,0,0,0,638680.9486,5360151.0818,10.872913705,48.379274018,1,#66c2a5,bicycle
143524,9,1,79,123,2016,8,11,4,3,0,7,0,0,1,0,0,0,0,0,675047.0855,5333109.3044,11.352474733,48.127151209,1,#66c2a5,bicycle
143525,9,1,62,0,2016,8,19,4,3,5,7,0,0,1,1,0,0,0,0,692193891.0,5335007222.0,11.583536396,48.139263775,1,#66c2a5,bicycle
143527,9,7,61,0,2016,8,7,2,3,0,3,0,0,1,1,0,0,0,0,641880.6831,5360575.6527,10.916245235,48.382380144,1,#66c2a5,bicycle
143528,9,1,62,0,2016,8,6,4,3,3,5,0,0,1,1,0,0,0,0,689775.1943,5335344.5769,11.551207421,48.143021889,1,#66c2a5,bicycle
143529,9,1,63,0,2016,8,20,3,3,3,6,1,1,1,1,0,0,0,0,732076.0347,5304591.7659,12.102456139,47.852721659,1,#66c2a5,bicycle
143530,9,1,62,0,2016,8,12,3,1,6,4,0,0,0,0,1,0,1,0,691668.4238,5332782.4345,11.575479627,48.119426147,3,#8da0cb,toilet
143532,9,1,63,0,2016,8,16,3,3,0,6,0,0,0,1,1,0,0,0,730908.2888,5301565.4304,12.085254852,47.825952476,2,#fc8d62,car
143534,9,7,61,0,2016,8,15,4,3,3,6,0,0,0,1,0,0,0,0,642608.6382,5362286.7905,10.926652179,48.397601673,2,#fc8d62,car
143535,9,1,62,0,2016,8,11,5,3,1,5,0,0,0,1,0,0,0,0,684561681.0,5332410.3144,11.479918645,48.118180933,2,#fc8d62,car
143537,9,1,79,136,2016,8,18,4,2,0,7,0,0,1,0,0,0,0,0,661075.9805,5341484.5343,11.168033544,48.206137476,1,#66c2a5,bicycle
143538,9,1,62,0,2016,8,8,4,3,2,6,0,0,0,1,0,0,0,0,692311.7509,5337618.2707,11.586298771,48.16269569,2,#fc8d62,car
143541,9,1,63,0,2016,8,17,3,3,5,2,0,1,1,1,0,0,0,0,732670.2581,5304757.2203,12.110476774,47.853993314,1,#66c2a5,bicycle
143542,9,1,79,123,2016,8,13,6,3,5,7,0,1,1,1,0,0,0,0,675735.3735,5333814.0276,11.362007218,48.133296554,1,#66c2a5,bicycle
143543,9,1,75,132,2016,8,21,3,3,0,3,2,1,1,1,0,0,0,0,707286.1151,5330344.6494,11.783905553,48.092627271,1,#66c2a5,bicycle
143547,9,1,62,0,2016,8,18,5,3,5,3,0,0,1,1,0,0,0,0,690564.0605,5335327.9992,11.561794005,48.142637099,1,#66c2a5,bicycle
143549,9,1,79,121,2016,8,16,4,3,0,1,0,0,1,0,0,0,0,0,665776.1301,5337307.2649,11.229616822,48.167373504,1,#66c2a5,bicycle
143550,9,1,62,0,2016,8,8,4,3,1,5,0,0,1,1,0,0,0,0,692035.1478,5334309.9975,11.581090446,48.133045165,1,#66c2a5,bicycle
143554,9,1,62,0,2016,8,12,5,3,5,3,0,0,1,1,0,0,0,0,694325.5656,5340564.2061,11.614699179,48.188560092,1,#66c2a5,bicycle
143561,9,7,72,125,2016,8,16,5,3,5,1,0,0,0,1,0,0,0,0,635506.7229,5347770218.0,10.826088481,48.26863389,2,#fc8d62,car
143567,9,7,61,0,2016,8,13,4,3,5,3,0,0,1,1,0,0,0,0,639147.0473,5359224.4705,10.878898249,48.370839534,1,#66c2a5,bicycle
143568,9,1,62,0,2016,8,17,5,2,3,5,0,0,0,1,0,1,0,0,689919.7179,5343943.4933,11.556991615,48.220265354,2,#fc8d62,car
143582,9,1,77,117,2016,8,12,4,3,0,6,0,0,1,1,0,0,0,0,715958.5284,5354576.7967,11.912552708,48.307480887,1,#66c2a5,bicycle
143583,9,1,81,139,2016,8,8,3,3,1,1,0,1,0,0,0,0,0,1,655757.7259,5324304.3538,11.090221518,48.052998257,6,#ffd92f,circle
143584,9,1,84,135,2016,8,10,3,3,5,7,0,0,1,1,0,0,0,0,689650125.0,5347938.7641,11.555154371,48.256254931,1,#66c2a5,bicycle
143586,9,1,75,132,2016,8,13,3,3,5,3,0,1,0,1,0,0,0,0,707647.4139,5334030.4568,11.790545882,48.125631587,2,#fc8d62,car
143589,9,1,62,0,2016,8,7,5,3,1,7,0,0,1,1,0,0,0,0,694007.2955,5336403.4843,11.60852295,48.151262563,1,#66c2a5,bicycle
143591,9,1,77,117,2016,8,16,4,3,0,1,0,1,0,0,0,1,0,0,714757.5464,5355033.0793,11.896609284,48.311989501,4,#e78ac3,marker
143594,9,1,62,0,2016,8,17,3,3,2,3,0,1,0,1,0,0,0,0,686504.6565,5339260.7927,11.50900164,48.179189171,2,#fc8d62,car
143595,9,1,62,0,2016,8,17,4,3,5,3,0,0,1,1,0,0,0,0,690396.8527,5342929.6286,11.562953742,48.211009914,1,#66c2a5,bicycle
143596,9,1,62,0,2016,8,18,3,3,2,6,0,1,0,1,0,0,0,0,689666264.0,5333400966.0,11.54887923,48.12558508,2,#fc8d62,car
143601,9,1,62,0,2016,8,11,3,3,0,4,0,0,1,0,1,0,0,0,690958.0052,5334629.9318,11.566771394,48.136244806,1,#66c2a5,bicycle
143602,9,1,62,0,2016,8,18,4,3,5,2,0,1,0,1,0,0,0,0,694107.6521,5334744.7834,11.609114703,48.136324173,2,#fc8d62,car
143606,9,1,62,0,2016,8,8,4,3,3,7,0,0,0,1,0,1,0,0,689849694.0,5334490689.0,11.551827288,48.13532489,2,#fc8d62,car
143609,9,1,84,145,2016,8,14,2,2,5,3,0,0,1,1,0,0,0,0,697544.0874,5325400.9608,11.650931891,48.051290242,1,#66c2a5,bicycle
143610,9,1,74,115,2016,8,12,6,2,0,1,0,1,0,1,0,1,0,0,681129.6502,5346524.8705,11.439863748,48.246038701,2,#fc8d62,car
143612,9,7,61,0,2016,8,15,5,3,2,6,0,0,0,1,0,0,0,0,639771.1157,5357678.5266,10.886806617,48.356800922,2,#fc8d62,car
143616,9,1,62,0,2016,8,11,6,3,4,2,0,1,0,1,0,0,0,0,694355.1608,5341710.3712,11.615621544,48.198852195,2,#fc8d62,car
143618,9,1,62,0,2016,8,22,7,2,8,1,2,0,1,0,0,0,0,0,691622.7263,5332808.2711,11.574877837,48.119672118,1,#66c2a5,bicycle
143619,9,1,62,0,2016,8,9,7,3,5,3,0,0,0,1,0,0,0,0,684755124.0,5331173411.0,11.481979578,48.107006859,2,#fc8d62,car
143620,9,7,61,0,2016,8,16,3,3,2,6,0,0,0,1,0,0,0,0,640556.6743,5359936613.0,10.898159673,48.376930508,2,#fc8d62,car
143623,9,1,77,130,2016,8,19,7,2,0,7,0,0,1,0,0,0,0,0,711211091.0,5350450.6387,11.846545902,48.272007671,1,#66c2a5,bicycle
143627,9,1,62,0,2016,8,15,2,3,2,7,0,0,1,0,0,0,0,0,689900.4874,5343206.7912,11.556403098,48.21364972,1,#66c2a5,bicycle
143630,9,1,62,0,2016,8,14,7,3,2,6,0,0,0,1,0,0,0,0,692762.9491,5338308.7273,11.592673206,48.168764677,2,#fc8d62,car
143632,9,1,84,134,2016,8,12,7,2,0,6,0,0,1,1,0,0,0,0,689830.9377,5318176.6083,11.544334514,47.988696543,1,#66c2a5,bicycle
143635,9,1,62,0,2016,8,15,6,3,1,5,0,0,0,1,0,0,0,0,691966.0555,5339755.7707,11.582619763,48.182011516,2,#fc8d62,car
143640,9,1,62,0,2016,8,2,1,3,0,1,2,0,1,0,0,0,0,0,691617.6236,5333799.9194,11.575255124,48.128586484,1,#66c2a5,bicycle
143641,9,1,62,0,2016,8,10,7,3,5,2,0,0,0,1,0,1,0,0,694806.3844,5340406.4323,11.621089345,48.186994835,2,#fc8d62,car
143643,9,1,62,0,2016,8,13,6,3,5,3,0,1,0,1,0,1,0,0,689617.7856,5342526.0587,11.552297092,48.207615877,2,#fc8d62,car
143646,9,1,62,0,2016,8,14,6,3,4,2,0,0,0,1,0,0,0,0,686213.9715,5334861.4788,11.503169387,48.139731924,2,#fc8d62,car
143652,9,1,62,0,2016,8,8,3,3,5,3,0,0,1,0,0,0,0,0,692730329.0,5336931577.0,11.591610952,48.156397134,1,#66c2a5,bicycle
143653,9,1,62,0,2016,8,10,1,3,5,3,0,0,0,1,0,0,0,0,688587629.0,5335868855.0,11.535491102,48.148087294,2,#fc8d62,car
143654,9,1,62,0,2016,8,9,7,3,0,7,0,0,1,0,0,0,0,0,683462.3447,5336670.8932,11.466996468,48.15679537,1,#66c2a5,bicycle
143656,9,1,62,0,2016,8,11,6,3,5,3,0,1,0,1,0,0,0,0,690550.9435,5330703.5945,11.559550836,48.101076876,2,#fc8d62,car
143658,9,1,62,0,2016,8,11,7,3,6,7,0,0,1,0,1,0,0,0,689595607.0,5343398.6041,11.552388828,48.215464869,1,#66c2a5,bicycle
143659,9,1,62,0,2016,8,15,7,3,2,6,0,0,1,0,0,0,0,0,686504.5405,5329877.7045,11.504891644,48.094850729,1,#66c2a5,bicycle
143660,9,7,72,163,2016,8,18,3,3,5,3,0,0,1,1,0,0,0,0,639936.0468,5347416.6377,10.885627999,48.264491418,1,#66c2a5,bicycle
143664,9,1,62,0,2016,8,23,1,3,3,2,2,0,0,1,0,0,0,1,692285.8239,5338131.6749,11.586182575,48.167317882,2,#fc8d62,car
143668,9,1,62,0,2016,8,18,6,3,5,3,0,0,1,1,0,0,0,0,690250.2687,5334927.1898,11.55740094,48.139128535,1,#66c2a5,bicycle
143670,9,1,84,112,2016,8,15,7,3,0,1,0,0,1,0,0,0,0,0,703183.0974,5339171.9507,11.733076144,48.173277162,1,#66c2a5,bicycle
143671,9,1,62,0,2016,8,17,7,3,5,3,0,0,1,1,0,0,0,0,694350289.0,5336182.5242,11.613028806,48.149171955,1,#66c2a5,bicycle
143675,9,1,75,115,2016,8,18,7,2,0,1,0,0,1,0,0,0,0,0,721007.8869,5329650.3406,11.967584908,48.081779227,1,#66c2a5,bicycle
143678,9,1,62,0,2016,8,4,1,2,1,1,2,0,0,1,0,0,0,0,690928895.0,5334400662.0,11.566277758,48.134192877,2,#fc8d62,car
143680,9,1,79,145,2016,8,11,7,3,5,3,0,0,1,1,0,0,0,0,675652842.0,5338124.5993,11.362678077,48.172068336,1,#66c2a5,bicycle
143684,9,1,62,0,2016,8,19,7,3,0,1,0,0,1,0,0,0,0,0,690246.9758,5334941.0108,11.557362895,48.139253743,1,#66c2a5,bicycle
143686,9,1,62,0,2016,8,16,7,3,3,6,0,0,0,1,0,1,0,0,691077.8451,5335183.4834,11.568628888,48.141184111,2,#fc8d62,car
143694,9,1,62,0,2016,8,18,1,3,2,2,0,0,0,1,0,1,0,0,690441066.0,5342513593.0,11.563361545,48.207257387,2,#fc8d62,car
143701,9,1,62,0,2016,8,15,6,3,0,1,0,0,1,0,0,0,0,0,691980.3846,5333809.9351,11.58012986,48.128567202,1,#66c2a5,bicycle
143707,9,1,62,0,2016,8,21,1,3,4,7,1,0,1,0,0,0,0,0,686313.8068,5336235.1571,11.505111234,48.152049801,1,#66c2a5,bicycle
143717,9,7,73,122,2016,8,17,3,2,5,3,0,0,0,1,0,1,0,0,625936.2909,5385757.9512,10.708600001,48.612214512,2,#fc8d62,car
143719,9,1,62,0,2016,8,17,1,2,0,7,0,0,1,1,0,0,0,0,695757.8427,5332070.5969,11.630043643,48.111784462,1,#66c2a5,bicycle
143722,9,1,79,142,2016,8,16,7,2,5,3,0,0,1,1,0,0,0,0,672569.2796,5340801.5221,11.322324618,48.196977287,1,#66c2a5,bicycle
143726,9,2,61,0,2016,8,16,1,3,3,6,0,0,0,1,0,1,0,0,732416.8922,5380115.7732,12.148334892,48.531065951,2,#fc8d62,car
143730,9,7,61,0,2016,8,18,3,3,5,3,0,0,1,1,0,0,0,0,638630.2371,5362316.4584,10.872943813,48.39875572,1,#66c2a5,bicycle
143732,9,1,62,0,2016,8,18,1,3,5,3,0,0,1,1,0,0,0,0,692323.2004,5337536.8896,11.586415791,48.161960794,1,#66c2a5,bicycle
143734,9,1,74,115,2016,8,22,7,3,5,2,2,0,0,1,0,1,0,0,681243.6261,5347838.2515,11.441959956,48.257811597,2,#fc8d62,car
143738,9,7,62,0,2016,8,20,2,3,1,1,0,0,0,1,0,0,0,0,622644.3694,5304461.8515,10.640403158,47.881768169,2,#fc8d62,car
143744,9,2,61,0,2016,8,17,2,3,9,1,0,0,1,0,0,0,0,0,733767.1845,5381113.94,12.167156789,48.539530709,1,#66c2a5,bicycle
143745,9,1,62,0,2016,8,7,6,3,0,7,0,1,0,1,0,1,0,0,690571.1038,5335919.2492,11.562153234,48.147949117,2,#fc8d62,car
143759,9,1,62,0,2016,8,20,3,3,0,7,2,0,0,0,0,1,0,0,689224.0272,5333007206.0,11.542767396,48.122177519,4,#e78ac3,marker
143763,9,7,62,0,2016,8,14,6,2,0,3,0,0,1,0,0,0,0,0,621132.5388,5305723.0505,10.620544302,47.893398151,1,#66c2a5,bicycle
143765,9,7,71,130,2016,8,15,3,2,0,7,0,0,1,0,0,0,0,0,648101.5716,5358364.7834,10.999433957,48.36107225,1,#66c2a5,bicycle
143769,9,1,79,145,2016,8,16,7,3,1,1,0,0,1,1,0,0,0,0,675971.7605,5337835.1185,11.366844188,48.169377905,1,#66c2a5,bicycle
143770,9,1,86,143,2016,8,18,1,3,0,1,0,0,1,0,0,0,0,0,683444.8334,5376373.8386,11.48404659,48.513660578,1,#66c2a5,bicycle
143774,9,1,85,158,2016,8,4,7,3,0,1,2,0,1,0,0,0,0,0,667123.3751,5380805612.0,11.265001746,48.558054886,1,#66c2a5,bicycle
143777,9,2,61,0,2016,8,17,7,3,2,6,0,0,0,1,0,0,0,0,731664235.0,5382135.6975,12.139278205,48.549488784,2,#fc8d62,car
143781,9,1,88,137,2016,8,14,3,3,0,7,0,0,1,0,0,0,0,0,671720.1329,5315203.0496,11.300617372,47.967083262,1,#66c2a5,bicycle
143783,9,1,77,117,2016,8,17,7,3,0,7,0,0,1,1,0,0,0,0,715445.1159,5354962.1397,11.905834496,48.311118289,1,#66c2a5,bicycle
143789,9,1,73,126,2016,8,15,7,3,5,3,0,0,0,1,0,1,0,0,684509.4153,5306043.9582,11.467880766,47.881194349,2,#fc8d62,car
143790,9,7,72,200,2016,8,13,2,3,0,1,0,0,1,0,0,0,0,0,630603.6536,5337692.0988,10.756942393,48.179035533,1,#66c2a5,bicycle
143792,9,1,88,113,2016,8,14,1,3,4,6,0,0,1,1,0,0,0,0,674452.3771,5311611.0242,11.335734955,47.934052976,1,#66c2a5,bicycle
143794,9,1,84,149,2016,8,19,2,3,0,1,0,0,1,0,0,0,0,0,690924.5415,5350705.8124,11.573555835,48.280741622,1,#66c2a5,bicycle
143796,9,1,62,0,2016,8,12,6,3,0,6,0,1,0,1,0,1,0,0,690370.6358,5333822.3849,11.558523588,48.129162556,2,#fc8d62,car
143799,9,7,71,146,2016,8,12,2,3,0,1,0,0,0,0,0,1,0,0,647113.2303,5348304.2274,10.98259013,48.270845971,4,#e78ac3,marker
143800,9,1,88,139,2016,8,14,1,3,0,7,0,0,1,0,0,0,0,0,674007463.0,5319194503.0,11.332852893,48.002347743,1,#66c2a5,bicycle
143804,9,1,79,147,2016,8,15,1,3,0,1,0,0,1,0,0,0,0,0,664945.5165,5333785.5892,11.217089223,48.135929014,1,#66c2a5,bicycle
143806,9,1,84,149,2016,8,12,2,3,5,3,0,0,1,1,0,0,0,0,692217.2892,5349749961.0,11.590528283,48.271759746,1,#66c2a5,bicycle
143807,9,7,72,200,2016,8,11,6,3,0,1,0,0,1,0,0,0,0,0,630158.3478,5337342.1463,10.750847648,48.175979898,1,#66c2a5,bicycle
143810,9,7,61,0,2016,8,16,2,2,5,3,0,0,1,1,0,0,0,0,643783316.0,5358273.93,10.941139941,48.361253594,1,#66c2a5,bicycle
143811,9,1,81,139,2016,8,11,1,3,4,1,0,0,1,0,0,0,0,0,656505.3997,5324520.5999,11.100327207,48.054759616,1,#66c2a5,bicycle
143813,9,7,77,145,2016,8,23,1,3,5,3,2,0,0,1,0,0,0,0,628845.1424,5324438116.0,10.729291353,48.060203033,2,#fc8d62,car
143814,9,1,74,115,2016,8,14,1,3,5,3,0,0,0,1,0,0,0,0,681243.6261,5347838.2515,11.441959956,48.257811597,2,#fc8d62,car
143818,9,7,72,223,2016,8,15,7,3,0,3,0,0,1,1,0,0,0,0,624413064.0,5363828303.0,10.681403903,48.415317153,1,#66c2a5,bicycle
143822,9,1,75,132,2016,8,0,1,3,6,4,2,0,0,1,1,0,0,0,707527.2938,5331008.9887,11.787463594,48.098518796,2,#fc8d62,car
143825,9,1,75,132,2016,8,17,1,3,0,1,0,0,0,0,0,1,0,0,707203609.0,5332452109.0,11.783821989,48.11159257,4,#e78ac3,marker
143826,9,1,63,0,2016,8,12,2,3,6,7,0,1,1,0,1,0,0,0,733379.6021,5304419.6035,12.119763089,47.850702984,1,#66c2a5,bicycle
143827,9,1,88,139,2016,8,15,7,3,0,7,0,0,1,0,0,0,0,0,677030.0823,5321695.5786,11.374372819,48.024001204,1,#66c2a5,bicycle
143831,9,7,72,163,2016,8,18,7,2,5,3,0,0,0,0,0,1,0,0,640620.4958,5344473.0297,10.893867706,48.237871311,4,#e78ac3,marker
143832,9,7,61,0,2016,8,13,7,3,0,6,0,0,0,0,0,1,0,0,640999.0936,5359210.3711,10.903887381,48.370301704,4,#e78ac3,marker
143834,9,1,62,0,2016,8,14,2,3,0,6,0,0,1,1,0,0,0,0,686783.2134,5336718.0152,11.511628366,48.156252192,1,#66c2a5,bicycle
143835,9,7,61,0,2016,8,12,7,3,0,3,0,0,1,0,0,0,0,1,639629.3817,5359556.5289,10.885517806,48.373718783,1,#66c2a5,bicycle
143836,9,7,72,202,2016,8,19,3,3,5,3,0,0,1,1,0,0,0,0,636904.5204,5358742.5094,10.848477101,48.366996234,1,#66c2a5,bicycle
143837,9,1,84,119,2016,8,14,2,3,7,6,0,0,1,0,0,0,0,0,696818.9179,5346926.8679,11.651163553,48.244975074,1,#66c2a5,bicycle
143839,9,1,79,118,2016,8,15,2,3,6,7,0,0,0,1,1,0,0,0,672024.7098,5336166.6086,11.313126422,48.155459199,2,#fc8d62,car
143840,9,1,79,123,2016,8,12,7,3,5,2,0,0,0,1,0,0,0,0,676106.6388,5332664856.0,11.366517973,48.122863679,2,#fc8d62,car
143845,9,1,75,139,2016,8,14,1,2,0,7,0,0,1,0,0,0,0,0,710341092.0,5329252.1949,11.824345398,48.081809548,1,#66c2a5,bicycle
143847,9,1,62,0,2016,8,12,2,3,5,3,0,0,1,0,0,0,0,0,681729.7951,5338231.1021,11.444387823,48.171317161,1,#66c2a5,bicycle
143848,9,1,81,114,2016,8,16,2,3,0,7,0,0,1,0,0,0,0,0,656056.1488,5312842.8204,11.090054831,47.949872647,1,#66c2a5,bicycle
143851,9,1,78,143,2016,8,18,2,3,7,1,0,0,1,0,0,0,0,0,720319.6862,5371004.9067,11.979898371,48.453574634,1,#66c2a5,bicycle
143852,9,1,62,0,2016,8,10,6,3,6,7,0,1,0,1,1,0,0,0,693681.3535,5335878.9146,11.603906526,48.146647248,2,#fc8d62,car
143853,9,1,82,120,2016,8,9,7,2,5,3,0,0,0,1,0,1,0,0,702595.3145,5306603.9879,11.709781619,47.880776071,2,#fc8d62,car
143855,9,7,61,0,2016,8,22,2,3,0,1,2,0,1,0,0,0,0,0,634990.3796,5353561.7378,10.820985425,48.320822533,1,#66c2a5,bicycle
143856,9,1,62,0,2016,8,22,7,3,4,2,2,0,1,1,0,0,0,0,686281418.0,5338464917.0,11.505652654,48.172101088,1,#66c2a5,bicycle
143861,9,7,61,0,2016,8,16,2,3,3,1,0,0,1,1,0,0,0,0,639785.0125,5358708.2193,10.88733623,48.366056567,1,#66c2a5,bicycle
143862,9,1,62,0,2016,8,14,7,3,0,1,0,0,1,0,0,0,0,0,692559.9946,5337544.1319,11.589600171,48.161954216,1,#66c2a5,bicycle
143864,9,7,71,130,2016,8,18,1,3,0,7,0,0,1,0,0,0,0,0,647725.5792,5358530.0647,10.994419138,48.362646411,1,#66c2a5,bicycle