OBJECTID,ULAND,UREGBEZ,UKREIS,UGEMEINDE,UJAHR,UMONAT,USTUNDE,UWOCHENTAG,UKATEGORIE,UART,UTYP1,ULICHTVERH,STRZUSTAND,IstRad,IstPKW,IstFuss,IstKrad,IstGkfz,IstSonstig,LINREFX,LINREFY,XGCSWGS84,YGCSWGS84,Teilnehmer,color,symbol
143865,9,1,62,0,2016,8,10,7,3,2,6,0,0,0,1,0,0,0,0,686084.4477,5340132.5427,11.50373608,48.187147919,2,#fc8d62,car
143867,9,7,71,113,2016,8,18,2,3,0,7,0,0,1,0,0,0,0,0,652852258.0,5368662641.0,11.067278103,48.452524878,1,#66c2a5,bicycle
143868,9,1,62,0,2016,8,20,7,3,8,7,0,0,1,0,0,0,0,0,691577.1505,5334670.7399,11.575103315,48.136425499,1,#66c2a5,bicycle
143869,9,1,62,0,2016,8,8,3,3,0,5,0,0,1,1,0,0,0,0,693267776.0,5334583.6479,11.597764392,48.135131554,1,#66c2a5,bicycle
143874,9,7,72,131,2016,8,15,3,3,4,6,0,0,0,1,0,1,0,0,622807028.0,5357287223.0,10.65779635,48.356809559,2,#fc8d62,car
143875,9,1,79,142,2016,8,20,7,3,0,7,0,0,1,0,0,0,0,0,672960.9442,5341235.5941,11.327767736,48.200772792,1,#66c2a5,bicycle
143882,9,1,77,116,2016,8,11,7,3,4,6,0,0,0,1,0,0,0,0,714151.5791,5357335.6775,11.889616248,48.332884321,2,#fc8d62,car
143883,9,1,79,121,2016,8,20,6,3,0,7,1,0,1,1,0,0,0,0,667613264.0,5339528553.0,11.255181772,48.186860966,1,#66c2a5,bicycle
143886,9,7,78,209,2016,8,7,4,3,5,3,0,0,1,1,0,0,0,0,617900.5959,5324596363.0,10.582503831,48.063742838,1,#66c2a5,bicycle
143889,9,1,62,0,2016,8,10,5,3,3,6,0,0,0,1,0,1,0,0,689699.0884,5331905.99,11.548654767,48.112138327,2,#fc8d62,car
143890,9,2,61,0,2016,8,11,5,3,0,6,0,0,0,0,0,1,1,0,733014569.0,5382037469.0,12.157492743,48.548106347,4,#e78ac3,marker
143891,9,1,62,0,2016,8,13,5,3,4,2,0,1,1,1,0,0,0,0,689998.3988,5333917.7213,11.553568502,48.13013066,1,#66c2a5,bicycle
143893,9,1,62,0,2016,8,23,6,3,5,3,2,0,0,1,0,0,0,1,691665535.0,5334116055.0,11.576040553,48.131413448,2,#fc8d62,car
143894,9,1,74,115,2016,8,19,6,3,0,7,0,0,1,0,0,0,0,1,682629.9941,5348210.0232,11.46078163,48.260755215,1,#66c2a5,bicycle
143899,9,1,62,0,2016,8,15,5,3,5,3,0,1,0,1,0,1,0,0,690800.6975,5333714.5687,11.564249218,48.128064745,2,#fc8d62,car
143905,9,1,74,115,2016,8,14,6,3,0,1,0,0,1,0,0,0,0,0,681532.7791,5346032.3063,11.445077719,48.241495926,1,#66c2a5,bicycle
143908,9,7,61,0,2016,8,17,4,3,1,6,0,0,0,1,0,0,0,0,636800.7962,5360850.8989,10.847763521,48.385977177,2,#fc8d62,car
143910,9,7,61,0,2016,8,16,6,3,1,6,0,0,1,1,0,0,0,0,638759.5897,5360864.2515,10.874210667,48.385669383,1,#66c2a5,bicycle
143911,9,1,62,0,2016,8,19,5,2,5,2,0,1,1,1,0,0,0,0,691436.7748,5335344.9212,11.573521452,48.142527204,1,#66c2a5,bicycle
143913,9,1,62,0,2016,8,23,7,3,1,6,2,0,0,1,0,0,0,0,691815.4024,5335672.8583,11.578753805,48.145360614,2,#fc8d62,car
143917,9,7,61,0,2016,8,18,4,3,0,1,0,0,1,0,0,0,0,0,640523.9676,5359380.5351,10.897532366,48.371937731,1,#66c2a5,bicycle
143919,9,1,63,0,2016,8,18,5,3,3,6,0,0,1,1,0,0,0,0,731361192.0,5304102941.0,12.09265297,47.848587601,1,#66c2a5,bicycle
143921,9,7,71,146,2016,8,18,7,3,5,3,0,1,0,1,0,0,0,0,646662.1412,5348567.1567,10.976605944,48.273314694,2,#fc8d62,car
143925,9,1,62,0,2016,8,14,7,3,0,1,0,0,1,0,0,0,0,0,686496.7573,5334852.1894,11.506962878,48.139565607,1,#66c2a5,bicycle
143935,9,1,62,0,2016,8,13,6,3,5,2,0,0,1,1,0,0,0,0,688014055.0,5339611718.0,11.529442025,48.181898517,1,#66c2a5,bicycle
143936,9,1,84,134,2016,8,13,5,3,5,3,0,1,1,1,0,0,0,0,692754.7403,5321585599.0,11.585013207,48.018462271,1,#66c2a5,bicycle
143939,9,1,84,123,2016,8,20,6,3,0,7,1,0,1,1,0,0,0,0,703589.7904,5331857.9306,11.735043928,48.107418182,1,#66c2a5,bicycle
143941,9,1,62,0,2016,8,18,5,3,5,3,0,0,1,1,0,0,0,0,688670.5141,5336508.3676,11.536887808,48.153810733,1,#66c2a5,bicycle
143942,9,1,73,126,2016,8,18,4,3,4,2,0,0,1,0,0,0,0,0,683037.9053,5307025.0071,11.448633304,47.890434325,1,#66c2a5,bicycle
143948,9,1,86,152,2016,8,18,5,3,9,1,0,0,0,0,0,1,0,0,692249.9341,5374809.7526,11.602431963,48.496970527,4,#e78ac3,marker
143949,9,1,62,0,2016,8,18,6,3,0,7,0,0,0,1,0,0,0,0,700350.9228,5334423838.0,11.6927886,48.131505005,2,#fc8d62,car
143950,9,1,62,0,2016,8,6,5,3,2,6,0,0,0,1,0,1,0,0,692713287.0,5334124096.0,11.590111398,48.131169353,2,#fc8d62,car
143954,9,7,61,0,2016,8,11,6,2,5,3,0,0,1,1,0,0,0,0,639286648.0,5359506.7846,10.880875738,48.373347237,1,#66c2a5,bicycle
143956,9,1,74,113,2016,8,16,1,3,0,7,0,0,0,0,0,1,0,0,671451848.0,5347182747.0,11.309880795,48.254644129,4,#e78ac3,marker
143958,9,1,79,126,2016,8,18,5,3,1,5,0,0,1,1,0,0,0,0,677471.7111,5340148.2414,11.38796665,48.189753736,1,#66c2a5,bicycle
143965,9,2,74,113,2016,8,23,6,3,0,6,2,0,0,1,0,1,0,0,726952123.0,5384709801.0,12.076924909,48.574335195,2,#fc8d62,car
143967,9,7,62,0,2016,8,15,5,3,4,2,0,0,1,1,0,0,0,0,621125.4979,5303964.7171,10.619956848,47.877585441,1,#66c2a5,bicycle
143969,9,1,62,0,2016,8,14,7,2,1,5,0,0,1,1,0,0,0,0,690594.6242,5334746.8843,11.56194439,48.137404906,1,#66c2a5,bicycle
143977,9,7,61,0,2016,8,9,5,3,0,7,0,0,1,0,0,0,0,0,638729.4269,5356754.5038,10.872447876,48.348722004,1,#66c2a5,bicycle
143979,9,1,62,0,2016,8,18,7,3,4,6,0,1,0,1,0,0,0,0,691335.7631,5334093.5454,11.571602849,48.131310352,2,#fc8d62,car
143980,9,1,62,0,2016,8,20,6,3,0,2,1,0,0,1,0,1,0,0,693601154.0,5333977801.0,11.601965336,48.129585062,2,#fc8d62,car
143983,9,1,62,0,2016,8,2,5,3,8,7,2,0,1,0,0,0,0,0,692950356.0,5332321415.0,11.592478325,48.114895449,1,#66c2a5,bicycle
143987,9,1,81,114,2016,8,12,5,3,0,7,0,0,0,1,1,0,0,0,657256.9128,5312653.6122,11.106056272,47.947877742,2,#fc8d62,car
143989,9,1,74,135,2016,8,15,5,3,5,3,0,1,0,1,0,0,0,0,663542.3576,5352582.6695,11.205493963,48.305280474,2,#fc8d62,car
143990,9,1,74,126,2016,8,15,5,3,5,3,0,0,0,1,0,1,0,0,683021.9934,5343783.5438,11.464145633,48.220854819,2,#fc8d62,car
143991,9,1,78,143,2016,8,13,5,3,6,4,0,1,0,1,1,0,0,0,721801369.0,5374253.8482,12.001632554,48.482243084,2,#fc8d62,car
143993,9,7,72,163,2016,8,3,7,3,9,1,2,0,0,1,0,0,0,0,639947.65,5347389685.0,10.885775345,48.264246499,2,#fc8d62,car
143994,9,1,62,0,2016,8,9,6,3,0,1,0,1,0,0,0,1,0,0,694201.0659,5334311.3747,11.610171414,48.132400357,4,#e78ac3,marker
143996,9,1,62,0,2016,8,8,5,3,5,3,0,0,1,1,0,0,0,0,692343083.0,5333550.3398,11.584882064,48.126124516,1,#66c2a5,bicycle
144002,9,1,62,0,2016,8,13,4,2,3,6,0,0,1,0,0,0,0,1,690164.7389,5333817474.0,11.555757062,48.129179961,1,#66c2a5,bicycle
144004,9,1,62,0,2016,8,9,5,3,0,7,0,0,0,0,0,1,0,0,684520.9419,5334849.1993,11.480427847,48.14011477,4,#e78ac3,marker
144005,9,1,62,0,2016,8,8,6,3,5,7,0,1,1,1,0,0,0,0,691797.0871,5338092.1235,11.579598305,48.167110047,1,#66c2a5,bicycle
144006,9,1,62,0,2016,8,17,5,2,5,3,0,0,0,1,0,0,0,0,684775.2624,5333307.8493,11.483174736,48.126186518,2,#fc8d62,car
144011,9,1,62,0,2016,8,16,4,3,4,6,0,0,1,0,0,0,0,0,692277844.0,5334950.9,11.584638304,48.138732201,1,#66c2a5,bicycle
144012,9,1,63,0,2016,8,8,4,3,3,2,0,0,1,1,0,0,0,0,732699.7081,5305553.0457,12.111298022,47.861132454,1,#66c2a5,bicycle
144021,9,1,62,0,2016,8,13,7,3,6,4,0,0,1,0,1,0,0,0,692106.8305,5334473.6093,11.582126674,48.134494048,1,#66c2a5,bicycle
144023,9,1,62,0,2016,8,20,4,3,5,3,1,0,0,1,0,0,0,0,686086.8721,5337627.7068,11.502672047,48.164632957,2,#fc8d62,car
144030,9,1,62,0,2016,8,16,5,3,3,7,0,1,1,1,0,0,0,0,691226.1795,5334398.9945,11.570268648,48.134088635,1,#66c2a5,bicycle
144034,9,1,62,0,2016,8,15,7,3,6,4,0,0,1,0,1,0,0,0,688322.0434,5336682.6116,11.532284089,48.155480144,1,#66c2a5,bicycle
144037,9,1,87,117,2016,8,16,4,3,5,3,0,0,1,1,0,0,0,0,724715661.0,5305757.3854,12.004808463,47.865810181,1,#66c2a5,bicycle
144038,9,1,88,124,2016,8,16,4,3,0,7,0,0,1,0,0,0,0,0,662135.4704,5317453.6861,11.17315485,47.989817765,1,#66c2a5,bicycle
144040,9,1,62,0,2016,8,12,4,3,3,6,0,0,1,1,0,0,1,0,690225.5347,5335490791.0,11.557320561,48.144201574,1,#66c2a5,bicycle
144041,9,1,62,0,2016,8,9,4,3,0,3,0,0,0,1,0,0,0,1,701091108.0,5334540328.0,11.702780474,48.132318483,2,#fc8d62,car
144045,9,1,62,0,2016,8,8,5,2,1,5,0,0,1,1,0,0,0,0,689698.4922,5335740.7333,11.550353854,48.146605431,1,#66c2a5,bicycle
144046,9,1,74,115,2016,8,15,4,3,0,4,0,0,0,0,1,1,0,0,680992.5612,5348034.2415,11.438664288,48.259645037,3,#8da0cb,toilet
144051,9,1,88,141,2016,8,16,7,3,2,6,0,0,0,1,0,0,0,0,670427.1483,5308992.3948,11.280850421,47.911594182,2,#fc8d62,car
144054,9,1,62,0,2016,8,23,4,3,6,4,2,0,0,1,1,0,0,0,694049.7917,5330819.9299,11.606551586,48.101066518,2,#fc8d62,car
144056,9,1,62,0,2016,8,16,4,2,5,3,0,0,1,1,0,0,0,0,690237.7255,5340217.9407,11.559598766,48.186685296,1,#66c2a5,bicycle
144057,9,7,78,116,2016,8,8,6,2,0,1,0,0,1,0,0,0,0,0,617569.0583,5321973.4523,10.577334822,48.040214385,1,#66c2a5,bicycle
144058,9,1,62,0,2016,8,4,5,3,5,3,2,0,0,1,0,0,0,0,690148558.0,5336055.1591,11.556538855,48.14929712,2,#fc8d62,car
144059,9,1,74,126,2016,8,14,4,3,2,7,0,0,0,1,0,1,0,0,682717.1594,5344867.6951,11.460512707,48.230687601,2,#fc8d62,car
144066,9,1,84,119,2016,8,15,4,3,5,2,0,0,1,1,0,0,0,0,696521805.0,5347538.49,11.647449749,48.250564002,1,#66c2a5,bicycle
144069,9,1,74,115,2016,8,10,4,3,1,6,0,0,0,1,0,0,0,0,681337.2826,5347832.2346,11.443218053,48.257730719,2,#fc8d62,car
144075,9,1,62,0,2016,8,22,7,3,6,7,2,0,0,1,1,0,0,0,690472.9786,5342320.0529,11.563703774,48.205508305,2,#fc8d62,car
144078,9,1,75,118,2016,8,12,4,3,5,3,0,0,1,1,0,0,0,0,716350.5099,5339475079.0,11.910119328,48.171655578,1,#66c2a5,bicycle
144080,9,1,62,0,2016,8,9,4,2,4,6,0,0,1,0,0,0,0,0,684445.7282,5336579.0559,11.480167282,48.155685425,1,#66c2a5,bicycle
144081,9,1,78,143,2016,8,16,4,2,0,1,0,0,1,0,0,0,0,0,717053.1886,5373527.3552,11.937087251,48.477372805,1,#66c2a5,bicycle
144086,9,1,62,0,2016,8,12,7,3,1,6,0,0,0,1,0,0,0,0,688138.4261,5333851.4503,11.528566679,48.130087485,2,#fc8d62,car
144089,9,1,62,0,2016,8,7,5,3,1,2,0,0,1,1,0,0,0,0,693011936.0,5333849389.0,11.593996619,48.128609863,1,#66c2a5,bicycle
144090,9,1,75,115,2016,8,13,4,3,4,6,0,0,0,1,0,0,0,0,719340.6602,5328473.1508,11.944624839,48.071777654,2,#fc8d62,car
144091,9,1,62,0,2016,8,19,3,3,5,3,0,0,1,1,0,0,0,0,694974.6,5334098.3649,11.62045942,48.130249431,1,#66c2a5,bicycle
144093,9,1,62,0,2016,8,6,4,3,5,3,0,0,0,0,0,1,0,1,682111633.0,5339339.2932,11.449993751,48.181169042,4,#e78ac3,marker
144094,9,1,62,0,2016,8,9,4,3,3,2,0,0,0,1,0,1,0,0,690104.3375,5335711.2567,11.555791352,48.146219345,2,#fc8d62,car
144098,9,1,62,0,2016,8,16,4,3,6,6,0,0,1,0,1,0,0,0,688796.3038,5337741.7996,11.539124832,48.164859607,1,#66c2a5,bicycle
144100,9,7,71,146,2016,8,11,7,3,5,3,0,0,1,1,0,0,0,0,647376.9208,5346645.7611,10.985563723,48.255872792,1,#66c2a5,bicycle
144103,9,1,62,0,2016,8,9,5,3,2,6,0,0,0,1,0,0,0,0,684526.6263,5334856.4868,11.480507343,48.140178625,2,#fc8d62,car
144104,9,1,62,0,2016,8,16,3,3,5,3,0,0,0,1,0,0,0,0,698194545.0,5332302.1948,11.662852378,48.113112349,2,#fc8d62,car
144105,9,1,81,128,2016,8,12,7,3,0,7,0,0,1,1,0,0,0,0,638095.9312,5328439.9158,10.85467877,48.094253344,1,#66c2a5,bicycle
144108,9,1,62,0,2016,8,22,4,3,4,2,2,0,0,1,0,0,0,0,686754.2794,5330262.0061,11.508410611,48.098231852,2,#fc8d62,car
144110,9,1,62,0,2016,8,14,4,3,3,2,0,0,1,0,0,0,0,1,689308.9651,5333007.7426,11.543907853,48.122157093,1,#66c2a5,bicycle
144112,9,1,62,0,2016,8,12,5,3,0,7,0,0,1,0,0,0,0,1,690684421.0,5330105.0954,11.561074537,48.095657615,1,#66c2a5,bicycle
144115,9,1,62,0,2016,8,13,5,3,2,6,0,0,0,1,0,0,0,1,690142.9371,5335219.1173,11.556089984,48.141784462,2,#fc8d62,car
144116,9,1,84,149,2016,8,16,3,3,5,2,0,0,0,1,0,1,0,0,690633212.0,5350394325.0,11.569492492,48.278029848,2,#fc8d62,car
144121,9,1,62,0,2016,8,20,3,2,4,2,2,0,1,1,0,0,0,0,689681.8141,5334897.7242,11.54975434,48.139033403,1,#66c2a5,bicycle
144127,9,1,62,0,2016,8,12,7,3,5,3,0,0,0,1,0,0,0,0,692851.1954,5330087.1354,11.590137625,48.094844193,2,#fc8d62,car
144130,9,1,62,0,2016,8,15,3,3,5,7,0,0,1,0,0,0,0,1,688263553.0,5337519.5556,11.531868754,48.163020035,1,#66c2a5,bicycle
144133,9,1,74,151,2016,8,15,1,3,8,1,0,0,0,0,0,1,0,0,679255.9865,5359652.6783,11.420224243,48.364573074,4,#e78ac3,marker
144135,9,1,62,0,2016,8,23,4,3,5,3,2,0,1,1,0,0,0,0,691211946.0,5335365601.0,11.570511478,48.14278068,1,#66c2a5,bicycle
144136,9,1,62,0,2016,8,19,3,3,5,3,0,0,1,0,0,0,0,1,699481.7124,5335307.3698,11.681533125,48.139718408,1,#66c2a5,bicycle
144139,9,1,74,115,2016,8,5,2,3,0,1,1,0,1,0,0,0,0,0,683543.8359,5348748.1916,11.473316475,48.265328418,1,#66c2a5,bicycle
144145,9,7,72,163,2016,8,17,4,3,5,3,0,0,0,1,0,1,0,0,640175507.0,5348353825.0,10.889163566,48.272865539,2,#fc8d62,car
144146,9,1,62,0,2016,8,15,3,3,5,1,0,0,1,0,0,0,0,0,692635.2222,5334756.8766,11.589349422,48.136880276,1,#66c2a5,bicycle
144147,9,1,78,143,2016,8,9,2,3,1,3,0,0,0,1,0,0,1,0,717237.3427,5372217.3017,11.938895365,48.465538921,2,#fc8d62,car
144152,9,1,62,0,2016,8,8,3,3,0,7,0,0,1,0,0,0,0,0,693859.9,5334668.2408,11.605753263,48.135711754,1,#66c2a5,bicycle
144155,9,1,62,0,2016,8,15,3,2,0,1,0,0,1,0,0,0,0,0,691279.0201,5339015.3378,11.573053151,48.175563841,1,#66c2a5,bicycle
144158,9,7,61,0,2016,8,17,4,3,1,7,0,0,0,1,0,0,0,0,639293.5497,5358644.1093,10.880683136,48.365588751,2,#fc8d62,car
144159,9,1,62,0,2016,8,14,3,3,5,3,0,0,1,1,0,0,0,0,684445.3058,5332586.9298,11.478432855,48.119802172,1,#66c2a5,bicycle
144160,9,1,75,124,2016,8,15,2,2,0,7,0,0,0,0,0,0,1,0,716718.0425,5328228.8461,11.909339966,48.070478902,5,#a6d854,bus
144164,9,1,62,0,2016,8,19,3,3,0,7,0,0,1,0,0,0,0,0,692041.5416,5337048.9133,11.582411684,48.157660101,1,#66c2a5,bicycle
144168,9,1,84,122,2016,8,12,1,2,0,7,0,0,1,0,0,0,0,0,689197.6331,5324293.8966,11.538554212,48.043868377,1,#66c2a5,bicycle
144170,9,1,62,0,2016,8,6,3,3,5,2,0,0,1,0,0,0,1,0,689694.7407,5334565.9664,11.549780175,48.136047694,1,#66c2a5,bicycle
144171,9,1,62,0,2016,8,15,1,3,0,5,0,0,0,1,0,0,0,0,689979.0003,5333321.7952,11.553042407,48.12478024,2,#fc8d62,car
144180,9,1,62,0,2016,8,14,4,3,6,7,0,0,1,0,1,0,0,0,693571.3984,5334877.4353,11.601974605,48.137679745,1,#66c2a5,bicycle
144181,9,1,62,0,2016,8,7,1,3,5,3,0,1,0,1,0,0,0,0,683640429.0,5337939.7249,11.469936636,48.168148943,2,#fc8d62,car
144186,9,1,87,117,2016,8,12,3,3,0,1,0,0,1,0,0,0,0,0,724813.7532,5304785.0889,12.005612772,47.857039771,1,#66c2a5,bicycle
144190,9,7,78,116,2016,8,15,3,2,2,1,0,0,1,0,0,0,0,0,616574548.0,5315842228.0,10.562330421,47.985253668,1,#66c2a5,bicycle
144191,9,1,62,0,2016,8,9,4,3,1,6,0,0,0,1,0,0,0,0,692552492.0,5335441831.0,11.588548243,48.14306153,2,#fc8d62,car
144194,9,1,87,150,2016,8,9,3,3,0,1,0,0,1,0,0,0,0,0,729460.4933,5304148.4371,12.067307858,47.84967758,1,#66c2a5,bicycle
144196,9,7,61,0,2016,8,17,2,3,6,7,0,0,1,0,1,0,0,0,640160.9488,5358848.5628,10.892455905,48.367235129,1,#66c2a5,bicycle
144198,9,2,74,113,2016,8,8,2,3,5,3,0,0,0,1,0,0,0,1,728192.0398,5382025.0523,12.092237867,48.549767439,2,#fc8d62,car
144199,9,7,61,0,2016,8,15,4,3,5,3,0,0,1,0,0,0,0,0,641897.8932,5360503.4276,10.916453153,48.381726858,1,#66c2a5,bicycle
144200,9,1,62,0,2016,8,18,3,3,3,6,0,0,1,0,0,0,0,0,688023.4663,5334243274.0,11.527196097,48.133643251,1,#66c2a5,bicycle
144201,9,7,78,204,2016,8,15,1,3,0,1,0,0,1,0,0,0,0,0,614759.9951,5330825.2729,10.542039988,48.120337061,1,#66c2a5,bicycle
144202,9,7,62,0,2016,8,15,4,3,2,2,0,0,0,1,0,1,0,0,621329428.0,5304581.4675,10.622856391,47.883093842,2,#fc8d62,car
144203,9,7,71,158,2016,8,17,4,2,4,1,0,0,0,1,0,0,0,0,642323.6974,5373601.0592,10.926650647,48.499397167,2,#fc8d62,car
144206,9,1,62,0,2016,8,9,3,2,4,6,0,0,1,0,0,0,0,0,692220.2051,5335550698.0,11.584135061,48.144140482,1,#66c2a5,bicycle
144216,9,1,62,0,2016,8,19,3,2,5,3,0,0,1,1,0,0,0,0,687120.1914,5336227.5985,11.51593946,48.151745134,1,#66c2a5,bicycle
144222,9,2,61,0,2016,8,15,2,3,8,7,0,0,1,0,0,0,0,0,730894977.0,5381018.48,12.128251062,48.539736519,1,#66c2a5,bicycle
144225,9,1,81,135,2016,8,20,3,2,0,7,1,0,1,0,0,0,0,0,646481.6292,5310736279.0,10.961187079,47.933192089,1,#66c2a5,bicycle
144230,9,7,61,0,2016,8,13,1,3,0,1,0,0,1,0,0,0,0,0,638449.2948,5357204.4637,10.868816981,48.352829442,1,#66c2a5,bicycle
144231,9,1,81,128,2016,8,11,3,3,5,6,0,0,1,1,0,0,0,0,638070.5219,5327029.2625,10.853881603,48.081573787,1,#66c2a5,bicycle
144235,9,2,74,126,2016,8,15,2,2,5,3,0,0,1,1,0,0,0,0,733246.0637,5383252.0031,12.161304938,48.558930016,1,#66c2a5,bicycle
144238,9,1,62,0,2016,8,18,4,3,5,3,0,0,0,1,0,0,0,0,689059.6092,5333352888.0,11.540713543,48.125333399,2,#fc8d62,car
144239,9,7,61,0,2016,8,4,1,3,9,1,2,0,0,1,0,0,0,0,639537053.0,5358150.5504,10.883805255,48.361097013,2,#fc8d62,car
144240,9,1,88,132,2016,8,19,3,3,0,7,0,0,1,0,0,0,0,0,667689663.0,5326065185.0,11.25091135,48.065804843,1,#66c2a5,bicycle
144241,9,7,61,0,2016,8,18,1,3,5,3,0,0,1,1,0,0,0,0,640644.5028,5357856.7806,10.898649564,48.358209788,1,#66c2a5,bicycle
144242,9,1,79,121,2016,8,13,3,3,0,7,0,0,1,0,0,0,0,0,667655997.0,5338520625.0,11.255358541,48.177788496,1,#66c2a5,bicycle
144243,9,1,77,133,2016,8,17,3,3,0,6,0,0,0,1,0,0,0,0,706465.6091,5359415.0671,11.787056136,48.354127152,2,#fc8d62,car
144244,9,7,62,0,2016,8,12,3,2,0,1,0,0,1,0,0,0,0,0,622270.6237,5305728.5459,10.635765081,47.893231727,1,#66c2a5,bicycle
144250,9,1,84,119,2016,8,6,3,3,5,3,0,0,1,1,0,0,0,0,696853.6689,5346498.9931,11.651432248,48.241118906,1,#66c2a5,bicycle
144253,9,1,75,131,2016,8,4,3,2,8,1,2,0,0,1,0,0,0,0,711284803.0,5322675135.0,11.833753874,48.022395581,2,#fc8d62,car
144263,9,1,62,0,2016,8,19,3,3,0,7,0,0,0,0,1,0,0,1,678230.3621,5340277.7789,11.398219762,48.190705724,3,#8da0cb,toilet
144265,9,7,72,171,2016,8,22,4,3,3,6,2,0,1,0,0,0,0,1,637625326.0,5371619.2366,10.862430986,48.482624068,1,#66c2a5,bicycle
144266,9,1,77,139,2016,8,20,3,3,5,3,1,0,1,1,0,0,0,0,732938462.0,5359132.7,12.143726521,48.342383913,1,#66c2a5,bicycle
144267,9,1,87,176,2016,8,12,4,2,0,1,0,0,1,0,0,0,0,0,738097.9364,5334190.2344,12.199236327,48.11640969,1,#66c2a5,bicycle
144270,9,7,72,130,2016,8,21,3,2,4,6,0,0,1,1,0,0,0,0,632723.6959,5357990.0009,10.791819571,48.361122508,1,#66c2a5,bicycle
144272,9,1,62,0,2016,8,8,3,3,5,3,0,0,1,1,0,0,0,0,690862.0442,5339294.0496,11.567575069,48.178194231,1,#66c2a5,bicycle
144274,9,1,84,132,2016,8,11,3,3,4,7,0,0,1,1,0,0,0,0,684289.0816,5329127.2087,11.474841463,48.088749306,1,#66c2a5,bicycle
144276,9,1,62,0,2016,8,8,2,3,3,2,0,0,0,1,0,0,0,1,689479.5938,5334910.5227,11.547044522,48.139208685,2,#fc8d62,car
144278,9,7,61,0,2016,8,14,3,3,5,3,0,0,1,1,0,0,0,0,637884.9541,5359449.1147,10.861939313,48.373136507,1,#66c2a5,bicycle
144281,9,1,62,0,2016,8,16,2,3,4,2,0,0,0,1,0,0,0,0,694957657.0,5336700889.0,11.621423418,48.153644911,2,#fc8d62,car
144282,9,1,62,0,2016,8,16,2,3,1,6,0,0,0,1,0,0,0,0,689423.2959,5337145.9488,11.547283288,48.159317577,2,#fc8d62,car
144284,9,1,62,0,2016,8,14,2,3,5,3,0,0,0,1,0,0,0,0,690870.8734,5339132.3574,11.567621106,48.176738312,2,#fc8d62,car
144287,9,7,72,202,2016,8,0,3,3,0,1,2,0,1,0,0,0,0,0,637483.8886,5358666464.0,10.85627058,48.366186512,1,#66c2a5,bicycle
144292,9,1,62,0,2016,8,17,2,3,5,3,0,0,0,1,0,1,0,0,687164141.0,5330070.9311,11.513826447,48.096394149,2,#fc8d62,car
144297,9,1,62,0,2016,8,16,3,3,5,3,0,0,0,1,0,0,0,0,690870.8225,5339133356.0,11.56762087,48.176747303,2,#fc8d62,car
144299,9,7,61,0,2016,8,17,3,3,5,2,0,0,1,1,0,0,0,0,642694.9385,5359853719.0,10.92699105,48.375705228,1,#66c2a5,bicycle
144300,9,1,83,126,2016,8,18,2,2,9,7,0,0,0,1,0,0,0,0,731224.76,5336537.0699,12.108300073,48.140025433,2,#fc8d62,car
144302,9,7,61,0,2016,8,19,3,2,6,2,0,0,0,1,1,0,0,0,642411.8904,5360878.5968,10.923518212,48.384984376,2,#fc8d62,car
144303,9,1,62,0,2016,8,17,4,3,1,5,0,0,1,0,0,0,0,1,688227.7571,5330485.2825,11.528280352,48.099805179,1,#66c2a5,bicycle
144306,9,1,84,120,2016,8,18,2,3,1,7,0,0,1,1,0,0,0,0,681308.2358,5332030.4667,11.436082583,48.115701216,1,#66c2a5,bicycle
144308,9,7,72,147,2016,8,4,2,3,5,3,2,0,1,1,0,0,0,0,638447.3294,5364524.5045,10.871202538,48.418650093,1,#66c2a5,bicycle
144312,9,1,62,0,2016,8,7,3,3,5,3,0,0,0,1,0,1,0,0,688884.3379,5342679.2158,11.542503015,48.209211114,2,#fc8d62,car
144314,9,7,72,184,2016,8,12,4,2,3,2,0,0,1,1,0,0,0,0,634964.8222,5361663.5933,10.823239353,48.393680451,1,#66c2a5,bicycle
144315,9,1,62,0,2016,8,12,2,3,5,2,0,0,0,1,0,1,0,0,683066.7633,5335069.6427,11.460993556,48.142516309,2,#fc8d62,car
144316,9,1,79,121,2016,8,16,4,3,0,7,0,0,0,1,0,0,0,1,665311.2603,5336560.8823,11.223079299,48.160784481,2,#fc8d62,car
144318,9,7,71,130,2016,8,10,4,3,5,6,0,0,1,1,0,0,0,0,645949.3971,5357394.3772,10.970060127,48.352848239,1,#66c2a5,bicycle
144319,9,1,62,0,2016,8,19,2,3,5,2,0,0,1,1,0,0,0,0,686602.3631,5334361.7183,11.50816619,48.135126125,1,#66c2a5,bicycle
144322,9,7,61,0,2016,8,18,3,3,5,1,0,0,1,1,0,0,0,0,639357582.0,5357293.7742,10.88109995,48.35343272,1,#66c2a5,bicycle
144326,9,1,62,0,2016,8,20,3,3,5,3,0,0,0,1,0,0,0,1,685437.2492,5328655.3636,11.490040449,48.084175123,2,#fc8d62,car
144328,9,1,62,0,2016,8,11,2,3,6,7,0,0,0,0,1,0,0,1,686219.39,5334405592.0,11.503042838,48.135632657,3,#8da0cb,toilet
144329,9,1,81,130,2016,8,9,4,3,0,7,0,0,1,0,0,0,0,0,638574.2787,5325487.4477,10.860141929,48.067599992,1,#66c2a5,bicycle
144331,9,7,61,0,2016,8,16,3,3,0,7,0,0,1,0,0,0,0,0,640311.2102,5358065.5903,10.894222426,48.360161497,1,#66c2a5,bicycle