OBJECTID,ULAND,UREGBEZ,UKREIS,UGEMEINDE,UJAHR,UMONAT,USTUNDE,UWOCHENTAG,UKATEGORIE,UART,UTYP1,ULICHTVERH,STRZUSTAND,IstRad,IstPKW,IstFuss,IstKrad,IstGkfz,IstSonstig,LINREFX,LINREFY,XGCSWGS84,YGCSWGS84,Teilnehmer,color,symbol
144785,9,7,72,200,2016,8,17,1,3,1,6,0,0,1,1,0,0,0,0,630286.6344,5337246.9687,10.752543303,48.175097703,1,#66c2a5,bicycle
144786,9,7,61,0,2016,8,13,3,3,0,7,0,0,1,0,0,0,0,0,641458.3232,5362573.7389,10.911217058,48.400440908,1,#66c2a5,bicycle
144789,9,1,84,120,2016,8,13,1,3,0,1,0,0,1,0,0,0,0,0,681995372.0,5333236003.0,11.445820981,48.126341529,1,#66c2a5,bicycle
144790,9,1,84,145,2016,8,17,3,3,5,2,0,0,1,1,0,0,0,0,694095.2718,5325091.4492,11.604560324,48.049566498,1,#66c2a5,bicycle
144793,9,1,79,142,2016,8,18,4,3,0,1,0,0,1,0,0,0,0,0,672345.2696,5342623.9527,11.32005276,48.213420832,1,#66c2a5,bicycle
144794,9,1,79,145,2016,8,18,3,3,4,6,0,0,0,1,0,0,0,0,673920.6062,5336977.8936,11.338929299,48.162236509,2,#fc8d62,car
144796,9,1,63,0,2016,8,11,4,3,5,3,0,0,0,1,0,1,0,0,734001.5137,5305841.5521,12.128833097,47.863251671,2,#fc8d62,car
144797,9,7,61,0,2016,8,17,1,3,4,2,0,0,1,1,0,0,0,0,641939.8368,5356924827.0,10.915811692,48.349540172,1,#66c2a5,bicycle
144801,9,7,61,0,2016,8,14,2,3,2,6,0,0,0,1,0,0,0,0,639283.0317,5361336.9471,10.881433501,48.389804367,2,#fc8d62,car
144802,9,1,88,121,2016,8,14,1,2,4,6,0,1,0,1,0,0,0,0,669426.1312,5330204.8663,11.275843096,48.102561556,2,#fc8d62,car
144804,9,1,78,157,2016,8,17,3,3,5,3,0,0,0,1,0,0,0,0,704903.1917,5370205.9407,11.771257484,48.451603174,2,#fc8d62,car
144806,9,7,61,0,2016,8,17,3,2,1,2,0,0,1,1,0,0,0,0,642405.3511,5360024.6253,10.923140573,48.377307356,1,#66c2a5,bicycle
144815,9,1,81,144,2016,8,19,4,3,0,7,0,0,1,1,0,0,0,0,656298.08,5321008008.0,11.096264718,48.023228388,1,#66c2a5,bicycle
144817,9,1,78,120,2016,8,1,1,3,9,7,2,0,0,0,0,1,0,0,691553.6516,5354403.4764,11.583704391,48.313784621,4,#e78ac3,marker
144819,9,7,61,0,2016,8,4,1,3,2,6,2,0,1,1,0,0,0,0,641562.9365,5359554.1157,10.91161219,48.373266295,1,#66c2a5,bicycle
144820,9,7,72,147,2016,8,19,3,3,6,7,0,0,1,0,1,0,0,0,639021.4091,5365105.5625,10.879149887,48.423748372,1,#66c2a5,bicycle
144821,9,1,78,124,2016,8,17,1,3,2,6,0,0,0,1,0,1,0,0,702958851.0,5364367.2647,11.742166254,48.399765657,2,#fc8d62,car
144823,9,1,62,0,2016,8,14,7,3,1,5,0,0,0,1,0,0,0,0,679546.0537,5336232.2048,11.414198492,48.153969848,2,#fc8d62,car
144824,9,1,62,0,2016,8,10,2,3,0,3,0,1,0,1,0,1,0,0,688035181.0,5336708.6847,11.528442197,48.155799377,2,#fc8d62,car
144827,9,1,77,113,2016,8,7,4,3,0,6,0,0,0,1,0,1,0,0,722311649.0,5357483497.0,11.999646699,48.331395226,2,#fc8d62,car
144828,9,1,79,134,2016,8,8,2,3,5,2,0,0,1,1,0,0,0,0,667720.9085,5342520.3197,11.25781109,48.213728183,1,#66c2a5,bicycle
144829,9,1,62,0,2016,8,16,7,2,5,3,0,0,1,1,0,0,0,0,691431.7974,5335446.7457,11.573500387,48.143443888,1,#66c2a5,bicycle
144832,9,7,61,0,2016,8,17,1,3,4,2,0,0,0,1,0,0,0,0,640402.8794,5359182.3444,10.895832035,48.370182616,2,#fc8d62,car
144836,9,7,72,163,2016,8,17,2,3,7,1,0,0,1,0,0,0,0,0,639905.1163,5347412.6519,10.885210129,48.26446241,1,#66c2a5,bicycle
144837,9,1,62,0,2016,8,16,1,2,1,5,0,0,1,1,0,0,0,0,689954.2705,5336208.8049,11.553997928,48.150736138,1,#66c2a5,bicycle
144838,9,1,62,0,2016,8,17,3,3,1,5,0,0,1,1,0,0,0,0,690146.8255,5334540.1732,11.555839092,48.135680946,1,#66c2a5,bicycle
144841,9,1,84,144,2016,8,14,1,3,0,1,0,0,1,0,0,0,0,0,688480.3622,5315901.0016,11.525252512,47.968641707,1,#66c2a5,bicycle
144843,9,1,62,0,2016,8,12,3,2,3,2,0,0,0,1,0,1,0,0,693148.5146,5333726.3921,11.595774478,48.127462972,2,#fc8d62,car
144844,9,1,62,0,2016,8,15,7,3,4,3,0,0,0,1,0,0,0,0,692187.9736,5337009.1627,11.584360745,48.157258594,2,#fc8d62,car
144852,9,1,62,0,2016,8,16,3,3,1,5,0,0,1,1,0,0,0,0,691606.6225,5336259.0958,11.576213789,48.150692544,1,#66c2a5,bicycle
144853,9,1,62,0,2016,8,19,7,3,5,2,1,0,0,1,0,0,0,1,686763177.0,5336992682.0,11.511479776,48.15872686,2,#fc8d62,car
144854,9,1,62,0,2016,8,23,7,2,7,6,2,0,1,0,0,0,0,1,688558.0099,5336462.4153,11.535356239,48.153431073,1,#66c2a5,bicycle
144856,9,1,79,145,2016,8,12,4,2,0,7,0,0,1,0,0,0,0,0,674264.6878,5337694.0824,11.343846056,48.168580392,1,#66c2a5,bicycle
144858,9,1,79,121,2016,8,22,3,2,8,7,2,0,0,1,0,1,0,0,667874.2972,5338784.2933,11.258396975,48.180101214,2,#fc8d62,car
144862,9,1,62,0,2016,8,20,7,3,5,3,0,0,1,1,0,0,0,0,690367.2586,5343214.7174,11.562683721,48.213581125,1,#66c2a5,bicycle
144865,9,1,74,150,2016,8,17,4,3,4,6,0,0,0,1,0,0,0,1,680691.3827,5358490.4911,11.439087022,48.353717605,2,#fc8d62,car
144867,9,1,62,0,2016,8,17,2,3,2,6,0,1,0,1,0,0,0,0,686278.6552,5338999.8297,11.505849938,48.176909853,2,#fc8d62,car
144870,9,2,61,0,2016,8,12,2,3,5,3,0,1,0,1,0,1,0,0,731693.5843,5379583.5026,12.138256504,48.526552022,2,#fc8d62,car
144872,9,1,62,0,2016,8,23,7,3,2,6,2,0,0,1,0,0,0,1,691117.6472,5335158.6817,11.569152253,48.140949241,2,#fc8d62,car
144874,9,1,62,0,2016,8,20,2,3,3,7,1,1,0,1,0,1,0,0,690349.5706,5334694.5958,11.558630458,48.137008286,2,#fc8d62,car
144876,9,1,84,131,2016,8,17,3,3,5,3,0,0,1,1,0,0,0,0,705621.9556,5338309393.0,11.765425442,48.164741537,1,#66c2a5,bicycle
144877,9,1,62,0,2016,8,19,7,3,5,3,0,0,1,1,0,0,0,0,686920.8832,5343586.3482,11.516500011,48.217945798,1,#66c2a5,bicycle
144881,9,1,62,0,2016,8,13,7,3,1,3,0,0,1,1,0,0,0,0,688988.5572,5341959.1709,11.543583763,48.202708339,1,#66c2a5,bicycle
144885,9,7,61,0,2016,8,21,3,3,5,3,2,0,1,0,0,0,0,0,637402206.0,5357646242.0,10.854835122,48.357030567,1,#66c2a5,bicycle
144886,9,1,62,0,2016,8,18,7,2,0,7,0,0,1,0,0,0,0,0,688428.0378,5337164446.0,11.533921291,48.159779539,1,#66c2a5,bicycle
144888,9,7,78,116,2016,8,8,2,3,2,6,0,1,1,1,0,0,0,0,619322016.0,5317911686.0,10.599712591,48.003359092,1,#66c2a5,bicycle
144889,9,1,62,0,2016,8,13,1,3,3,6,0,0,0,1,0,1,0,0,689437.1772,5333080.2291,11.545661198,48.122770475,2,#fc8d62,car
144891,9,1,62,0,2016,8,11,3,3,6,7,0,0,0,1,1,0,0,0,686261.2301,5339494.2683,11.505832472,48.181359119,2,#fc8d62,car
144892,9,1,62,0,2016,8,16,7,3,1,5,0,0,1,1,0,0,0,0,692483.8734,5336700.4721,11.58819588,48.154394664,1,#66c2a5,bicycle
144894,9,1,87,179,2016,8,17,4,3,8,1,0,1,1,0,0,0,0,0,723665312.0,5309704693.0,11.992827582,47.901643608,1,#66c2a5,bicycle
144896,9,1,88,141,2016,8,17,3,2,9,1,0,0,1,0,0,0,0,0,663906.1008,5306621.4551,11.192744981,47.891977438,1,#66c2a5,bicycle
144905,9,7,72,163,2016,8,7,2,3,5,3,0,0,0,1,0,0,0,0,639278.4253,5348415.7413,10.87710064,48.273620221,2,#fc8d62,car
144908,9,1,78,143,2016,8,8,3,2,8,6,0,0,0,1,0,0,0,0,723017.2019,5369040.8871,12.015285323,48.434979894,2,#fc8d62,car
144917,9,1,79,123,2016,8,11,4,3,6,7,0,0,0,1,1,0,0,0,676011.3715,5333406.1008,11.365545031,48.129553305,2,#fc8d62,car
144921,9,7,72,184,2016,8,5,3,3,5,3,1,0,1,0,0,0,0,0,635912.1533,5361655.7626,10.8360275,48.393406574,1,#66c2a5,bicycle
144925,9,1,62,0,2016,8,11,1,3,2,4,0,0,0,1,1,0,0,0,689091.0121,5333359.9437,11.541138257,48.12538749,2,#fc8d62,car
144927,9,7,72,215,2016,9,10,6,3,5,2,0,0,1,1,0,0,0,0,633545.4857,5345335.4157,10.798903962,48.247155894,1,#66c2a5,bicycle
144935,9,1,62,0,2016,9,15,5,3,6,2,0,0,0,1,1,0,0,0,684603.62,5335017.7299,11.481611224,48.141605629,2,#fc8d62,car
144939,9,1,81,130,2016,9,17,5,2,0,1,0,0,1,0,0,0,0,0,639279.1872,5323982.9171,10.869109031,48.053917267,1,#66c2a5,bicycle
144940,9,2,61,0,2016,9,16,7,3,2,6,0,0,0,1,0,1,0,0,731496.9849,5382806.7994,12.137388396,48.555578909,2,#fc8d62,car
144942,9,1,77,117,2016,9,14,5,3,0,7,0,0,0,0,0,1,0,0,714728872.0,5355279187.0,11.896348295,48.314210559,4,#e78ac3,marker
144946,9,1,79,142,2016,9,14,7,3,3,6,0,0,1,1,0,0,0,0,674004.1213,5344028.1469,11.342940595,48.225590926,1,#66c2a5,bicycle
144947,9,1,62,0,2016,9,17,5,3,3,6,0,1,1,0,0,1,0,0,690262.5044,5335230.3862,11.557700701,48.141850004,1,#66c2a5,bicycle
144952,9,1,77,117,2016,9,18,5,3,0,1,0,0,1,0,0,0,0,0,715440.9812,5354758.2333,11.905674701,48.309287574,1,#66c2a5,bicycle
144954,9,1,62,0,2016,9,12,6,3,2,6,0,0,0,1,0,0,0,1,679487193.0,5338582.3142,11.41439957,48.175111442,2,#fc8d62,car
144957,9,2,61,0,2016,9,14,6,3,1,6,0,0,0,1,0,0,0,0,734849215.0,5381993.4994,12.182288755,48.54702733,2,#fc8d62,car
144958,9,1,62,0,2016,9,22,6,3,0,1,2,0,1,0,0,0,0,0,691480.2642,5333941.8105,11.573474765,48.12990312,1,#66c2a5,bicycle
144959,9,1,62,0,2016,9,11,6,3,5,2,0,0,0,1,0,0,0,0,697932.2373,5334515.6092,11.660359793,48.133086512,2,#fc8d62,car
144960,9,7,72,147,2016,9,7,5,3,5,3,0,0,1,1,0,0,0,0,638514985.0,5364426.8307,10.87208418,48.417756967,1,#66c2a5,bicycle
144961,9,1,62,0,2016,9,16,5,3,5,2,0,0,1,1,0,0,0,0,687367.4045,5339011.3281,11.520486372,48.176693124,1,#66c2a5,bicycle
144964,9,1,62,0,2016,8,19,4,3,6,4,0,0,1,0,1,0,0,0,690942.2413,5340313.0063,11.569110702,48.187328365,1,#66c2a5,bicycle
144965,9,7,62,0,2016,9,17,6,3,5,3,0,0,1,1,0,0,0,0,622294.7562,5305551.8642,10.63603773,47.891638108,1,#66c2a5,bicycle
144968,9,1,62,0,2016,8,13,4,3,1,5,0,0,1,1,0,0,0,0,690353.3601,5334505.4832,11.558596836,48.13530741,1,#66c2a5,bicycle
144970,9,1,82,120,2016,9,14,6,3,8,1,0,0,1,0,0,0,0,0,702949221.0,5309962017.0,11.716088787,47.91084371,1,#66c2a5,bicycle
144971,9,1,62,0,2016,8,21,4,2,3,3,2,0,1,1,0,0,0,0,691321.0763,5337256.9554,11.572827185,48.159747123,1,#66c2a5,bicycle
144972,9,7,61,0,2016,9,15,5,3,1,6,0,0,0,1,0,0,0,1,639283463.0,5361358.9786,10.881446629,48.390002373,2,#fc8d62,car
144973,9,1,62,0,2016,9,17,5,3,3,6,0,1,0,1,0,1,0,1,686712.8905,5334375.6173,11.509656429,48.135218636,2,#fc8d62,car
144974,9,7,61,0,2016,9,13,6,3,5,3,0,0,1,1,0,0,0,0,641775.1626,5361960.9904,10.915288434,48.394860193,1,#66c2a5,bicycle
144977,9,1,84,138,2016,8,15,4,3,5,3,0,0,1,1,0,0,0,0,679866.7138,5331761485.0,11.416618583,48.113692126,1,#66c2a5,bicycle
144982,9,1,62,0,2016,9,19,5,3,0,1,0,1,1,0,0,0,0,0,687897.4851,5330284.1794,11.523760068,48.098095084,1,#66c2a5,bicycle
144988,9,1,88,139,2016,9,14,6,3,4,6,0,0,1,0,0,0,0,0,676098.8401,5321980.2485,11.362010764,48.026817616,1,#66c2a5,bicycle
144989,9,1,62,0,2016,8,16,4,3,6,4,0,0,0,1,1,0,0,0,685034.2179,5329391.3293,11.484952698,48.09090751,2,#fc8d62,car
144990,9,1,62,0,2016,9,5,5,3,1,5,1,0,0,1,0,0,0,0,696588515.0,5332613.1522,11.641441696,48.116404803,2,#fc8d62,car
144992,9,1,62,0,2016,9,17,5,3,0,1,0,1,1,0,0,0,0,0,692785.2361,5338361.5312,11.592996589,48.169232503,1,#66c2a5,bicycle
144996,9,1,84,136,2016,8,12,4,3,5,3,0,0,0,1,0,0,0,0,698301.7394,5326346.7149,11.661526144,48.059555162,2,#fc8d62,car
145000,9,1,79,126,2016,9,13,7,3,0,7,0,0,0,0,0,1,0,1,676517.8697,5341248.9484,11.375601334,48.19991394,4,#e78ac3,marker
145001,9,7,61,0,2016,9,17,5,3,0,7,0,0,1,0,0,0,0,0,638787.2872,5358421.5166,10.873778157,48.363698758,1,#66c2a5,bicycle
145002,9,1,62,0,2016,9,18,5,2,6,4,0,0,1,0,1,0,0,0,691461.3282,5333947.2523,11.573222978,48.129957727,1,#66c2a5,bicycle
145007,9,1,62,0,2016,8,6,4,3,0,6,1,0,0,0,0,1,0,0,691225.3726,5341820.3079,11.573595005,48.200790522,4,#e78ac3,marker
145008,9,1,90,157,2016,9,17,7,3,0,7,0,0,0,1,1,0,0,0,659281.6097,5301941.7588,11.129198131,47.851065958,2,#fc8d62,car
145009,9,1,62,0,2016,9,18,6,2,0,6,0,0,0,1,0,1,0,0,693977.6223,5331216.9426,11.605763678,48.104656728,2,#fc8d62,car
145010,9,1,62,0,2016,9,10,6,3,5,2,0,0,0,1,0,1,0,0,690250742.0,5334740701.0,11.557323995,48.137452233,2,#fc8d62,car
145012,9,1,63,0,2016,9,10,6,3,0,1,0,0,1,0,0,0,0,0,733018.1134,5308015.2611,12.116876229,47.883137783,1,#66c2a5,bicycle
145013,9,1,62,0,2016,8,14,4,2,5,2,0,0,1,0,0,0,0,0,693836.8112,5334010.8071,11.605144148,48.129809992,1,#66c2a5,bicycle
145014,9,1,62,0,2016,8,16,4,3,2,6,0,0,1,0,0,0,0,0,686692.0821,5339467.4209,11.511611296,48.180991357,1,#66c2a5,bicycle
145015,9,1,62,0,2016,9,16,6,3,3,6,0,0,1,0,0,0,0,0,688864.9615,5336233.1652,11.539377584,48.151279473,1,#66c2a5,bicycle
145016,9,7,78,116,2016,9,10,6,3,0,1,0,0,1,0,0,0,0,0,622537.6493,5317745.5483,10.642758005,48.001256606,1,#66c2a5,bicycle
145018,9,7,61,0,2016,9,14,6,2,1,7,0,0,1,1,0,0,0,0,641279.7213,5361485.1626,10.908439158,48.390692949,1,#66c2a5,bicycle
145022,9,1,87,122,2016,9,15,6,3,5,3,0,0,1,1,0,0,0,0,719404.0172,5306828.6711,11.934424599,47.877272213,1,#66c2a5,bicycle
145023,9,1,62,0,2016,8,9,4,3,3,7,0,0,1,0,0,0,1,0,688597.7977,5330507177.0,11.53325539,48.099892554,1,#66c2a5,bicycle
145024,9,1,79,138,2016,9,23,6,3,0,7,2,0,1,0,0,0,0,0,654760.5108,5335506.6312,11.080911419,48.153961606,1,#66c2a5,bicycle
145025,9,7,61,0,2016,9,14,5,3,4,6,0,0,1,0,0,0,0,0,640762.5994,5354568.8221,10.899143913,48.328619147,1,#66c2a5,bicycle
145026,9,1,62,0,2016,9,18,5,3,0,1,0,1,0,0,0,1,0,0,692579.5869,5332041.9837,11.587375776,48.112496194,4,#e78ac3,marker
145030,9,1,62,0,2016,8,15,4,3,0,7,0,0,0,0,0,0,0,1,692994.3275,5340397.6129,11.596730504,48.187468664,6,#ffd92f,circle
145035,9,1,84,149,2016,8,15,4,3,5,2,0,0,0,1,0,0,0,0,690364302.0,5350704.16,11.566011255,48.280895453,2,#fc8d62,car
145039,9,1,81,113,2016,9,22,6,2,8,1,2,0,1,1,0,0,0,0,638099.7476,5307762.1254,10.848074391,47.908307854,1,#66c2a5,bicycle
145040,9,1,62,0,2016,9,16,5,2,0,1,0,1,0,0,0,1,0,0,692653.8478,5338022.6343,11.591077734,48.16622643,4,#e78ac3,marker
145041,9,1,62,0,2016,9,15,5,3,5,3,0,0,0,1,0,1,0,0,691846.8372,5335001.5802,11.578873544,48.139317797,2,#fc8d62,car
145044,9,1,62,0,2016,8,17,4,3,5,3,0,0,1,1,0,0,0,0,698214.9183,5333652714.0,11.663753625,48.125243487,1,#66c2a5,bicycle
145045,9,2,61,0,2016,9,19,7,3,0,7,0,0,1,0,0,0,0,0,731635.1525,5382367.1318,12.139013437,48.551578452,1,#66c2a5,bicycle
145046,9,2,61,0,2016,9,13,6,3,2,6,0,0,0,1,0,0,0,0,731808.6674,5381920.7032,12.141112697,48.547504184,2,#fc8d62,car
145047,9,1,78,124,2016,9,2,7,3,0,1,2,0,1,0,0,0,0,0,703726.3716,5363723.4973,11.752211477,48.393733154,1,#66c2a5,bicycle
145048,9,1,62,0,2016,9,15,6,3,1,5,0,0,1,1,0,0,0,0,686652.2654,5339739319.0,11.511195606,48.183446943,1,#66c2a5,bicycle
145052,9,1,62,0,2016,9,1,5,2,0,1,2,0,0,1,0,0,0,0,697952.2707,5331103.4714,11.659044751,48.102414389,2,#fc8d62,car
145054,9,7,78,116,2016,9,19,5,3,0,1,0,0,1,0,0,0,0,0,619539.9957,5318070.0804,10.602677932,48.00474291,1,#66c2a5,bicycle
145056,9,1,62,0,2016,8,16,4,3,0,5,0,0,1,1,0,0,0,0,690785.0269,5335035.1731,11.564630232,48.139938974,1,#66c2a5,bicycle
145058,9,1,62,0,2016,9,20,6,3,3,2,2,0,1,0,0,0,1,0,689653.0151,5334566.0821,11.549219948,48.13606117,1,#66c2a5,bicycle
145060,9,1,90,138,2016,9,15,5,2,1,5,0,0,1,1,0,0,0,0,661217.0151,5310580.9045,11.158277186,47.928257766,1,#66c2a5,bicycle
145061,9,1,62,0,2016,9,12,5,3,0,7,0,0,0,0,0,0,1,1,679248.1915,5337754.6413,11.410838598,48.167738995,5,#a6d854,bus
145065,9,1,62,0,2016,8,21,4,3,0,7,2,0,1,0,0,0,0,0,692867.8517,5336577.4962,11.593297754,48.153173063,1,#66c2a5,bicycle
145068,9,7,61,0,2016,9,16,6,3,0,1,0,0,1,0,0,0,0,0,640681.6507,5359263.1398,10.899621109,48.370847022,1,#66c2a5,bicycle
145069,9,1,62,0,2016,8,18,4,3,0,1,0,0,1,0,0,0,0,0,691284.4497,5334060.2074,11.570898937,48.131026136,1,#66c2a5,bicycle
145077,9,1,62,0,2016,9,15,5,3,0,1,0,0,1,0,0,0,0,0,689790.4898,5340231.0691,11.553593402,48.186937066,1,#66c2a5,bicycle
145078,9,7,61,0,2016,9,13,6,3,3,2,0,0,1,1,0,0,0,0,642667.4407,5360546.4831,10.926855074,48.381940433,1,#66c2a5,bicycle
145086,9,1,62,0,2016,9,9,5,2,0,7,0,1,1,0,0,0,0,0,689171.8085,5332582757.0,11.541878073,48.118378032,1,#66c2a5,bicycle
145091,9,1,77,117,2016,9,22,6,3,5,3,2,0,0,1,0,0,0,0,715637661.0,5354768.45,11.908329012,48.30931236,2,#fc8d62,car
145092,9,7,61,0,2016,9,10,5,3,5,3,0,0,1,1,0,0,0,0,639629.5581,5359556882.0,10.885520304,48.373721919,1,#66c2a5,bicycle
145093,9,1,62,0,2016,9,17,5,3,0,1,0,1,0,0,0,1,0,0,693456.1525,5335289.4679,11.600614289,48.141418012,4,#e78ac3,marker
145101,9,1,88,117,2016,9,12,7,3,0,6,0,0,0,1,0,1,0,0,663032.3039,5315301.0852,11.184349427,47.970236467,2,#fc8d62,car
145102,9,1,62,0,2016,9,16,5,2,3,7,0,0,0,1,0,1,0,0,690641.0711,5335217.4214,11.562778697,48.141620161,2,#fc8d62,car
145109,9,2,61,0,2016,9,20,7,3,0,1,2,0,1,0,0,0,0,0,732121174.0,5380577456.0,12.144592422,48.535322564,1,#66c2a5,bicycle
145112,9,1,62,0,2016,9,7,6,3,5,3,0,0,1,0,0,0,0,0,695824551.0,5330919604.0,11.630410642,48.101419378,1,#66c2a5,bicycle
145113,9,1,62,0,2016,9,16,6,3,0,1,0,0,1,0,0,0,0,0,693568.9669,5329217.4208,11.599373341,48.086809793,1,#66c2a5,bicycle
145116,9,7,72,130,2016,8,20,4,3,0,7,0,0,0,0,0,1,0,0,631461.4374,5355973.7581,10.774157432,48.343255931,4,#e78ac3,marker
145118,9,1,63,0,2016,9,18,5,3,3,6,1,0,1,1,0,0,0,0,733844.0438,5305351.7639,12.126465967,47.858908742,1,#66c2a5,bicycle
145120,9,1,62,0,2016,9,16,6,3,6,7,0,0,1,0,1,0,0,0,692233.5546,5338713.6429,11.585743425,48.172564272,1,#66c2a5,bicycle
145122,9,1,87,142,2016,9,13,5,3,0,1,0,0,1,0,0,0,0,0,733522.4703,5313146.4015,12.126389728,47.929052406,1,#66c2a5,bicycle
145125,9,7,71,130,2016,8,19,4,3,0,7,0,0,0,0,0,1,0,0,644172.7804,5363607.3956,10.948224794,48.409119986,4,#e78ac3,marker
145126,9,1,81,130,2016,9,7,6,3,5,3,0,0,0,1,0,0,1,0,637582.8399,5325387.4056,10.846808417,48.066915006,2,#fc8d62,car
145127,9,7,61,0,2016,9,15,5,2,0,7,0,0,0,0,0,1,0,0,639233.3226,5360494.8071,10.88048333,48.382243049,4,#e78ac3,marker
145128,9,1,62,0,2016,9,17,5,3,0,1,0,0,1,0,0,0,0,0,686140.8476,5334856.3042,11.502185135,48.139706808,1,#66c2a5,bicycle
145131,9,7,72,202,2016,8,11,4,3,2,6,0,0,0,1,0,0,0,0,636624.5505,5360111.2933,10.845143798,48.379364907,2,#fc8d62,car
145135,9,7,61,0,2016,8,15,4,3,6,4,0,0,0,1,1,0,0,0,642597.6552,5357760.1402,10.924968294,48.356902753,2,#fc8d62,car
145139,9,1,88,141,2016,9,8,6,2,0,7,0,1,1,0,0,0,0,0,669550.3924,5306885.1465,11.26829802,47.892881816,1,#66c2a5,bicycle
145140,9,7,61,0,2016,8,7,4,3,0,7,0,0,1,0,0,0,0,0,639283.4067,5359669.8802,10.880886026,48.374814467,1,#66c2a5,bicycle
145141,9,1,62,0,2016,9,9,5,2,0,7,0,0,1,1,0,0,0,0,682777.7104,5341135.8625,11.459719226,48.19712641,1,#66c2a5,bicycle
145142,9,1,62,0,2016,9,12,5,3,2,6,0,0,0,1,0,0,0,0,691513.0246,5335970.9224,11.574827001,48.148130671,2,#fc8d62,car
145144,9,1,87,122,2016,9,15,5,3,3,6,0,0,1,0,0,0,1,0,719684.1258,5306538.7845,11.938018443,47.87457167,1,#66c2a5,bicycle
145146,9,7,71,155,2016,8,12,4,3,0,1,0,0,0,0,0,1,0,0,648428.4125,5375860.4682,11.01004251,48.518298674,4,#e78ac3,marker
145147,9,2,74,126,2016,9,22,7,3,0,7,2,0,1,0,0,0,0,0,733902.0978,5382457.6679,12.169736144,48.551550546,1,#66c2a5,bicycle
145148,9,2,74,113,2016,9,14,6,3,1,3,0,0,0,1,0,1,0,0,729137.0099,5382514.6504,12.105293009,48.55382111,2,#fc8d62,car
145150,9,1,88,127,2016,9,16,7,3,0,1,0,0,0,0,0,1,0,0,674527.1293,5328254.1142,11.343507072,48.083648344,4,#e78ac3,marker
145151,9,1,62,0,2016,9,12,6,3,3,6,0,0,0,1,0,0,0,1,682492.6778,5337789.3546,11.454449763,48.167127862,2,#fc8d62,car
145152,9,1,84,138,2016,9,7,5,3,4,2,0,1,1,1,0,0,0,0,682526.3701,5331311.1384,11.452126279,48.108887373,1,#66c2a5,bicycle
145154,9,7,72,200,2016,9,19,5,3,4,2,0,0,1,1,0,0,0,0,630346.6209,5338482.8177,10.753728957,48.186199001,1,#66c2a5,bicycle
145156,9,1,62,0,2016,9,8,5,3,0,7,0,1,1,0,0,0,0,0,688398.4316,5332877.2147,11.531626961,48.121253962,1,#66c2a5,bicycle
145158,9,7,78,116,2016,9,15,5,3,0,6,0,0,0,1,0,1,0,0,619025.3717,5318228.9046,10.595825195,48.006267361,2,#fc8d62,car
145161,9,1,62,0,2016,9,17,6,3,5,3,0,0,1,0,0,0,0,0,686095.3308,5340046.5647,11.5038447,48.186371936,1,#66c2a5,bicycle
145162,9,1,62,0,2016,9,8,6,3,1,1,0,0,1,1,0,0,0,1,692061.9767,5337046.9448,11.5826853,48.157636237,1,#66c2a5,bicycle
145164,9,1,63,0,2016,9,16,6,3,0,1,0,0,1,0,0,0,0,0,732992.5654,5305831.1048,12.115357491,47.863524447,1,#66c2a5,bicycle
145171,9,7,61,0,2016,9,9,6,3,0,1,0,0,1,0,0,0,0,0,639795.0629,5357734.6682,10.887148355,48.357300431,1,#66c2a5,bicycle
145174,9,1,86,151,2016,9,7,6,3,9,1,0,0,0,1,0,0,0,0,677844.9808,5375419.0754,11.407882361,48.506689513,2,#fc8d62,car
145176,9,1,77,117,2016,9,0,6,3,6,7,2,0,0,1,1,0,0,0,715983673.0,5355119383.0,11.913169074,48.312347473,2,#fc8d62,car
145177,9,7,61,0,2016,9,19,5,3,2,6,0,0,0,1,0,1,0,0,641174.4724,5359193.4225,10.90624844,48.370110103,2,#fc8d62,car
145178,9,1,62,0,2016,9,17,5,3,0,5,0,1,0,1,0,1,0,0,691510.3581,5332461.8267,11.573213898,48.11659211,2,#fc8d62,car
145181,9,2,74,126,2016,9,21,2,3,1,6,2,0,0,1,0,0,0,0,733154204.0,5383569919.0,12.160239953,48.561819887,2,#fc8d62,car
145182,9,7,61,0,2016,9,10,3,3,6,4,0,0,0,1,1,0,0,0,637563.4249,5361994.9216,10.858433376,48.396098183,2,#fc8d62,car
145183,9,1,62,0,2016,9,10,1,3,5,3,0,0,1,1,0,0,0,0,683139.0789,5336361.6017,11.462520604,48.154108446,1,#66c2a5,bicycle
145184,9,7,61,0,2016,9,12,4,3,0,5,0,0,1,1,0,0,0,0,640809047.0,5359502298.0,10.901420444,48.372969037,1,#66c2a5,bicycle
145185,9,1,62,0,2016,9,18,4,3,6,2,0,0,0,0,1,0,0,1,691588.4271,5336213.4438,11.575948854,48.150287712,3,#8da0cb,toilet
145189,9,1,62,0,2016,9,8,2,3,1,5,0,0,1,0,0,0,0,1,693087.5324,5334447.0528,11.595282358,48.133958584,1,#66c2a5,bicycle
145190,9,7,61,0,2016,9,19,2,3,2,6,0,0,0,1,0,0,0,0,640436.5588,5359184.8326,10.896287373,48.370197496,2,#fc8d62,car