OBJECTID,ULAND,UREGBEZ,UKREIS,UGEMEINDE,UJAHR,UMONAT,USTUNDE,UWOCHENTAG,UKATEGORIE,UART,UTYP1,ULICHTVERH,STRZUSTAND,IstRad,IstPKW,IstFuss,IstKrad,IstGkfz,IstSonstig,LINREFX,LINREFY,XGCSWGS84,YGCSWGS84,Teilnehmer,color,symbol
145192,9,2,74,126,2016,9,14,4,3,0,7,0,0,1,0,0,0,0,0,734139.0001,5384943.0908,12.174339537,48.573787451,1,#66c2a5,bicycle
145193,9,1,62,0,2016,9,7,1,3,5,3,0,0,0,1,0,0,0,1,691296.1826,5332060.3815,11.57015908,48.113048316,2,#fc8d62,car
145205,9,1,87,177,2016,9,14,4,3,6,3,0,0,0,0,1,0,1,0,735632.1171,5304640.5256,12.149947662,47.851866021,3,#8da0cb,toilet
145207,9,7,71,113,2016,9,10,1,2,0,7,0,0,0,0,0,1,0,0,657292757.0,5368996.05,11.127417232,48.454428165,4,#e78ac3,marker
145209,9,7,71,122,2016,9,14,4,3,4,6,0,0,0,1,0,0,0,0,652561.5299,5361726.6251,11.060825389,48.390235847,2,#fc8d62,car
145211,9,1,62,0,2016,9,13,3,3,3,6,0,0,1,0,0,0,0,0,686256.9694,5339828094.0,11.505921547,48.184360889,1,#66c2a5,bicycle
145212,9,2,74,126,2016,9,15,2,3,2,7,0,0,1,0,0,0,0,0,733763.3963,5382371694.0,12.167811262,48.550829982,1,#66c2a5,bicycle
145215,9,1,84,120,2016,9,8,3,3,5,3,0,0,1,1,0,0,0,0,680295896.0,5332856.5891,11.422842645,48.123414604,1,#66c2a5,bicycle
145216,9,7,61,0,2016,9,18,2,3,0,2,0,0,1,1,0,0,0,0,642762653.0,5359806993.0,10.927889078,48.375269775,1,#66c2a5,bicycle
145217,9,7,61,0,2016,9,21,2,3,6,7,2,0,0,1,1,0,0,0,639113.4141,5361669176.0,10.879253626,48.392829114,2,#fc8d62,car
145219,9,1,63,0,2016,9,16,3,3,5,3,0,0,0,1,0,0,0,0,734111.8163,5304785.7928,12.129734223,47.853726583,2,#fc8d62,car
145221,9,1,62,0,2016,9,17,3,3,0,7,0,0,1,1,0,0,0,0,691927.2878,5333479.8147,11.579268348,48.125616137,1,#66c2a5,bicycle
145222,9,2,61,0,2016,9,7,2,3,3,6,0,0,1,1,0,0,0,0,731490999.0,5381002532.0,12.136304744,48.539373691,1,#66c2a5,bicycle
145223,9,7,71,130,2016,9,12,3,3,4,6,0,0,1,1,0,0,0,0,647459.0172,5362052.4675,10.992058315,48.394379186,1,#66c2a5,bicycle
145225,9,1,74,135,2016,9,11,4,3,0,7,0,0,0,1,0,0,0,0,662826.2839,5353226.4019,11.196092951,48.311252404,2,#fc8d62,car
145226,9,1,74,141,2016,9,15,3,2,4,6,0,0,0,1,0,1,0,0,682894.3561,5356378.9683,11.467878695,48.334104512,2,#fc8d62,car
145228,9,1,62,0,2016,9,20,4,3,1,6,0,0,1,0,0,0,0,0,691815763.0,5337061192.0,11.579384335,48.157838604,1,#66c2a5,bicycle
145230,9,7,62,0,2016,9,13,3,3,0,1,0,0,1,0,0,0,0,0,622086.4488,5306941984.0,10.633645558,47.904180074,1,#66c2a5,bicycle
145231,9,1,73,130,2016,9,17,2,3,4,6,0,0,0,1,0,0,0,0,681446.8318,5313394.7422,11.430049703,47.948145046,2,#fc8d62,car
145232,9,7,61,0,2016,9,17,3,3,2,6,0,0,1,1,0,0,0,0,639511.5522,5360226.5985,10.884149949,48.379769925,1,#66c2a5,bicycle
145244,9,1,62,0,2016,9,14,2,3,5,3,0,0,0,1,0,0,0,0,690630.8751,5333381.4383,11.561820268,48.125121453,2,#fc8d62,car
145246,9,1,62,0,2016,9,17,2,3,2,5,0,0,0,1,0,1,0,0,690497.7449,5338604.2065,11.56237026,48.172103304,2,#fc8d62,car
145257,9,7,61,0,2016,9,19,2,3,0,1,0,0,1,0,0,0,0,0,644063.7806,5357252.4285,10.94457438,48.352004889,1,#66c2a5,bicycle
145262,9,1,73,126,2016,9,15,4,3,0,7,0,0,1,0,0,0,0,0,685516508.0,5303284775.0,11.48015366,47.856101989,1,#66c2a5,bicycle
145267,9,1,62,0,2016,9,13,3,3,3,3,0,0,1,1,0,0,0,0,687988.2695,5339041.7252,11.528843331,48.176782977,1,#66c2a5,bicycle
145268,9,1,81,114,2016,9,20,4,3,0,1,1,0,1,0,0,0,0,0,657046.5959,5312860.3983,11.103317049,47.949788598,1,#66c2a5,bicycle
145272,9,7,72,202,2016,9,16,4,3,5,3,0,0,0,1,0,0,0,0,637211.1016,5358017.9483,10.852377958,48.360414476,2,#fc8d62,car
145273,9,2,74,126,2016,9,19,4,3,1,7,0,0,1,1,0,0,0,0,734106.4353,5385091.9498,12.173982526,48.575136735,1,#66c2a5,bicycle
145274,9,1,62,0,2016,9,12,3,3,5,2,0,0,0,1,0,0,0,1,688713.9048,5337843.0294,11.538062693,48.165793934,2,#fc8d62,car
145276,9,7,77,121,2016,9,16,3,3,5,3,0,0,0,1,0,1,0,0,629524.4787,5321424.2933,10.737492625,48.032962256,2,#fc8d62,car
145277,9,1,78,124,2016,9,14,4,3,5,3,0,0,1,1,0,0,0,0,703444.8481,5364039.8101,11.748566047,48.396666477,1,#66c2a5,bicycle
145280,9,1,62,0,2016,9,17,2,3,6,4,0,0,0,1,1,0,0,0,686837.6525,5339530.6764,11.513595546,48.181517124,2,#fc8d62,car
145282,9,1,62,0,2016,9,9,2,3,5,3,0,1,1,1,0,0,0,0,691975.0794,5333671.5199,11.579996284,48.127324746,1,#66c2a5,bicycle
145285,9,1,63,0,2016,9,17,2,3,5,2,0,0,1,1,0,0,0,0,732981.3207,5305427845.0,12.114990108,47.859905601,1,#66c2a5,bicycle
145287,9,2,61,0,2016,9,0,1,3,0,1,2,0,0,0,0,1,0,0,731599811.0,5382192263.0,12.138438014,48.550020688,4,#e78ac3,marker
145289,9,1,62,0,2016,9,19,3,3,0,7,1,0,1,0,0,0,0,0,692340.2931,5334237.7908,11.585154895,48.132304042,1,#66c2a5,bicycle
145290,9,1,63,0,2016,9,18,2,3,0,6,0,0,1,0,0,0,0,0,733399.5652,5306354.8383,12.121073902,47.868081981,1,#66c2a5,bicycle
145291,9,7,61,0,2016,9,17,3,3,2,6,0,0,0,1,0,0,0,0,639037608.0,5362831.2443,10.878614962,48.403294826,2,#fc8d62,car
145292,9,1,90,144,2016,9,22,1,2,9,7,2,1,0,1,0,0,0,0,656840.5192,5308530.4503,11.098982341,47.910907462,2,#fc8d62,car
145293,9,7,61,0,2016,9,16,4,3,4,2,0,0,1,1,0,0,0,0,640179.6741,5359270.2738,10.892849162,48.371022866,1,#66c2a5,bicycle
145296,9,1,62,0,2016,9,15,2,3,4,2,0,0,0,1,0,0,0,0,689845.7771,5333455.8193,11.551313617,48.126024598,2,#fc8d62,car
145297,9,1,62,0,2016,9,14,2,3,2,6,0,0,0,1,0,0,1,0,687798.4962,5328452.4438,11.521626301,48.08166004,2,#fc8d62,car
145305,9,1,62,0,2016,9,23,3,3,0,7,2,0,0,0,1,0,0,1,688460.7486,5336369.5328,11.534008657,48.152625061,3,#8da0cb,toilet
145315,9,7,72,117,2016,9,5,4,3,1,5,2,0,0,1,0,0,0,0,631808838.0,5363323.1526,10.78114794,48.409271123,2,#fc8d62,car
145316,9,2,61,0,2016,9,16,4,3,5,3,0,0,0,1,0,1,0,0,732711.1409,5379409.5424,12.151920423,48.524613063,2,#fc8d62,car
145317,9,1,62,0,2016,9,13,3,3,1,5,0,0,1,1,0,0,0,0,686525.6175,5337962373.0,11.508713632,48.167512461,1,#66c2a5,bicycle
145318,9,1,63,0,2016,9,4,2,3,9,1,2,0,0,1,0,0,0,0,731802.1231,5304557.2826,12.098781479,47.852510688,2,#fc8d62,car
145322,9,1,73,126,2016,9,6,3,3,1,5,2,1,1,1,0,0,0,0,686014.9164,5302803.1509,11.486603242,47.851628625,1,#66c2a5,bicycle
145324,9,1,62,0,2016,9,14,3,3,5,3,0,0,1,1,0,0,0,0,686854.1707,5333917.4056,11.511352558,48.131058615,1,#66c2a5,bicycle
145326,9,7,71,130,2016,9,13,3,3,0,7,0,0,1,0,0,0,0,0,647577.6341,5357631.2887,10.992107793,48.354599958,1,#66c2a5,bicycle
145327,9,1,63,0,2016,9,13,1,3,0,1,0,0,1,0,0,0,0,0,733998.04,5301879.9907,12.126644986,47.82766223,1,#66c2a5,bicycle
145330,9,1,62,0,2016,9,18,2,3,5,2,0,0,1,1,0,0,0,0,684875.5319,5334497.4857,11.48503712,48.136850465,1,#66c2a5,bicycle
145331,9,1,88,117,2016,9,12,1,3,0,7,0,0,1,0,0,0,0,0,666112.8976,5314313.1774,11.225210388,47.960562625,1,#66c2a5,bicycle
145332,9,1,74,126,2016,9,12,4,3,0,1,0,0,1,0,0,0,0,0,683420132.0,5343957021.0,11.469575919,48.222299145,1,#66c2a5,bicycle
145333,9,1,88,120,2016,9,15,3,3,5,3,0,0,1,1,0,0,0,0,676960.2881,5327039.9335,11.37564719,48.072062955,1,#66c2a5,bicycle
145334,9,1,88,120,2016,9,20,1,3,0,1,2,0,1,0,0,0,0,0,677187.0276,5325265.2163,11.377953054,48.056046492,1,#66c2a5,bicycle
145336,9,1,87,150,2016,9,13,2,3,4,6,0,0,1,1,0,0,0,0,729034.8962,5304119.0177,12.061611533,47.84956503,1,#66c2a5,bicycle
145337,9,7,61,0,2016,9,17,3,3,0,7,0,0,0,1,0,1,0,0,642776.2161,5358483.1792,10.92762268,48.363363625,2,#fc8d62,car
145338,9,1,78,124,2016,9,0,1,3,0,7,2,0,1,0,0,0,0,0,704416.7892,5364131.4865,11.761725889,48.397176001,1,#66c2a5,bicycle
145339,9,7,71,113,2016,9,14,4,3,4,7,0,0,1,1,0,0,0,0,657170356.0,5369109743.0,11.125805609,48.455480878,1,#66c2a5,bicycle
145344,9,1,62,0,2016,9,20,2,3,5,2,2,0,0,1,0,0,0,0,689077.7555,5334933138.0,11.541658443,48.139531485,2,#fc8d62,car
145345,9,7,77,182,2016,9,21,7,3,5,3,2,0,0,1,0,0,0,0,626974.7404,5309032.6575,10.699642637,47.922033261,2,#fc8d62,car
145348,9,1,62,0,2016,9,17,2,3,5,2,0,0,1,1,0,0,0,0,691198.9516,5340425.1775,11.572611594,48.188259326,1,#66c2a5,bicycle
145349,9,7,72,149,2016,9,0,7,3,9,2,2,0,0,1,0,0,0,0,637784.3367,5339987.8482,10.854234041,48.198162684,2,#fc8d62,car
145351,9,1,87,117,2016,9,16,2,3,0,1,0,0,0,0,0,1,0,0,724114741.0,5305997.55,11.996909087,47.868177974,4,#e78ac3,marker
145353,9,1,77,117,2016,9,12,1,3,0,7,0,0,1,0,0,0,0,0,715141.6442,5354036.5137,11.901275021,48.302904682,1,#66c2a5,bicycle
145360,9,7,72,184,2016,9,14,7,3,5,3,0,0,0,1,0,1,0,0,635487.5739,5360978.0193,10.830076326,48.387403686,2,#fc8d62,car
145362,9,2,61,0,2016,9,21,3,2,5,3,2,0,1,1,0,0,0,0,732111.9603,5381614.2818,12.145045281,48.544639542,1,#66c2a5,bicycle
145363,9,1,62,0,2016,9,22,7,3,2,6,2,0,0,1,0,0,0,0,699024.7687,5333902.1013,11.674741153,48.127232119,2,#fc8d62,car
145364,9,7,61,0,2016,9,14,4,2,5,3,0,0,1,1,0,0,0,0,637268289.0,5360464936.0,10.85394841,48.382405088,1,#66c2a5,bicycle
145366,9,1,62,0,2016,9,16,7,3,4,2,0,0,0,1,0,0,0,1,689723.5175,5333349.0331,11.54962474,48.125101244,2,#fc8d62,car
145372,9,1,62,0,2016,9,17,3,3,4,2,0,0,0,1,0,1,0,0,682501.2105,5336403.36,11.453969796,48.154667164,2,#fc8d62,car
145373,9,1,79,113,2016,9,10,4,3,0,7,0,0,1,0,0,0,0,0,671467.2393,5334433.5442,11.304938624,48.140030091,1,#66c2a5,bicycle
145375,9,1,62,0,2016,9,1,7,2,7,7,2,0,1,0,0,0,0,0,692602.1072,5334738.5625,11.58889649,48.136725696,1,#66c2a5,bicycle
145376,9,1,62,0,2016,9,8,3,3,4,6,0,0,1,0,0,0,0,0,693767.6042,5334383.7229,11.604384597,48.133182709,1,#66c2a5,bicycle
145377,9,1,87,117,2016,9,17,2,3,4,1,0,0,0,1,0,0,0,0,725396.0439,5305163.0228,12.013583456,47.860231538,2,#fc8d62,car
145378,9,7,61,0,2016,9,17,3,3,5,3,0,0,0,1,0,0,0,0,638677.3537,5358118.0248,10.872194717,48.360993977,2,#fc8d62,car
145380,9,1,62,0,2016,9,5,3,3,0,3,0,0,0,0,0,1,1,0,688992.8293,5341745.6608,11.543546134,48.20078804,4,#e78ac3,marker
145381,9,1,87,137,2016,9,12,2,3,5,3,0,0,0,1,0,1,0,0,728460.8091,5306875.6446,12.055405135,47.874536505,2,#fc8d62,car
145382,9,1,78,116,2016,9,11,4,3,8,1,0,0,0,1,0,0,0,0,697505.3525,5381307.8318,11.676570883,48.553736147,2,#fc8d62,car
145383,9,1,77,117,2016,9,15,3,3,5,3,0,0,1,1,0,0,0,0,715834576.0,5354412.7376,11.910799354,48.306049102,1,#66c2a5,bicycle
145384,9,1,62,0,2016,9,9,7,3,1,1,0,0,1,1,0,0,0,0,692191.8174,5332322.7201,11.582297954,48.115136542,1,#66c2a5,bicycle
145385,9,1,62,0,2016,9,17,4,3,5,3,0,0,1,1,0,0,0,0,691035.5327,5337005.5499,11.568878404,48.157573371,1,#66c2a5,bicycle
145386,9,1,62,0,2016,9,6,2,3,4,2,0,1,0,1,0,0,0,1,692479.3248,5330610.3635,11.585384319,48.099659317,2,#fc8d62,car
145387,9,7,61,0,2016,9,10,7,2,5,3,0,0,0,1,0,0,0,0,638694.8419,5360395.5549,10.873181911,48.381469211,2,#fc8d62,car
145388,9,1,78,124,2016,9,16,2,3,5,3,0,0,1,1,0,0,0,0,704684867.0,5363229.5931,11.764903841,48.388984563,1,#66c2a5,bicycle
145390,9,1,62,0,2016,9,13,7,3,3,5,0,0,0,1,0,1,0,0,700134208.0,5334921047.0,11.69011277,48.136041624,2,#fc8d62,car
145395,9,1,62,0,2016,9,21,7,3,6,4,2,0,0,1,1,0,0,0,680408357.0,5335645918.0,11.425533861,48.148455761,2,#fc8d62,car
145396,9,7,61,0,2016,9,16,4,2,5,3,0,0,0,1,0,1,0,0,640610.8875,5357143.2255,10.897957629,48.351801212,2,#fc8d62,car
145399,9,1,62,0,2016,9,16,2,3,0,7,0,0,1,1,0,0,0,0,691184.4699,5335135.9455,11.570039391,48.140724816,1,#66c2a5,bicycle
145400,9,1,84,112,2016,9,13,7,2,0,1,0,0,1,0,0,0,0,0,701334.75,5341853.54,11.709513261,48.197964337,1,#66c2a5,bicycle
145401,9,1,62,0,2016,9,15,2,3,1,5,0,0,1,1,0,0,0,0,689273.0774,5335987.2821,11.544749947,48.148948145,1,#66c2a5,bicycle
145403,9,1,62,0,2016,9,21,1,3,2,6,2,1,0,1,0,0,0,0,686335.4347,5338432.3062,11.506364213,48.171792139,2,#fc8d62,car
145405,9,1,62,0,2016,9,10,7,3,1,5,0,0,1,1,0,0,0,0,691660.2171,5331500115.0,11.574793219,48.107903244,1,#66c2a5,bicycle
145411,9,1,84,141,2016,9,15,3,3,1,5,0,0,1,1,0,0,0,0,698510.2717,5316366.9628,11.659701918,47.969797877,1,#66c2a5,bicycle
145413,9,7,61,0,2016,9,13,7,3,5,3,0,0,1,1,0,0,0,0,642732.3181,5360150.6157,10.927596348,48.37836632,1,#66c2a5,bicycle
145418,9,1,62,0,2016,9,15,7,3,3,6,0,0,1,0,0,0,0,1,691378.4365,5334538.1382,11.572375502,48.135293478,1,#66c2a5,bicycle
145422,9,1,62,0,2016,9,11,3,3,5,3,0,0,0,1,0,0,0,0,690519.4736,5341849.4554,11.564117682,48.201264695,2,#fc8d62,car
145423,9,1,74,122,2016,9,14,4,3,5,3,0,0,0,1,0,0,0,0,681827.8327,5351436.5388,11.451371263,48.289987503,2,#fc8d62,car
145424,9,1,62,0,2016,9,18,3,3,2,6,0,0,0,1,0,1,0,0,680980.9338,5339560054.0,11.4348905,48.183476489,2,#fc8d62,car
145425,9,1,62,0,2016,9,12,7,3,0,7,0,0,1,0,0,0,0,0,691652725.0,5334314.1025,11.575957649,48.133197332,1,#66c2a5,bicycle
145426,9,1,86,130,2016,9,12,4,3,9,7,0,0,0,1,0,0,0,0,685075.8285,5372384.8564,11.50434269,48.477329898,2,#fc8d62,car
145429,9,1,62,0,2016,9,16,3,3,5,2,0,0,1,1,0,0,0,0,688717851.0,5336790.9,11.537648957,48.156336121,1,#66c2a5,bicycle
145430,9,1,84,147,2016,9,1,1,3,5,7,2,0,1,1,0,0,0,0,696195.1881,5340662.5919,11.639873283,48.188869632,1,#66c2a5,bicycle
145431,9,7,73,122,2016,9,12,3,3,0,1,0,0,1,0,0,0,0,0,626944.2004,5384944.6235,10.722019314,48.604697292,1,#66c2a5,bicycle
145434,9,1,62,0,2016,9,12,2,3,1,7,0,0,1,1,0,0,0,0,683643.9028,5335426.8033,11.468898714,48.145560357,1,#66c2a5,bicycle
145436,9,1,62,0,2016,9,10,2,3,3,3,0,0,1,1,0,0,0,0,686246.2945,5331800.4629,11.502265836,48.112208845,1,#66c2a5,bicycle
145438,9,7,71,146,2016,9,11,6,3,0,1,0,0,1,0,0,0,0,0,646095.4234,5349414.3967,10.969265682,48.28106359,1,#66c2a5,bicycle
145441,9,1,62,0,2016,9,21,7,3,0,7,2,0,0,0,0,0,0,1,691899.1306,5334403.9417,11.579306514,48.133930547,6,#ffd92f,circle
145444,9,1,62,0,2016,9,18,5,3,0,7,0,0,0,1,0,1,0,0,692278.4292,5334894.8386,11.584620853,48.138228156,2,#fc8d62,car
145448,9,1,62,0,2016,9,14,6,3,5,2,0,0,1,1,0,0,0,1,690169161.0,5336318.5667,11.55693326,48.151658464,1,#66c2a5,bicycle
145449,9,1,62,0,2016,9,14,5,3,3,2,0,0,1,0,0,0,0,1,691367.4991,5331940147.0,11.571062307,48.111946231,1,#66c2a5,bicycle
145451,9,7,61,0,2016,9,0,7,3,1,6,2,0,1,1,0,0,0,0,639087.9247,5360246.3502,10.878438458,48.380041061,1,#66c2a5,bicycle
145453,9,7,61,0,2016,9,18,5,3,6,7,0,0,1,0,1,0,0,0,635338.1285,5353543.1935,10.825668044,48.320581432,1,#66c2a5,bicycle
145454,9,1,62,0,2016,9,0,5,3,1,7,2,0,0,1,0,0,0,0,689719.1714,5343805.0666,11.554232402,48.219081184,2,#fc8d62,car
145460,9,1,62,0,2016,9,13,5,3,5,3,0,0,1,1,0,0,0,0,691704.7438,5329447.8039,11.574469043,48.089443805,1,#66c2a5,bicycle
145463,9,1,63,0,2016,9,20,6,3,6,4,2,0,1,0,1,0,0,0,731916.0231,5304497.3422,12.100269686,47.851931086,1,#66c2a5,bicycle
145464,9,1,62,0,2016,9,14,7,3,6,7,0,0,1,0,1,0,0,0,691375.1836,5332948.0705,11.571617779,48.121003071,1,#66c2a5,bicycle
145465,9,1,62,0,2016,9,20,6,3,1,1,2,0,0,1,0,1,0,0,689375.0834,5334918.1247,11.545644479,48.139308124,2,#fc8d62,car
145475,9,1,87,122,2016,9,22,7,3,9,1,2,0,0,1,0,0,0,0,717762632.0,5310725033.0,11.914467058,47.91284244,2,#fc8d62,car
145476,9,1,62,0,2016,9,18,6,3,6,2,0,0,0,1,1,0,0,0,695526.5355,5337183.9073,11.629286225,48.157811384,2,#fc8d62,car
145479,9,1,62,0,2016,9,7,6,2,6,4,0,0,0,1,1,0,0,0,681166.6484,5338773.7323,11.437051503,48.176355505,2,#fc8d62,car
145484,9,1,62,0,2016,9,19,6,3,2,6,0,0,0,1,0,0,0,0,686252.6606,5331470.4426,11.502207182,48.109240622,2,#fc8d62,car
145487,9,1,63,0,2016,9,15,6,3,2,6,0,0,0,1,0,0,0,0,731086.1027,5303616.8195,12.088721765,47.84431906,2,#fc8d62,car
145488,9,7,61,0,2016,9,7,6,3,4,2,0,0,0,0,0,1,1,0,641050.4551,5359213.1088,10.904581427,48.370314844,4,#e78ac3,marker
145494,9,1,62,0,2016,9,10,5,3,6,6,0,0,0,1,1,0,0,0,690413.7638,5342671.2435,11.563065183,48.208682516,2,#fc8d62,car
145497,9,1,63,0,2016,9,6,6,2,5,3,0,0,1,1,0,0,0,0,732658.3344,5304758.1973,12.110318139,47.854006407,1,#66c2a5,bicycle
145500,9,1,84,123,2016,9,10,5,3,4,2,0,0,1,1,0,0,0,0,702471.2673,5331874.8261,11.720043209,48.1079265,1,#66c2a5,bicycle
145503,9,1,87,117,2016,9,12,6,3,0,1,0,0,1,0,0,0,0,0,725251.6772,5305380.6308,12.011769356,47.862237358,1,#66c2a5,bicycle
145506,9,1,62,0,2016,9,13,5,3,5,3,0,0,1,1,0,0,0,0,687292.7363,5334666.1474,11.517570239,48.137659617,1,#66c2a5,bicycle
145510,9,7,72,223,2016,9,17,5,3,3,6,0,0,1,0,0,0,0,0,619120789.0,5361674555.0,10.609299132,48.396971253,1,#66c2a5,bicycle
145512,9,1,62,0,2016,9,17,5,3,0,1,0,0,1,0,0,0,0,0,691931.5447,5332214.1365,11.578755726,48.114239098,1,#66c2a5,bicycle
145513,9,1,73,126,2016,9,12,7,3,5,3,0,0,1,1,0,0,0,0,684767.5883,5305073.4239,11.470915522,47.87239597,1,#66c2a5,bicycle
145517,9,1,62,0,2016,9,23,7,3,5,2,2,0,1,1,0,0,0,0,690911095.0,5335648784.0,11.566598243,48.145416252,1,#66c2a5,bicycle
145518,9,1,62,0,2016,9,10,6,3,5,2,0,0,1,1,0,0,0,0,691239.4303,5334141.2987,11.570330895,48.131768506,1,#66c2a5,bicycle
145519,9,1,62,0,2016,9,21,6,2,1,5,2,0,1,1,0,0,0,0,687356.9284,5334999.8171,11.518579022,48.140639833,1,#66c2a5,bicycle
145520,9,1,62,0,2016,9,17,5,3,0,7,0,0,1,0,0,0,0,0,688926.1229,5332875.7494,11.53871002,48.121084434,1,#66c2a5,bicycle
145521,9,1,63,0,2016,9,12,5,3,5,3,0,0,0,1,0,1,0,0,732806011.0,5303660562.0,12.111698852,47.844091629,2,#fc8d62,car
145522,9,7,61,0,2016,9,14,7,3,0,7,0,0,1,1,0,0,0,0,641703.5425,5353521.3278,10.911479542,48.318990173,1,#66c2a5,bicycle
145524,9,7,61,0,2016,9,7,5,3,0,1,0,0,1,0,0,0,0,0,640592.2734,5358885.8573,10.898288807,48.367474542,1,#66c2a5,bicycle
145525,9,1,86,143,2016,9,14,7,3,3,6,0,0,0,1,0,1,0,0,683325.8905,5378912.9908,11.483553809,48.536516966,2,#fc8d62,car
145526,9,1,62,0,2016,9,17,6,3,0,1,0,0,1,0,0,0,0,0,691561.0812,5334428.2581,11.574778506,48.134250939,1,#66c2a5,bicycle
145527,9,1,62,0,2016,9,18,6,3,5,2,0,0,1,1,0,0,0,0,687463.6055,5336048.7069,11.52047344,48.15003609,1,#66c2a5,bicycle
145532,9,1,77,133,2016,9,9,7,3,5,3,0,0,0,1,0,0,0,1,706402.7972,5359277.7343,11.786141954,48.352913612,2,#fc8d62,car
145533,9,7,62,0,2016,9,13,6,3,0,1,0,0,0,0,0,0,0,1,622290.1806,5305668.2225,10.636009515,47.89268547,6,#ffd92f,circle
145535,9,1,62,0,2016,9,20,6,3,5,2,2,0,0,1,0,0,0,0,696978.7631,5331821.7803,11.64631396,48.109171839,2,#fc8d62,car
145536,9,7,61,0,2016,9,17,6,3,5,3,0,0,1,1,0,0,0,0,641914772.0,5358313.0557,10.91594171,48.362028191,1,#66c2a5,bicycle
145537,9,1,62,0,2016,9,18,5,3,0,1,0,0,1,0,0,0,0,0,689460.5401,5340769.4495,11.54939871,48.191874506,1,#66c2a5,bicycle
145538,9,1,87,137,2016,9,9,5,3,4,6,0,0,0,1,0,0,0,0,731424469.0,5313097992.0,12.098318455,47.929378279,2,#fc8d62,car
145543,9,1,62,0,2016,9,18,5,3,5,2,0,0,1,1,0,0,0,0,682788.1284,5341133.2158,11.459858152,48.197099621,1,#66c2a5,bicycle
145546,9,7,73,182,2016,9,16,6,3,3,6,0,0,1,1,0,0,0,0,624307.1723,5379367.3939,10.684596112,48.555073975,1,#66c2a5,bicycle
145549,9,1,62,0,2016,9,10,7,3,5,2,0,0,1,1,0,0,0,0,690595.5583,5337249.6812,11.563077529,48.159899626,1,#66c2a5,bicycle
145551,9,1,62,0,2016,9,5,5,3,5,2,2,0,0,1,0,0,0,0,686418.9436,5337545.7062,11.507097685,48.163798625,2,#fc8d62,car
145554,9,1,62,0,2016,9,7,5,3,5,2,0,0,1,1,0,0,0,0,695138.25,5333002.7989,11.622154917,48.120352822,1,#66c2a5,bicycle
145556,9,7,72,131,2016,9,9,7,3,0,7,0,0,1,0,0,0,0,0,621029441.0,5357088.3022,10.63375336,48.355363913,1,#66c2a5,bicycle
145558,9,7,61,0,2016,9,15,5,3,5,3,0,0,0,1,0,0,0,0,640338109.0,5362589.3778,10.896095936,48.400831879,2,#fc8d62,car
145561,9,1,62,0,2016,9,15,6,3,5,3,0,0,1,1,0,0,0,0,693318.5932,5335248.2002,11.598748331,48.14108892,1,#66c2a5,bicycle
145565,9,1,62,0,2016,9,12,5,3,1,5,0,0,1,1,0,0,0,0,689444.1147,5333488.3343,11.545935712,48.126436501,1,#66c2a5,bicycle
145568,9,1,86,162,2016,9,6,6,3,1,5,0,0,0,1,0,0,0,0,693611.5655,5385817.5764,11.625960448,48.595478581,2,#fc8d62,car
145569,9,1,62,0,2016,9,13,7,3,5,2,0,0,0,1,0,0,0,0,692713287.0,5334124096.0,11.590111398,48.131169353,2,#fc8d62,car
145570,9,1,62,0,2016,9,15,6,3,3,5,0,0,0,1,0,1,0,0,698948.7941,5333241.9086,11.673413135,48.121322593,2,#fc8d62,car
145571,9,1,62,0,2016,9,12,5,3,2,6,0,0,0,1,0,0,0,0,688572.1734,5333698.0145,11.534322404,48.128580026,2,#fc8d62,car
145580,9,1,88,139,2016,9,18,6,3,6,7,0,0,0,1,1,0,0,0,674286.7212,5317745.9135,11.336005378,47.989249284,2,#fc8d62,car
145581,9,1,62,0,2016,9,15,6,3,5,3,0,0,1,1,0,0,0,0,683073.7763,5335672.3068,11.461346886,48.147931426,1,#66c2a5,bicycle
145582,9,1,79,123,2016,9,9,5,3,0,7,0,0,1,0,0,0,0,0,674913.9848,5333879.9643,11.35100391,48.134115566,1,#66c2a5,bicycle
145585,9,1,81,114,2016,9,16,5,3,2,6,0,0,0,1,0,0,0,0,657048.9492,5312599.3672,11.103253276,47.947441039,2,#fc8d62,car
145587,9,1,62,0,2016,9,8,5,3,4,2,0,0,1,1,0,0,0,0,692164.6883,5337935.6137,11.584466468,48.16559236,1,#66c2a5,bicycle
145588,9,1,74,126,2016,9,19,5,2,0,1,0,0,1,0,0,0,0,0,682467.7078,5346048.2167,11.457665195,48.241370567,1,#66c2a5,bicycle
145589,9,1,62,0,2016,9,13,6,3,5,7,0,0,0,1,0,1,0,0,687259.7017,5333772.9247,11.516734023,48.129640798,2,#fc8d62,car
145590,9,1,74,115,2016,9,10,5,3,5,3,0,0,0,1,0,0,0,0,682821245.0,5348744.9681,11.463587288,48.265508384,2,#fc8d62,car
145591,9,7,72,163,2016,9,12,6,3,0,1,0,0,1,0,0,0,0,0,640334.8867,5348895.6363,10.891490212,48.277702124,1,#66c2a5,bicycle
145593,9,1,75,133,2016,9,22,5,3,0,1,2,0,1,0,0,0,0,0,706170.7614,5341055.6054,11.774129463,48.189242252,1,#66c2a5,bicycle
145597,9,1,62,0,2016,9,16,5,2,0,7,0,0,0,0,0,0,0,1,693806.0226,5333848.5497,11.604657003,48.12836105,6,#ffd92f,circle