OBJECTID,ULAND,UREGBEZ,UKREIS,UGEMEINDE,UJAHR,UMONAT,USTUNDE,UWOCHENTAG,UKATEGORIE,UART,UTYP1,ULICHTVERH,STRZUSTAND,IstRad,IstPKW,IstFuss,IstKrad,IstGkfz,IstSonstig,LINREFX,LINREFY,XGCSWGS84,YGCSWGS84,Teilnehmer,color,symbol
145600,9,1,81,127,2016,9,11,6,2,9,7,0,0,0,1,0,0,0,0,633400.6233,5325228.0088,10.790648617,48.066370023,2,#fc8d62,car
145603,9,1,79,121,2016,9,7,6,3,6,4,0,0,0,1,1,0,0,0,667599.6017,5337928.5891,11.254367058,48.172481008,2,#fc8d62,car
145606,9,1,62,0,2016,9,10,5,3,6,4,0,0,0,1,1,0,0,0,687465.0926,5335647575.0,11.520316765,48.146430183,2,#fc8d62,car
145607,9,1,75,132,2016,9,10,5,2,3,6,0,0,1,1,0,0,0,0,707300.1156,5330853.5499,11.784340439,48.097195903,1,#66c2a5,bicycle
145610,9,7,73,182,2016,9,8,5,3,2,2,0,0,0,1,0,0,0,0,624179.7408,5380290.7349,10.683145466,48.563402297,2,#fc8d62,car
145612,9,1,62,0,2016,9,18,5,3,5,3,0,0,0,1,0,0,0,0,691004.3591,5332269.3119,11.566335938,48.11501376,2,#fc8d62,car
145615,9,1,74,113,2016,9,15,6,3,0,7,0,0,1,0,0,0,0,0,672459.05,5349736487.0,11.324480037,48.277327324,1,#66c2a5,bicycle
145616,9,1,62,0,2016,9,10,7,3,5,3,0,0,1,1,0,0,0,0,692436314.0,5338254.7874,11.588260189,48.168378846,1,#66c2a5,bicycle
145617,9,1,62,0,2016,9,19,6,3,2,6,1,0,0,1,0,0,0,0,687131.9627,5338007.6165,11.516880553,48.167740914,2,#fc8d62,car
145618,9,1,78,145,2016,9,17,5,2,5,1,0,0,1,1,0,0,0,0,695589235.0,5358425373.0,11.639943946,48.348694754,1,#66c2a5,bicycle
145621,9,1,84,149,2016,9,17,6,3,5,3,0,0,1,1,0,0,0,0,691535.4046,5350889.9431,11.581864707,48.282212027,1,#66c2a5,bicycle
145622,9,1,62,0,2016,9,15,5,3,4,2,0,0,1,0,0,1,0,0,693806.7248,5335107.2068,11.60523901,48.139673227,1,#66c2a5,bicycle
145623,9,1,62,0,2016,9,17,4,3,2,2,0,0,0,1,0,0,0,1,688918.0346,5342678.0956,11.542955631,48.209191017,2,#fc8d62,car
145624,9,7,61,0,2016,9,14,7,3,0,7,0,0,1,0,0,0,0,0,640700.1076,5361710.3282,10.90068952,48.392847127,1,#66c2a5,bicycle
145626,9,7,61,0,2016,9,13,5,3,5,3,0,0,1,1,0,0,0,0,640376755.0,5353405.4362,10.893553755,48.318244077,1,#66c2a5,bicycle
145628,9,1,62,0,2016,9,11,5,2,6,7,0,0,1,0,1,0,0,0,690039.8356,5328379887.0,11.551658405,48.080343789,1,#66c2a5,bicycle
145629,9,1,87,130,2016,9,18,7,3,4,3,0,0,1,1,0,0,0,0,712786.3646,5309822.2108,11.847506918,47.906399705,1,#66c2a5,bicycle
145630,9,1,62,0,2016,9,18,6,3,5,3,0,0,1,1,0,0,0,0,688286.8955,5332717.6493,11.530059226,48.119852746,1,#66c2a5,bicycle
145631,9,1,62,0,2016,9,18,6,3,2,6,0,0,0,1,0,1,0,0,689303175.0,5336118.6623,11.545212619,48.150120042,2,#fc8d62,car
145632,9,1,62,0,2016,9,18,4,3,2,6,0,0,0,1,0,0,0,0,687102.1403,5330264.5802,11.513079416,48.098152945,2,#fc8d62,car
145635,9,1,79,142,2016,9,10,7,2,1,7,0,0,0,1,0,0,0,0,671883.5218,5341826.3132,11.313518972,48.206375668,2,#fc8d62,car
145638,9,1,62,0,2016,9,15,6,3,2,6,0,0,1,1,0,0,0,0,695574134.0,5331631528.0,11.627376881,48.107894746,1,#66c2a5,bicycle
145639,9,1,62,0,2016,9,8,4,3,5,7,0,0,1,1,0,0,0,0,688202.5136,5336332.2963,11.530523525,48.152366839,1,#66c2a5,bicycle
145642,9,1,74,115,2016,9,7,6,3,1,3,0,0,1,0,0,0,0,1,682252.1572,5347181.9059,11.455252688,48.251622763,1,#66c2a5,bicycle
145644,9,1,62,0,2016,9,6,5,3,0,1,0,0,1,0,0,0,0,0,681210.2503,5338597.5918,11.437562391,48.174759788,1,#66c2a5,bicycle
145645,9,1,62,0,2016,9,17,4,2,0,7,0,0,0,0,0,1,0,0,693469.7352,5340346.3613,11.60309691,48.186863425,4,#e78ac3,marker
145650,9,1,84,136,2016,9,9,5,3,0,7,0,0,0,0,1,0,0,1,699670.7291,5326776.2723,11.680079938,48.062988795,3,#8da0cb,toilet
145651,9,1,62,0,2016,9,8,4,3,3,6,0,0,1,1,0,0,0,1,691095.6315,5336114.7449,11.569285718,48.149548858,1,#66c2a5,bicycle
145652,9,1,62,0,2016,9,19,7,3,6,4,0,0,1,0,1,0,0,0,692207.5133,5337248.92,11.584731532,48.159407572,1,#66c2a5,bicycle
145654,9,1,62,0,2016,9,15,5,2,4,6,0,0,0,1,0,1,0,0,696011.0901,5334991.1584,11.634785379,48.137955042,2,#fc8d62,car
145655,9,1,84,149,2016,9,14,4,2,0,7,0,0,1,0,0,0,0,0,690783.5289,5351832.7208,11.572165904,48.290912399,1,#66c2a5,bicycle
145657,9,1,63,0,2016,9,9,6,2,6,4,0,0,0,0,1,0,0,1,733867.8184,5305617.5396,12.126927061,47.861287818,3,#8da0cb,toilet
145659,9,1,84,123,2016,9,13,5,3,0,7,0,0,0,0,0,1,0,0,703497176.0,5332468.0765,11.734092261,48.112931008,4,#e78ac3,marker
145660,9,1,84,149,2016,9,13,4,3,5,3,0,0,1,1,0,0,0,0,691362.9338,5350767.7188,11.579486934,48.281165673,1,#66c2a5,bicycle
145663,9,7,72,121,2016,9,11,5,3,8,1,0,0,0,1,0,0,0,0,633917916.0,5377408.8891,10.814144442,48.535484624,2,#fc8d62,car
145665,9,1,84,149,2016,9,17,5,3,5,3,0,0,1,1,0,0,0,0,691251.1721,5352156.1868,11.578610568,48.293678457,1,#66c2a5,bicycle
145667,9,1,62,0,2016,9,14,6,3,3,6,0,0,0,1,0,0,0,1,692196.3863,5332637.8306,11.5825013,48.117967331,2,#fc8d62,car
145669,9,1,78,143,2016,9,14,6,3,0,7,0,0,0,0,0,0,0,1,717743.5444,5372244489.0,11.945748252,48.465608204,6,#ffd92f,circle
145672,9,1,77,139,2016,9,15,6,3,8,6,0,0,0,0,0,1,0,0,727050.0399,5353861.3688,12.061538556,48.297170532,4,#e78ac3,marker
145673,9,1,62,0,2016,9,12,7,2,0,1,0,0,1,0,0,0,0,0,683077.3459,5335544.6726,11.461339942,48.14678314,1,#66c2a5,bicycle
145674,9,1,62,0,2016,9,19,6,3,1,7,0,0,1,1,0,0,0,0,682839.55,5335851122.0,11.458277631,48.149606103,1,#66c2a5,bicycle
145675,9,1,62,0,2016,9,18,5,3,4,6,0,0,1,0,0,0,0,0,688967.6547,5332403.5616,11.539058265,48.116828012,1,#66c2a5,bicycle
145676,9,1,62,0,2016,9,12,4,3,5,3,0,0,0,1,0,1,0,0,693157296.0,5341172229.0,11.599273192,48.194381087,2,#fc8d62,car
145677,9,7,61,0,2016,9,22,7,3,1,5,2,0,0,1,0,0,0,0,640226.0232,5359143.7231,10.893432459,48.369874665,2,#fc8d62,car
145682,9,1,62,0,2016,9,18,6,3,0,7,0,0,1,0,0,0,0,0,687345.7576,5334970.5395,11.518416127,48.140379967,1,#66c2a5,bicycle
145683,9,1,62,0,2016,9,6,4,3,4,6,0,0,1,0,0,0,0,0,690432.1375,5337037.8395,11.560787347,48.158044569,1,#66c2a5,bicycle
145684,9,1,62,0,2016,9,8,6,3,4,2,0,0,1,1,0,0,0,0,691793.5698,5340515.1074,11.580644472,48.188888342,1,#66c2a5,bicycle
145685,9,1,62,0,2016,9,17,4,3,0,1,0,0,1,0,0,0,0,0,685104189.0,5328406.5763,11.485464704,48.082035667,1,#66c2a5,bicycle
145689,9,7,61,0,2016,9,14,6,3,0,7,0,0,1,0,0,0,0,0,639490.1124,5359659.5369,10.883672385,48.374675803,1,#66c2a5,bicycle
145690,9,1,62,0,2016,9,14,5,3,1,5,0,0,0,1,0,0,0,1,680188178.0,5335553.0644,11.422537066,48.147683518,2,#fc8d62,car
145691,9,1,62,0,2016,9,12,4,3,0,5,0,0,1,1,0,0,0,0,689815.6021,5335333.3399,11.551745068,48.142908836,1,#66c2a5,bicycle
145697,9,1,84,134,2016,9,18,3,3,2,6,0,0,1,0,0,0,0,0,691789.0904,5321970.6224,11.572248792,48.022213449,1,#66c2a5,bicycle
145698,9,1,62,0,2016,9,15,2,2,0,7,0,0,1,0,1,0,0,0,686750.8056,5336061.0386,11.510904725,48.15035661,1,#66c2a5,bicycle
145700,9,7,61,0,2016,9,12,2,3,1,5,0,0,1,1,0,0,0,0,641396788.0,5360668.4334,10.909744733,48.383323032,1,#66c2a5,bicycle
145708,9,7,61,0,2016,9,20,1,3,6,2,1,0,0,1,1,0,0,0,641726.0886,5359992.5311,10.913961856,48.377171719,2,#fc8d62,car
145711,9,1,62,0,2016,9,20,3,3,1,6,2,0,0,1,0,1,0,0,690537215.0,5334626.5706,11.561119686,48.136340721,2,#fc8d62,car
145713,9,1,84,123,2016,9,15,2,3,5,3,0,0,0,1,0,1,0,0,701817.8611,5332527.2089,11.711584066,48.113996755,2,#fc8d62,car
145715,9,1,62,0,2016,9,20,1,2,5,3,2,0,0,1,0,1,0,0,691513.3481,5335680588.0,11.57470074,48.145521088,2,#fc8d62,car
145716,9,7,61,0,2016,9,14,2,3,3,2,0,0,1,1,0,0,0,0,641734.3541,5359971.9984,10.914066491,48.376985241,1,#66c2a5,bicycle
145718,9,1,62,0,2016,9,8,3,3,5,3,0,0,1,1,0,0,0,0,689671.2454,5336034.0357,11.550118598,48.149249767,1,#66c2a5,bicycle
145723,9,7,78,203,2016,9,11,3,3,4,7,0,0,1,1,0,0,0,0,622199.2769,5324470.0966,10.640142106,48.061798271,1,#66c2a5,bicycle
145729,9,7,61,0,2016,9,12,3,3,2,7,0,0,0,1,0,0,0,0,639095.1337,5359139.1575,10.878169433,48.370083864,2,#fc8d62,car
145731,9,1,62,0,2016,9,2,1,3,0,1,2,0,1,0,0,0,0,0,690358.2381,5333955616.0,11.558416656,48.130363746,1,#66c2a5,bicycle
145733,9,7,61,0,2016,9,16,2,3,3,6,0,0,1,1,0,0,0,0,639592.1901,5359501.2257,10.884997502,48.37322974,1,#66c2a5,bicycle
145734,9,1,62,0,2016,9,8,3,3,3,6,0,0,0,1,0,0,1,0,689362.1318,5333633.6929,11.544899658,48.12776739,2,#fc8d62,car
145741,9,1,62,0,2016,9,7,3,3,2,6,0,0,1,0,0,0,0,0,690394.3416,5342947.8985,11.562928174,48.211174875,1,#66c2a5,bicycle
145745,9,1,79,142,2016,9,8,3,3,6,4,0,0,0,1,1,0,0,0,673977.5307,5342259424.0,11.341857231,48.209698606,2,#fc8d62,car
145748,9,7,72,130,2016,9,13,1,3,0,1,0,0,1,0,0,0,0,0,631485629.0,5357247.0243,10.774881421,48.35470051,1,#66c2a5,bicycle
145750,9,1,62,0,2016,9,17,3,3,1,6,0,0,0,1,0,1,0,1,692296952.0,5332332238.0,11.58371335,48.115190352,2,#fc8d62,car
145751,9,1,62,0,2016,9,18,2,3,2,2,0,0,1,1,0,0,0,0,690636.3604,5333833315.0,11.562096035,48.12918127,1,#66c2a5,bicycle
145753,9,7,61,0,2016,9,12,2,3,2,6,0,0,0,1,0,1,0,0,640472.2422,5360197.1116,10.89710716,48.379291625,2,#fc8d62,car
145754,9,1,79,145,2016,9,15,3,3,0,7,0,0,1,0,0,0,0,0,674916.8288,5338659.9588,11.353007066,48.177083842,1,#66c2a5,bicycle
145756,9,1,62,0,2016,9,10,2,3,5,3,0,0,1,1,0,0,0,0,692275.1049,5337357.7722,11.585688714,48.160365475,1,#66c2a5,bicycle
145759,9,1,78,143,2016,9,6,3,3,4,2,0,0,0,1,0,0,0,0,717263.3855,5372216.8208,11.939246952,48.465525608,2,#fc8d62,car
145760,9,1,63,0,2016,9,16,3,3,5,3,0,0,1,0,0,0,0,0,733386.3794,5307930.6566,12.121748928,47.882243951,1,#66c2a5,bicycle
145762,9,7,61,0,2016,9,14,1,3,5,7,0,0,1,1,0,0,0,0,640773.0141,5357221.9054,10.900171067,48.352472558,1,#66c2a5,bicycle
145765,9,1,62,0,2016,9,10,3,3,1,5,0,0,1,1,0,0,0,0,690190.4302,5333684.4683,11.556042629,48.127976828,1,#66c2a5,bicycle
145767,9,1,62,0,2016,9,23,2,3,0,7,2,0,1,0,0,0,0,0,691298.9687,5334072.1512,11.571099234,48.131129123,1,#66c2a5,bicycle
145768,9,7,72,147,2016,9,14,3,3,1,5,0,0,0,1,0,0,1,0,637836.5382,5366444.1858,10.863583075,48.43604531,2,#fc8d62,car
145769,9,1,62,0,2016,9,21,1,3,4,2,2,0,0,1,0,1,0,0,694596.0231,5336161.3061,11.616319417,48.148906129,2,#fc8d62,car
145772,9,1,78,138,2016,9,17,3,3,5,3,0,0,0,1,0,1,0,0,710074.4732,5368388.5097,11.840197895,48.433568209,2,#fc8d62,car
145773,9,1,62,0,2016,9,9,3,3,1,5,0,0,0,1,0,1,0,0,687161.5443,5339583.6764,11.517971963,48.181898173,2,#fc8d62,car
145776,9,1,62,0,2016,9,8,3,3,5,3,0,0,1,1,0,0,0,0,689531.7619,5330805.2964,11.545920028,48.10229497,1,#66c2a5,bicycle
145782,9,7,61,0,2016,9,16,3,3,5,3,0,0,1,1,0,0,0,0,643200.8329,5360568.0742,10.934062123,48.38201372,1,#66c2a5,bicycle
145784,9,1,62,0,2016,9,14,1,3,5,2,0,0,0,1,0,0,0,0,692296.1452,5338134.2319,11.586322403,48.167337741,2,#fc8d62,car
145785,9,1,62,0,2016,9,7,3,3,5,3,0,0,1,1,0,0,0,0,690335.7914,5342206.4161,11.56180823,48.204528098,1,#66c2a5,bicycle
145794,9,1,62,0,2016,9,16,3,3,0,7,0,0,1,0,0,0,0,0,681517.3542,5336057.2996,11.440605429,48.151838083,1,#66c2a5,bicycle
145799,9,1,77,117,2016,9,12,3,3,0,1,0,0,1,0,0,0,0,0,715810.3723,5352478661.0,11.90948495,48.288679481,1,#66c2a5,bicycle
145800,9,1,87,142,2016,9,16,3,2,4,6,0,0,0,0,0,1,0,1,734061337.0,5314016346.0,12.134065582,47.93667132,4,#e78ac3,marker
145802,9,7,61,0,2016,9,10,1,3,5,3,0,0,1,1,0,0,0,0,638526.8954,5362330.3076,10.871552975,48.398902962,1,#66c2a5,bicycle
145805,9,1,62,0,2016,9,13,3,3,5,2,0,0,1,1,0,0,0,0,690131.8333,5334928.1513,11.555810968,48.139172577,1,#66c2a5,bicycle
145810,9,1,62,0,2016,9,9,3,3,2,6,0,0,0,1,0,0,0,0,687911.2375,5334078.5093,11.525616495,48.132195455,2,#fc8d62,car
145815,9,1,87,182,2016,9,17,2,3,3,2,0,0,1,1,0,0,0,0,736915583.0,5324472842.0,12.177989779,48.029557366,1,#66c2a5,bicycle
145818,9,1,63,0,2016,9,12,2,3,5,3,0,0,1,1,0,0,0,0,731175.8662,5304365.7979,12.090319838,47.85101586,1,#66c2a5,bicycle
145819,9,7,72,163,2016,9,15,3,3,5,3,0,0,1,1,0,0,0,0,639300.5304,5348757.3285,10.877510961,48.276686883,1,#66c2a5,bicycle
145821,9,1,63,0,2016,9,17,2,3,2,2,0,0,0,1,0,1,0,0,733623.3746,5305788.4449,12.123756085,47.86291215,2,#fc8d62,car
145824,9,1,84,149,2016,9,15,1,3,0,7,0,0,1,0,0,0,0,0,691965.3301,5348493.8198,11.586566104,48.260546479,1,#66c2a5,bicycle
145826,9,1,62,0,2016,9,17,2,3,5,7,0,0,0,1,0,0,0,1,686219.4706,5334389.3632,11.503036826,48.135486762,2,#fc8d62,car
145827,9,1,62,0,2016,9,7,3,3,5,3,0,0,0,1,0,1,0,0,691145.7944,5337119.2307,11.570410632,48.158561986,2,#fc8d62,car
145830,9,1,63,0,2016,9,14,2,3,5,3,0,0,0,1,0,1,0,0,733821.3657,5305286.9414,12.126128186,47.858334628,2,#fc8d62,car
145831,9,1,86,143,2016,9,21,1,2,3,6,2,0,1,0,0,0,0,1,684912.4898,5377685.2516,11.504481918,48.525016856,1,#66c2a5,bicycle
145833,9,1,63,0,2016,9,0,2,3,0,1,2,0,1,0,0,0,0,0,733914449.0,5305516.6095,12.127494983,47.860364091,1,#66c2a5,bicycle
145834,9,7,61,0,2016,9,7,3,3,5,3,0,0,0,1,0,0,0,0,640816.1469,5359137.4141,10.901394067,48.369686547,2,#fc8d62,car
145838,9,1,62,0,2016,9,11,3,3,6,6,0,0,0,0,1,0,0,1,692296.1452,5338134.2319,11.586322403,48.167337741,3,#8da0cb,toilet
145839,9,1,62,0,2016,9,20,1,3,5,3,2,0,1,1,0,0,0,0,690499.0203,5330608.1418,11.558811501,48.100234469,1,#66c2a5,bicycle
145841,9,1,62,0,2016,9,17,2,3,4,7,0,0,0,1,0,1,0,0,689951.5934,5334735.5882,11.553304746,48.137495645,2,#fc8d62,car
145842,9,1,62,0,2016,9,18,3,3,3,6,0,0,1,0,0,0,0,0,691949455.0,5338499.6426,11.581829398,48.170726749,1,#66c2a5,bicycle
145850,9,1,79,142,2016,9,1,1,2,0,7,2,0,0,0,0,0,0,1,672701.0838,5342425122.0,11.324757569,48.21153673,6,#ffd92f,circle
145852,9,1,81,130,2016,9,14,1,3,3,2,0,0,1,1,0,0,0,0,639069.9274,5324903954.0,10.866601797,48.062245161,1,#66c2a5,bicycle
145855,9,7,73,140,2016,9,14,1,2,0,1,0,0,1,0,0,0,0,0,614893.0651,5374983194.0,10.555859428,48.517442477,1,#66c2a5,bicycle
145856,9,1,88,117,2016,9,15,1,3,0,7,0,0,1,0,0,0,0,0,663037477.0,5315666785.0,11.184557419,47.97352304,1,#66c2a5,bicycle
145857,9,1,84,136,2016,9,12,3,3,0,7,0,0,1,0,0,0,0,0,698741279.0,5326386.2149,11.667437202,48.059773416,1,#66c2a5,bicycle
145861,9,1,62,0,2016,9,10,2,3,5,3,0,0,1,0,0,0,0,0,688181695.0,5329978741.0,11.527438964,48.095265853,1,#66c2a5,bicycle
145864,9,1,62,0,2016,9,9,2,2,0,4,0,0,1,0,1,0,0,0,693192.7355,5333987.4754,11.596486502,48.129796101,1,#66c2a5,bicycle
145867,9,7,61,0,2016,9,18,1,3,1,5,0,0,1,1,0,0,0,0,643801.1422,5360180.4079,10.942032391,48.378391502,1,#66c2a5,bicycle
145869,9,1,78,124,2016,9,8,1,3,5,3,0,0,1,1,0,0,0,0,703621.0951,5364185.4399,11.751014922,48.397918252,1,#66c2a5,bicycle
145870,9,1,62,0,2016,9,23,3,3,0,1,2,0,1,0,0,0,0,0,689268.8582,5334748.8853,11.544142818,48.137818591,1,#66c2a5,bicycle
145873,9,7,72,200,2016,9,18,3,3,0,1,0,0,1,0,0,0,0,0,631011.7445,5338082.7924,10.762550006,48.182464879,1,#66c2a5,bicycle
145874,9,1,62,0,2016,9,14,1,3,2,6,0,0,0,1,0,0,0,1,691109.6943,5335154.4543,11.569043558,48.140913635,2,#fc8d62,car
145876,9,1,62,0,2016,9,15,2,3,5,3,0,0,0,1,0,0,0,0,689998.6289,5337195.7266,11.555034382,48.15959333,2,#fc8d62,car
145877,9,1,62,0,2016,9,9,3,3,5,3,0,0,1,1,0,0,0,0,692264.2007,5336648.3274,11.585221657,48.153992446,1,#66c2a5,bicycle
145880,9,1,78,124,2016,9,8,1,3,5,3,0,0,1,1,0,0,0,0,703628.8299,5364192.0365,11.751122496,48.397975032,1,#66c2a5,bicycle
145884,9,1,75,131,2016,9,15,1,2,0,1,0,0,1,0,0,0,0,0,707063.7978,5322431.2881,11.777093507,48.021586093,1,#66c2a5,bicycle
145888,9,7,61,0,2016,9,18,3,3,4,2,0,0,0,1,0,1,0,0,641985.6507,5360414.2225,10.917607565,48.380905022,2,#fc8d62,car
145890,9,1,62,0,2016,9,0,1,3,4,2,2,0,1,0,0,0,0,0,691920.1003,5333881.5299,11.579352761,48.129228864,1,#66c2a5,bicycle
145891,9,1,62,0,2016,9,17,3,2,4,2,0,0,0,1,0,1,0,0,694167.8286,5334990.7218,11.61003481,48.138516218,2,#fc8d62,car
145893,9,1,62,0,2016,9,21,7,2,0,7,2,0,1,0,0,0,0,0,691769.5908,5334666.3046,11.57768531,48.136327673,1,#66c2a5,bicycle
145901,9,1,62,0,2016,9,18,3,3,5,3,0,0,1,0,0,0,0,0,693328.4898,5342061.8046,11.601979544,48.202324137,1,#66c2a5,bicycle
145903,9,1,62,0,2016,9,16,7,3,2,6,0,0,0,1,0,0,0,0,687391.6397,5331811.5199,11.517643337,48.111972278,2,#fc8d62,car
145904,9,1,88,141,2016,9,16,2,2,0,1,0,0,0,0,0,1,0,0,670636.9533,5309510.1794,11.283860898,47.916193366,4,#e78ac3,marker
145906,9,1,62,0,2016,9,9,2,3,2,6,0,0,0,1,0,1,0,0,695045.9787,5336132396.0,11.622349202,48.148508493,2,#fc8d62,car
145908,9,7,72,202,2016,9,15,1,3,8,1,0,0,0,1,0,0,0,0,636430.6145,5359921.2642,10.842464379,48.377698144,2,#fc8d62,car
145909,9,1,88,139,2016,9,16,2,3,0,7,0,0,1,0,0,0,0,0,673738.7642,5319325.4318,11.329306652,48.003597834,1,#66c2a5,bicycle
145910,9,1,62,0,2016,9,4,7,3,6,3,2,0,0,1,1,0,0,0,691211.5663,5335285.4049,11.570470369,48.14206,2,#fc8d62,car
145911,9,1,62,0,2016,9,7,3,3,5,2,0,0,0,1,0,1,0,0,689695.6046,5331906.8437,11.548608389,48.112147038,2,#fc8d62,car
145912,9,1,79,145,2016,9,11,2,3,5,3,0,0,0,0,1,1,0,0,674642.3593,5335956.5899,11.348207956,48.152857781,3,#8da0cb,toilet
145913,9,7,61,0,2016,9,10,2,3,2,6,0,0,0,1,0,1,0,0,641712.6812,5359950.3162,10.913766667,48.376795152,2,#fc8d62,car
145914,9,1,62,0,2016,9,22,7,3,1,6,2,0,0,1,0,0,0,0,696905.4106,5332325.5811,11.645562156,48.113722383,2,#fc8d62,car
145915,9,1,62,0,2016,9,18,3,3,6,4,0,0,0,1,1,0,0,0,689861.46,5344195896.0,11.55632109,48.222551352,2,#fc8d62,car
145916,9,7,61,0,2016,9,16,2,3,2,6,0,0,0,1,0,0,0,0,638097.8914,5360281.1015,10.865086472,48.380571022,2,#fc8d62,car
145917,9,1,62,0,2016,9,3,7,3,5,7,2,0,0,1,0,0,0,0,690348.4891,5334743.5921,11.558637832,48.137448987,2,#fc8d62,car
145919,9,1,87,150,2016,9,12,3,3,9,1,0,0,1,0,0,0,0,0,729816878.0,5304034856.0,12.072004428,47.848529808,1,#66c2a5,bicycle
145922,9,1,74,143,2016,9,5,2,3,7,7,1,0,0,0,0,1,0,0,673861.1537,5350675.8457,11.343748323,48.285388005,4,#e78ac3,marker
145923,9,1,62,0,2016,9,18,7,3,3,6,0,0,1,1,0,0,0,0,690080515.0,5334738.2613,11.5550371,48.137481175,1,#66c2a5,bicycle
145924,9,1,62,0,2016,9,8,3,3,1,5,0,0,1,0,0,0,1,0,691718.2785,5334894.3323,11.57709895,48.138392615,1,#66c2a5,bicycle
145925,9,1,75,132,2016,9,20,2,3,0,7,2,0,1,0,0,0,0,0,706370.0384,5331491.6471,11.772171864,48.10323202,1,#66c2a5,bicycle
145926,9,7,61,0,2016,9,17,2,3,0,6,0,0,1,1,0,0,0,0,639260.0737,5360352.9609,10.880797423,48.380961701,1,#66c2a5,bicycle
145927,9,7,71,130,2016,9,12,3,3,0,7,0,0,1,0,0,0,0,0,646075.6575,5356201.8918,10.971349652,48.342097043,1,#66c2a5,bicycle
145929,9,1,62,0,2016,9,12,1,3,5,3,0,0,1,1,0,0,0,0,695162314.0,5341783387.0,11.626505914,48.199260862,1,#66c2a5,bicycle
145931,9,1,62,0,2016,9,8,2,3,2,6,0,0,0,1,0,0,0,0,690779.8124,5334173.6757,11.564174376,48.132197441,2,#fc8d62,car
145932,9,1,62,0,2016,9,8,3,3,0,2,0,0,1,1,0,0,0,0,690906.6875,5333253.8403,11.565465814,48.123891959,1,#66c2a5,bicycle
145935,9,1,62,0,2016,9,9,2,3,5,3,0,0,1,0,0,0,0,0,690953.1687,5339318.1754,11.568810484,48.178383694,1,#66c2a5,bicycle
145936,9,1,62,0,2016,9,17,3,3,5,3,0,0,1,1,0,0,0,0,693318.3825,5335247.7166,11.598745283,48.141084638,1,#66c2a5,bicycle
145939,9,1,78,143,2016,9,13,2,3,0,7,0,0,0,0,0,0,0,1,717671282.0,5372240.2195,11.944769772,48.465594849,6,#ffd92f,circle
145940,9,1,62,0,2016,9,16,7,3,1,1,0,0,0,1,0,0,0,0,691660.7024,5335930.6368,11.576792259,48.147724113,2,#fc8d62,car
145942,9,1,77,119,2016,9,20,2,3,6,4,2,0,0,1,1,0,0,0,721826.1473,5341664.5696,11.984812254,48.189440281,2,#fc8d62,car
145943,9,7,61,0,2016,9,17,3,3,2,6,0,0,0,1,0,0,0,0,640146.1316,5359100.4534,10.892339897,48.369503343,2,#fc8d62,car
145945,9,1,62,0,2016,9,2,1,3,4,7,2,0,1,1,0,0,0,0,691034.5504,5334153.9569,11.567585776,48.131943803,1,#66c2a5,bicycle
145946,9,1,62,0,2016,9,17,3,2,5,7,0,0,1,1,0,0,0,0,690052.5386,5335495029.0,11.554999158,48.144291367,1,#66c2a5,bicycle
145948,9,1,84,135,2016,9,10,7,3,6,4,0,0,0,1,1,0,0,0,689810.8437,5348291.3255,11.557475638,48.259375569,2,#fc8d62,car
145950,9,1,62,0,2016,9,18,7,3,2,6,0,0,0,1,0,0,0,0,691701.3075,5342484.4387,11.580293592,48.20661604,2,#fc8d62,car
145951,9,1,84,113,2016,9,13,1,3,0,1,0,0,1,0,0,0,0,0,686809.5665,5323194.2878,11.506064658,48.034687774,1,#66c2a5,bicycle
145955,9,7,61,0,2016,9,14,2,3,4,6,2,0,0,1,0,0,0,0,636619.2579,5361262.6495,10.845446716,48.389718945,2,#fc8d62,car
145956,9,1,62,0,2016,9,17,7,3,0,3,0,0,0,1,0,0,0,1,678035.5668,5338510.0585,11.394860305,48.174870267,2,#fc8d62,car
145958,9,1,62,0,2016,9,1,5,3,0,1,2,1,1,0,0,0,0,0,692807.4911,5332507879.0,11.590645134,48.116614617,1,#66c2a5,bicycle
145959,9,1,62,0,2016,9,10,4,3,3,7,0,0,0,1,0,0,0,0,688668.1432,5336283.8798,11.536756443,48.151793714,2,#fc8d62,car
145964,9,7,71,130,2016,9,15,5,3,5,2,0,0,0,1,0,1,0,0,647978.2756,5356878.5405,10.997247913,48.34773812,2,#fc8d62,car
145965,9,1,79,134,2016,9,6,6,3,1,6,0,0,0,1,0,1,0,0,667718.2403,5342641.2741,11.25782303,48.214816251,2,#fc8d62,car
145966,9,1,62,0,2016,9,9,6,3,0,7,0,1,0,0,0,0,0,1,684490.3041,5333254.0534,11.479325647,48.125785618,6,#ffd92f,circle
145967,9,1,62,0,2016,9,19,4,3,6,7,2,0,1,0,1,0,0,0,688484.0315,5336364.3577,11.534319105,48.152571647,1,#66c2a5,bicycle
145968,9,1,87,117,2016,9,10,5,2,0,6,0,0,0,0,0,1,0,0,724972.8119,5305540.6806,12.008129325,47.863773099,4,#e78ac3,marker
145972,9,1,62,0,2016,9,18,4,3,1,7,0,0,1,1,0,0,0,0,687701.9982,5336747.4561,11.523983623,48.156246289,1,#66c2a5,bicycle
145979,9,1,62,0,2016,9,16,4,3,1,5,0,0,1,1,0,0,0,0,686038.1863,5334851.1691,11.500804238,48.139690676,1,#66c2a5,bicycle