OBJECTID,ULAND,UREGBEZ,UKREIS,UGEMEINDE,UJAHR,UMONAT,USTUNDE,UWOCHENTAG,UKATEGORIE,UART,UTYP1,ULICHTVERH,STRZUSTAND,IstRad,IstPKW,IstFuss,IstKrad,IstGkfz,IstSonstig,LINREFX,LINREFY,XGCSWGS84,YGCSWGS84,Teilnehmer,color,symbol
145980,9,7,72,163,2016,9,8,5,2,0,7,0,0,1,0,0,0,0,0,640360.4909,5349424.6034,10.892010814,48.282452834,1,#66c2a5,bicycle
145981,9,1,77,117,2016,9,8,6,3,5,3,0,0,0,1,0,0,0,0,715637.6273,5354767.0506,11.908327843,48.309299798,2,#fc8d62,car
145983,9,1,62,0,2016,9,1,6,3,0,1,2,0,0,0,0,1,0,1,694691.4826,5336530.3606,11.617770274,48.152193815,4,#e78ac3,marker
145984,9,1,84,130,2016,9,16,4,3,6,4,0,0,0,1,1,0,0,0,698116.7636,5344249174.0,11.667374094,48.220506253,2,#fc8d62,car
145988,9,1,88,139,2016,9,16,5,3,5,3,0,0,1,0,0,0,0,0,675056.4977,5319034.6708,11.346839519,48.000624536,1,#66c2a5,bicycle
145991,9,1,62,0,2016,9,16,5,3,5,3,0,0,1,0,0,0,0,0,692109.2173,5333734.3626,11.581825424,48.1278491,1,#66c2a5,bicycle
145992,9,1,62,0,2016,9,18,4,3,0,7,0,0,1,0,0,0,0,0,698466.46,5331216.69,11.665996641,48.103271958,1,#66c2a5,bicycle
145993,9,2,61,0,2016,9,11,6,3,2,6,0,0,0,1,0,1,0,0,731703928.0,5381894.2487,12.139680937,48.547305238,2,#fc8d62,car
145994,9,1,62,0,2016,9,7,4,3,5,3,0,0,0,1,0,0,0,0,695548442.0,5339270.0319,11.630539746,48.176553557,2,#fc8d62,car
145995,9,1,86,143,2016,9,15,6,3,0,3,0,0,0,1,0,1,0,0,684880619.0,5378114851.0,11.504241166,48.528887377,2,#fc8d62,car
145996,9,7,61,0,2016,9,20,5,3,5,3,2,0,0,1,0,1,0,0,639167.2878,5358829.7501,10.87904078,48.367285839,2,#fc8d62,car
146001,9,1,62,0,2016,9,15,5,3,0,7,0,0,1,0,0,0,0,0,693355.6209,5333420.3291,11.59841602,48.124649289,1,#66c2a5,bicycle
146008,9,1,81,146,2016,9,6,5,3,0,7,0,0,1,0,0,0,0,0,651952347.0,5326635.0804,11.040016676,48.074872148,1,#66c2a5,bicycle
146009,9,1,62,0,2016,9,17,5,3,6,4,0,0,1,0,1,0,0,0,692022.5549,5336384695.0,11.581856917,48.151695975,1,#66c2a5,bicycle
146011,9,1,62,0,2016,9,8,6,3,0,7,0,0,1,0,0,0,0,0,688500.6447,5336442.4992,11.534576866,48.153269069,1,#66c2a5,bicycle
146012,9,1,62,0,2016,9,18,5,3,3,2,0,0,1,1,0,0,0,0,689563.9159,5333544.2667,11.547568946,48.126903563,1,#66c2a5,bicycle
146018,9,7,61,0,2016,9,11,5,3,1,6,0,0,0,0,0,1,0,0,637655.9242,5361448.0159,10.859503063,48.391160316,4,#e78ac3,marker
146019,9,1,62,0,2016,9,8,5,3,5,3,0,0,1,1,0,0,0,0,695024.4547,5340842.1408,11.624220306,48.190843831,1,#66c2a5,bicycle
146020,9,1,79,145,2016,9,17,6,3,0,7,0,1,1,0,0,0,0,0,673968.9214,5337329.4536,11.339722294,48.165383611,1,#66c2a5,bicycle
146023,9,7,61,0,2016,9,7,5,3,2,6,0,0,0,1,0,0,0,0,638779253.0,5356880.03,10.873161391,48.349839768,2,#fc8d62,car
146024,9,1,62,0,2016,9,9,5,3,5,3,0,0,0,1,0,0,0,0,687401341.0,5332809029.0,11.518211917,48.120935341,2,#fc8d62,car
146025,9,1,79,123,2016,9,11,6,2,5,3,0,0,0,1,0,0,0,0,676379.6955,5334480.6048,11.370935699,48.139110349,2,#fc8d62,car
146026,9,1,62,0,2016,9,11,6,3,4,7,0,0,0,1,0,1,0,0,689493907.0,5333121399.0,11.546441055,48.123123632,2,#fc8d62,car
146027,9,1,62,0,2016,9,14,5,3,6,4,0,0,0,1,1,0,0,0,690416161.0,5333904.4068,11.559171452,48.129886152,2,#fc8d62,car
146029,9,1,79,123,2016,9,18,5,3,6,4,0,0,0,1,1,0,0,0,676661.7938,5334301.3025,11.37464998,48.137420299,2,#fc8d62,car
146032,9,1,88,120,2016,9,7,5,3,5,3,0,0,1,1,0,0,0,0,676955293.0,5327021.9865,11.375572762,48.071903009,1,#66c2a5,bicycle
146037,9,7,61,0,2016,9,14,5,3,0,6,0,0,0,1,0,0,0,1,639776.5259,5358721.7689,10.887226214,48.366180281,2,#fc8d62,car
146038,9,1,62,0,2016,9,11,5,3,1,6,0,0,0,0,0,1,1,0,691113.5596,5335156.5089,11.569096386,48.14093094,4,#e78ac3,marker
146040,9,1,62,0,2016,9,10,6,3,0,2,0,0,0,1,0,1,0,0,690164.55,5333907.7563,11.555794815,48.129991477,2,#fc8d62,car
146043,9,1,84,137,2016,9,15,6,2,0,6,0,0,1,0,0,0,0,0,707453.4963,5316998.6063,11.779688017,47.972638452,1,#66c2a5,bicycle
146044,9,1,88,127,2016,9,18,5,3,0,1,0,0,0,0,0,1,0,0,676730159.0,5331394.3461,11.374362791,48.111269949,4,#e78ac3,marker
146047,9,1,74,126,2016,9,11,5,3,5,3,0,0,0,1,0,0,0,1,683646.4929,5344954.0049,11.473052662,48.231194997,2,#fc8d62,car
146048,9,1,90,157,2016,9,20,6,3,5,3,2,1,0,1,0,0,0,0,660952.7546,5301375.8959,11.151310469,47.845561901,2,#fc8d62,car
146055,9,1,74,126,2016,9,13,5,3,6,4,0,0,0,1,1,0,0,0,683032492.0,5343265.5948,11.464063289,48.216196199,2,#fc8d62,car
146056,9,1,87,137,2016,9,7,6,3,5,3,0,0,1,1,0,0,0,0,730522.7597,5309169731.0,12.084164705,47.894410609,1,#66c2a5,bicycle
146061,9,7,61,0,2016,9,7,6,3,2,2,0,0,1,1,0,0,0,0,638946.4558,5360314.4986,10.87655146,48.380685007,1,#66c2a5,bicycle
146062,9,1,85,158,2016,9,18,4,3,4,2,0,0,1,1,0,0,0,0,667080.3196,5380080.8894,11.264127839,48.551551625,1,#66c2a5,bicycle
146064,9,7,61,0,2016,9,11,5,3,1,5,0,0,1,1,0,0,0,0,641286.3599,5359218.8004,10.907766889,48.370313254,1,#66c2a5,bicycle
146065,9,1,62,0,2016,9,12,5,3,5,3,0,0,1,1,0,0,0,0,688639.3344,5331583325.0,11.534288497,48.109552905,1,#66c2a5,bicycle
146066,9,1,74,141,2016,9,18,6,3,0,1,1,1,0,0,0,1,0,0,680286.0041,5354233.5847,11.431798769,48.315570074,4,#e78ac3,marker
146068,9,1,62,0,2016,9,16,6,3,2,6,0,0,0,1,0,1,0,0,697678.7443,5330381.1077,11.655040091,48.096007168,2,#fc8d62,car
146070,9,7,61,0,2016,9,7,4,3,1,6,0,0,0,1,0,0,0,0,637702.9099,5359544.3756,10.859513614,48.374032829,2,#fc8d62,car
146071,9,1,78,143,2016,9,16,5,3,0,6,0,0,0,1,1,0,0,0,716744.6608,5371548.5366,11.931892841,48.459700209,2,#fc8d62,car
146072,9,2,74,126,2016,9,14,4,3,0,7,0,0,1,0,0,0,0,0,733721814.0,5383478.2579,12.167869799,48.560785242,1,#66c2a5,bicycle
146075,9,7,61,0,2016,9,11,4,3,2,2,0,0,0,1,0,0,0,0,643072.6961,5361785354.0,10.932747089,48.392987908,2,#fc8d62,car
146080,9,1,74,115,2016,9,14,6,3,0,1,0,0,0,0,0,1,0,0,682208684.0,5348063277.0,11.455047062,48.259557482,4,#e78ac3,marker
146081,9,1,62,0,2016,9,20,6,3,5,3,2,1,1,1,0,0,0,0,692373.6231,5330535.1429,11.583932128,48.099015164,1,#66c2a5,bicycle
146082,9,7,61,0,2016,9,17,4,3,0,1,0,0,1,0,0,0,0,0,640513.0903,5358235.7776,10.897003124,48.361646869,1,#66c2a5,bicycle
146083,9,1,78,124,2016,9,11,5,3,6,1,0,0,0,1,1,0,0,0,702943.1196,5365037.4815,11.742277934,48.405793449,2,#fc8d62,car
146086,9,1,77,119,2016,9,16,5,3,0,6,0,0,0,1,0,0,0,0,722911.3353,5340867.6362,11.998975329,48.181900335,2,#fc8d62,car
146087,9,2,74,182,2016,9,16,6,3,5,3,0,0,0,1,0,1,0,0,728593.1877,5375564.6644,12.094125566,48.491586299,2,#fc8d62,car
146088,9,1,62,0,2016,9,16,4,3,5,3,0,0,0,1,0,1,0,0,694530409.0,5336743447.0,11.615704263,48.154158227,2,#fc8d62,car
146089,9,1,79,123,2016,9,9,4,3,0,7,0,0,0,0,0,0,1,0,675215.1326,5333058.8196,11.354710401,48.126651148,5,#a6d854,bus
146091,9,7,61,0,2016,9,13,4,3,2,6,0,0,0,1,0,0,0,0,639508.0215,5359629.6959,10.883904191,48.374403522,2,#fc8d62,car
146093,9,1,62,0,2016,9,18,5,3,4,2,0,0,1,1,0,0,0,0,691045882.0,5337155.1066,11.569084583,48.15891446,1,#66c2a5,bicycle
146095,9,1,62,0,2016,9,19,6,3,0,1,1,1,0,0,0,1,0,0,693431.3451,5336114.3026,11.60065589,48.148838906,4,#e78ac3,marker
146097,9,1,62,0,2016,9,17,4,3,3,6,0,0,0,1,0,1,0,0,692410.7401,5334182.5298,11.586075784,48.131786075,2,#fc8d62,car
146098,9,2,61,0,2016,9,12,4,3,6,7,0,0,0,1,1,0,0,0,732809.7872,5380820.5124,12.154042256,48.537250831,2,#fc8d62,car
146100,9,1,62,0,2016,9,14,4,3,3,6,0,0,1,1,0,0,1,0,692444424.0,5341927.07,11.590032593,48.201381763,1,#66c2a5,bicycle
146109,9,1,62,0,2016,9,8,5,3,0,2,0,0,1,1,0,0,0,0,691661.2553,5332796.8468,11.575389882,48.119557841,1,#66c2a5,bicycle
146112,9,2,74,113,2016,9,17,4,3,0,7,0,0,1,0,0,0,0,0,728823.2282,5381959.3403,12.100741989,48.548947233,1,#66c2a5,bicycle
146114,9,7,78,116,2016,9,10,5,2,5,3,0,0,1,0,0,0,0,0,618788.3286,5319036745.0,10.592872102,48.013576927,1,#66c2a5,bicycle
146116,9,7,61,0,2016,9,22,6,3,0,1,2,1,1,0,0,0,0,0,640131808.0,5359934624.0,10.892424627,48.377007125,1,#66c2a5,bicycle
146117,9,2,74,126,2016,9,13,4,3,4,2,0,0,0,1,0,0,0,1,733563.6708,5383894.7019,12.165963422,48.564584893,2,#fc8d62,car
146118,9,1,79,121,2016,9,16,4,3,0,7,0,0,1,0,0,0,0,0,668391.1566,5338694.0446,11.265308841,48.179153119,1,#66c2a5,bicycle
146120,9,1,73,120,2016,9,11,4,3,3,6,0,0,1,0,0,0,1,0,684415.9558,5314210.9297,11.470125955,47.954633755,1,#66c2a5,bicycle
146122,9,1,62,0,2016,9,13,6,3,2,6,0,0,0,1,0,1,0,0,695355.7062,5332645.5035,11.624910089,48.117074933,2,#fc8d62,car
146125,9,1,73,147,2016,9,9,4,3,4,6,0,0,0,0,0,1,0,1,682171.0499,5308284.9282,11.437579461,47.902006628,4,#e78ac3,marker
146127,9,1,74,143,2016,9,16,4,2,4,1,0,0,0,1,0,0,0,0,674043.6135,5351105.9348,11.346383032,48.289204017,2,#fc8d62,car
146130,9,1,84,149,2016,9,12,5,2,0,7,0,0,1,0,0,0,0,0,690846.5766,5350662.6882,11.572486539,48.28037754,1,#66c2a5,bicycle
146131,9,1,78,138,2016,9,9,6,3,4,2,0,0,1,1,0,0,0,0,713342.7063,5368733.3002,11.884501952,48.435567683,1,#66c2a5,bicycle
146132,9,1,62,0,2016,9,20,6,3,5,2,2,1,1,1,0,0,0,0,686243.7713,5332614.0729,11.502587305,48.119522647,1,#66c2a5,bicycle
146134,9,1,62,0,2016,9,18,5,3,1,3,0,0,1,1,0,0,0,0,680263.6783,5334858.1029,11.423256951,48.141415186,1,#66c2a5,bicycle
146135,9,1,78,157,2016,9,12,6,3,5,3,0,0,0,1,0,1,0,0,704474.2044,5369838.7714,11.765283308,48.448443297,2,#fc8d62,car
146136,9,1,62,0,2016,9,22,6,3,3,3,2,1,0,1,0,0,0,0,689232.8325,5340120.3177,11.546048598,48.186107995,2,#fc8d62,car
146139,9,1,62,0,2016,9,15,4,3,5,2,0,0,0,1,0,1,0,0,689861.5375,5340142.9019,11.554508944,48.186123395,2,#fc8d62,car
146140,9,1,90,138,2016,9,11,4,3,8,1,0,0,1,0,0,0,0,0,660573048.0,5312641609.0,11.150430945,47.946947092,1,#66c2a5,bicycle
146142,9,1,62,0,2016,9,12,4,3,2,6,0,0,0,1,0,0,0,0,695107984.0,5338268.7017,11.624161583,48.167689514,2,#fc8d62,car
146143,9,1,74,113,2016,9,20,4,3,9,1,2,0,0,1,0,0,0,0,676213.5714,5350241.6885,11.375251092,48.280834935,2,#fc8d62,car
146147,9,1,62,0,2016,9,8,5,3,5,2,0,0,0,1,0,0,0,0,684077.1221,5335097.8645,11.474575054,48.142478465,2,#fc8d62,car
146149,9,1,62,0,2016,9,16,6,3,5,2,0,0,1,1,0,0,0,0,689698012.0,5331892374.0,11.548634264,48.112016265,1,#66c2a5,bicycle
146152,9,1,62,0,2016,9,19,4,3,3,6,1,0,0,1,0,0,0,1,693183.8314,5331663.3273,11.59531391,48.10890993,2,#fc8d62,car
146153,9,1,62,0,2016,9,15,4,3,0,7,0,0,0,0,0,0,0,1,686464.4969,5328449.4645,11.503730786,48.082024789,6,#ffd92f,circle
146156,9,1,62,0,2016,9,20,4,3,9,6,2,0,0,1,0,0,0,0,693091.8755,5336046.6544,11.596065951,48.148334041,2,#fc8d62,car
146157,9,1,75,132,2016,9,15,4,3,0,5,0,0,1,1,0,0,0,0,706166433.0,5331721.5456,11.769551214,48.105363917,1,#66c2a5,bicycle
146158,9,2,61,0,2016,9,19,6,3,5,3,2,0,1,1,0,0,0,0,731673.3303,5380458.4017,12.138468717,48.534418578,1,#66c2a5,bicycle
146161,9,7,62,0,2016,9,16,6,3,4,1,0,1,0,1,0,0,0,0,621716092.0,5304251658.0,10.627933147,47.880054422,2,#fc8d62,car
146162,9,1,73,126,2016,9,6,4,3,6,6,1,0,0,0,1,0,0,1,684645456.0,5305181.3836,11.469329936,47.873401546,3,#8da0cb,toilet
146166,9,1,63,0,2016,9,15,6,3,2,6,0,0,0,1,0,0,0,0,732468.9649,5304612.5599,12.107712129,47.852766493,2,#fc8d62,car
146171,9,7,61,0,2016,9,15,6,3,5,2,0,0,1,1,0,0,0,0,638917.3285,5358470.7777,10.875549145,48.364113099,1,#66c2a5,bicycle
146173,9,1,62,0,2016,9,17,4,2,4,7,0,0,0,1,0,1,0,0,693564.8084,5333638.4569,11.60132325,48.126546191,2,#fc8d62,car
146175,9,1,62,0,2016,9,17,5,3,5,3,0,0,1,1,0,0,0,0,699798.7924,5333059506.0,11.684736698,48.119417171,1,#66c2a5,bicycle
146177,9,1,62,0,2016,9,15,6,3,2,6,0,0,0,1,0,0,0,0,679486.4724,5338582.46,11.414389947,48.175112956,2,#fc8d62,car
146180,9,1,62,0,2016,9,14,4,3,3,6,0,0,1,1,0,0,0,0,689960.1092,5333529.1325,11.552881207,48.126649435,1,#66c2a5,bicycle
146183,9,1,62,0,2016,9,15,4,3,6,4,0,0,1,0,1,0,0,0,690345.2481,5334828.5315,11.55863227,48.138213391,1,#66c2a5,bicycle
146184,9,1,62,0,2016,9,11,3,3,2,6,0,0,0,1,0,0,0,0,688224.3874,5334052.8995,11.529809814,48.131872738,2,#fc8d62,car
146188,9,1,62,0,2016,9,7,3,2,5,2,0,0,1,0,0,0,0,1,687363.5953,5331761.1538,11.517244808,48.111527822,1,#66c2a5,bicycle
146191,9,1,77,117,2016,9,13,6,3,4,6,0,0,1,0,0,0,0,0,715165298.0,5352369.9924,11.900744523,48.287922651,1,#66c2a5,bicycle
146192,9,1,62,0,2016,9,15,6,3,5,3,0,0,0,1,0,1,0,0,690843.8175,5339334.5273,11.567348306,48.178563514,2,#fc8d62,car
146195,9,1,62,0,2016,9,8,4,3,3,2,0,0,1,1,0,0,0,0,689752.6526,5334562.7464,11.550556363,48.136001487,1,#66c2a5,bicycle
146198,9,1,62,0,2016,9,7,4,2,0,1,0,0,1,0,0,0,0,0,683075.1604,5335588.6374,11.461329494,48.147178953,1,#66c2a5,bicycle
146199,9,1,62,0,2016,9,19,3,3,5,2,0,0,1,1,0,0,0,0,692905.3249,5338554.9726,11.59469785,48.170934661,1,#66c2a5,bicycle
146203,9,1,62,0,2016,9,13,5,3,5,3,0,0,1,1,0,0,0,0,696812.7177,5330301.3753,11.643384519,48.095558619,1,#66c2a5,bicycle
146208,9,1,62,0,2016,9,11,5,3,4,2,0,0,0,1,0,0,0,0,697927.6239,5330955.8375,11.658645579,48.101095211,2,#fc8d62,car
146210,9,1,62,0,2016,9,16,6,3,2,6,0,0,0,1,0,1,0,0,690989.7639,5329591.7617,11.564941707,48.090952329,2,#fc8d62,car
146212,9,1,62,0,2016,9,10,4,3,3,6,0,0,0,1,0,1,0,0,690242.7181,5340204.5075,11.559659855,48.186563065,2,#fc8d62,car
146215,9,1,62,0,2016,9,7,4,3,5,2,0,0,1,1,0,0,0,0,689043461.0,5340143.8023,11.543513741,48.186375456,1,#66c2a5,bicycle
146218,9,1,63,0,2016,9,15,5,3,3,6,0,0,1,1,0,0,0,0,732458.1593,5304598.8374,12.107560523,47.852647116,1,#66c2a5,bicycle
146222,9,1,62,0,2016,9,15,4,3,9,2,0,0,1,1,0,0,0,0,688716.8857,5336540.0736,11.537524752,48.154081952,1,#66c2a5,bicycle
146224,9,7,72,185,2016,9,16,5,3,5,3,0,0,0,1,0,0,0,0,635083.43,5383117.1787,10.831777917,48.586562065,2,#fc8d62,car
146226,9,7,61,0,2016,9,14,6,3,5,3,0,0,1,1,0,0,0,0,639484.9717,5358282.5823,10.883146307,48.36229572,1,#66c2a5,bicycle
146227,9,1,62,0,2016,9,17,3,3,5,3,0,0,1,1,0,0,0,0,695684.5908,5332124.7121,11.629085391,48.112293333,1,#66c2a5,bicycle
146228,9,1,62,0,2016,9,14,6,3,0,7,0,0,1,0,0,0,0,0,692576.5752,5334982.8674,11.588664116,48.138929181,1,#66c2a5,bicycle
146231,9,1,62,0,2016,9,19,1,3,6,4,2,1,0,1,1,0,0,0,690334.4673,5335370.1628,11.558729575,48.14308479,2,#fc8d62,car
146232,9,7,72,163,2016,9,14,4,3,5,2,0,0,1,1,0,0,0,0,640768775.0,5350517095.0,10.897875275,48.292185639,1,#66c2a5,bicycle
146233,9,1,62,0,2016,9,20,7,3,1,5,2,1,0,1,0,0,0,0,689520287.0,5330982647.0,11.54584481,48.103892434,2,#fc8d62,car
146237,9,1,62,0,2016,9,9,4,3,3,2,0,0,1,1,0,0,0,0,688118089.0,5330763.8467,11.526931557,48.102341376,1,#66c2a5,bicycle
146239,9,1,62,0,2016,9,20,1,3,1,6,2,1,0,1,0,0,0,0,695150.3534,5332993415.0,11.622313084,48.120264774,2,#fc8d62,car
146241,9,1,62,0,2016,9,20,2,3,5,2,2,1,1,1,0,0,0,0,691451.4564,5336458.8202,11.574219555,48.152534361,1,#66c2a5,bicycle
146242,9,1,62,0,2016,9,9,7,3,5,3,0,1,1,1,0,0,0,0,689453.2015,5337171.7589,11.547696527,48.15954065,1,#66c2a5,bicycle
146243,9,1,62,0,2016,9,12,2,3,6,7,0,0,0,1,1,0,0,0,684381284.0,5332211.1152,11.477410901,48.116442675,2,#fc8d62,car
146244,9,1,62,0,2016,9,18,1,3,5,3,1,1,0,1,0,0,0,0,690261.3269,5336161.9939,11.558101213,48.150223628,2,#fc8d62,car
146246,9,1,62,0,2016,9,15,2,3,5,2,0,1,0,1,0,1,0,0,686257.1116,5331780819.0,11.502402444,48.112029115,2,#fc8d62,car
146247,9,1,62,0,2016,9,16,7,3,5,2,0,1,0,1,0,0,0,0,690955.4501,5334315258.0,11.566596035,48.133417304,2,#fc8d62,car
146248,9,1,62,0,2016,9,21,2,2,6,4,2,1,0,0,1,1,0,0,690901.4841,5342269.8462,11.569442719,48.204928348,3,#8da0cb,toilet
146250,9,1,62,0,2016,9,11,1,3,5,3,0,1,0,1,0,0,0,0,697584.5052,5332640.7249,11.654822134,48.116344374,2,#fc8d62,car
146251,9,1,79,118,2016,9,8,4,2,0,7,0,0,1,0,0,0,0,0,672759.5228,5338239.9277,11.323840868,48.173898148,1,#66c2a5,bicycle
146254,9,1,62,0,2016,9,9,4,3,3,2,0,0,1,1,0,0,0,1,689776012.0,5334906.5332,11.551023198,48.139084492,1,#66c2a5,bicycle
146256,9,1,62,0,2016,9,21,1,2,4,2,2,1,0,1,0,1,0,0,689892.4763,5335961.9094,11.553057798,48.14853549,2,#fc8d62,car
146257,9,1,62,0,2016,9,9,2,3,6,4,0,1,0,1,1,0,0,0,682941539.0,5339350075.0,11.461152663,48.181027545,2,#fc8d62,car
146258,9,1,62,0,2016,9,10,7,3,6,4,0,1,0,1,1,0,0,0,692807.4911,5332507879.0,11.590645134,48.116614617,2,#fc8d62,car
146259,9,1,62,0,2016,9,16,2,3,2,6,0,1,0,1,0,0,0,0,688939.2519,5343310.3343,11.543522527,48.214867251,2,#fc8d62,car
146265,9,1,79,145,2016,9,13,4,3,0,7,0,0,1,0,0,0,0,0,675064407.0,5338930.2771,11.355101924,48.179473173,1,#66c2a5,bicycle
146267,9,1,62,0,2016,9,13,4,3,3,7,0,0,1,0,0,0,0,0,689971.8591,5335943.6534,11.554115833,48.148347703,1,#66c2a5,bicycle
146269,9,1,62,0,2016,9,19,7,3,6,4,1,1,0,0,1,0,0,1,690516.6489,5335170.2345,11.561086719,48.141233314,3,#8da0cb,toilet
146273,9,7,61,0,2016,9,12,1,3,4,1,0,1,0,1,0,0,0,1,640011774.0,5359901948.0,10.89079365,48.376739959,2,#fc8d62,car
146276,9,1,62,0,2016,9,23,7,2,6,4,2,1,0,1,1,0,0,0,690144.6349,5334769.7962,11.555912179,48.137745455,2,#fc8d62,car
146280,9,1,62,0,2016,9,5,7,2,5,3,2,1,0,1,0,0,0,0,688021.8234,5331920.8968,11.526149675,48.112769665,2,#fc8d62,car
146281,9,1,62,0,2016,9,14,2,3,6,7,0,1,0,1,1,0,0,0,690440.9854,5335179.7417,11.560074891,48.141341416,2,#fc8d62,car
146287,9,7,61,0,2016,9,12,4,3,1,7,0,0,1,1,0,0,0,0,637180.3517,5360174.8323,10.852666678,48.379815639,1,#66c2a5,bicycle
146288,9,1,84,136,2016,9,11,7,3,1,5,0,1,1,1,0,0,0,0,700293.7362,5326976.9342,11.688526701,48.064596906,1,#66c2a5,bicycle
146290,9,1,62,0,2016,9,13,3,3,1,5,0,0,1,1,0,0,0,0,690823.2291,5335427531.0,11.565319049,48.143454007,1,#66c2a5,bicycle
146294,9,1,62,0,2016,9,20,7,3,4,2,2,1,0,1,0,0,0,0,687349.7066,5332460487.0,11.517365618,48.117817734,2,#fc8d62,car
146295,9,1,62,0,2016,9,18,3,2,5,3,0,0,1,1,0,0,0,0,692013609.0,5336452.1441,11.58176719,48.152304895,1,#66c2a5,bicycle
146302,9,1,62,0,2016,9,18,2,3,5,7,1,1,0,1,0,0,0,0,696924.2941,5330697.1047,11.645063994,48.099080745,2,#fc8d62,car
146303,9,1,62,0,2016,9,23,7,3,4,7,2,1,0,1,0,1,0,0,690352.7216,5334539.5754,11.558603496,48.135614021,2,#fc8d62,car
146304,9,1,62,0,2016,9,12,2,3,5,7,0,1,1,0,1,0,0,0,689677.8948,5332307.6702,11.548548961,48.11575498,1,#66c2a5,bicycle
146305,9,1,63,0,2016,9,14,7,3,2,6,0,1,0,1,0,0,0,0,734534.7732,5304877.5477,12.135429537,47.854396716,2,#fc8d62,car
146308,9,1,62,0,2016,9,20,3,3,0,1,2,0,1,0,0,0,0,0,686160.8715,5334856.0965,11.502453947,48.139699083,1,#66c2a5,bicycle
146311,9,1,62,0,2016,9,13,4,3,5,3,0,0,0,1,0,1,0,0,690104.5086,5343283.2778,11.559181029,48.214276093,2,#fc8d62,car
146315,9,1,62,0,2016,9,16,4,3,5,3,0,0,1,0,0,0,0,1,687513.2607,5336175.7963,11.52119638,48.151163763,1,#66c2a5,bicycle
146318,9,1,62,0,2016,9,6,2,3,6,4,1,0,1,0,1,0,0,0,690503.3063,5333969.4272,11.560370531,48.130444479,1,#66c2a5,bicycle
146319,9,1,62,0,2016,9,12,7,3,2,6,0,1,0,1,0,0,0,0,692252.0575,5337234.4989,11.585323396,48.159264493,2,#fc8d62,car
146320,9,1,62,0,2016,9,7,2,3,6,7,0,1,1,0,1,0,0,0,690677.1653,5335623.0582,11.563445051,48.145255187,1,#66c2a5,bicycle
146323,9,1,62,0,2016,9,14,4,3,0,2,0,0,0,1,0,0,0,1,692117.2267,5333422.1913,11.581792236,48.125040936,2,#fc8d62,car
146325,9,1,62,0,2016,9,22,7,3,2,7,2,1,0,1,0,0,0,0,691223551.0,5336442496.0,11.571151051,48.152456203,2,#fc8d62,car
146330,9,7,61,0,2016,9,17,3,3,5,3,0,0,1,1,0,0,0,0,639212.7284,5360564.3661,10.880228384,48.38287305,1,#66c2a5,bicycle
146335,9,1,63,0,2016,9,0,7,3,0,1,2,1,1,0,0,0,0,0,733959.5174,5305384.8457,12.128025351,47.859163921,1,#66c2a5,bicycle
146337,9,1,84,149,2016,9,5,3,3,5,3,2,1,0,1,0,1,0,0,691315.0699,5349603.5839,11.578315591,48.270717321,2,#fc8d62,car
146342,9,7,61,0,2016,9,13,3,3,2,6,0,0,0,1,0,1,0,0,640364.8318,5358497.6736,10.895090077,48.364034737,2,#fc8d62,car
146344,9,7,61,0,2016,9,8,4,3,0,1,0,0,1,0,0,0,0,0,637915.7935,5355858.8704,10.861178875,48.340846756,1,#66c2a5,bicycle
146347,9,7,61,0,2016,9,16,3,3,4,2,0,0,0,1,0,0,0,0,639971.7074,5359176.1157,10.890011231,48.370222383,2,#fc8d62,car
146350,9,7,71,142,2016,9,15,7,3,5,3,0,1,0,1,0,0,0,0,646050.4714,5352315.3493,10.969663484,48.307157601,2,#fc8d62,car
146351,9,1,63,0,2016,9,15,7,3,1,6,0,1,0,1,0,0,0,0,733670.7516,5304294.2189,12.123581422,47.849470759,2,#fc8d62,car
146352,9,1,62,0,2016,9,20,3,3,2,6,2,0,0,1,0,0,0,0,691508.3441,5332873.1804,11.573371621,48.120289928,2,#fc8d62,car
146358,9,7,72,202,2016,9,16,7,3,0,1,0,1,1,0,0,0,0,0,637556.5215,5358906.1237,10.857329099,48.368325679,1,#66c2a5,bicycle
146363,9,1,62,0,2016,9,17,3,3,5,3,0,0,0,1,0,0,0,0,690434.6131,5342508.8847,11.563272666,48.207217006,2,#fc8d62,car
146366,9,1,62,0,2016,9,16,4,3,4,2,0,0,1,1,0,0,0,0,690150.5105,5334921.5432,11.556058824,48.139107602,1,#66c2a5,bicycle
146369,9,7,72,202,2016,9,17,2,3,6,7,0,0,0,1,1,0,0,0,636564.6755,5358426.8896,10.843788533,48.364231817,2,#fc8d62,car
146370,9,7,61,0,2016,9,15,7,3,5,3,0,1,0,1,0,0,0,0,641797.9999,5359379.4615,10.914725654,48.371643105,2,#fc8d62,car
146371,9,7,61,0,2016,9,18,2,3,5,3,1,1,1,1,0,0,0,0,638863.4972,5360275.7046,10.875418863,48.380354445,1,#66c2a5,bicycle
146379,9,1,62,0,2016,9,17,3,3,0,5,0,0,1,1,0,0,0,0,689849.0411,5334906.6334,11.55200391,48.139063609,1,#66c2a5,bicycle
146381,9,2,61,0,2016,9,19,3,3,8,1,2,0,1,0,0,0,0,0,733746.3279,5381040.0078,12.1668332,48.538874376,1,#66c2a5,bicycle
146382,9,1,62,0,2016,9,17,4,3,3,7,0,0,1,0,0,0,0,0,689670.3924,5336030.5722,11.550105598,48.149218892,1,#66c2a5,bicycle