OBJECTID,ULAND,UREGBEZ,UKREIS,UGEMEINDE,UJAHR,UMONAT,USTUNDE,UWOCHENTAG,UKATEGORIE,UART,UTYP1,ULICHTVERH,STRZUSTAND,IstRad,IstPKW,IstFuss,IstKrad,IstGkfz,IstSonstig,LINREFX,LINREFY,XGCSWGS84,YGCSWGS84,Teilnehmer,color,symbol
146384,9,7,61,0,2016,9,16,7,3,0,1,0,1,1,0,0,0,0,0,639444.9928,5358719.8299,10.882751814,48.366236174,1,#66c2a5,bicycle
146385,9,1,87,117,2016,9,14,3,3,5,3,0,0,1,1,0,0,0,0,724848.3357,5305691.6982,12.006545849,47.865173564,1,#66c2a5,bicycle
146389,9,7,62,0,2016,9,16,4,3,6,4,0,0,0,1,1,0,0,0,622445.3892,5308498.7355,10.638888647,47.918112524,2,#fc8d62,car
146392,9,1,81,130,2016,9,6,7,2,5,3,2,1,1,1,0,0,0,0,638918.2539,5324980.7542,10.864592096,48.06296882,1,#66c2a5,bicycle
146399,9,7,61,0,2016,9,5,4,3,0,6,2,1,0,1,0,1,0,0,636930.8699,5360839.6366,10.8495158,48.385847684,2,#fc8d62,car
146401,9,1,88,126,2016,9,21,7,3,0,7,2,1,1,0,0,0,0,0,660320.5721,5326980.7011,11.15241284,48.075930653,1,#66c2a5,bicycle
146402,9,1,84,145,2016,9,12,3,2,5,3,0,1,1,1,0,0,0,0,695584.0977,5324901.1694,11.624430264,48.047401885,1,#66c2a5,bicycle
146403,9,2,61,0,2016,9,16,4,3,2,6,0,0,1,1,0,0,0,0,732598.5494,5381057.0508,12.151316986,48.53945391,1,#66c2a5,bicycle
146405,9,1,62,0,2016,9,14,4,3,1,3,0,0,1,1,0,0,0,0,692651.9078,5338166.1706,11.591116694,48.167517081,1,#66c2a5,bicycle
146407,9,1,62,0,2016,9,8,3,3,0,1,0,1,1,0,0,0,0,0,682470.1523,5335430.0667,11.453135325,48.145927441,1,#66c2a5,bicycle
146414,9,7,61,0,2016,9,15,2,3,2,6,0,1,0,1,0,0,0,0,639694.5524,5357367.8614,10.885670532,48.354024442,2,#fc8d62,car
146416,9,7,61,0,2016,9,15,2,3,3,2,0,1,1,0,0,0,0,1,640228.4823,5358947.0349,10.893400059,48.36810556,1,#66c2a5,bicycle
146417,9,1,79,145,2016,9,9,7,3,4,6,0,1,1,1,0,0,0,0,675108379.0,5338256.6898,11.355415434,48.17340598,1,#66c2a5,bicycle
146419,9,1,62,0,2016,9,21,3,3,1,3,2,0,1,1,0,0,0,0,683244.6042,5335507.8564,11.463570604,48.146404055,1,#66c2a5,bicycle
146422,9,1,62,0,2016,9,7,4,3,3,6,0,0,0,1,0,1,0,0,689698696.0,5333314.2191,11.549276021,48.12479573,2,#fc8d62,car
146423,9,1,83,119,2016,9,17,2,3,1,3,0,0,0,1,0,0,0,0,735531.5579,5339394.2983,12.167685382,48.164113122,2,#fc8d62,car
146426,9,7,61,0,2016,9,6,2,3,6,2,2,1,0,1,1,0,0,0,640133.1158,5358916.1808,10.892102847,48.36784931,2,#fc8d62,car
146431,9,1,79,126,2016,9,9,7,3,4,6,0,1,1,1,0,0,0,0,676339.7497,5341192.3002,11.373182774,48.199454215,1,#66c2a5,bicycle
146434,9,1,62,0,2016,9,16,4,3,2,6,0,0,0,1,0,0,0,0,686442.8075,5329813.4562,11.504035289,48.094291301,2,#fc8d62,car
146437,9,1,84,149,2016,9,7,2,3,5,3,0,1,1,1,0,0,0,0,691473.2033,5350072.4116,11.580656789,48.274883185,1,#66c2a5,bicycle
146440,9,1,62,0,2016,9,19,2,3,1,6,2,1,0,1,0,0,0,0,690139.1512,5334994.4289,11.555938825,48.139766094,2,#fc8d62,car
146443,9,1,62,0,2016,9,15,2,3,2,2,0,1,0,1,0,0,0,0,688710781.0,5336139738.0,11.537265242,48.150485501,2,#fc8d62,car
146448,9,1,62,0,2016,9,8,3,3,5,3,0,1,1,1,0,0,0,0,687444.5703,5336164.4152,11.520268722,48.151081714,1,#66c2a5,bicycle
146450,9,1,62,0,2016,9,13,2,3,5,3,0,1,0,1,0,1,0,0,687162.2476,5336684.8666,11.516705471,48.155842803,2,#fc8d62,car
146454,9,7,61,0,2016,9,11,4,3,0,7,0,0,1,0,0,0,0,0,638831.3348,5360541.9203,10.875072681,48.382755272,1,#66c2a5,bicycle
146458,9,1,79,136,2016,9,9,7,3,9,1,0,1,0,1,0,0,0,0,661259.2306,5339013.2013,11.169559556,48.183872629,2,#fc8d62,car
146460,9,1,74,115,2016,9,20,2,3,0,1,2,1,0,0,0,1,0,0,682810.0298,5347744.6834,11.463004082,48.256520609,4,#e78ac3,marker
146462,9,1,75,118,2016,9,6,7,3,8,7,1,1,0,1,0,0,0,0,715424.9789,5338854.1175,11.897372041,48.16639033,2,#fc8d62,car
146464,9,1,62,0,2016,9,7,3,3,0,7,0,1,0,0,0,1,0,0,689045.9216,5335553.7157,11.541506459,48.145118759,4,#e78ac3,marker
146466,9,1,62,0,2016,9,22,1,2,1,1,2,1,1,1,0,0,0,0,689626.5558,5335572.1798,11.549312643,48.145111913,1,#66c2a5,bicycle
146473,9,1,77,117,2016,9,12,7,3,5,3,0,1,0,1,0,0,0,0,715133.1296,5354720.1098,11.901508776,48.309049796,2,#fc8d62,car
146474,9,1,81,144,2016,9,16,1,3,0,1,0,1,1,0,0,0,0,0,656181.2146,5321554.0496,11.09489743,48.028166499,1,#66c2a5,bicycle
146477,9,1,62,0,2016,9,14,2,3,2,6,0,1,0,1,0,0,0,0,691933.8909,5336074.7837,11.580526286,48.148937312,2,#fc8d62,car
146478,9,1,62,0,2016,9,12,4,2,0,7,0,0,1,0,0,0,0,0,688311014.0,5335567.8519,11.531642742,48.145463776,1,#66c2a5,bicycle
146479,9,1,62,0,2016,9,10,1,3,5,2,0,1,0,1,0,0,0,0,690712665.0,5338141863.0,11.565050753,48.167883358,2,#fc8d62,car
146482,9,1,62,0,2016,9,22,2,3,5,2,2,1,0,1,0,0,0,1,690518886.0,5334954013.0,11.561020034,48.139289252,2,#fc8d62,car
146483,9,1,62,0,2016,9,3,4,3,5,3,2,0,0,1,0,0,0,0,690913344.0,5335103131.0,11.566383807,48.140511289,2,#fc8d62,car
146484,9,1,62,0,2016,9,17,1,3,0,1,0,1,0,0,0,1,0,0,689356.8941,5333630.6871,11.544828004,48.127741932,4,#e78ac3,marker
146485,9,1,74,111,2016,9,16,1,3,9,1,0,1,0,1,0,0,0,0,667828.9595,5361764.5251,11.266915127,48.386699035,2,#fc8d62,car
146489,9,1,77,117,2016,9,1,1,2,6,4,2,0,0,1,1,0,0,0,715603143.0,5354612.3674,11.907784348,48.307921707,2,#fc8d62,car
146490,9,1,62,0,2016,9,16,2,3,3,1,0,1,0,1,0,0,1,0,689497259.0,5340118521.0,11.549601891,48.186013025,2,#fc8d62,car
146491,9,1,62,0,2016,9,23,4,3,1,7,2,0,0,1,0,1,0,0,691701.9216,5336035.8269,11.577393221,48.148657125,2,#fc8d62,car
146492,9,1,62,0,2016,9,16,1,3,3,6,0,1,0,1,0,1,0,0,692267.4413,5337269.0697,11.585545675,48.159570556,2,#fc8d62,car
146496,9,1,62,0,2016,9,17,2,3,5,3,0,1,0,1,0,0,0,0,691906.27,5331958.2998,11.578301385,48.111947283,2,#fc8d62,car
146499,9,1,62,0,2016,9,0,7,3,0,7,2,1,1,0,0,0,0,0,693061.5294,5333729.3348,11.594608037,48.127515807,1,#66c2a5,bicycle
146501,9,1,62,0,2016,9,20,1,3,3,7,2,1,0,1,0,0,0,0,692006.3656,5336332.0243,11.581615711,48.151227469,2,#fc8d62,car
146502,9,1,62,0,2016,9,18,6,3,2,6,1,1,0,1,0,0,0,0,686757.7636,5337001.3806,11.51141087,48.158806636,2,#fc8d62,car
146503,9,2,61,0,2016,9,17,1,3,5,3,0,0,0,1,0,1,0,0,728533.6111,5380884.8492,12.096234035,48.539400454,2,#fc8d62,car
146505,9,1,62,0,2016,9,8,6,3,1,5,0,0,1,1,0,0,0,0,691373.4574,5340003.2249,11.574767053,48.184414352,1,#66c2a5,bicycle
146508,9,7,61,0,2016,9,9,5,3,6,2,0,0,0,1,1,0,0,0,638983.3598,5356939.0959,10.875934272,48.350325994,2,#fc8d62,car
146509,9,1,62,0,2016,9,13,1,3,5,3,0,0,0,1,0,0,0,0,692550.1963,5333306.8093,11.587552486,48.123873102,2,#fc8d62,car
146512,9,1,84,122,2016,9,17,6,3,1,5,0,0,0,1,0,0,0,0,687992.5668,5323873.7847,11.522217092,48.040448228,2,#fc8d62,car
146514,9,1,62,0,2016,9,18,5,3,2,6,0,0,0,1,0,0,0,0,688616.9164,5334959.7443,11.535481743,48.139907397,2,#fc8d62,car
146515,9,1,62,0,2016,9,12,7,3,6,6,0,0,1,0,1,0,0,0,690047486.0,5335266.1334,11.554829142,48.142235561,1,#66c2a5,bicycle
146517,9,1,62,0,2016,9,8,7,3,3,7,0,0,0,1,0,0,0,0,689724.4899,5334733.3155,11.550254176,48.137542967,2,#fc8d62,car
146518,9,1,62,0,2016,9,19,6,3,5,2,1,0,1,1,0,0,0,0,700659.5813,5334647.4714,11.697037638,48.133417569,1,#66c2a5,bicycle
146520,9,1,62,0,2016,9,12,7,3,6,4,0,0,0,1,1,0,0,0,689548.3997,5332800.6112,11.547029954,48.12022414,2,#fc8d62,car
146524,9,1,62,0,2016,9,11,6,3,3,6,0,0,1,1,0,0,0,0,692562.9756,5334170.7841,11.588114416,48.131634468,1,#66c2a5,bicycle
146529,9,1,62,0,2016,9,8,6,3,5,2,0,0,1,0,0,0,0,0,689646.2506,5333421369.0,11.54861963,48.125774426,1,#66c2a5,bicycle
146530,9,1,62,0,2016,9,20,5,3,5,2,2,0,1,1,0,0,0,0,687779.4108,5331257.0625,11.522603823,48.106874451,1,#66c2a5,bicycle
146536,9,1,62,0,2016,9,11,6,3,8,1,0,0,1,0,0,0,0,0,691674783.0,5338038961.0,11.577931128,48.166669122,1,#66c2a5,bicycle
146538,9,1,62,0,2016,9,16,6,3,5,7,0,0,1,1,0,0,0,0,690815142.0,5335969515.0,11.565453353,48.148327746,1,#66c2a5,bicycle
146548,9,1,62,0,2016,9,13,6,3,1,5,0,0,1,1,0,0,0,0,691091.9368,5336276.1573,11.569308559,48.151000726,1,#66c2a5,bicycle
146555,9,7,62,0,2016,9,11,5,3,1,1,0,0,0,1,0,0,0,0,621868.3188,5305107.5457,10.630209873,47.88772316,2,#fc8d62,car
146564,9,7,71,113,2016,9,17,5,3,0,7,0,0,1,0,0,0,0,0,657525.1372,5369119.6112,11.130604461,48.455480884,1,#66c2a5,bicycle
146566,9,7,72,163,2016,9,12,5,3,5,3,0,0,1,1,0,0,0,0,640233.7018,5348517.2214,10.890001625,48.274321892,1,#66c2a5,bicycle
146584,9,1,87,117,2016,9,11,1,3,5,3,0,0,0,1,0,0,0,0,724462.9849,5305192045.0,12.001141095,47.860818898,2,#fc8d62,car
146588,9,1,62,0,2016,9,17,5,3,5,2,0,0,1,1,0,0,0,0,691464.4494,5340357.9568,11.576149865,48.187575193,1,#66c2a5,bicycle
146589,9,7,72,163,2016,9,14,7,3,6,7,0,0,1,0,1,0,0,0,639965753.0,5347385.7721,10.886017849,48.264207315,1,#66c2a5,bicycle
146590,9,2,61,0,2016,9,0,7,3,0,1,2,0,1,0,0,0,0,0,733045.7254,5379954.7382,12.156749655,48.529386298,1,#66c2a5,bicycle
146591,9,7,72,202,2016,9,23,7,3,1,1,2,0,0,1,0,1,0,0,636350.1922,5359006.6657,10.841082263,48.369491506,2,#fc8d62,car
146600,9,7,61,0,2016,9,22,7,2,0,1,2,1,0,0,0,1,0,0,641022.2612,5351448.3525,10.901601923,48.300502849,4,#e78ac3,marker
146604,9,1,88,113,2016,9,15,1,3,2,6,0,0,1,1,0,0,0,0,674915.4713,5313741.6759,11.342795763,47.953080769,1,#66c2a5,bicycle
146610,9,1,81,130,2016,9,4,1,2,0,7,2,0,0,1,1,0,0,0,639632.14,5324276.5383,10.873938828,48.056480458,2,#fc8d62,car
146615,9,7,61,0,2016,9,23,7,3,0,7,2,0,1,0,0,0,0,0,638744.5042,5356788.7323,10.872662544,48.349026469,1,#66c2a5,bicycle
146621,9,7,61,0,2016,9,17,5,3,5,2,0,0,1,1,0,0,0,0,638388.4823,5362913.7772,10.869876343,48.404179776,1,#66c2a5,bicycle
146626,9,7,61,0,2016,9,18,7,3,2,5,0,0,0,1,0,0,0,0,641283.9553,5359218.3136,10.907734275,48.370309415,2,#fc8d62,car
146627,9,1,87,150,2016,9,16,7,3,0,1,0,0,1,0,0,0,0,0,727592.0672,5304463.5834,12.042534042,47.853173286,1,#66c2a5,bicycle
146628,9,7,61,0,2016,9,13,7,3,2,6,0,0,0,1,0,0,0,0,640902.9546,5358002.9526,10.90218552,48.359466493,2,#fc8d62,car
146632,9,7,62,0,2016,9,20,6,3,2,6,2,0,1,0,0,0,0,0,620957.2359,5303884571.0,10.617684963,47.876896346,1,#66c2a5,bicycle
146634,9,1,79,123,2016,9,15,1,2,0,5,0,0,1,1,0,0,0,0,675464.5395,5334293.0598,11.35856754,48.137677467,1,#66c2a5,bicycle
146637,9,7,62,0,2016,9,7,6,3,1,5,0,0,0,1,0,0,0,0,620477237.0,5304499.8861,10.611439725,47.882520624,2,#fc8d62,car
146638,9,1,62,0,2016,9,7,5,3,5,5,0,0,1,1,0,0,0,0,685482252.0,5332284611.0,11.492221389,48.116783569,1,#66c2a5,bicycle
146640,9,1,86,143,2016,9,14,7,3,2,6,0,0,1,0,0,0,0,0,683459.6276,5376734271.0,11.484405207,48.516895791,1,#66c2a5,bicycle
146642,9,1,81,114,2016,9,20,1,3,0,1,1,0,1,0,0,0,0,0,656834112.0,5312534331.0,11.100354403,47.946908924,1,#66c2a5,bicycle
146645,9,1,75,132,2016,9,17,1,3,1,7,0,0,0,0,0,1,0,1,708571.2082,5330750.6928,11.801341709,48.09585687,4,#e78ac3,marker
146650,9,1,62,0,2016,9,21,7,3,2,6,2,0,0,0,0,1,0,0,692023.7102,5336386.5898,11.581873289,48.151712657,4,#e78ac3,marker
146654,9,1,79,123,2016,9,16,7,3,8,1,0,0,0,1,0,1,0,0,672608.5768,5333174.2866,11.319757753,48.128401278,2,#fc8d62,car
146655,9,1,62,0,2016,9,9,7,3,0,1,0,0,1,0,0,0,0,0,688851.3878,5343686.8202,11.542508544,48.21827725,1,#66c2a5,bicycle
146661,9,1,81,115,2016,9,17,7,3,5,3,0,0,0,1,0,0,0,0,657482.3445,5327235684.0,11.114428814,48.078930458,2,#fc8d62,car
146662,9,7,61,0,2016,9,19,5,3,2,6,2,0,0,1,0,0,0,0,643593.9685,5357496.9986,10.938320066,48.354310934,2,#fc8d62,car
146663,9,1,74,115,2016,9,16,7,3,5,3,0,0,1,1,0,0,0,0,682388.4173,5348623.8348,11.457708114,48.26454434,1,#66c2a5,bicycle
146665,9,1,75,139,2016,9,17,7,3,4,2,0,0,0,1,0,1,0,0,710321.3414,5329368714.0,11.82413789,48.082863117,2,#fc8d62,car
146666,9,1,62,0,2016,9,20,7,3,5,3,2,0,0,1,0,1,0,0,691281.1533,5339514.3665,11.573306411,48.180048381,2,#fc8d62,car
146669,9,7,72,130,2016,9,18,6,3,0,7,0,0,1,0,0,0,0,0,632313.4212,5357394.1881,10.786096157,48.355850933,1,#66c2a5,bicycle
146671,9,1,62,0,2016,9,12,6,3,1,6,0,0,0,1,0,1,0,0,689353.0887,5333608.9383,11.544767251,48.127547584,2,#fc8d62,car
146672,9,7,61,0,2016,9,16,5,3,0,7,0,0,1,0,0,0,0,0,641394.2199,5358185.0802,10.908874971,48.360994288,1,#66c2a5,bicycle
146673,9,7,61,0,2016,9,17,1,3,4,2,0,0,1,1,0,0,0,0,638620.6886,5357673.7769,10.871283786,48.357011826,1,#66c2a5,bicycle
146674,9,1,87,150,2016,9,7,6,3,5,3,0,0,1,1,0,0,0,0,727996.4193,5303604.2873,12.047478921,47.845309486,1,#66c2a5,bicycle
146676,9,7,61,0,2016,9,0,1,3,0,1,2,0,1,0,0,0,0,0,641315.6803,5360720574.0,10.908667437,48.383810033,1,#66c2a5,bicycle
146679,9,7,72,141,2016,9,15,6,3,5,2,0,0,0,1,0,1,0,0,622952.2302,5349797.7043,10.65757132,48.289428773,2,#fc8d62,car
146680,9,1,87,122,2016,9,16,6,3,5,3,0,0,1,1,0,0,0,0,721161.8634,5308421.1508,11.958718133,47.890978284,1,#66c2a5,bicycle
146682,9,1,62,0,2016,9,10,6,3,5,7,0,0,1,1,0,0,0,0,686748373.0,5332506.13,11.509313706,48.118404625,1,#66c2a5,bicycle
146685,9,7,61,0,2016,9,15,6,3,0,1,0,0,0,0,0,1,0,0,638840.9359,5360559.1171,10.875207965,48.382907789,4,#e78ac3,marker
146686,9,7,61,0,2016,9,16,1,3,6,2,0,0,0,1,0,0,0,1,640099.3073,5359057.8989,10.891693828,48.369131101,2,#fc8d62,car
146687,9,1,62,0,2016,9,10,7,3,6,4,0,0,0,1,1,0,0,0,690549.8315,5337778.2611,11.56270003,48.164664166,2,#fc8d62,car
146688,9,1,87,117,2016,9,20,6,3,4,6,2,0,0,1,0,1,0,0,726469754.0,5305782.6379,12.02824298,47.865421175,2,#fc8d62,car
146689,9,2,74,194,2016,9,10,5,3,0,7,0,0,0,0,0,1,0,1,720510079.0,5379760.0447,11.987090752,48.532165804,4,#e78ac3,marker
146690,9,7,61,0,2016,9,12,6,3,0,1,0,0,1,0,0,0,0,0,638820.0915,5360375.7698,10.874866027,48.38126376,1,#66c2a5,bicycle
146691,9,1,62,0,2016,9,18,5,3,5,2,0,0,1,1,0,0,0,0,690514.0782,5336827.2894,11.561793807,48.156127614,1,#66c2a5,bicycle
146692,9,1,62,0,2016,9,12,6,3,0,7,0,0,1,0,0,0,0,0,692003.9638,5336341.8989,11.581587906,48.151316945,1,#66c2a5,bicycle
146695,9,1,62,0,2016,9,17,5,3,0,7,0,0,1,1,0,0,0,0,691913.6166,5336377.6761,11.580390554,48.15166577,1,#66c2a5,bicycle
146697,9,1,62,0,2016,9,9,6,3,5,3,0,0,0,1,0,1,0,0,690589146.0,5337197.4775,11.562968001,48.159432345,2,#fc8d62,car
146699,9,1,62,0,2016,9,22,1,3,5,3,2,0,1,1,0,0,0,0,690714.1621,5336277.4606,11.564235091,48.151125823,1,#66c2a5,bicycle
146700,9,7,61,0,2016,9,8,6,3,5,3,0,0,1,1,0,0,0,0,640864.5668,5355040.7821,10.90067661,48.332840158,1,#66c2a5,bicycle
146701,9,1,62,0,2016,9,17,7,2,1,5,0,0,1,1,0,0,0,0,685691.5205,5334208.4516,11.495868611,48.13401492,1,#66c2a5,bicycle
146705,9,1,62,0,2016,9,12,6,3,0,1,0,0,1,0,0,0,0,0,691253.6859,5333756261.0,11.570349481,48.128303535,1,#66c2a5,bicycle
146706,9,1,62,0,2016,9,0,7,3,0,7,2,0,0,1,1,0,0,0,689119.3488,5334288.9951,11.541930999,48.133729499,2,#fc8d62,car
146708,9,7,61,0,2016,9,9,6,3,0,7,0,0,1,0,0,0,0,0,640729.9893,5359237.6835,10.900264931,48.370607351,1,#66c2a5,bicycle
146709,9,1,62,0,2016,9,15,7,3,4,2,0,0,0,1,0,0,0,0,680216597.0,5338501378.0,11.424167851,48.174177492,2,#fc8d62,car
146711,9,7,71,113,2016,9,13,6,3,0,2,0,0,0,1,0,1,0,0,657540.2256,5369126.9936,11.130811171,48.455543477,2,#fc8d62,car
146712,9,1,62,0,2016,9,17,7,3,1,6,0,0,0,1,0,0,0,0,688659684.0,5336748399.0,11.536848749,48.155971376,2,#fc8d62,car
146716,9,1,62,0,2016,9,8,6,3,5,3,0,0,1,1,0,0,0,0,690193138.0,5333703.8653,11.556087639,48.128150359,1,#66c2a5,bicycle
146718,9,7,61,0,2016,9,16,1,3,5,3,0,0,0,1,0,0,0,0,640099.5431,5359064.7875,10.891699305,48.369192989,2,#fc8d62,car
146719,9,1,84,134,2016,9,5,7,2,4,6,2,1,1,0,0,0,0,0,691623.5045,5324182.4389,11.571019652,48.042143096,1,#66c2a5,bicycle
146722,9,7,71,144,2016,9,15,6,3,4,2,0,0,0,1,0,1,0,0,661243.2994,5372910.9228,11.182318708,48.488622733,2,#fc8d62,car
146723,9,1,79,126,2016,9,19,6,3,5,3,2,0,1,0,0,0,0,0,676320.0853,5340689.5996,11.372709585,48.194940823,1,#66c2a5,bicycle
146725,9,1,62,0,2016,9,23,6,3,6,1,2,0,1,0,1,0,0,0,689686.8822,5334863.4574,11.549807136,48.138723901,1,#66c2a5,bicycle
146727,9,1,62,0,2016,9,21,1,3,6,4,2,0,0,1,1,0,0,0,686219.4412,5334395.2917,11.503039023,48.135540059,2,#fc8d62,car
146729,9,1,79,126,2016,9,10,6,3,0,7,0,0,1,0,0,0,0,0,676265502.0,5340693922.0,11.371977515,48.19499483,1,#66c2a5,bicycle
146731,9,1,62,0,2016,9,11,6,3,6,4,0,0,1,0,1,0,0,0,690169.7746,5333518.1224,11.55569109,48.126487877,1,#66c2a5,bicycle
146732,9,1,62,0,2016,9,0,1,2,0,4,2,0,0,0,1,0,0,1,690496.7336,5333434.4723,11.560043158,48.125638275,3,#8da0cb,toilet
146733,9,7,61,0,2016,9,20,5,3,0,6,2,0,1,1,0,0,0,0,638178.7341,5357541.4026,10.865277532,48.355918408,1,#66c2a5,bicycle
146734,9,1,62,0,2016,9,0,6,3,0,1,2,0,1,0,0,0,0,0,690175.8423,5335250.2621,11.556545781,48.142054557,1,#66c2a5,bicycle
146736,9,1,86,151,2016,9,17,5,3,4,6,0,0,0,1,0,0,0,0,681798.4115,5376968.9897,11.462033085,48.519488583,2,#fc8d62,car
146739,9,1,79,123,2016,9,15,6,3,6,7,0,0,1,0,1,0,0,0,676269.8234,5333479.8146,11.369045971,48.130144418,1,#66c2a5,bicycle
146741,9,1,62,0,2016,9,20,6,3,3,6,2,0,0,1,0,0,0,0,690478.7791,5342274.8687,11.563761485,48.205100455,2,#fc8d62,car
146743,9,1,62,0,2016,9,9,1,3,4,2,0,0,1,1,0,0,0,0,695492.3999,5336014544.0,11.628290572,48.147312264,1,#66c2a5,bicycle
146747,9,1,62,0,2016,9,10,7,3,0,7,0,0,1,1,0,0,0,0,697026.5732,5331211.5795,11.646673781,48.103672929,1,#66c2a5,bicycle
146748,9,1,79,123,2016,9,13,6,3,1,5,0,0,1,1,0,0,0,0,676314.3334,5333336.6425,11.369584409,48.128845076,1,#66c2a5,bicycle
146751,9,1,62,0,2016,9,3,7,3,5,3,2,0,0,1,0,0,0,0,694126.6943,5335123.3991,11.609542945,48.139721222,2,#fc8d62,car
146752,9,1,74,131,2016,9,18,6,3,5,3,2,0,1,1,0,0,0,0,675728.7897,5357765.4809,11.371856682,48.348600923,1,#66c2a5,bicycle
146753,9,1,81,130,2016,9,5,5,3,5,3,2,0,0,1,0,1,0,0,639053942.0,5324967.0973,10.866407891,48.06281645,2,#fc8d62,car
146755,9,1,62,0,2016,9,23,5,2,0,7,2,0,1,0,0,0,0,0,687466.0917,5335675.2091,11.520342352,48.14667827,1,#66c2a5,bicycle
146757,9,1,62,0,2016,9,13,6,3,2,6,0,0,0,1,0,1,0,0,691131.6387,5341445.6977,11.572166151,48.197451824,2,#fc8d62,car
146760,9,1,62,0,2016,9,17,7,3,5,3,0,0,0,1,0,1,0,0,689532.6352,5331892.5535,11.546414747,48.112067112,2,#fc8d62,car
146761,9,1,62,0,2016,9,12,5,3,2,1,0,0,0,1,0,0,0,0,693729.1113,5331130.0861,11.60238949,48.103951702,2,#fc8d62,car
146762,9,1,77,115,2016,9,18,5,2,4,2,0,0,0,1,0,1,0,0,734088.0566,5351082.3305,12.154752529,48.269642355,2,#fc8d62,car
146764,9,1,62,0,2016,9,12,6,3,6,4,0,0,1,0,1,0,0,0,689888.4835,5333487.3448,11.551900999,48.126295214,1,#66c2a5,bicycle
146766,9,1,62,0,2016,9,13,6,3,1,6,0,0,0,1,0,0,0,1,692212.9373,5339044.5941,11.585616036,48.175545011,2,#fc8d62,car
146768,9,1,62,0,2016,9,12,7,3,5,3,0,0,0,1,0,0,0,0,690046.1648,5332926.3621,11.553767777,48.121206023,2,#fc8d62,car
146769,9,1,77,115,2016,9,4,5,2,5,3,2,0,1,1,0,0,0,0,734149946.0,5350792662.0,12.155424933,48.267017361,1,#66c2a5,bicycle
146772,9,1,62,0,2016,9,19,5,3,6,4,2,0,0,0,1,0,1,0,689658.1038,5334603.2059,11.549304807,48.136393324,3,#8da0cb,toilet
146773,9,1,62,0,2016,9,1,4,3,6,4,2,0,0,1,1,0,0,0,689499.5291,5334517.1382,11.54713721,48.135666981,2,#fc8d62,car
146778,9,1,74,118,2016,9,17,3,3,8,1,0,0,0,1,0,0,0,0,670461.3696,5355265.4081,11.299809847,48.327570273,2,#fc8d62,car
146779,9,1,62,0,2016,9,0,3,2,5,3,2,0,1,1,0,0,0,0,688572.7155,5334971.6967,11.534893468,48.140027928,1,#66c2a5,bicycle
146780,9,7,61,0,2016,9,11,2,1,5,3,0,0,0,1,1,0,0,0,638676.0486,5357811.8166,10.872076185,48.358240897,2,#fc8d62,car
146782,9,1,74,115,2016,9,18,3,2,3,6,0,0,1,0,0,0,0,1,680064.1908,5347402.8899,11.425898602,48.254234506,1,#66c2a5,bicycle
146785,9,1,74,111,2016,9,19,3,2,9,1,0,0,0,0,0,1,0,0,667525.2461,5361902.6599,11.26287119,48.388021537,4,#e78ac3,marker
146786,9,2,61,0,2016,9,15,4,3,5,3,0,0,1,1,0,0,0,0,732347.1936,5382105.9796,12.148501851,48.54896927,1,#66c2a5,bicycle
146787,9,1,62,0,2016,9,16,4,3,5,2,0,0,1,1,0,0,0,0,686243.7893,5332613.0732,11.50258711,48.119513656,1,#66c2a5,bicycle
146788,9,1,62,0,2016,9,16,3,3,6,4,0,0,0,1,1,0,0,0,682368.7628,5335115.8743,11.451638959,48.143132329,2,#fc8d62,car
146789,9,1,84,123,2016,9,11,4,3,5,2,0,0,1,1,0,0,0,0,702472.2652,5331874.8876,11.720056629,48.107926735,1,#66c2a5,bicycle
146791,9,1,77,117,2016,9,6,3,3,5,3,2,1,1,0,0,0,0,0,715553444.0,5354280354.0,11.906945406,48.304955465,1,#66c2a5,bicycle
146792,9,1,62,0,2016,9,11,4,2,6,4,0,0,0,1,1,0,0,0,692852226.0,5332462.2049,11.591224918,48.116190562,2,#fc8d62,car
146793,9,1,84,119,2016,9,11,3,3,0,7,0,0,0,0,0,0,0,1,696550.8467,5347528309.0,11.647835824,48.250463499,6,#ffd92f,circle
146795,9,7,61,0,2016,9,16,2,3,0,6,0,0,0,1,0,0,0,1,639080.8973,5356907826.0,10.877239723,48.35002335,2,#fc8d62,car
146796,9,2,61,0,2016,9,7,4,3,4,2,0,0,0,1,0,0,0,0,731693.7376,5381895.5175,12.139543774,48.547320399,2,#fc8d62,car
146799,9,1,77,117,2016,9,15,3,3,5,3,0,0,1,1,0,0,0,0,715052862.0,5353965895.0,11.900043376,48.302300341,1,#66c2a5,bicycle
146803,9,7,74,198,2016,9,16,4,2,6,4,0,0,0,1,1,0,0,0,613823.6201,5349927.0615,10.534587212,48.292299822,2,#fc8d62,car
146804,9,1,62,0,2016,9,7,3,3,4,6,0,0,1,0,1,0,0,0,678993485.0,5338803476.0,11.407857612,48.177238704,1,#66c2a5,bicycle
146812,9,1,62,0,2016,9,7,2,3,8,1,0,0,0,1,0,0,0,0,697902.4904,5330875.5008,11.658271101,48.100381005,2,#fc8d62,car
146815,9,1,62,0,2016,9,18,3,3,1,3,0,0,1,1,0,0,0,0,686484167.0,5335548196.0,11.507098613,48.145825241,1,#66c2a5,bicycle