OBJECTID,ULAND,UREGBEZ,UKREIS,UGEMEINDE,UJAHR,UMONAT,USTUNDE,UWOCHENTAG,UKATEGORIE,UART,UTYP1,ULICHTVERH,STRZUSTAND,IstRad,IstPKW,IstFuss,IstKrad,IstGkfz,IstSonstig,LINREFX,LINREFY,XGCSWGS84,YGCSWGS84,Teilnehmer,color,symbol
147165,9,7,71,130,2016,10,12,7,3,6,7,0,0,0,1,1,0,0,0,646869.2072,5362806.4169,10.984359134,48.401295711,2,#fc8d62,car
147167,9,1,62,0,2016,9,17,6,3,0,6,0,0,1,0,0,0,0,0,692195.5543,5339200.1359,11.585452782,48.176948238,1,#66c2a5,bicycle
147169,9,1,81,121,2016,9,15,6,1,4,6,0,0,1,1,0,0,0,0,638951.4546,5313818.4901,10.861420259,47.962586002,1,#66c2a5,bicycle
147173,9,1,62,0,2016,10,22,7,3,6,4,2,0,0,1,1,0,0,0,689947.03,5333530.5709,11.552706257,48.126666266,2,#fc8d62,car
147176,9,1,62,0,2016,9,10,6,3,0,7,0,0,0,1,0,1,0,0,690314.5611,5335871.5555,11.558686367,48.147597251,2,#fc8d62,car
147181,9,1,62,0,2016,9,13,6,3,0,7,0,0,1,0,0,0,0,0,682902.3291,5340209.4927,11.460995669,48.188763785,1,#66c2a5,bicycle
147182,9,1,62,0,2016,10,19,1,3,4,6,2,1,0,1,0,0,0,0,695923.4032,5338580.5364,11.63526047,48.170241306,2,#fc8d62,car
147183,9,1,62,0,2016,9,21,6,3,5,3,2,0,1,1,0,0,0,0,690140332.0,5334943916.0,11.555932131,48.13931173,1,#66c2a5,bicycle
147185,9,1,84,149,2016,9,11,6,3,4,6,0,0,1,0,0,0,0,0,691524484.0,5351598.7149,11.582038931,48.288585484,1,#66c2a5,bicycle
147187,9,1,84,112,2016,10,8,7,3,5,3,0,0,1,1,0,0,0,0,701819357.0,5338842.4645,11.714597099,48.17075063,1,#66c2a5,bicycle
147191,9,7,72,147,2016,9,9,6,3,5,3,0,0,0,1,0,0,0,0,639454.8802,5366431.1648,10.885446856,48.435571894,2,#fc8d62,car
147194,9,1,62,0,2016,10,4,1,3,6,7,2,1,0,1,1,0,0,0,692348.6205,5335523.5974,11.585847363,48.143858097,2,#fc8d62,car
147198,9,7,61,0,2016,10,17,1,3,6,2,0,1,0,1,1,0,0,0,640816.9584,5359143.8628,10.901407178,48.36974435,2,#fc8d62,car
147203,9,7,61,0,2016,9,12,6,3,6,1,0,0,1,0,1,0,0,0,639506.5569,5355558.9348,10.882534972,48.337800532,1,#66c2a5,bicycle
147204,9,1,63,0,2016,9,11,6,3,0,1,0,0,1,0,0,0,0,0,734138.4499,5304946.2498,12.130176568,47.855158424,1,#66c2a5,bicycle
147206,9,1,62,0,2016,10,1,1,3,0,7,2,1,1,1,0,0,0,0,690451.7396,5334742.1874,11.560023646,48.137405469,1,#66c2a5,bicycle
147209,9,1,87,177,2016,10,12,7,2,4,6,0,0,1,0,0,0,0,0,735062494.0,5305129785.0,12.14261059,47.856470011,1,#66c2a5,bicycle
147210,9,1,62,0,2016,9,8,5,3,2,6,0,0,0,1,0,0,0,1,688418.1563,5341484.1305,11.535703731,48.198608184,2,#fc8d62,car
147212,9,1,62,0,2016,9,16,6,3,3,2,0,0,1,1,0,0,0,0,690302.1775,5336003.9339,11.558579226,48.148790769,1,#66c2a5,bicycle
147215,9,1,90,144,2016,10,15,7,2,2,6,0,0,0,1,0,0,0,0,657358245.0,5308690.9544,11.105964761,47.912223775,2,#fc8d62,car
147216,9,1,62,0,2016,9,9,5,3,0,7,0,0,0,1,0,0,1,0,693167.2552,5334118.4181,11.596203774,48.130980712,2,#fc8d62,car
147223,9,1,62,0,2016,9,18,6,3,6,4,0,0,0,1,1,0,0,0,690191.5066,5343921.4333,11.560637167,48.219985674,2,#fc8d62,car
147224,9,1,62,0,2016,10,19,7,3,4,2,1,0,1,1,0,0,0,0,690436.6223,5342685.9359,11.563379145,48.208807712,1,#66c2a5,bicycle
147225,9,1,74,115,2016,10,9,7,3,0,1,0,0,1,0,0,0,0,0,681190.6819,5347930569.0,11.441286823,48.258656544,1,#66c2a5,bicycle
147226,9,7,77,121,2016,9,17,5,3,3,7,0,0,1,0,0,0,0,1,630956.5568,5320729.9449,10.756481523,48.02642597,1,#66c2a5,bicycle
147227,9,1,62,0,2016,9,15,6,3,1,6,0,0,0,1,0,0,0,0,684516.6551,5332121152.0,11.479189103,48.115594825,2,#fc8d62,car
147228,9,1,79,123,2016,9,19,6,3,6,4,2,0,0,1,1,0,0,0,676125.5484,5332496369.0,11.366702242,48.121343866,2,#fc8d62,car
147232,9,1,62,0,2016,9,15,6,3,0,1,0,0,1,0,0,0,0,0,692351713.0,5337512905.0,11.586787986,48.161736601,1,#66c2a5,bicycle
147233,9,7,72,200,2016,9,11,5,3,5,3,0,0,1,1,0,0,0,0,630665.6056,5337950.1015,10.757854737,48.181342926,1,#66c2a5,bicycle
147234,9,1,84,120,2016,9,18,6,3,1,3,0,0,0,1,0,1,0,0,682225826.0,5332599.3586,11.448642937,48.120552954,2,#fc8d62,car
147236,9,1,62,0,2016,10,19,7,3,1,7,2,0,1,1,0,0,0,0,691879.2467,5335877.8691,11.579703618,48.147183963,1,#66c2a5,bicycle
147240,9,7,72,163,2016,9,16,6,3,2,6,0,0,0,1,0,0,0,0,638858.9903,5347799.5743,10.871248548,48.268171787,2,#fc8d62,car
147242,9,1,62,0,2016,10,23,7,3,6,5,2,0,0,1,1,0,0,0,689683.0843,5333384804.0,11.54909785,48.125434804,2,#fc8d62,car
147245,9,7,61,0,2016,9,13,5,3,0,1,0,0,1,0,0,0,0,0,641530.4565,5358098.3318,10.910683972,48.360183753,1,#66c2a5,bicycle
147246,9,1,62,0,2016,10,10,1,3,4,7,0,1,1,1,0,0,0,0,694462.6995,5333027.4449,11.613098309,48.120781003,1,#66c2a5,bicycle
147249,9,2,61,0,2016,10,12,7,3,0,1,0,0,1,0,0,0,0,0,731546.2699,5381878.0492,12.13753894,48.547217925,1,#66c2a5,bicycle
147251,9,7,61,0,2016,9,15,5,3,6,2,0,0,0,1,1,0,0,0,640811.3137,5359526.1527,10.901459024,48.373183024,2,#fc8d62,car
147257,9,7,61,0,2016,10,16,7,3,6,4,0,0,0,1,1,0,0,0,641078.1188,5358746.0095,10.90479806,48.366108677,2,#fc8d62,car
147258,9,1,62,0,2016,10,20,1,3,5,3,2,1,0,1,0,0,0,0,690104.4112,5343131.6541,11.559111766,48.212913349,2,#fc8d62,car
147263,9,1,62,0,2016,9,8,5,3,3,6,0,0,0,1,0,1,0,0,686230.0895,5332847.6084,11.502505655,48.12162576,2,#fc8d62,car
147264,9,7,72,177,2016,10,16,7,3,0,1,0,0,1,0,0,0,0,0,632123.3494,5379161.2396,10.790402295,48.551622083,1,#66c2a5,bicycle
147266,9,1,84,129,2016,9,8,6,3,5,3,0,0,1,1,0,0,0,0,699947.3346,5326304.2304,11.683567801,48.058659832,1,#66c2a5,bicycle
147272,9,1,62,0,2016,9,7,6,3,0,1,0,0,1,0,0,0,0,0,688197351.0,5327688.2679,11.526639897,48.07467379,1,#66c2a5,bicycle
147273,9,1,62,0,2016,10,16,7,2,2,6,0,0,0,1,0,0,0,0,691216.1065,5340199.3652,11.572740528,48.186224604,2,#fc8d62,car
147274,9,1,78,124,2016,10,10,7,3,6,2,0,0,0,1,1,0,0,0,703547.5304,5364376.4738,11.750114817,48.399658667,2,#fc8d62,car
147276,9,1,62,0,2016,9,11,6,3,0,7,0,0,0,1,0,0,0,1,690368.7896,5335691.4588,11.559334156,48.145962321,2,#fc8d62,car
147277,9,1,62,0,2016,10,11,7,3,0,4,0,0,0,0,1,1,0,0,692515.0374,5336851736.0,11.588682909,48.155744753,3,#8da0cb,toilet
147280,9,1,62,0,2016,9,11,6,3,5,3,0,0,1,1,0,0,0,0,695118.9539,5338321.9757,11.62433341,48.168164946,1,#66c2a5,bicycle
147285,9,1,62,0,2016,9,17,6,3,3,2,0,0,1,0,0,0,0,1,685052.3772,5339218.8333,11.489465422,48.179236629,1,#66c2a5,bicycle
147286,9,1,75,111,2016,10,21,2,3,0,7,2,1,1,0,0,0,0,0,713079.6591,5336065.8054,11.864473617,48.142125824,1,#66c2a5,bicycle
147289,9,1,62,0,2016,10,16,7,3,1,5,0,0,1,1,0,0,0,0,684212.5788,5329384.6285,11.473926133,48.091085275,1,#66c2a5,bicycle
147294,9,1,90,157,2016,9,13,6,3,2,2,0,0,0,1,0,1,0,0,660591084.0,5301551.4846,11.146545022,47.847231095,2,#fc8d62,car
147295,9,1,62,0,2016,10,1,1,3,6,4,2,1,0,1,1,0,0,0,691780.0795,5335523.0086,11.578211929,48.144024439,2,#fc8d62,car
147300,9,1,62,0,2016,9,10,5,3,4,6,0,0,1,1,0,0,0,0,692143.0966,5334077.5166,11.582434988,48.130923086,1,#66c2a5,bicycle
147307,9,1,62,0,2016,10,16,4,3,0,2,0,0,0,1,0,1,0,0,694030.5228,5334894.7889,11.608147407,48.137695889,2,#fc8d62,car
147309,9,7,61,0,2016,10,13,4,3,2,6,0,0,0,1,0,0,0,0,640929534.0,5357927.7034,10.902518932,48.358783946,2,#fc8d62,car
147311,9,1,62,0,2016,10,15,3,3,2,6,0,1,0,1,0,0,0,0,694291907.0,5334264.7865,11.611369809,48.131953916,2,#fc8d62,car
147314,9,1,81,130,2016,10,13,3,3,8,1,0,0,1,0,0,0,0,0,638642.5154,5325100.4414,10.860931904,48.064105074,1,#66c2a5,bicycle
147316,9,1,62,0,2016,10,18,5,3,4,6,0,0,1,1,0,0,0,0,691565.1531,5334051.0038,11.574663558,48.130858995,1,#66c2a5,bicycle
147317,9,1,78,130,2016,10,23,5,3,1,6,2,0,0,1,0,0,0,0,705625.0035,5358985.9169,11.775513161,48.350545013,2,#fc8d62,car
147318,9,1,62,0,2016,10,14,4,2,2,6,0,0,1,0,0,0,0,0,689553.9044,5331997.8351,11.546747,48.113007066,1,#66c2a5,bicycle
147321,9,1,79,145,2016,10,10,5,2,0,7,0,1,1,0,0,0,0,0,675727.2658,5338559.1821,11.363857912,48.175954335,1,#66c2a5,bicycle
147322,9,1,62,0,2016,10,8,4,3,2,6,0,1,0,1,0,0,0,0,689775.6499,5336775.9038,11.551851671,48.155886549,2,#fc8d62,car
147325,9,1,62,0,2016,10,16,3,3,3,2,0,1,0,1,0,1,0,0,689040.7054,5332278.2668,11.539983265,48.115680162,2,#fc8d62,car
147329,9,1,62,0,2016,10,18,5,3,3,7,2,0,1,0,0,0,0,0,684766.9713,5329036.0305,11.481213428,48.087791398,1,#66c2a5,bicycle
147330,9,1,86,143,2016,10,17,4,2,5,3,0,1,1,1,0,0,0,0,685579857.0,5377915519.0,11.513614272,48.526889507,1,#66c2a5,bicycle
147331,9,1,74,126,2016,10,21,6,3,0,1,2,1,1,0,0,0,0,0,683060421.0,5343781625.0,11.464661684,48.220826486,1,#66c2a5,bicycle
147333,9,7,71,113,2016,10,13,5,2,4,2,0,0,0,1,0,0,0,0,655843.3816,5366932.7404,11.107060203,48.436238805,2,#fc8d62,car
147335,9,7,61,0,2016,10,13,5,3,1,2,0,0,0,1,0,1,0,0,641010.4121,5358706.9095,10.90387132,48.365772233,2,#fc8d62,car
147337,9,1,83,119,2016,10,12,4,3,5,2,0,0,0,1,0,0,0,0,736721.2872,5339169.8261,12.183535694,48.161654884,2,#fc8d62,car
147339,9,1,84,112,2016,10,13,5,3,0,1,0,1,0,0,0,1,0,0,700704044.0,5337725.0706,11.699085448,48.161061831,4,#e78ac3,marker
147340,9,1,84,131,2016,10,16,4,3,5,2,0,0,1,1,0,0,0,0,704824.1712,5339178.0125,11.75512726,48.17280491,1,#66c2a5,bicycle
147344,9,2,61,0,2016,10,18,5,3,4,2,0,0,1,1,0,0,0,0,731697.7332,5381893.2594,12.139596576,48.547298639,1,#66c2a5,bicycle
147345,9,1,77,144,2016,10,8,5,2,5,3,0,1,0,1,0,0,0,0,715299.4053,5346903.7054,11.899768273,48.238761228,2,#fc8d62,car
147347,9,7,71,130,2016,10,17,4,3,5,3,0,0,1,1,0,0,0,0,647240.5928,5358682.0088,10.987928702,48.364125871,1,#66c2a5,bicycle
147350,9,1,79,142,2016,10,8,4,3,5,3,0,1,1,1,0,0,0,0,673828.5741,5342408.0545,11.33991481,48.211075508,1,#66c2a5,bicycle
147356,9,1,84,146,2016,10,14,4,2,0,7,0,0,0,0,0,0,0,1,698313.6038,5328195.4354,11.662542664,48.076166587,6,#ffd92f,circle
147358,9,7,61,0,2016,10,14,6,3,1,6,0,1,0,1,0,0,0,0,637487.8531,5359472.2602,10.856587532,48.373431269,2,#fc8d62,car
147359,9,1,62,0,2016,10,8,3,3,6,4,0,0,1,0,1,0,0,0,691521.3278,5336042.5597,11.574970748,48.148772037,1,#66c2a5,bicycle
147362,9,1,74,121,2016,10,16,3,3,2,6,0,1,1,1,0,0,0,0,689218.7496,5354633.2479,11.552346624,48.316552629,1,#66c2a5,bicycle
147363,9,1,62,0,2016,10,14,3,3,6,2,0,1,0,1,1,0,0,0,691417.8297,5334691.0924,11.572973175,48.136656367,2,#fc8d62,car
147364,9,1,81,130,2016,10,14,4,3,2,2,0,0,0,1,0,0,0,0,638936.9683,5322422.4926,10.864012464,48.039959994,2,#fc8d62,car
147367,9,1,75,135,2016,10,7,3,3,2,7,0,0,0,1,0,1,0,0,708710.0365,5339591.7066,11.807535338,48.175258339,2,#fc8d62,car
147369,9,1,62,0,2016,10,6,6,3,2,6,2,1,0,1,0,0,0,0,687755.8934,5344306.0246,11.528049032,48.224167789,2,#fc8d62,car
147370,9,1,88,144,2016,10,8,5,3,5,3,0,1,0,1,0,0,0,0,668758.9692,5327735.8285,11.265912771,48.08054199,2,#fc8d62,car
147371,9,1,62,0,2016,10,19,4,1,6,6,2,0,0,1,1,0,0,0,692822.4394,5329726.3598,11.589588893,48.0916103,2,#fc8d62,car
147376,9,1,63,0,2016,10,16,4,3,3,6,0,0,1,0,0,0,0,0,733900.3074,5304755.6591,12.126894721,47.853532863,1,#66c2a5,bicycle
147380,9,1,62,0,2016,10,7,5,3,5,3,0,1,0,1,0,1,0,0,690433.0224,5332693.4188,11.558856804,48.11899674,2,#fc8d62,car
147381,9,1,62,0,2016,10,9,4,3,4,2,0,0,1,1,0,0,0,0,694329.5973,5340563.1171,11.61475287,48.188549071,1,#66c2a5,bicycle
147382,9,1,79,134,2016,10,10,4,3,3,6,0,0,1,0,0,0,0,0,667265.2409,5342718.8655,11.251760249,48.215633351,1,#66c2a5,bicycle
147384,9,1,62,0,2016,10,18,5,3,3,6,1,1,1,0,0,1,0,0,693823.0803,5334730.0257,11.605286997,48.13627827,1,#66c2a5,bicycle
147385,9,1,62,0,2016,10,11,4,3,1,3,0,0,1,1,0,0,0,0,693863.6462,5339089926.0,11.607818004,48.175451038,1,#66c2a5,bicycle
147386,9,1,79,121,2016,10,13,6,3,5,3,0,0,1,1,0,0,0,0,667163.3244,5340216135.0,11.249403466,48.193160857,1,#66c2a5,bicycle
147388,9,7,72,209,2016,10,16,5,3,8,6,0,0,0,1,0,0,0,0,633297.2308,5335204.5016,10.79237958,48.156106368,2,#fc8d62,car
147391,9,1,62,0,2016,10,13,5,3,0,6,0,1,0,1,0,1,0,0,692462.4402,5333507.1193,11.586464883,48.125699985,2,#fc8d62,car
147392,9,1,62,0,2016,10,10,4,3,0,5,0,0,1,1,0,0,0,0,694024.8659,5330878.7086,11.606243854,48.101602394,1,#66c2a5,bicycle
147400,9,1,88,127,2016,10,17,4,2,5,2,0,0,0,1,0,1,0,0,676226.1891,5329570.1309,11.36684462,48.095011106,2,#fc8d62,car
147403,9,1,62,0,2016,10,19,2,3,4,2,2,1,0,1,0,0,0,0,693622.5263,5341887.9935,11.605853407,48.200672401,2,#fc8d62,car
147406,9,1,62,0,2016,10,17,4,3,5,2,0,0,0,1,0,0,0,0,689676.7791,5343198.2147,11.553390852,48.213639532,2,#fc8d62,car
147412,9,1,62,0,2016,10,15,4,3,5,3,0,0,0,1,0,1,0,0,690567228.0,5337076671.0,11.562619451,48.158353114,2,#fc8d62,car
147414,9,7,61,0,2016,10,11,4,2,6,4,0,0,0,1,1,0,0,0,641847.4102,5360391.6367,10.915734001,48.380733037,2,#fc8d62,car
147416,9,1,88,120,2016,10,7,4,3,5,3,1,1,0,1,0,0,0,0,678164.3766,5326302.0774,11.391489741,48.065094974,2,#fc8d62,car
147420,9,1,62,0,2016,10,17,2,3,1,1,0,0,1,1,0,0,0,0,689912.4331,5334911.6521,11.552857404,48.1390898,1,#66c2a5,bicycle
147422,9,1,77,117,2016,10,4,6,3,2,6,2,1,0,1,0,0,0,0,714353.2856,5355018.4242,11.891156466,48.311994945,2,#fc8d62,car
147423,9,1,74,115,2016,10,13,5,3,5,3,0,1,1,1,0,0,0,0,680547.4385,5347109.8301,11.43227802,48.251462801,1,#66c2a5,bicycle
147424,9,1,62,0,2016,10,7,4,3,1,7,0,0,0,1,0,0,0,0,692674019.0,5330131926.0,11.587780743,48.095300353,2,#fc8d62,car
147428,9,7,61,0,2016,10,13,6,3,6,4,0,0,0,0,1,0,0,1,640785762.0,5359235627.0,10.901016906,48.370576421,3,#8da0cb,toilet
147433,9,1,62,0,2016,10,10,5,3,1,6,0,1,0,1,0,0,0,0,693410.2555,5333056.2435,11.598984256,48.121360392,2,#fc8d62,car
147434,9,1,74,115,2016,10,12,6,3,0,7,0,1,1,1,0,0,0,0,680393.8962,5348225.2346,11.430686961,48.261532534,1,#66c2a5,bicycle
147436,9,7,61,0,2016,10,17,5,3,0,7,0,0,0,1,0,0,0,1,641294.4888,5359221.9515,10.907877647,48.370339768,2,#fc8d62,car
147439,9,1,62,0,2016,10,11,5,3,2,2,0,1,0,1,0,0,0,0,690637.1796,5333387.2823,11.561907518,48.125172091,2,#fc8d62,car
147440,9,1,62,0,2016,10,17,4,3,5,3,0,0,0,0,0,0,1,1,692535.0233,5336951.8872,11.588996684,48.156638836,5,#a6d854,bus
147443,9,1,84,120,2016,10,8,5,3,3,5,0,1,1,1,0,0,0,0,681094.2946,5333740.6144,11.433937278,48.131134383,1,#66c2a5,bicycle
147444,9,1,62,0,2016,10,12,4,2,0,4,0,0,0,0,1,0,0,1,686774.5979,5336585.7597,11.51145458,48.155065971,3,#8da0cb,toilet
147449,9,1,78,143,2016,10,9,5,3,5,3,0,1,0,1,0,0,0,0,717547.1853,5373313.0106,11.943651156,48.47527633,2,#fc8d62,car
147451,9,7,71,113,2016,10,10,4,3,8,1,0,0,1,0,0,0,0,0,658402.4536,5369239.7915,11.142507464,48.456341098,1,#66c2a5,bicycle
147452,9,7,62,0,2016,10,16,3,3,4,6,0,0,1,0,0,0,0,0,621253.5606,5305613.9833,10.62213205,47.892394371,1,#66c2a5,bicycle
147453,9,1,77,117,2016,10,12,4,3,2,6,0,0,1,0,0,0,0,0,714357.4771,5355059.5507,11.891233819,48.312363055,1,#66c2a5,bicycle
147454,9,1,77,114,2016,10,7,4,3,2,6,0,0,0,1,0,0,0,0,722548546.0,5344579.4063,11.996047008,48.215376152,2,#fc8d62,car
147455,9,7,61,0,2016,10,19,4,3,5,3,1,1,1,1,0,0,0,0,640943349.0,5359797.7393,10.903332001,48.375595554,1,#66c2a5,bicycle
147459,9,1,82,120,2016,10,6,5,2,6,3,1,1,0,1,1,0,0,0,702584.7297,5306605.8634,11.709641087,47.880796266,2,#fc8d62,car
147460,9,1,62,0,2016,10,21,4,3,1,5,2,0,0,1,0,0,0,0,686217.1052,5333837.7386,11.502763957,48.130529241,2,#fc8d62,car
147462,9,7,61,0,2016,10,7,4,3,4,2,0,0,0,1,0,1,0,0,640940.2666,5359800.2888,10.903291254,48.375619167,2,#fc8d62,car
147468,9,1,73,147,2016,10,14,3,2,6,4,0,1,0,1,1,0,0,0,681181.9581,5309729.3712,11.42496383,47.915271189,2,#fc8d62,car
147469,9,1,62,0,2016,10,8,5,3,0,7,0,1,1,0,0,0,0,0,691104.0496,5337391.8498,11.569972321,48.161024799,1,#66c2a5,bicycle
147470,9,1,75,139,2016,10,13,5,3,5,2,0,1,1,1,0,0,0,0,711210.3537,5330649.4702,11.836693517,48.094078141,1,#66c2a5,bicycle
147475,9,1,81,130,2016,10,10,5,3,5,3,0,1,0,1,0,0,0,0,638982.5958,5324964.2783,10.865449879,48.062806648,2,#fc8d62,car
147476,9,1,62,0,2016,10,12,4,3,1,5,0,0,0,1,0,0,0,0,700296623.0,5334873149.0,11.692270859,48.135560068,2,#fc8d62,car
147477,9,1,73,126,2016,10,15,6,3,0,7,0,1,0,0,0,1,0,0,683127.2537,5304233.2601,11.448643991,47.865313409,4,#e78ac3,marker
147479,9,7,72,209,2016,10,6,3,2,8,1,2,1,0,0,0,1,0,0,634253.3723,5335506.6789,10.805325088,48.158622527,4,#e78ac3,marker
147484,9,1,62,0,2016,10,15,5,2,5,2,0,1,0,1,0,0,0,1,694458.6029,5333225.8508,11.61313382,48.122565453,2,#fc8d62,car
147487,9,1,62,0,2016,10,11,4,3,6,7,0,0,0,0,1,0,0,1,688563.8834,5339814.3213,11.536921526,48.183556591,3,#8da0cb,toilet
147488,9,1,85,158,2016,10,5,6,2,5,3,2,1,0,1,0,0,0,0,668705.5847,5380033.0892,11.286114478,48.550686871,2,#fc8d62,car
147490,9,7,72,147,2016,10,14,3,3,5,3,0,1,0,1,0,0,0,0,637877.5287,5366446.0096,10.864137571,48.436052735,2,#fc8d62,car
147491,9,7,71,130,2016,10,13,5,2,2,2,0,1,1,1,0,0,0,0,646237.2574,5357361.5538,10.973931936,48.352486522,1,#66c2a5,bicycle
147494,9,1,62,0,2016,10,19,5,3,5,3,2,0,1,1,0,0,0,0,696826.7282,5337159.5193,11.646739617,48.157191103,1,#66c2a5,bicycle
147495,9,1,62,0,2016,10,8,4,3,6,2,0,0,0,1,1,0,0,0,698440092.0,5333513.0191,11.666711239,48.12391787,2,#fc8d62,car
147500,9,1,62,0,2016,10,18,4,3,5,3,2,1,0,1,0,1,0,0,688886.1488,5335736.6434,11.539441843,48.146810391,2,#fc8d62,car
147501,9,7,71,113,2016,10,19,5,3,0,7,1,0,1,0,0,0,0,0,657765.5319,5369467.5309,11.133984718,48.458548536,1,#66c2a5,bicycle
147505,9,1,62,0,2016,10,10,3,3,5,3,0,1,1,1,0,0,0,0,689150.7347,5334514.7317,11.542452651,48.135749117,1,#66c2a5,bicycle
147510,9,1,62,0,2016,10,21,4,3,5,3,2,0,0,1,0,0,0,0,692621.2706,5334813.3685,11.589187633,48.137392235,2,#fc8d62,car
147512,9,7,61,0,2016,10,16,6,3,4,1,0,0,0,1,0,0,1,0,639673.9514,5356103.2771,10.884973072,48.342658155,2,#fc8d62,car
147513,9,7,72,125,2016,10,17,3,3,2,6,0,1,0,1,0,0,0,0,637024.7634,5347069.1776,10.846307489,48.26200347,2,#fc8d62,car
147514,9,1,63,0,2016,10,12,3,3,6,4,0,1,0,0,1,1,0,0,733429.67,5304709.3335,12.120587671,47.853287757,3,#8da0cb,toilet
147516,9,7,61,0,2016,10,20,4,3,5,3,2,0,0,1,0,0,0,0,638956.7983,5360595.0283,10.876783823,48.383205183,2,#fc8d62,car
147517,9,7,72,163,2016,10,15,3,3,5,2,0,1,1,1,0,0,0,0,639923022.0,5347410043.0,10.885450408,48.264434996,1,#66c2a5,bicycle
147518,9,1,62,0,2016,10,14,3,2,6,4,0,1,0,1,1,0,0,0,686374.9751,5329314.6528,11.502907443,48.089827673,2,#fc8d62,car
147522,9,7,61,0,2016,10,2,2,3,6,4,2,0,0,1,1,0,0,0,642007.9435,5360694.7799,10.918003274,48.383422647,2,#fc8d62,car
147524,9,1,78,124,2016,10,13,6,3,5,3,0,1,0,1,0,0,0,0,704306.2736,5364207.0328,11.760271349,48.397890681,2,#fc8d62,car
147525,9,1,74,126,2016,10,17,5,3,5,3,0,0,0,1,0,0,0,0,682658.6493,5343755.8525,11.459246446,48.220710619,2,#fc8d62,car
147526,9,1,62,0,2016,10,11,4,3,6,4,0,0,0,0,1,0,0,1,694145.2341,5334652145.0,11.609577101,48.135480109,3,#8da0cb,toilet
147529,9,7,61,0,2016,10,16,3,3,0,1,0,1,1,0,0,0,0,0,641974.1389,5360890.5787,10.917613122,48.385190788,1,#66c2a5,bicycle
147533,9,2,61,0,2016,10,15,4,3,2,6,0,0,0,1,0,0,0,0,731680.95,5381984923.0,12.139420493,48.548128234,2,#fc8d62,car
147535,9,1,62,0,2016,10,7,5,3,0,6,0,1,0,0,0,1,0,1,687942.0199,5338998.8881,11.528202862,48.176411631,4,#e78ac3,marker
147539,9,1,84,131,2016,10,8,5,3,5,3,0,1,0,1,0,0,0,1,704850.5243,5340032.0963,11.755892929,48.180471635,2,#fc8d62,car
147540,9,1,81,114,2016,10,15,6,3,8,1,0,1,0,1,0,0,0,0,650143341.0,5316913265.0,11.012338194,47.987886249,2,#fc8d62,car
147542,9,7,61,0,2016,10,8,5,3,5,3,1,1,0,1,0,1,0,0,637440.3411,5360197.1919,10.856183319,48.37996011,2,#fc8d62,car
147544,9,1,86,143,2016,10,12,3,3,5,3,0,1,0,1,0,0,0,0,683479.8076,5376802.3968,11.484708178,48.517502203,2,#fc8d62,car
147545,9,1,62,0,2016,10,17,5,3,2,6,0,0,0,1,0,1,0,0,689552.8325,5333171.5088,11.547254374,48.123556483,2,#fc8d62,car
147546,9,1,62,0,2016,10,15,4,2,3,2,0,1,1,0,0,0,1,0,697669.6644,5336374.0955,11.657697196,48.149870846,1,#66c2a5,bicycle
147547,9,1,84,139,2016,10,7,3,2,6,3,1,1,1,0,1,0,0,0,688446.9925,5326070.7547,11.529275171,48.060061375,1,#66c2a5,bicycle
147548,9,1,62,0,2016,10,10,4,3,2,6,0,0,0,1,0,0,0,0,690328.4576,5338845.2641,11.560203474,48.174320627,2,#fc8d62,car
147550,9,1,88,139,2016,10,20,3,3,2,6,2,1,0,1,0,0,0,0,674949668.0,5319277.9697,11.345507784,48.002840945,2,#fc8d62,car
147553,9,1,78,143,2016,10,18,5,3,1,3,2,1,0,1,0,0,0,0,717223.1875,5372305.1031,11.938749712,48.466332669,2,#fc8d62,car
147555,9,7,71,112,2016,10,14,3,3,4,1,0,1,0,1,0,1,0,0,647319.5186,5365334.9207,10.991327365,48.423924678,2,#fc8d62,car
147556,9,1,62,0,2016,10,17,3,3,2,3,1,1,0,1,0,1,0,0,689292.4106,5341044.7946,11.547261402,48.194399432,2,#fc8d62,car
147560,9,1,62,0,2016,10,9,7,3,5,3,0,0,0,1,0,0,0,0,683987.8183,5339875.4314,11.475442394,48.185447597,2,#fc8d62,car
147561,9,1,62,0,2016,10,18,3,3,1,5,2,1,1,1,0,0,0,0,691520.1203,5336234.8338,11.575041041,48.150500532,1,#66c2a5,bicycle
147562,9,1,62,0,2016,10,22,7,2,5,3,2,1,0,1,0,0,0,1,697260.0819,5332271.3085,11.650297031,48.113124865,2,#fc8d62,car
147565,9,1,62,0,2016,10,17,2,3,5,7,0,0,1,1,0,0,0,0,691478.7653,5340306.4123,11.576319048,48.187107607,1,#66c2a5,bicycle
147568,9,7,73,182,2016,10,13,1,2,5,3,0,0,1,1,0,0,0,0,625210.4,5379821662.0,10.696967629,48.558979209,1,#66c2a5,bicycle
147569,9,1,78,124,2016,10,7,2,3,7,6,0,0,0,1,0,0,0,0,703979.7278,5359396.7202,11.753531147,48.354770027,2,#fc8d62,car