OBJECTID,ULAND,UREGBEZ,UKREIS,UGEMEINDE,UJAHR,UMONAT,USTUNDE,UWOCHENTAG,UKATEGORIE,UART,UTYP1,ULICHTVERH,STRZUSTAND,IstRad,IstPKW,IstFuss,IstKrad,IstGkfz,IstSonstig,LINREFX,LINREFY,XGCSWGS84,YGCSWGS84,Teilnehmer,color,symbol
147572,9,1,62,0,2016,10,14,7,3,2,6,0,1,0,1,0,0,0,0,694341.7002,5341710.0501,11.615440441,48.198853429,2,#fc8d62,car
147575,9,1,62,0,2016,10,17,2,3,4,2,0,0,1,1,0,0,0,0,693946.7628,5335077.8079,11.607106057,48.139366332,1,#66c2a5,bicycle
147576,9,7,61,0,2016,10,14,4,3,0,7,0,0,1,0,0,0,0,0,641922.9417,5357589.0479,10.915807743,48.355516376,1,#66c2a5,bicycle
147578,9,1,62,0,2016,10,14,2,3,4,2,0,0,0,1,0,0,0,0,679378573.0,5334104527.0,11.411052195,48.134891452,2,#fc8d62,car
147581,9,1,78,143,2016,10,19,2,3,0,6,2,1,1,0,0,0,0,0,716782278.0,5373346.6294,11.933332698,48.475842491,1,#66c2a5,bicycle
147583,9,1,62,0,2016,10,22,7,3,5,3,2,0,0,1,0,0,0,0,690351.3176,5343125.8385,11.562429466,48.212787076,2,#fc8d62,car
147585,9,1,62,0,2016,10,7,6,3,5,2,0,1,1,1,0,0,0,0,687496.3577,5334074.1533,11.520043997,48.132278656,1,#66c2a5,bicycle
147586,9,1,62,0,2016,10,13,4,2,1,5,0,0,1,1,0,0,0,0,691432.3532,5336405.8873,11.573939158,48.152064358,1,#66c2a5,bicycle
147589,9,1,79,121,2016,10,19,4,3,5,3,2,0,1,1,0,0,0,0,665767.6734,5337239.4396,11.229476731,48.166765953,1,#66c2a5,bicycle
147590,9,7,78,203,2016,10,13,3,3,4,1,0,1,0,1,0,0,0,0,623114.3754,5325963.5056,10.652849263,48.075053046,2,#fc8d62,car
147593,9,1,62,0,2016,10,13,3,3,5,3,0,0,0,0,0,1,0,1,695684.8118,5329897.8516,11.628067283,48.092279251,4,#e78ac3,marker
147595,9,1,62,0,2016,10,14,7,3,2,6,0,1,0,1,0,0,0,0,695612.3173,5338527958.0,11.631056613,48.169864571,2,#fc8d62,car
147596,9,2,61,0,2016,10,18,4,3,5,3,1,0,1,1,0,0,0,0,734422.4007,5381942.7422,12.176485979,48.54673102,1,#66c2a5,bicycle
147598,9,1,62,0,2016,10,10,4,3,0,7,0,0,1,0,0,0,0,0,691206.7788,5334049.7745,11.569851433,48.130955703,1,#66c2a5,bicycle
147599,9,1,78,145,2016,10,15,1,3,0,7,0,0,1,0,0,0,0,0,696447.6021,5354388.3363,11.649635238,48.312147429,1,#66c2a5,bicycle
147600,9,1,62,0,2016,10,8,3,3,0,7,0,0,1,1,0,0,0,0,692053.7321,5334570.1281,11.581457238,48.135377568,1,#66c2a5,bicycle
147604,9,1,78,155,2016,10,7,3,3,5,3,1,0,1,1,0,0,0,0,716354.4058,5374207.9949,11.927996676,48.483728913,1,#66c2a5,bicycle
147608,9,7,73,182,2016,10,12,7,3,4,6,0,0,0,1,0,0,0,0,624296.4092,5379391.1757,10.684457418,48.555289965,2,#fc8d62,car
147609,9,7,61,0,2016,10,8,2,3,5,3,0,0,0,1,0,0,0,0,639914.2532,5357386.2612,10.888640611,48.354141248,2,#fc8d62,car
147610,9,1,62,0,2016,10,13,6,3,2,6,0,1,0,1,0,0,0,0,695912.8024,5331995.8927,11.632088968,48.111065413,2,#fc8d62,car
147611,9,1,84,134,2016,10,8,7,3,0,1,0,1,0,1,0,0,0,0,692238.1051,5321992.5424,11.578274438,48.022275526,2,#fc8d62,car
147613,9,1,62,0,2016,10,16,3,3,2,6,0,1,0,1,0,0,0,0,684054.7686,5333605566.0,11.473630054,48.129071292,2,#fc8d62,car
147614,9,7,71,142,2016,10,13,7,3,5,3,0,1,0,1,0,0,0,1,646634399.0,5351652915.0,10.977303417,48.301066327,2,#fc8d62,car
147616,9,1,62,0,2016,10,17,2,3,2,6,0,1,0,1,0,0,0,1,691965.0021,5336206.8735,11.581003701,48.150115122,2,#fc8d62,car
147618,9,7,61,0,2016,10,13,1,3,6,7,0,0,0,1,1,0,0,0,639994.3057,5358362.3928,10.890045354,48.362900611,2,#fc8d62,car
147619,9,1,78,143,2016,10,16,2,3,0,7,0,1,1,0,0,0,0,0,716774.6653,5373322.4959,11.933217319,48.475628284,1,#66c2a5,bicycle
147621,9,1,87,122,2016,10,17,2,3,6,4,0,0,0,1,1,0,0,0,719449.9975,5306878.8033,11.935064193,47.877706969,2,#fc8d62,car
147622,9,1,78,140,2016,10,20,2,3,9,7,2,1,0,1,0,0,0,0,707530.7745,5363248.6603,11.803308534,48.38822608,2,#fc8d62,car
147623,9,1,62,0,2016,10,8,6,3,1,6,0,0,1,1,0,0,0,0,691307.0617,5334127.4878,11.571232737,48.131624051,1,#66c2a5,bicycle
147626,9,7,72,163,2016,10,16,7,3,5,3,0,1,1,1,0,0,0,0,639684.2047,5346413.6113,10.881905166,48.25552787,1,#66c2a5,bicycle
147629,9,1,84,112,2016,10,17,2,3,5,3,0,0,1,1,0,0,0,0,703038.7856,5339139.0505,11.731121539,48.173027615,1,#66c2a5,bicycle
147630,9,7,72,184,2016,10,6,4,3,5,3,2,0,0,1,0,1,0,0,636276.3838,5360907594.0,10.8407025,48.386600492,2,#fc8d62,car
147632,9,1,62,0,2016,10,13,1,3,2,6,0,0,0,1,0,1,0,0,688000.0999,5337750.1851,11.528431219,48.165170927,2,#fc8d62,car
147633,9,1,62,0,2016,10,18,3,3,0,3,1,1,0,1,0,1,0,0,685979.8807,5334389.5454,11.499819681,48.135558463,2,#fc8d62,car
147636,9,7,61,0,2016,10,20,7,3,2,6,2,0,0,1,0,0,0,0,641942.7452,5360615.8872,10.91709655,48.382727953,2,#fc8d62,car
147638,9,1,62,0,2016,10,7,2,3,5,3,1,0,1,1,0,0,0,0,692441.5457,5336577.3139,11.587571639,48.153300557,1,#66c2a5,bicycle
147639,9,1,62,0,2016,10,22,6,2,1,1,2,0,0,1,0,1,0,0,692918115.0,5335699.3104,11.593574877,48.145264928,2,#fc8d62,car
147640,9,1,62,0,2016,10,9,4,3,1,6,0,1,0,1,0,0,0,0,688856.9657,5330560.3347,11.536756534,48.100293584,2,#fc8d62,car
147641,9,7,61,0,2016,10,19,7,3,4,2,2,0,0,1,0,0,0,0,640552.6348,5359229.5249,10.897868769,48.370573514,2,#fc8d62,car
147643,9,1,62,0,2016,10,19,2,3,5,3,2,0,0,1,0,0,0,0,690800.6625,5334745.5166,11.564710437,48.13733087,2,#fc8d62,car
147644,9,7,61,0,2016,10,7,4,3,5,3,0,0,1,1,0,0,0,0,639411.7475,5360085.1142,10.882755881,48.378519798,1,#66c2a5,bicycle
147646,9,1,81,130,2016,10,16,4,3,5,3,0,0,1,1,0,0,0,0,638668.3324,5326229.8188,10.861644603,48.07425519,1,#66c2a5,bicycle
147647,9,1,62,0,2016,10,18,3,3,6,4,2,1,0,1,1,0,0,0,695851.5353,5338466.9749,11.634242566,48.169242831,2,#fc8d62,car
147651,9,1,62,0,2016,10,8,7,3,0,7,0,1,0,0,1,0,1,0,687852.6508,5328552.3481,11.522396648,48.08254206,3,#8da0cb,toilet
147654,9,1,78,124,2016,10,10,4,3,2,7,0,0,1,0,0,0,1,0,702775.8636,5363591.6114,11.739322364,48.392854298,1,#66c2a5,bicycle
147655,9,7,61,0,2016,10,18,3,3,5,3,1,0,1,1,0,0,0,0,638027.3403,5359403.0946,10.86384587,48.372691574,1,#66c2a5,bicycle
147659,9,1,62,0,2016,10,16,1,3,5,3,0,0,0,1,0,0,0,0,692500.1968,5340960.5141,11.590344181,48.19267777,2,#fc8d62,car
147660,9,1,62,0,2016,10,18,6,3,6,4,2,1,0,1,1,0,0,0,699033.6194,5333918.3905,11.674867572,48.127375746,2,#fc8d62,car
147665,9,1,62,0,2016,10,19,2,2,6,4,2,1,0,1,1,0,0,0,690897.2984,5342269.5648,11.569386314,48.204927078,2,#fc8d62,car
147666,9,1,62,0,2016,10,7,3,3,5,2,0,0,1,1,0,0,0,0,693631.8507,5333345.0711,11.602089989,48.123888939,1,#66c2a5,bicycle
147670,9,1,62,0,2016,10,9,2,3,5,2,0,0,1,1,0,0,0,0,696150977.0,5336677.2673,11.637440469,48.153065705,1,#66c2a5,bicycle
147673,9,1,62,0,2016,10,18,1,3,2,6,1,0,0,1,0,0,0,0,690149737.0,5335281482.0,11.556209149,48.142342964,2,#fc8d62,car
147674,9,1,62,0,2016,10,7,6,3,6,2,1,1,0,1,1,0,0,0,678841.2459,5338935425.0,11.40586706,48.178467654,2,#fc8d62,car
147675,9,1,62,0,2016,10,2,7,3,6,4,2,0,0,1,1,0,0,0,692141.3899,5336817.7709,11.583648568,48.155552482,2,#fc8d62,car
147677,9,1,79,142,2016,10,17,2,3,5,3,0,1,1,1,0,0,0,0,672989.7015,5342925.2612,11.328843349,48.215954087,1,#66c2a5,bicycle
147681,9,1,62,0,2016,10,8,2,3,4,2,0,0,1,1,0,0,0,0,692835.1328,5330103.6048,11.589929559,48.094997077,1,#66c2a5,bicycle
147682,9,7,61,0,2016,10,20,4,3,4,2,2,0,0,1,0,1,0,0,644096.9157,5358336.3137,10.945392511,48.361743013,2,#fc8d62,car
147685,9,7,62,0,2016,10,18,4,3,2,6,1,0,0,1,0,1,0,0,622295.6638,5305566.8273,10.636054107,47.891772509,2,#fc8d62,car
147687,9,1,62,0,2016,10,19,1,3,5,2,2,0,1,1,0,0,0,0,693120044.0,5331874.68,11.594553555,48.110828863,1,#66c2a5,bicycle
147691,9,1,62,0,2016,10,7,4,3,5,3,0,1,1,1,0,0,0,0,684525.4279,5328929.8097,11.477927026,48.086906585,1,#66c2a5,bicycle
147694,9,1,79,126,2016,10,11,4,3,3,3,0,0,0,1,0,0,0,0,677061.7533,5340117.6148,11.382442659,48.189592844,2,#fc8d62,car
147695,9,1,62,0,2016,10,19,3,3,0,7,1,1,0,0,0,1,0,0,690538.0142,5335259.4517,11.56141355,48.142028797,4,#e78ac3,marker
147698,9,7,71,142,2016,10,16,2,3,8,1,0,0,0,1,0,0,0,0,645739.5567,5352751.5832,10.965623681,48.311151669,2,#fc8d62,car
147699,9,1,62,0,2016,10,7,3,3,0,7,0,0,1,0,0,0,0,0,700873408.0,5332844.1809,11.699058518,48.117143961,1,#66c2a5,bicycle
147701,9,2,61,0,2016,10,3,4,3,0,1,2,0,1,0,0,0,0,0,736426.7577,5384602.9131,12.205112152,48.569873208,1,#66c2a5,bicycle
147703,9,1,62,0,2016,10,18,4,3,0,5,2,0,1,1,0,0,0,0,692576.5752,5334982.8674,11.588664116,48.138929181,1,#66c2a5,bicycle
147704,9,1,88,132,2016,10,15,1,3,5,3,0,0,0,1,0,0,0,0,664635.2898,5322367.5327,11.208521641,48.033357043,2,#fc8d62,car
147705,9,1,78,113,2016,10,19,4,3,5,3,2,0,1,1,0,0,0,0,691964.2927,5367649.4188,11.595284245,48.43270646,1,#66c2a5,bicycle
147707,9,7,61,0,2016,10,16,3,3,6,7,0,0,0,1,1,0,0,1,640886.4345,5353961.0572,10.900610589,48.323126705,2,#fc8d62,car
147709,9,1,74,115,2016,10,9,3,3,2,6,0,0,0,1,0,0,0,0,684429.7766,5347640991.0,11.484760562,48.255119263,2,#fc8d62,car
147712,9,1,62,0,2016,10,15,1,3,3,5,0,0,1,1,0,0,0,0,691058.0009,5336016373.0,11.568736148,48.148676005,1,#66c2a5,bicycle
147713,9,1,62,0,2016,10,16,1,3,2,6,0,0,0,1,0,0,0,0,686768.8047,5336984.6164,11.511551837,48.158652711,2,#fc8d62,car
147714,9,1,62,0,2016,10,7,6,3,2,5,0,1,0,1,0,0,0,0,688517.1302,5338099.2302,11.535532484,48.168155075,2,#fc8d62,car
147715,9,1,62,0,2016,10,6,6,2,5,3,1,1,1,0,0,0,0,1,688148.5353,5337150.2096,11.530160138,48.159734345,1,#66c2a5,bicycle
147716,9,1,62,0,2016,10,16,7,3,3,2,0,0,0,1,0,0,0,1,686760729.0,5336958.49,11.51143188,48.158420252,2,#fc8d62,car
147718,9,1,62,0,2016,10,11,3,3,0,3,0,0,0,1,0,0,0,1,692946486.0,5332334955.0,11.592432509,48.115018316,2,#fc8d62,car
147721,9,1,62,0,2016,10,16,2,3,5,3,0,0,0,1,0,0,0,0,682095.1632,5338524.7123,11.449423379,48.173851759,2,#fc8d62,car
147724,9,7,72,167,2016,10,9,1,3,5,3,0,0,0,1,0,0,0,0,626562.3083,5355800.6037,10.708019601,48.342699375,2,#fc8d62,car
147725,9,1,62,0,2016,10,14,1,3,3,6,0,0,1,0,0,0,0,0,692305.4581,5333831.7739,11.584503951,48.128665363,1,#66c2a5,bicycle
147727,9,1,79,142,2016,10,18,2,3,1,6,1,0,0,1,0,0,0,0,672848.4145,5342002.3663,11.326566876,48.20769629,2,#fc8d62,car
147732,9,1,79,121,2016,10,9,2,2,5,3,0,0,1,1,0,0,0,0,668266.5432,5338017.8066,11.263366094,48.173106833,1,#66c2a5,bicycle
147735,9,1,62,0,2016,10,16,2,3,0,6,0,0,1,1,0,0,0,0,693307.3413,5333252.6275,11.597691853,48.123156693,1,#66c2a5,bicycle
147736,9,7,71,130,2016,10,18,4,3,0,7,1,0,0,0,1,0,0,1,647981154.0,5356921.1116,10.997301701,48.348120209,3,#8da0cb,toilet
147738,9,1,62,0,2016,10,14,1,3,5,3,0,0,0,1,0,0,0,0,693667.2148,5331103.6271,11.601546907,48.103732713,2,#fc8d62,car
147739,9,1,62,0,2016,10,15,3,3,6,4,0,0,0,1,1,0,0,0,689949.75,5338996.2905,11.555182038,48.175791346,2,#fc8d62,car
147743,9,1,62,0,2016,10,13,6,3,5,3,0,1,0,1,0,0,0,0,686344.0893,5330030.4967,11.502805493,48.096271029,2,#fc8d62,car
147744,9,1,62,0,2016,10,17,4,3,5,3,0,0,0,1,0,0,0,0,686527.4902,5333899.4024,11.506958397,48.130992615,2,#fc8d62,car
147747,9,1,62,0,2016,10,18,2,3,4,6,2,0,0,1,0,0,0,1,693299.5285,5334233.0024,11.598031639,48.131970408,2,#fc8d62,car
147748,9,7,61,0,2016,10,22,4,3,5,3,2,0,1,1,0,0,0,0,640756.9937,5354746.8821,10.899127794,48.330221462,1,#66c2a5,bicycle
147750,9,1,62,0,2016,10,20,1,3,2,6,2,0,0,1,0,0,0,0,694258.0547,5334985.2101,11.611243824,48.138439143,2,#fc8d62,car
147752,9,1,62,0,2016,10,7,3,3,2,1,0,0,1,1,0,0,0,0,691112.8072,5329968.7365,11.566761155,48.094303699,1,#66c2a5,bicycle
147753,9,2,61,0,2016,10,14,7,3,6,4,0,0,0,1,1,0,0,0,731597722.0,5380219.4741,12.137313321,48.53230023,2,#fc8d62,car
147754,9,1,73,147,2016,10,12,4,3,3,6,0,0,0,1,0,0,0,0,681573.5198,5308773.2942,11.429797094,47.90656605,2,#fc8d62,car
147756,9,1,78,124,2016,10,12,1,3,1,7,0,0,1,0,0,0,0,1,703472613.0,5364683.5641,11.749252642,48.402442416,1,#66c2a5,bicycle
147757,9,1,62,0,2016,10,19,3,3,3,6,2,1,1,1,0,0,0,0,691116.3426,5335532.3294,11.569302432,48.144307944,1,#66c2a5,bicycle
147758,9,2,61,0,2016,10,14,7,3,0,4,0,0,1,0,1,0,0,0,732937.0444,5382708.5975,12.156819255,48.55416365,1,#66c2a5,bicycle
147761,9,1,78,155,2016,10,7,3,3,5,3,0,1,1,1,0,0,0,0,716359769.0,5374208.6362,11.928069491,48.483732829,1,#66c2a5,bicycle
147762,9,1,79,119,2016,10,7,4,3,6,4,0,1,0,1,1,0,0,0,669444.8745,5338883.2547,11.279547991,48.180573948,2,#fc8d62,car
147763,9,7,72,200,2016,10,13,3,3,4,2,0,0,1,1,0,0,0,0,630620.0793,5338459.9528,10.757399336,48.185937208,1,#66c2a5,bicycle
147766,9,1,62,0,2016,10,12,6,3,0,7,0,0,0,1,0,0,0,1,696606.3086,5334318.0314,11.642466857,48.131721767,2,#fc8d62,car
147767,9,1,62,0,2016,10,20,7,2,6,4,2,1,0,1,1,0,0,0,690813.3199,5334901.3906,11.564950229,48.138728061,2,#fc8d62,car
147769,9,1,63,0,2016,10,18,7,3,1,5,0,0,0,1,0,0,0,0,732505351.0,5304566.8135,12.108173225,47.85234234,2,#fc8d62,car
147771,9,1,62,0,2016,10,20,2,3,1,1,2,0,1,1,0,0,0,0,692287.3853,5337315.7207,11.585834677,48.159983813,1,#66c2a5,bicycle
147772,9,7,62,0,2016,10,17,4,3,0,1,0,0,1,0,0,0,0,0,622181.1984,5305880.0779,10.634612135,47.894611591,1,#66c2a5,bicycle
147774,9,1,62,0,2016,10,17,1,3,5,3,1,0,0,1,0,0,0,1,688183.7182,5327361.6392,11.526313252,48.071741971,2,#fc8d62,car
147775,9,1,63,0,2016,10,11,7,3,5,3,0,0,0,1,0,0,0,0,731691.0851,5304310.0365,12.097166947,47.850329396,2,#fc8d62,car
147777,9,7,78,116,2016,10,17,1,3,0,3,0,0,0,1,0,0,0,0,619268.6572,5317885.6597,10.598990279,48.003134978,2,#fc8d62,car
147778,9,1,62,0,2016,10,14,1,3,4,2,0,0,0,1,0,0,0,0,697927.8638,5330956.7648,11.658649228,48.10110347,2,#fc8d62,car
147779,9,1,62,0,2016,10,20,6,3,0,1,2,1,1,0,0,0,0,0,696764985.0,5330730677.0,11.64294201,48.099431686,1,#66c2a5,bicycle
147780,9,1,62,0,2016,10,16,7,3,6,7,0,1,0,1,1,0,0,0,692228.2198,5337127.9651,11.584955041,48.158314198,2,#fc8d62,car
147782,9,1,74,115,2016,10,11,2,3,7,1,0,0,1,0,0,0,0,0,681577.3831,5347819.9937,11.446444695,48.257551937,1,#66c2a5,bicycle
147783,9,1,79,126,2016,10,13,7,3,5,3,0,0,0,1,0,0,0,0,677230.1086,5339307.8248,11.384368071,48.182266612,2,#fc8d62,car
147786,9,1,62,0,2016,10,15,2,3,1,1,0,0,0,1,0,0,0,0,696980.3243,5330886.2756,11.645903056,48.100763587,2,#fc8d62,car
147787,9,7,61,0,2016,10,16,4,3,4,6,0,0,0,1,0,0,0,0,638040.5048,5357117.9758,10.863273724,48.352141244,2,#fc8d62,car
147789,9,1,62,0,2016,10,14,1,3,0,7,0,0,1,0,0,0,0,0,692306934.0,5333833.9351,11.58452474,48.128684341,1,#66c2a5,bicycle
147790,9,1,87,117,2016,10,14,4,3,6,5,0,0,0,1,1,0,0,0,724828.4776,5305439.0337,12.006149314,47.862910321,2,#fc8d62,car
147791,9,1,62,0,2016,10,15,3,3,5,7,0,1,1,1,0,0,0,0,684498.3552,5332025.7307,11.478902179,48.114742425,1,#66c2a5,bicycle
147792,9,2,61,0,2016,10,9,2,3,4,2,0,0,1,1,0,0,0,0,732844.3221,5382625.5411,12.155518204,48.553452009,1,#66c2a5,bicycle
147793,9,1,79,123,2016,10,12,7,3,6,7,0,0,0,1,1,0,0,0,675015.7522,5331523.6573,11.351403075,48.112905792,2,#fc8d62,car
147796,9,1,75,121,2016,10,11,7,2,1,1,0,0,0,1,1,0,0,1,713957.0545,5319023.0648,11.867726699,47.988689278,2,#fc8d62,car
147798,9,7,61,0,2016,10,17,4,3,4,6,0,0,0,1,0,1,0,0,640667.1722,5358023.9735,10.899011312,48.359708082,2,#fc8d62,car
147800,9,1,81,130,2016,10,7,4,3,0,7,0,1,1,0,0,0,0,0,638846.2962,5322922178.0,10.862958715,48.04447307,1,#66c2a5,bicycle
147801,9,1,62,0,2016,10,18,3,3,0,3,1,1,0,1,0,1,0,0,693068.5621,5332345.6894,11.594075842,48.115077798,2,#fc8d62,car
147802,9,1,62,0,2016,10,10,6,2,0,1,0,0,0,0,0,1,0,0,697945883.0,5331225804.0,11.659015785,48.103515816,4,#e78ac3,marker
147804,9,7,72,147,2016,10,5,2,3,6,2,2,0,0,1,1,0,0,0,639167.0339,5366482.3294,10.881574319,48.436095631,2,#fc8d62,car
147805,9,1,62,0,2016,10,6,6,3,5,2,2,1,1,1,0,0,0,0,691057.4703,5335283.4166,11.568400113,48.14208842,1,#66c2a5,bicycle
147807,9,1,62,0,2016,10,10,4,3,4,2,0,0,1,1,0,0,0,0,688168266.0,5327891.0347,11.526339085,48.076504903,1,#66c2a5,bicycle
147808,9,1,87,117,2016,10,12,1,3,5,3,0,0,0,1,0,0,0,0,724631.4631,5305777.0786,12.003694435,47.866016568,2,#fc8d62,car
147809,9,1,78,124,2016,10,8,4,3,5,3,0,1,1,1,0,0,0,0,705453.9714,5362258.4595,11.774805571,48.380007918,1,#66c2a5,bicycle
147810,9,1,62,0,2016,10,10,6,3,0,7,0,1,0,1,0,1,0,0,692144.6334,5331586.2632,11.581332903,48.108531602,2,#fc8d62,car
147811,9,7,61,0,2016,10,22,3,3,5,2,2,0,0,1,0,0,0,0,641907499.0,5357633934.0,10.91561454,48.355923444,2,#fc8d62,car
147813,9,1,79,130,2016,10,16,3,3,8,1,0,1,0,1,0,0,0,0,658500.7062,5338690.8932,11.13235341,48.181669116,2,#fc8d62,car
147815,9,1,62,0,2016,10,9,1,3,5,3,0,0,0,1,0,0,0,0,687098.6419,5331547.3688,11.513594923,48.109684135,2,#fc8d62,car
147816,9,1,62,0,2016,10,8,6,3,2,6,0,1,0,1,0,0,0,0,692170.4723,5335313.1348,11.583359965,48.142020334,2,#fc8d62,car
147828,9,7,72,115,2016,10,16,2,3,5,3,0,0,0,1,0,0,1,0,618688.0271,5370790.3508,10.606037571,48.479030902,2,#fc8d62,car
147829,9,1,62,0,2016,10,9,6,3,8,1,0,0,0,1,0,0,0,0,701276.6295,5334687.7198,11.705340738,48.133584444,2,#fc8d62,car
147833,9,1,88,124,2016,10,14,1,2,0,7,0,0,1,0,0,0,0,0,662682897.0,5318317.3492,11.180814011,47.997443671,1,#66c2a5,bicycle
147835,9,1,63,0,2016,10,4,1,2,6,4,2,0,0,1,1,0,0,0,733828.4589,5305287.9128,12.1262234,47.858340774,2,#fc8d62,car
147837,9,7,61,0,2016,10,10,7,3,0,7,0,0,1,0,0,0,0,0,641640.5387,5352324.9334,10.910228423,48.308246686,1,#66c2a5,bicycle
147842,9,1,62,0,2016,10,15,6,1,2,6,0,0,0,1,0,0,0,0,688734.2637,5336267.3462,11.537637236,48.151625491,2,#fc8d62,car
147843,9,7,73,182,2016,10,8,5,3,5,1,0,0,0,1,0,0,0,0,623739.3643,5380595157.0,10.677269768,48.566226878,2,#fc8d62,car
147845,9,1,73,126,2016,10,15,5,3,4,2,0,0,1,0,0,0,1,1,685796.2762,5303503.3752,11.483984136,47.857986149,1,#66c2a5,bicycle
147847,9,2,74,113,2016,10,10,6,3,5,3,0,0,0,1,0,0,0,0,728273.5833,5381726.0087,12.093177305,48.547051404,2,#fc8d62,car
147848,9,1,62,0,2016,10,20,1,3,1,5,2,0,0,1,0,0,0,1,689433.1715,5329709.2154,11.544110643,48.092472548,2,#fc8d62,car
147852,9,1,79,121,2016,10,11,2,3,5,3,0,0,0,1,0,0,0,0,667151.3265,5339010.8917,11.24876785,48.182328935,2,#fc8d62,car
147853,9,7,61,0,2016,10,12,1,3,2,6,0,0,0,1,0,0,0,0,640482.5681,5360207.5831,10.897250034,48.379383482,2,#fc8d62,car
147855,9,7,72,147,2016,10,12,5,2,0,3,0,0,1,1,0,0,0,0,638790.3464,5364180.4789,10.875722208,48.415481249,1,#66c2a5,bicycle
147858,9,1,73,147,2016,10,8,6,3,2,6,0,0,0,1,0,1,0,0,681390.7105,5309349.4744,11.427595381,47.911797194,2,#fc8d62,car
147859,9,1,62,0,2016,10,17,1,3,0,7,0,0,0,0,0,0,0,1,691612.1374,5334986.6985,11.575715239,48.13925476,6,#ffd92f,circle
147860,9,7,72,121,2016,10,11,5,2,4,6,0,0,1,1,0,0,0,0,632955.0879,5377717748.0,10.801206598,48.5384666,1,#66c2a5,bicycle
147862,9,1,90,159,2016,10,14,1,2,6,4,0,0,0,1,1,0,0,0,665965.5343,5304818.6697,11.219582084,47.875240035,2,#fc8d62,car
147863,9,7,61,0,2016,10,17,6,3,2,6,0,0,0,1,0,0,0,0,640938.3027,5357198.5344,10.902393049,48.352225547,2,#fc8d62,car
147864,9,1,62,0,2016,10,13,7,3,0,4,0,0,0,0,1,0,0,1,682996639.0,5335779.3266,11.460356808,48.148915585,3,#8da0cb,toilet
147865,9,7,61,0,2016,10,11,5,3,4,7,0,0,0,1,0,0,0,0,638050.5225,5358548.5484,10.863878217,48.365002561,2,#fc8d62,car
147868,9,7,61,0,2016,10,0,5,3,1,5,2,0,0,1,0,0,0,0,639630.1718,5360050.3828,10.885692504,48.378159203,2,#fc8d62,car
147871,9,1,62,0,2016,10,15,6,3,6,7,0,0,0,0,1,0,0,1,685514194.0,5332712459.0,11.49283631,48.120619966,3,#8da0cb,toilet
147876,9,7,71,142,2016,10,17,7,3,5,2,1,0,0,1,0,1,0,0,646289.6139,5352708.1918,10.973022823,48.310634526,2,#fc8d62,car
147880,9,7,61,0,2016,10,19,2,3,5,3,2,0,1,1,0,0,0,0,641070.5192,5358470.7945,10.904603212,48.363635742,1,#66c2a5,bicycle
147881,9,1,62,0,2016,10,10,6,3,6,4,0,0,0,0,1,0,0,1,683013.3521,5335769.4569,11.460577054,48.148822061,3,#8da0cb,toilet
147883,9,2,74,113,2016,10,13,7,3,1,1,0,0,0,1,0,0,0,0,729368.6753,5382044.7465,12.108168957,48.549515261,2,#fc8d62,car
147886,9,1,62,0,2016,10,9,6,3,0,1,0,0,0,0,0,1,0,0,686692.8036,5338211.2242,11.511069254,48.169700124,4,#e78ac3,marker
147894,9,1,87,150,2016,10,20,6,3,0,1,2,0,1,0,0,0,0,0,729218.1503,5304092.5365,12.064043525,47.849261794,1,#66c2a5,bicycle
147895,9,2,74,126,2016,10,15,7,3,8,1,0,0,0,0,0,1,0,0,732242.6612,5385643.2171,12.149061523,48.580781939,4,#e78ac3,marker
147899,9,1,62,0,2016,10,20,6,3,1,6,2,0,0,1,0,0,0,0,685928.3263,5329350.4815,11.496930721,48.090280161,2,#fc8d62,car
147909,9,1,77,115,2016,10,16,2,3,0,1,0,0,1,0,0,0,0,0,733927709.0,5351936.1333,12.153067286,48.277371398,1,#66c2a5,bicycle
147914,9,1,79,145,2016,10,15,6,3,5,3,0,0,1,1,0,0,0,0,675432.7183,5338467.2254,11.359861237,48.175209094,1,#66c2a5,bicycle
147915,9,1,62,0,2016,10,10,1,3,2,6,0,0,0,1,0,0,0,0,684327.1487,5337518.0231,11.478981182,48.164159718,2,#fc8d62,car
147921,9,1,62,0,2016,10,8,6,3,3,2,0,0,1,0,0,0,1,0,695058.1613,5336140.7338,11.622516637,48.148579693,1,#66c2a5,bicycle
147924,9,1,87,159,2016,10,12,1,3,0,7,0,0,1,0,0,0,0,1,729931.0725,5329986.8297,12.087405303,48.081647327,1,#66c2a5,bicycle
147926,9,7,61,0,2016,10,20,7,3,6,4,2,0,0,1,1,0,0,0,642396.3562,5360144.5107,10.923059784,48.378387338,2,#fc8d62,car
147935,9,1,81,139,2016,10,15,6,3,0,7,0,0,1,0,0,0,0,0,656187132.0,5323984.9698,11.095863451,48.050021702,1,#66c2a5,bicycle
147939,9,1,74,122,2016,10,16,6,2,0,7,0,0,0,0,0,1,0,1,685262.5777,5351678.5991,11.497738774,48.291167206,4,#e78ac3,marker
147940,9,1,62,0,2016,10,9,6,3,3,2,0,0,1,1,0,0,0,0,693001315.0,5335332.8855,11.594526135,48.141946367,1,#66c2a5,bicycle