OBJECTID,ULAND,UREGBEZ,UKREIS,UGEMEINDE,UJAHR,UMONAT,USTUNDE,UWOCHENTAG,UKATEGORIE,UART,UTYP1,ULICHTVERH,STRZUSTAND,IstRad,IstPKW,IstFuss,IstKrad,IstGkfz,IstSonstig,LINREFX,LINREFY,XGCSWGS84,YGCSWGS84,Teilnehmer,color,symbol
147947,9,1,77,117,2016,10,23,6,3,8,1,2,0,0,1,0,0,0,0,715211.2474,5355101.3723,11.902755398,48.312448923,2,#fc8d62,car
147949,9,1,88,127,2016,10,8,2,3,1,6,0,0,0,1,0,0,0,0,676754.06,5329873326.0,11.374053546,48.097590428,2,#fc8d62,car
147950,9,1,77,117,2016,10,21,6,3,5,3,2,1,0,1,0,0,0,0,714179061.0,5354477.7967,11.888535274,48.307196286,2,#fc8d62,car
147952,9,7,71,112,2016,10,7,2,3,8,1,1,1,0,1,0,0,0,0,649315.0842,5368948.4092,11.019572188,48.455943371,2,#fc8d62,car
147953,9,1,62,0,2016,10,11,6,3,0,1,0,0,1,0,0,0,0,0,691866.1198,5333943.4781,11.578655933,48.129801919,1,#66c2a5,bicycle
147955,9,2,61,0,2016,10,13,2,3,4,2,0,0,0,1,0,0,0,1,731697.8506,5381893.2781,12.139598174,48.547298764,2,#fc8d62,car
147957,9,1,77,118,2016,10,5,6,3,8,1,2,1,0,1,0,0,0,0,705614.5204,5345234.0986,11.76867879,48.226971948,2,#fc8d62,car
147958,9,1,84,123,2016,10,16,1,3,5,3,0,0,1,1,0,0,0,0,703425185.0,5332174084.0,11.732985962,48.110311964,1,#66c2a5,bicycle
147961,9,1,81,130,2016,10,12,2,2,5,3,0,0,1,1,0,0,0,0,639158229.0,5324557.1838,10.867673497,48.059107642,1,#66c2a5,bicycle
147962,9,7,61,0,2016,10,14,1,3,5,3,0,0,1,1,0,0,0,0,639109.9689,5360054.8674,10.878672631,48.378314435,1,#66c2a5,bicycle
147964,9,1,87,170,2016,10,14,2,3,0,1,0,0,0,0,0,1,0,0,733920.0432,5319418.3079,12.135114448,47.985252927,4,#e78ac3,marker
147966,9,1,62,0,2016,10,7,5,3,2,6,1,0,0,1,0,0,0,0,678311.9904,5339058.4142,11.398805325,48.179721944,2,#fc8d62,car
147967,9,1,84,147,2016,10,20,1,3,6,7,2,0,0,1,1,0,0,0,696444.5854,5341493.6167,11.643609716,48.196261223,2,#fc8d62,car
147971,9,1,62,0,2016,10,19,7,3,0,2,2,0,1,1,0,0,0,0,688712763.0,5336271798.0,11.537350415,48.151671884,1,#66c2a5,bicycle
147973,9,1,62,0,2016,10,18,5,3,0,7,1,0,0,0,0,1,0,0,690275.9013,5335646843.0,11.55806671,48.145589105,4,#e78ac3,marker
147974,9,1,87,124,2016,10,19,7,3,1,5,2,0,0,1,0,0,0,1,734613.5345,5328551.2164,12.149393784,48.06704506,2,#fc8d62,car
147975,9,1,85,158,2016,10,17,5,2,2,6,0,0,0,1,0,1,0,0,667503693.0,5380699428.0,11.270109205,48.556998892,2,#fc8d62,car
147976,9,1,74,141,2016,10,7,5,3,2,6,0,0,0,1,0,0,0,0,682473.7383,5357792.7613,11.462820987,48.346933738,2,#fc8d62,car
147977,9,1,62,0,2016,10,11,5,3,0,7,0,0,0,1,0,0,0,0,687999.3688,5341442.2634,11.53005492,48.198356005,2,#fc8d62,car
147985,9,1,62,0,2016,10,8,5,2,3,6,0,0,0,0,0,0,0,1,689041.1286,5337529.1871,11.542319627,48.16287588,6,#ffd92f,circle
147986,9,1,87,130,2016,10,15,7,3,8,6,0,0,1,1,0,0,0,0,715725.3967,5306153.1411,11.884952599,47.872448167,1,#66c2a5,bicycle
147987,9,7,61,0,2016,10,12,2,3,6,7,0,0,1,0,1,0,0,0,640705.0258,5351653.1712,10.897394908,48.302415165,1,#66c2a5,bicycle
147992,9,1,88,121,2016,10,11,1,3,5,3,0,0,1,1,0,0,0,0,670684347.0,5330037.2067,11.292663242,48.100718482,1,#66c2a5,bicycle
147996,9,1,63,0,2016,10,2,1,3,9,1,2,0,0,0,0,0,0,1,734025907.0,5301565776.0,12.126847051,47.824829174,6,#ffd92f,circle
148000,9,1,62,0,2016,10,8,5,3,6,7,0,0,0,1,1,0,0,0,690390.0403,5329542.3753,11.556873887,48.090687862,2,#fc8d62,car
148007,9,1,77,117,2016,10,15,5,3,5,3,0,0,1,1,0,0,0,0,714460.7353,5353991105.0,11.892081786,48.302727826,1,#66c2a5,bicycle
148009,9,1,62,0,2016,10,18,5,3,2,6,1,0,1,1,0,0,0,0,690169.0558,5333909.5859,11.555856127,48.130006576,1,#66c2a5,bicycle
148011,9,1,62,0,2016,10,10,5,3,4,2,0,0,0,1,0,0,0,0,686200.7151,5335683.8453,11.503350982,48.147127534,2,#fc8d62,car
148012,9,1,85,143,2016,10,14,7,2,0,7,0,0,1,0,0,0,0,0,659827.7124,5385660.7755,11.168066641,48.603604117,1,#66c2a5,bicycle
148014,9,1,77,117,2016,10,7,2,3,6,7,0,0,1,0,1,0,0,0,715045.5406,5353559.6784,11.899737876,48.298652901,1,#66c2a5,bicycle
148017,9,1,82,120,2016,10,16,2,3,0,1,0,0,1,0,0,0,0,0,702203344.0,5306146173.0,11.704330637,47.876785086,1,#66c2a5,bicycle
148018,9,1,62,0,2016,10,10,5,2,3,2,0,0,1,0,0,0,1,0,693615.4188,5334675.4947,11.602473902,48.135851376,1,#66c2a5,bicycle
148019,9,1,62,0,2016,10,11,1,3,3,2,0,0,0,1,0,1,0,0,692620.9252,5334812116.0,11.589182429,48.137381083,2,#fc8d62,car
148024,9,1,62,0,2016,10,11,7,3,6,4,0,0,1,0,1,0,0,0,691574878.0,5333617015.0,11.574599024,48.126955425,1,#66c2a5,bicycle
148025,9,1,62,0,2016,10,16,1,3,6,4,0,0,0,1,1,0,0,0,684615.1131,5332564.7513,11.480702774,48.119553609,2,#fc8d62,car
148028,9,1,77,133,2016,10,19,5,3,6,4,2,0,0,1,1,0,0,0,706731.6546,5359314.5679,11.790593676,48.353137047,2,#fc8d62,car
148029,9,1,62,0,2016,10,17,5,3,5,2,0,0,0,1,0,0,0,0,693987.3932,5336363.1389,11.608237254,48.150906024,2,#fc8d62,car
148034,9,7,72,202,2016,10,14,7,3,5,3,0,0,1,1,0,0,0,0,636810.9693,5358874.3416,10.847257547,48.368201943,1,#66c2a5,bicycle
148036,9,1,62,0,2016,10,15,5,3,3,6,0,0,0,1,0,0,1,0,684134.1949,5337539.9599,11.476398196,48.164412812,2,#fc8d62,car
148038,9,7,61,0,2016,10,20,2,3,6,4,1,1,0,1,1,0,0,0,641615.1166,5359690.0805,10.9123622,48.374477126,2,#fc8d62,car
148041,9,1,62,0,2016,10,16,5,3,0,7,0,0,1,0,0,0,0,0,687489.2092,5337451.9115,11.521435632,48.162640857,1,#66c2a5,bicycle
148042,9,1,79,142,2016,10,13,7,3,0,7,0,0,0,0,0,0,0,1,672966.6834,5340990.0679,11.327744864,48.198564086,6,#ffd92f,circle
148043,9,7,62,0,2016,10,21,2,3,2,6,1,1,0,1,0,0,0,0,622291.34,5305662.8281,10.63602349,47.892636734,2,#fc8d62,car
148044,9,1,62,0,2016,10,20,4,3,6,4,2,0,0,1,1,0,0,0,693073.82,5332475.75,11.594205296,48.116245159,2,#fc8d62,car
148045,9,1,62,0,2016,10,11,5,3,3,5,0,0,1,1,0,0,0,0,688558581.0,5336018.1471,11.535167089,48.149437763,1,#66c2a5,bicycle
148054,9,1,62,0,2016,10,15,5,3,0,7,0,0,0,0,0,1,0,0,692687.0851,5333376.5881,11.589421638,48.124458844,4,#e78ac3,marker
148055,9,1,88,121,2016,10,10,7,3,5,3,0,0,0,1,0,0,1,0,670510774.0,5331264621.0,11.290824253,48.111799193,2,#fc8d62,car
148057,9,1,88,121,2016,10,8,2,3,2,6,0,0,0,1,0,0,0,0,670684.4865,5330674762.0,11.292920139,48.106449947,2,#fc8d62,car
148058,9,7,71,130,2016,10,23,1,3,0,1,2,0,1,1,0,0,0,0,646733.0121,5357409.7912,10.980636371,48.352805244,1,#66c2a5,bicycle
148059,9,7,72,167,2016,10,10,6,2,8,1,0,0,0,1,0,0,0,0,624848.5426,5357241.0128,10.685329154,48.35599363,2,#fc8d62,car
148062,9,7,72,125,2016,10,12,6,3,0,7,0,0,1,1,0,0,0,0,636504.5747,5348865.7013,10.839882094,48.278270326,1,#66c2a5,bicycle
148063,9,2,61,0,2016,10,8,5,3,1,3,0,0,1,1,0,0,0,0,732354.5917,5381871685.0,12.148471255,48.546861926,1,#66c2a5,bicycle
148065,9,1,62,0,2016,10,13,5,3,5,2,0,0,1,1,0,0,0,0,690145.9709,5334935.1188,11.556003925,48.139230976,1,#66c2a5,bicycle
148067,9,1,62,0,2016,10,16,1,2,6,4,0,0,0,1,1,0,0,0,683126358.0,5335979463.0,11.462185291,48.150677206,2,#fc8d62,car
148069,9,2,61,0,2016,10,7,5,3,1,3,0,0,1,1,0,0,0,0,731540.4508,5382891.0997,12.13802343,48.556320118,1,#66c2a5,bicycle
148070,9,1,88,139,2016,10,9,2,3,5,3,0,0,0,1,0,0,0,0,675436.1666,5319424.3702,11.352084332,48.004023711,2,#fc8d62,car
148071,9,1,62,0,2016,10,13,4,3,3,5,0,0,1,1,0,0,0,0,686226.6709,5337595.6367,11.504536288,48.164303766,1,#66c2a5,bicycle
148074,9,1,62,0,2016,10,14,1,3,0,1,0,0,1,0,0,0,0,0,687820.7558,5329713.3903,11.52247939,48.092987277,1,#66c2a5,bicycle
148078,9,1,77,117,2016,10,13,1,3,6,4,0,0,1,0,1,0,0,0,715429172.0,5354355861.0,11.905310256,48.305676231,1,#66c2a5,bicycle
148079,9,1,79,121,2016,10,20,7,3,5,3,2,0,0,1,0,0,0,0,665993.4122,5337872.9917,11.232757743,48.17240273,2,#fc8d62,car
148080,9,1,62,0,2016,10,21,4,3,3,2,2,0,0,1,0,1,0,0,690328.9272,5338844.6055,11.560209489,48.174314567,2,#fc8d62,car
148083,9,7,61,0,2016,10,8,3,3,5,3,0,1,1,0,0,0,0,0,640396.6022,5358892.9101,10.895650697,48.367581513,1,#66c2a5,bicycle
148084,9,1,62,0,2016,10,14,5,3,2,7,0,0,0,1,0,0,0,1,686218.5747,5334467.3783,11.503058901,48.136188254,2,#fc8d62,car
148086,9,1,74,126,2016,10,1,5,3,8,1,2,1,0,1,0,0,0,0,683105.0911,5343420.2526,11.465106485,48.217565399,2,#fc8d62,car
148087,9,1,78,124,2016,10,6,5,3,5,3,2,1,1,1,0,0,0,0,703170127.0,5365171.4264,11.745406552,48.406923991,1,#66c2a5,bicycle
148090,9,1,79,142,2016,10,9,3,3,2,6,0,1,0,1,0,0,0,0,672992.8853,5343011883.0,11.328921508,48.216731897,2,#fc8d62,car
148091,9,1,62,0,2016,10,2,3,2,4,6,2,1,1,0,0,0,0,0,687706.3459,5329922.3558,11.521036249,48.094899231,1,#66c2a5,bicycle
148097,9,7,61,0,2016,10,18,5,3,0,7,2,0,1,0,0,0,0,0,641633.6915,5353297.2237,10.910462581,48.316990752,1,#66c2a5,bicycle
148098,9,1,62,0,2016,10,11,4,3,0,7,0,0,0,0,0,0,0,1,697222.0746,5331819.9692,11.649578272,48.109080277,6,#ffd92f,circle
148099,9,1,62,0,2016,10,14,4,3,4,6,0,1,1,1,0,0,0,0,686997.9728,5339945.9518,11.515933009,48.185202545,1,#66c2a5,bicycle
148102,9,1,79,145,2016,10,19,3,3,5,3,2,1,0,1,0,0,0,0,674017.0252,5336839.9159,11.340168398,48.160969787,2,#fc8d62,car
148103,9,1,84,112,2016,10,18,3,3,5,3,1,1,0,1,0,1,0,0,700182.7198,5336850.8988,11.691671405,48.15336999,2,#fc8d62,car
148106,9,1,78,145,2016,10,20,4,3,6,1,2,0,0,1,1,0,0,0,697500.8035,5354502.2266,11.663877952,48.312842971,2,#fc8d62,car
148108,9,1,62,0,2016,10,14,4,2,5,3,0,1,1,1,0,0,0,0,689368951.0,5341387.7565,11.548443293,48.197459146,1,#66c2a5,bicycle
148112,9,1,87,117,2016,10,17,6,2,4,3,1,1,0,1,0,1,0,0,725539.0597,5304819.8025,12.015313884,47.857097548,2,#fc8d62,car
148115,9,1,62,0,2016,10,8,3,3,5,3,0,1,0,1,0,0,0,0,696685.0954,5336046.8307,11.644322979,48.147234799,2,#fc8d62,car
148120,9,1,62,0,2016,10,16,3,3,3,2,0,1,1,1,0,0,0,0,688377.4024,5336579.2562,11.532981969,48.154534776,1,#66c2a5,bicycle
148121,9,1,62,0,2016,10,12,4,2,5,3,0,1,1,1,0,0,0,0,687978.33,5327375706.0,11.523564933,48.071928974,1,#66c2a5,bicycle
148125,9,1,62,0,2016,10,16,5,3,5,3,0,0,1,1,0,0,0,1,688909718.0,5333651949.0,11.538833812,48.128065899,1,#66c2a5,bicycle
148126,9,1,62,0,2016,10,8,5,3,5,3,0,0,1,1,0,0,0,0,695506.1632,5330704.1485,11.626039871,48.09958073,1,#66c2a5,bicycle
148127,9,1,62,0,2016,10,7,4,3,5,3,0,1,0,1,0,1,0,0,687357.1041,5331949.7434,11.517240526,48.113224835,2,#fc8d62,car
148129,9,1,62,0,2016,10,10,4,3,0,7,0,1,1,0,0,0,0,0,690435.1535,5335380.9129,11.560086539,48.143151282,1,#66c2a5,bicycle
148131,9,1,62,0,2016,10,18,6,3,5,3,2,1,0,1,0,1,0,0,692510.5219,5331899.9347,11.586384733,48.11124036,2,#fc8d62,car
148133,9,1,62,0,2016,10,15,3,3,6,4,0,1,0,1,1,0,0,0,687404.3007,5334886.8061,11.519165464,48.13961011,2,#fc8d62,car
148139,9,7,72,147,2016,10,10,5,3,0,7,0,1,1,0,0,0,0,0,638234893.0,5365471.5934,10.868645153,48.427212707,1,#66c2a5,bicycle
148140,9,1,62,0,2016,10,7,4,3,2,2,0,0,0,1,0,1,0,0,693955.2033,5333016.3039,11.606281072,48.120835662,2,#fc8d62,car
148141,9,1,62,0,2016,10,9,4,3,5,2,0,0,1,1,0,0,0,0,692334.0592,5341908.2858,11.5885403,48.201246377,1,#66c2a5,bicycle
148144,9,1,74,135,2016,10,15,3,3,5,2,0,1,0,1,0,0,0,0,663551.3208,5352504.7843,11.205584563,48.304577967,2,#fc8d62,car
148145,9,1,62,0,2016,10,10,3,3,5,3,0,1,0,1,0,0,0,0,692583.7177,5333855.3949,11.588250362,48.12879354,2,#fc8d62,car
148148,9,1,62,0,2016,10,5,2,3,5,3,2,1,0,1,0,0,0,0,679503.0312,5334395.4863,11.412846129,48.137471789,2,#fc8d62,car
148149,9,1,62,0,2016,10,6,3,3,6,2,2,1,0,1,1,0,0,0,692176118.0,5334416.9453,11.583031432,48.133963843,2,#fc8d62,car
148155,9,1,62,0,2016,10,16,4,3,5,3,0,1,0,1,1,0,0,1,690698.7433,5337054.0599,11.564376008,48.158110461,2,#fc8d62,car
148156,9,1,62,0,2016,10,7,4,3,6,4,0,1,1,0,1,0,1,0,693323.8869,5331211.6845,11.596988827,48.10480818,1,#66c2a5,bicycle
148158,9,7,72,170,2016,10,17,6,3,1,3,0,1,1,1,0,0,0,0,630775025.0,5335301.1855,10.758511223,48.157499568,1,#66c2a5,bicycle
148159,9,1,62,0,2016,10,20,2,3,5,2,2,0,1,1,0,0,0,0,692824.4183,5335368.5997,11.592166802,48.142320991,1,#66c2a5,bicycle
148160,9,1,62,0,2016,10,16,3,3,0,1,0,1,1,0,0,0,0,0,691863.4569,5335000.4238,11.579096196,48.139302392,1,#66c2a5,bicycle
148165,9,1,77,130,2016,10,17,4,3,8,1,1,1,0,1,0,0,0,0,704150.7834,5351329.0542,11.751932515,48.282216431,2,#fc8d62,car
148167,9,1,62,0,2016,10,12,4,2,6,4,0,1,0,1,1,0,0,0,687999.6821,5332422.2992,11.526073533,48.117282932,2,#fc8d62,car
148169,9,1,79,145,2016,10,10,4,3,5,3,0,1,0,1,0,0,0,0,675870.4124,5338854.1851,11.365903871,48.178566584,2,#fc8d62,car
148174,9,1,63,0,2016,10,17,6,3,4,2,0,1,1,1,0,0,0,0,734090.8794,5305347.4669,12.129758714,47.858780276,1,#66c2a5,bicycle
148176,9,1,62,0,2016,10,15,3,3,1,5,0,1,1,1,0,0,0,0,686758936.0,5339420.8329,11.512489324,48.180552966,1,#66c2a5,bicycle
148180,9,1,79,134,2016,10,22,6,2,5,3,2,0,1,1,0,0,0,0,670657.7589,5342425.5407,11.297275295,48.212093214,1,#66c2a5,bicycle
148181,9,1,62,0,2016,10,8,5,3,6,4,0,0,1,0,1,0,0,0,691825.0523,5334644.9272,11.57842039,48.136118821,1,#66c2a5,bicycle
148183,9,1,62,0,2016,10,12,2,3,0,3,0,0,0,1,0,0,0,1,683888.6385,5337552.7093,11.473104444,48.164598485,2,#fc8d62,car
148188,9,7,61,0,2016,10,6,5,3,1,6,2,1,0,1,0,0,0,0,639242.3972,5360897563.0,10.880739287,48.385862519,2,#fc8d62,car
148193,9,1,62,0,2016,10,18,5,3,6,2,0,0,0,1,1,0,0,0,694210.7686,5334305.4097,11.610298964,48.132343785,2,#fc8d62,car
148198,9,1,62,0,2016,10,9,6,3,3,2,0,1,1,1,0,0,0,0,689643.3197,5335663.1753,11.549578315,48.145924787,1,#66c2a5,bicycle
148199,9,1,62,0,2016,10,11,2,3,5,2,0,0,0,1,0,0,0,1,696381.9344,5335075.6308,11.639803741,48.138599895,2,#fc8d62,car
148203,9,2,61,0,2016,10,18,5,3,6,4,1,0,1,0,1,0,0,0,731730.6734,5380157108.0,12.139076854,48.53169094,1,#66c2a5,bicycle
148209,9,7,72,177,2016,10,5,6,3,8,6,2,1,0,0,0,1,0,1,636980793.0,5381678666.0,10.857018816,48.573215555,4,#e78ac3,marker
148213,9,7,62,0,2016,10,10,6,3,6,7,0,0,0,1,1,0,0,0,622586995.0,5306481.6803,10.640209747,47.8999448,2,#fc8d62,car
148214,9,1,62,0,2016,10,9,2,3,2,6,0,0,0,1,0,0,0,0,688286941.0,5330491378.0,11.529077198,48.099842481,2,#fc8d62,car
148215,9,7,77,121,2016,10,16,3,2,0,1,0,1,1,0,0,0,0,0,628172.6984,5321648.9153,10.719435036,48.035255054,1,#66c2a5,bicycle
148218,9,1,75,127,2016,10,10,4,3,0,1,0,1,0,0,0,1,0,0,713001.8202,5341331.9936,11.8660659,48.189472104,4,#e78ac3,marker
148223,9,1,87,117,2016,10,7,6,3,3,6,1,0,1,1,0,0,0,0,725605.3292,5304649.0866,12.016109557,47.855540417,1,#66c2a5,bicycle
148227,9,1,62,0,2016,10,14,3,3,9,1,0,1,0,1,0,0,0,0,693150.7099,5335403.5106,11.596564354,48.142535791,2,#fc8d62,car
148228,9,7,61,0,2016,10,17,4,3,0,1,0,1,1,0,0,0,0,0,639017.1089,5361263.8274,10.87781923,48.389205565,1,#66c2a5,bicycle
148232,9,1,62,0,2016,10,11,5,3,3,2,0,0,1,0,0,0,1,0,690305.4985,5335770685.0,11.55851956,48.146693341,1,#66c2a5,bicycle
148233,9,1,62,0,2016,10,7,5,3,5,3,1,0,1,1,0,0,0,0,686528.2654,5334851.7723,11.507385819,48.139552622,1,#66c2a5,bicycle
148236,9,1,62,0,2016,10,19,6,3,1,5,2,0,1,1,0,0,0,0,692063.7947,5332442.9675,11.580633801,48.116255932,1,#66c2a5,bicycle
148237,9,1,62,0,2016,10,10,2,2,6,4,0,0,0,0,1,0,0,1,691242038.0,5332593301.0,11.569671364,48.117854428,3,#8da0cb,toilet
148239,9,1,62,0,2016,10,8,3,3,5,2,0,1,0,1,0,0,0,1,686191.6148,5335684.1951,11.503228908,48.147133341,2,#fc8d62,car
148246,9,7,61,0,2016,10,14,4,3,2,6,0,0,0,1,0,0,0,0,641897867.0,5358192234.0,10.915672864,48.360945613,2,#fc8d62,car
148247,9,7,61,0,2016,10,12,4,3,2,6,0,0,0,1,0,0,0,0,640966.8269,5358817.8263,10.90332036,48.366779292,2,#fc8d62,car
148250,9,1,88,127,2016,10,16,2,3,0,3,0,0,0,1,0,1,0,0,680179.0306,5330375.3269,11.420225452,48.101143695,2,#fc8d62,car
148259,9,7,71,140,2016,10,9,5,2,2,6,0,0,1,0,0,0,0,1,653103.0476,5373566.2279,11.072463143,48.496549879,1,#66c2a5,bicycle
148260,9,7,61,0,2016,10,13,4,3,2,6,0,1,0,1,0,0,0,0,640220.2285,5358675.0001,10.893197984,48.36566134,2,#fc8d62,car
148263,9,7,72,131,2016,10,5,6,3,0,7,2,0,0,1,0,0,0,0,621193649.0,5353064.1678,10.634811299,48.319143427,2,#fc8d62,car
148264,9,1,62,0,2016,10,11,2,3,6,4,0,0,0,0,1,0,0,1,683126.3432,5335969.1109,11.462180638,48.150584159,3,#8da0cb,toilet
148269,9,1,78,124,2016,10,16,4,2,5,3,0,0,0,1,0,0,0,0,704688.1995,5363952.9338,11.765301255,48.39548348,2,#fc8d62,car
148274,9,1,81,130,2016,10,15,4,3,1,6,0,1,0,1,0,0,0,0,639230.0259,5324289.5206,10.868549443,48.056685069,2,#fc8d62,car
148277,9,1,84,139,2016,10,15,2,3,5,3,0,0,1,1,0,0,0,0,687557.7344,5325906.0074,11.517279563,48.058842573,1,#66c2a5,bicycle
148282,9,1,62,0,2016,10,12,3,3,5,3,0,1,0,1,0,0,0,0,681216.5682,5338596.5934,11.437646871,48.174749012,2,#fc8d62,car
148286,9,1,62,0,2016,10,7,5,3,3,2,0,1,0,1,0,0,0,1,691481.5555,5337247.1529,11.574978588,48.159610714,2,#fc8d62,car
148287,9,1,62,0,2016,10,13,5,2,0,7,0,0,0,1,0,1,0,0,693174.6527,5332911.7624,11.595756209,48.120133355,2,#fc8d62,car
148291,9,2,61,0,2016,10,16,3,3,1,3,0,0,1,1,0,0,0,0,731771.2333,5379921.5286,12.139494477,48.529559796,1,#66c2a5,bicycle
148294,9,1,82,127,2016,10,16,5,3,5,3,0,0,0,1,0,0,0,0,699835.7798,5310391.6192,11.674667745,47.915682323,2,#fc8d62,car
148295,9,2,61,0,2016,10,12,3,3,2,6,0,0,0,1,0,0,0,0,732868366.0,5381660.2922,12.155303896,48.544772575,2,#fc8d62,car
148296,9,7,71,130,2016,10,15,5,3,2,6,0,0,0,1,0,0,0,0,646820.7484,5355987.3496,10.981323931,48.339995317,2,#fc8d62,car
148301,9,1,62,0,2016,10,17,2,3,5,2,0,0,1,1,0,0,0,0,692550.9247,5337985.9733,11.58967835,48.165928113,1,#66c2a5,bicycle
148302,9,7,72,170,2016,10,9,3,3,9,7,0,1,0,1,0,0,0,0,627707.9763,5331239.1506,10.716070304,48.121593443,2,#fc8d62,car
148305,9,1,63,0,2016,10,18,4,3,0,4,2,0,1,0,1,0,0,0,733546.3335,5304730.6117,12.122156371,47.853436545,1,#66c2a5,bicycle
148306,9,1,62,0,2016,10,16,6,3,0,1,0,1,0,0,0,1,0,0,693663.5419,5335847.4406,11.603653001,48.146369793,4,#e78ac3,marker
148308,9,7,72,147,2016,10,12,3,3,5,3,0,1,0,1,0,0,0,0,637985689.0,5365756589.0,10.865372115,48.429829956,2,#fc8d62,car
148318,9,7,72,147,2016,10,16,6,3,4,2,0,0,0,1,0,0,0,0,637883.8096,5365060.1952,10.863766556,48.42359047,2,#fc8d62,car
148320,9,7,72,147,2016,10,18,3,3,5,3,1,1,1,1,0,0,0,0,639032.1069,5365034.7551,10.879270929,48.423109334,1,#66c2a5,bicycle
148325,9,1,79,145,2016,10,15,5,3,5,3,0,0,1,1,0,0,0,0,675195181.0,5339065796.0,11.356915526,48.180655347,1,#66c2a5,bicycle
148327,9,1,79,114,2016,10,19,4,2,1,7,2,0,0,1,0,0,0,0,653338.9402,5344141.0199,11.064927988,48.23193813,2,#fc8d62,car
148330,9,7,61,0,2016,10,15,3,2,6,4,0,1,0,0,1,1,0,0,641992.7665,5360801533.0,10.917834482,48.384385938,3,#8da0cb,toilet
148332,9,1,87,150,2016,10,13,6,3,2,6,0,0,0,1,0,0,0,0,729319.9484,5303533.4207,12.065106028,47.844202092,2,#fc8d62,car
148334,9,1,62,0,2016,10,19,3,3,5,6,2,1,0,1,0,0,0,0,690433.6849,5342625.9978,11.563312745,48.208269879,2,#fc8d62,car
148336,9,1,62,0,2016,10,18,3,3,5,2,2,1,1,1,0,0,0,0,686393.0043,5329315.6097,11.503149743,48.089831002,1,#66c2a5,bicycle
148340,9,1,86,143,2016,10,18,3,3,4,6,1,1,0,1,0,0,0,0,685513.0957,5379397.5636,11.513370532,48.54022939,2,#fc8d62,car
148341,9,1,88,121,2016,10,13,6,3,0,7,0,1,1,0,0,0,0,0,671218.8417,5331127.2599,11.30027412,48.110374391,1,#66c2a5,bicycle
148342,9,1,62,0,2016,10,17,5,2,8,7,0,0,0,1,1,0,0,0,694204.6312,5334331.9197,11.610228646,48.13258392,2,#fc8d62,car
148343,9,1,62,0,2016,10,8,6,3,3,2,0,1,1,1,0,0,0,0,688710781.0,5336139738.0,11.537265242,48.150485501,1,#66c2a5,bicycle
148346,9,1,62,0,2016,10,9,4,3,0,2,0,0,0,0,1,0,1,0,692911.9265,5337847.8648,11.594465773,48.164577394,3,#8da0cb,toilet
148348,9,1,84,120,2016,10,10,3,2,5,3,0,1,0,1,0,1,0,0,682382.4325,5332365.7815,11.450645409,48.118408547,2,#fc8d62,car
148350,9,1,73,126,2016,10,14,3,3,0,7,0,1,0,0,0,1,0,1,685622.2575,5303637.6053,11.481717485,47.85924303,4,#e78ac3,marker
148354,9,1,62,0,2016,10,22,2,3,3,2,2,0,0,1,0,0,0,1,690140649.0,5335248167.0,11.556072228,48.142046245,2,#fc8d62,car
148356,9,1,84,149,2016,10,7,3,3,6,4,1,1,0,1,1,0,0,0,691114.9237,5349615.1054,11.575626299,48.270881294,2,#fc8d62,car
148359,9,1,62,0,2016,10,17,2,3,6,4,0,0,0,1,1,0,0,0,689046.3565,5332479.2826,11.540148233,48.117485245,2,#fc8d62,car
148360,9,1,73,134,2016,10,7,3,3,8,1,2,1,0,1,0,0,0,0,686464.7842,5302321.4695,11.492403501,47.847168483,2,#fc8d62,car
148363,9,2,61,0,2016,10,13,7,3,5,3,0,0,1,1,0,0,0,0,732948359.0,5382525.6382,12.156870005,48.552515989,1,#66c2a5,bicycle
148365,9,1,62,0,2016,10,8,2,3,5,2,0,0,1,1,0,0,0,0,687701.3213,5334318.7384,11.522903799,48.134416634,1,#66c2a5,bicycle
148368,9,2,74,126,2016,10,17,1,3,6,4,1,1,0,1,1,0,0,0,733723.1753,5383047434.0,12.167646349,48.55691484,2,#fc8d62,car
148370,9,1,62,0,2016,10,20,2,3,4,2,2,0,0,1,0,1,0,0,689062.0569,5333350.4562,11.540745325,48.125310815,2,#fc8d62,car
148372,9,1,63,0,2016,10,16,3,3,2,6,0,1,0,1,0,0,0,0,733188.8683,5304569.9065,12.117298312,47.852122536,2,#fc8d62,car
148376,9,1,73,147,2016,10,13,2,3,2,6,0,0,0,1,0,0,0,0,681679.95,5308921.1049,11.431282268,47.907864619,2,#fc8d62,car
148378,9,1,62,0,2016,10,14,2,3,5,2,0,0,0,1,0,0,0,1,691318.1552,5338695.6143,11.573435145,48.172678441,2,#fc8d62,car
148380,9,1,62,0,2016,10,9,3,3,5,2,0,1,1,1,0,0,0,0,690160.3942,5336081.7371,11.556709701,48.149532464,1,#66c2a5,bicycle
148382,9,1,90,157,2016,10,15,1,2,4,6,0,0,1,0,0,0,0,0,658079.7646,5303174.7825,11.113594522,47.862449165,1,#66c2a5,bicycle