OBJECTID,ULAND,UREGBEZ,UKREIS,UGEMEINDE,UJAHR,UMONAT,USTUNDE,UWOCHENTAG,UKATEGORIE,UART,UTYP1,ULICHTVERH,STRZUSTAND,IstRad,IstPKW,IstFuss,IstKrad,IstGkfz,IstSonstig,LINREFX,LINREFY,XGCSWGS84,YGCSWGS84,Teilnehmer,color,symbol
148384,9,1,62,0,2016,10,13,2,3,5,2,0,0,1,1,0,0,0,0,691222349.0,5334771506.0,11.570384434,48.137437886,1,#66c2a5,bicycle
148388,9,1,62,0,2016,10,19,3,2,6,4,2,1,0,0,1,1,0,0,684424.2051,5332574.2145,11.478144095,48.119693992,3,#8da0cb,toilet
148389,9,1,63,0,2016,10,6,3,3,5,3,2,0,1,1,0,0,0,0,731653.5626,5305240.2225,12.097164213,47.85869995,1,#66c2a5,bicycle
148390,9,1,79,121,2016,10,16,1,3,5,3,0,0,0,1,0,0,0,1,667061.5539,5338513.7902,11.247365623,48.177883618,2,#fc8d62,car
148391,9,1,63,0,2016,10,18,3,3,2,6,1,1,0,1,0,0,0,0,732780.5129,5304710.0107,12.111923078,47.853529257,2,#fc8d62,car
148392,9,1,90,129,2016,10,7,2,3,5,3,1,1,1,1,0,0,0,0,642282.1679,5301336.4926,10.901896072,47.849611758,1,#66c2a5,bicycle
148393,9,1,90,157,2016,10,11,7,3,5,3,0,0,1,1,0,0,0,0,661177.42,5301421444.0,11.154328141,47.845915134,1,#66c2a5,bicycle
148395,9,1,74,113,2016,10,13,1,2,5,6,0,0,0,0,0,1,0,0,673927.6312,5345619.1211,11.342564624,48.239913638,4,#e78ac3,marker
148402,9,1,62,0,2016,10,15,7,3,5,7,0,0,0,1,0,1,0,0,690644943.0,5335215.8153,11.562829974,48.141604565,2,#fc8d62,car
148403,9,1,87,137,2016,10,7,3,3,0,1,1,1,1,0,0,0,0,0,731184573.0,5308265.4105,12.092521581,47.88604795,1,#66c2a5,bicycle
148405,9,1,63,0,2016,10,18,2,3,5,3,1,0,0,1,0,0,0,0,733841.7217,5305457.1464,12.126491946,47.859856343,2,#fc8d62,car
148410,9,1,84,120,2016,10,12,3,3,5,7,0,1,1,0,0,0,0,1,680844.4774,5333559.7379,11.430506062,48.129579537,1,#66c2a5,bicycle
148415,9,1,84,129,2016,10,7,3,3,5,3,1,1,1,1,0,0,0,0,698843.2944,5326058.4087,11.668652512,48.056795534,1,#66c2a5,bicycle
148417,9,1,62,0,2016,10,13,7,2,5,3,0,0,1,1,0,0,0,0,694382.0444,5330862.7378,11.611029229,48.101349988,1,#66c2a5,bicycle
148418,9,1,62,0,2016,10,17,3,3,6,4,1,1,0,0,1,1,0,0,682243.0659,5335984.4394,11.450322605,48.150975636,3,#8da0cb,toilet
148419,9,1,77,117,2016,10,16,3,3,5,3,0,1,0,1,0,1,0,0,713678.5173,5354451.6641,11.881780323,48.307130735,2,#fc8d62,car
148420,9,1,63,0,2016,10,11,2,2,5,2,0,0,1,0,0,0,1,0,732457.0629,5304593.8258,12.107543196,47.852602487,1,#66c2a5,bicycle
148424,9,1,73,126,2016,10,12,4,3,2,7,0,0,0,0,0,1,1,0,686903.2624,5302664.5094,11.498406899,47.850124682,4,#e78ac3,marker
148425,9,1,62,0,2016,10,14,3,3,2,3,0,1,0,1,0,0,0,0,692950356.0,5332321415.0,11.592478325,48.114895449,2,#fc8d62,car
148428,9,1,62,0,2016,10,14,7,2,0,7,0,0,1,0,0,0,0,0,686364.5419,5329356.2691,11.502785632,48.09020479,1,#66c2a5,bicycle
148430,9,7,77,121,2016,10,17,2,3,3,6,0,0,1,1,0,0,0,0,627708.9124,5321966.6434,10.713310998,48.038205344,1,#66c2a5,bicycle
148432,9,1,77,115,2016,10,12,3,3,5,3,0,0,1,1,0,0,0,0,734045521.0,5351347234.0,12.154326787,48.272037729,1,#66c2a5,bicycle
148434,9,1,62,0,2016,10,15,7,3,4,6,0,0,0,1,0,0,0,0,682028.0915,5340331545.0,11.449296077,48.190112001,2,#fc8d62,car
148436,9,1,63,0,2016,10,19,2,2,1,7,2,0,0,1,0,0,0,0,732540.3743,5307004.2045,12.1099515,47.874227531,2,#fc8d62,car
148439,9,1,63,0,2016,10,13,4,3,1,6,0,0,0,1,0,0,0,0,732792.5831,5306866.4782,12.113245158,47.872898828,2,#fc8d62,car
148441,9,1,62,0,2016,10,13,7,3,6,4,0,0,1,0,1,0,0,0,689970473.0,5339283729.0,11.555588988,48.178368634,1,#66c2a5,bicycle
148445,9,1,87,130,2016,10,8,2,3,9,1,0,0,0,1,0,0,0,0,715475.7054,5306178.8378,11.881630594,47.872762889,2,#fc8d62,car
148446,9,1,88,121,2016,10,12,4,3,0,7,0,0,0,0,1,0,0,1,670084.6522,5330790.2372,11.284914852,48.107648494,3,#8da0cb,toilet
148447,9,2,74,146,2016,10,6,4,2,0,1,2,1,1,0,0,0,0,0,737191.7844,5379109.5471,12.212338818,48.520241927,1,#66c2a5,bicycle
148448,9,1,62,0,2016,10,18,7,3,5,3,2,0,0,1,0,0,0,1,690714.12,5340289706.0,11.566034086,48.187187472,2,#fc8d62,car
148452,9,1,62,0,2016,10,16,3,3,6,4,0,1,0,1,1,0,0,0,698214.2485,5329174.7215,11.661664512,48.084998655,2,#fc8d62,car
148453,9,7,62,0,2016,10,7,4,3,3,7,1,0,1,1,0,0,0,0,621819.1227,5304208644.0,10.629298457,47.879648023,1,#66c2a5,bicycle
148454,9,1,62,0,2016,10,14,7,3,0,7,0,0,0,0,0,0,0,1,695463.6004,5335686.4202,11.62775316,48.144372106,6,#ffd92f,circle
148455,9,1,62,0,2016,10,15,2,3,2,1,0,0,0,1,0,0,0,0,690218.2197,5333756.2251,11.556447746,48.128613476,2,#fc8d62,car
148456,9,1,62,0,2016,10,13,2,3,5,2,0,0,0,1,0,0,0,0,684488777.0,5333045419.0,11.47921484,48.123910738,2,#fc8d62,car
148457,9,1,62,0,2016,10,20,4,3,5,3,2,0,1,1,0,0,0,0,693618407.0,5334656009.0,11.602505169,48.135675336,1,#66c2a5,bicycle
148458,9,1,62,0,2016,10,21,7,3,1,6,2,0,0,1,0,0,0,0,694690605.0,5336640.1857,11.617808727,48.153181142,2,#fc8d62,car
148459,9,1,62,0,2016,10,2,3,3,2,6,2,0,0,1,0,0,0,1,688127.6833,5343290.2017,11.532599269,48.214927394,2,#fc8d62,car
148460,9,1,62,0,2016,10,8,2,3,1,5,0,1,1,1,0,0,0,0,691541.7258,5335204.9127,11.574867877,48.14123724,1,#66c2a5,bicycle
148461,9,1,62,0,2016,10,10,2,3,2,6,0,0,1,1,0,0,0,0,688591538.0,5331937037.0,11.53380341,48.112746294,1,#66c2a5,bicycle
148462,9,1,87,150,2016,10,13,2,3,5,3,0,0,1,1,0,0,0,0,728083.0507,5302863.9064,12.048245084,47.83862667,1,#66c2a5,bicycle
148463,9,1,63,0,2016,10,7,7,3,7,7,1,0,0,1,0,0,0,0,732801.8934,5303298.9599,12.111449437,47.840844432,2,#fc8d62,car
148469,9,1,62,0,2016,10,12,3,3,0,7,0,1,0,1,0,0,0,0,695481.7978,5334995.4515,11.627680362,48.13815644,2,#fc8d62,car
148471,9,1,62,0,2016,10,14,7,3,1,2,0,0,0,1,0,0,0,0,691442.3138,5335446.5298,11.573641518,48.143438783,2,#fc8d62,car
148472,9,1,62,0,2016,10,7,2,3,0,1,0,1,1,0,0,0,0,0,695280.2346,5338694.8013,11.626671483,48.171466175,1,#66c2a5,bicycle
148473,9,1,79,142,2016,10,7,2,3,5,3,1,0,0,1,0,0,0,0,672911659.0,5343115.0255,11.327870989,48.217681226,2,#fc8d62,car
148476,9,1,79,121,2016,10,18,2,2,0,7,1,0,1,0,0,0,0,0,668065.0445,5339944.6736,11.261420083,48.190482468,1,#66c2a5,bicycle
148482,9,1,62,0,2016,10,15,7,3,0,1,0,0,1,0,0,0,0,0,692183.8084,5335147.8958,11.583464484,48.14053117,1,#66c2a5,bicycle
148485,9,1,62,0,2016,10,16,2,3,0,7,0,0,0,0,0,0,0,1,690448681.0,5335315.11,11.560238776,48.142555799,6,#ffd92f,circle
148486,9,1,74,115,2016,10,8,2,3,5,3,0,0,1,1,0,0,0,0,682548.8998,5348571.7324,11.459846083,48.264029797,1,#66c2a5,bicycle
148488,9,1,87,137,2016,10,13,4,2,6,7,0,0,0,1,1,0,0,0,730636.5632,5308798.1057,12.085486463,47.891030935,2,#fc8d62,car
148496,9,1,62,0,2016,10,10,2,3,2,6,0,0,0,1,0,1,0,0,687071.2597,5336288.6459,11.515309036,48.152308238,2,#fc8d62,car
148497,9,1,78,124,2016,10,16,2,2,5,3,0,0,1,1,0,0,0,0,701087.9658,5364103.0648,11.716792004,48.397990836,1,#66c2a5,bicycle
148498,9,7,78,116,2016,10,10,7,2,6,2,0,0,0,1,1,0,0,0,619200.8031,5320009.3156,10.59867134,48.022247078,2,#fc8d62,car
148499,9,1,62,0,2016,10,6,3,3,3,6,2,1,0,1,0,1,0,0,690361.7506,5332563.8451,11.557842263,48.117853439,2,#fc8d62,car
148501,9,1,62,0,2016,10,16,1,3,5,3,0,0,0,1,0,0,0,0,700975.6372,5335335.8129,11.701605563,48.139503946,2,#fc8d62,car
148504,9,7,72,147,2016,10,7,3,2,6,4,1,1,0,1,1,0,0,0,639032.1069,5365034.7551,10.879270929,48.423109334,2,#fc8d62,car
148507,9,7,61,0,2016,10,6,3,3,5,3,2,1,1,1,0,0,0,0,638206192.0,5352957684.0,10.864144355,48.314696112,1,#66c2a5,bicycle
148508,9,1,62,0,2016,10,15,1,2,4,6,0,0,1,0,0,0,0,0,693208.0525,5336175.3843,11.597684681,48.14945575,1,#66c2a5,bicycle
148512,9,1,62,0,2016,10,8,2,3,5,3,0,0,0,1,0,0,0,0,694383.7854,5329718179.0,11.610531439,48.091062524,2,#fc8d62,car
148513,9,1,84,149,2016,10,18,2,3,5,3,1,0,1,0,0,0,0,0,690818318.0,5350636757.0,11.572094323,48.280152996,1,#66c2a5,bicycle
148514,9,1,62,0,2016,10,1,1,3,1,6,2,0,0,1,0,0,0,0,689049.0432,5332410.8482,11.540153956,48.116869349,2,#fc8d62,car
148515,9,1,74,113,2016,10,4,7,3,8,7,2,1,0,1,0,0,0,0,677507888.0,5348780652.0,11.392068499,48.267340276,2,#fc8d62,car
148519,9,1,62,0,2016,10,9,3,3,6,4,0,1,1,0,1,0,0,0,690343.3416,5334878.4991,11.558628999,48.13866307,1,#66c2a5,bicycle
148523,9,1,62,0,2016,10,15,3,3,0,7,0,1,1,0,0,0,0,0,691218.9703,5334045.4959,11.570013198,48.130913585,1,#66c2a5,bicycle
148525,9,7,73,182,2016,10,11,7,3,0,1,0,0,0,0,0,1,0,0,623674809.0,5380639.2156,10.676408218,48.566635813,4,#e78ac3,marker
148526,9,1,62,0,2016,10,17,2,3,2,6,0,0,0,1,0,0,0,0,690751.7957,5342746.4333,11.567644328,48.209256819,2,#fc8d62,car
148527,9,1,62,0,2016,10,10,2,3,5,2,0,0,1,1,0,0,0,0,690484866.0,5337390666.0,11.561653642,48.161199958,1,#66c2a5,bicycle
148528,9,1,62,0,2016,10,15,1,3,5,3,0,0,0,1,0,0,0,0,693690.6631,5332330.8756,11.602418758,48.114755758,2,#fc8d62,car
148529,9,1,77,117,2016,10,17,7,3,6,4,1,0,0,1,1,0,0,0,715358.1807,5355428.3662,11.904901492,48.315336993,2,#fc8d62,car
148532,9,2,74,113,2016,10,16,4,3,6,7,0,0,0,1,1,0,0,0,729496.1725,5382818.0041,12.110320154,48.556414846,2,#fc8d62,car
148535,9,7,71,130,2016,10,15,7,3,5,3,0,0,0,1,0,1,0,0,647362.3375,5360508.8353,10.990211622,48.380522769,2,#fc8d62,car
148538,9,7,61,0,2016,10,8,3,3,5,3,0,1,1,1,0,0,0,0,639217.3279,5358611.5155,10.87964381,48.36531249,1,#66c2a5,bicycle
148539,9,1,62,0,2016,10,12,2,3,5,3,0,0,1,0,0,1,0,0,688653801.0,5336175784.0,11.536515886,48.15082639,1,#66c2a5,bicycle
148540,9,1,62,0,2016,10,14,1,3,0,6,0,0,0,1,0,1,0,0,688631.5267,5336294.6248,11.536269374,48.151901152,2,#fc8d62,car
148541,9,1,62,0,2016,10,13,6,3,5,7,0,1,0,0,0,0,0,1,690429.0887,5342551.8949,11.563217686,48.207605232,6,#ffd92f,circle
148543,9,1,84,147,2016,10,11,1,2,5,3,0,0,1,1,0,0,0,0,696381.2011,5341013853.0,11.642535804,48.191969046,1,#66c2a5,bicycle
148544,9,1,62,0,2016,10,9,6,3,2,6,0,0,0,1,0,0,0,0,686614.5636,5336444.0129,11.509242669,48.153838888,2,#fc8d62,car
148547,9,1,63,0,2016,10,14,4,3,5,3,0,0,1,1,0,0,0,0,733856.4719,5305495.9609,12.126709843,47.860199685,1,#66c2a5,bicycle
148549,9,7,61,0,2016,10,16,7,3,1,6,0,0,0,1,0,0,0,0,639298.3932,5361869.3867,10.881817476,48.394588518,2,#fc8d62,car
148552,9,1,62,0,2016,10,19,1,3,2,6,2,1,0,1,0,1,0,0,691385.5528,5338066.3089,11.574057508,48.167002061,2,#fc8d62,car
148553,9,7,61,0,2016,10,9,7,3,5,3,0,0,0,1,0,1,0,0,641733.8618,5361113822.0,10.914444948,48.387252126,2,#fc8d62,car
148554,9,1,62,0,2016,10,17,3,3,3,6,0,1,1,0,0,0,0,0,688169.3504,5332534.7775,11.528400631,48.1182438,1,#66c2a5,bicycle
148555,9,1,62,0,2016,10,16,2,3,1,3,0,0,1,1,0,0,0,0,687630.6202,5338828.3572,11.523942847,48.174970889,1,#66c2a5,bicycle
148558,9,7,71,113,2016,10,16,7,3,5,3,0,0,1,1,0,0,0,0,657882.1263,5369651.3518,11.13563002,48.460171879,1,#66c2a5,bicycle
148563,9,7,71,113,2016,10,9,7,3,5,3,0,0,0,1,0,0,0,0,655960.9544,5370894.0555,11.110124591,48.471823381,2,#fc8d62,car
148564,9,1,62,0,2016,10,11,2,3,2,6,0,0,0,1,0,0,0,0,684324.4128,5331533.1064,11.476354476,48.110364792,2,#fc8d62,car
148565,9,1,62,0,2016,10,8,2,3,0,2,0,0,1,0,0,0,0,1,687001.6459,5334791.0244,11.513716167,48.138867658,1,#66c2a5,bicycle
148566,9,7,61,0,2016,10,20,1,3,0,1,2,1,0,0,0,1,0,0,638397.0906,5355989919.0,10.867713478,48.341919877,4,#e78ac3,marker
148567,9,1,62,0,2016,10,16,6,3,1,7,0,1,0,1,0,0,0,0,692197.6574,5337549.3739,11.584734878,48.162110962,2,#fc8d62,car
148571,9,1,62,0,2016,10,14,2,3,0,7,0,0,1,0,0,0,0,0,685890.6886,5329175.0919,11.496349417,48.08871465,1,#66c2a5,bicycle
148573,9,1,84,119,2016,10,7,6,3,6,4,2,1,0,1,1,0,0,0,695248.3223,5347187.28,11.630150848,48.247801123,2,#fc8d62,car
148579,9,1,62,0,2016,10,15,3,3,0,1,0,1,1,0,0,0,0,0,692145.7478,5334400.5897,11.582616281,48.133826012,1,#66c2a5,bicycle
148582,9,1,62,0,2016,10,17,2,2,6,7,0,0,1,0,1,0,0,0,696174.2699,5330364.9445,11.634848176,48.096326796,1,#66c2a5,bicycle
148583,9,1,62,0,2016,10,12,2,3,6,4,0,0,0,1,1,0,0,0,693417.9507,5333841.5965,11.599443925,48.128416589,2,#fc8d62,car
148585,9,1,62,0,2016,10,10,6,3,5,3,0,1,0,1,0,0,0,1,699772.2953,5334844216.0,11.685217621,48.135464848,2,#fc8d62,car
148589,9,2,61,0,2016,10,5,3,3,6,7,2,0,1,0,1,0,0,0,731481.6185,5382852.3464,12.137205788,48.55599372,1,#66c2a5,bicycle
148598,9,1,62,0,2016,10,14,6,2,5,3,0,1,0,0,0,1,0,1,688964.4442,5343309814.0,11.54386109,48.214855074,4,#e78ac3,marker
148600,9,1,82,127,2016,10,15,4,3,0,7,0,1,1,0,0,0,0,1,700118.4962,5309703.6363,11.67812815,47.909410931,1,#66c2a5,bicycle
148608,9,1,62,0,2016,10,11,2,3,1,6,0,0,0,1,0,0,0,0,694433.5125,5332538.6384,11.612483635,48.116396701,2,#fc8d62,car
148611,9,1,62,0,2016,10,19,3,2,0,6,2,1,1,0,0,0,0,0,691196.6744,5334053.5018,11.569717442,48.130992239,1,#66c2a5,bicycle
148612,9,1,88,127,2016,10,10,6,3,5,7,0,0,1,1,0,0,0,0,679721.2223,5329812.1415,11.413844549,48.096210501,1,#66c2a5,bicycle
148613,9,7,61,0,2016,10,15,4,3,0,1,0,0,1,0,0,0,0,0,638545646.0,5355860.0506,10.869674452,48.340719557,1,#66c2a5,bicycle
148616,9,1,87,117,2016,10,14,6,3,4,3,0,0,0,1,0,0,0,1,725412.7287,5305119.7329,12.013783652,47.859836728,2,#fc8d62,car
148617,9,7,71,146,2016,10,10,1,3,5,3,0,0,0,1,0,1,0,0,647354.3643,5346868.5722,10.985337609,48.257881416,2,#fc8d62,car
148618,9,7,61,0,2016,10,21,1,3,5,3,2,0,0,1,0,0,0,0,639060.4558,5362249.2322,10.87873071,48.398056499,2,#fc8d62,car
148621,9,1,62,0,2016,10,13,2,3,2,6,0,0,0,1,0,1,0,0,689678.9302,5333292.9825,11.54900122,48.124610743,2,#fc8d62,car
148623,9,1,62,0,2016,10,22,2,3,0,1,2,0,1,0,0,0,0,0,689514.0005,5334975.3255,11.547535389,48.13978089,1,#66c2a5,bicycle
148628,9,7,61,0,2016,10,16,1,3,0,1,0,1,1,0,0,0,0,0,637697.2728,5361941.1273,10.860222984,48.395585259,1,#66c2a5,bicycle
148632,9,1,62,0,2016,10,9,2,3,2,6,0,0,0,1,0,0,0,0,686152.8422,5337605.1294,11.503548515,48.164410711,2,#fc8d62,car
148633,9,7,61,0,2016,10,10,7,3,5,2,0,1,1,1,0,0,0,0,637356.6241,5359347.7471,10.85477575,48.37234024,1,#66c2a5,bicycle
148636,9,1,88,121,2016,10,13,6,3,5,3,0,0,1,0,0,0,0,1,670396.4883,5329746.3259,11.288683742,48.09818056,1,#66c2a5,bicycle
148638,9,7,61,0,2016,10,18,7,3,0,1,1,0,0,0,0,1,0,0,640261.6799,5358587.8022,10.89372825,48.364868074,4,#e78ac3,marker
148641,9,7,62,0,2016,10,14,6,3,1,6,0,0,0,1,0,1,1,0,621581.9065,5304099.4907,10.626096349,47.878711294,2,#fc8d62,car
148646,9,7,61,0,2016,10,10,7,3,0,1,0,1,1,0,0,0,0,0,640547.0087,5358846.4045,10.897664804,48.367129877,1,#66c2a5,bicycle
148647,9,1,62,0,2016,11,15,3,3,3,2,0,0,1,1,0,0,0,0,693031.9299,5336303.7614,11.59537745,48.150663038,1,#66c2a5,bicycle
148649,9,1,74,122,2016,10,10,6,3,0,1,0,0,0,1,0,0,0,0,685267.6637,5351622.6085,11.497782718,48.290662464,2,#fc8d62,car
148655,9,1,74,126,2016,10,13,6,3,0,7,0,0,1,0,0,0,0,0,682940.5081,5343344778.0,11.462860306,48.216934463,1,#66c2a5,bicycle
148657,9,1,78,124,2016,10,14,6,3,0,1,0,0,0,0,0,1,0,0,703354633.0,5359442021.0,11.745124936,48.355378691,4,#e78ac3,marker
148659,9,7,72,125,2016,10,18,6,3,4,6,0,0,0,1,0,0,0,0,634045.9655,5348807.2062,10.806742357,48.278269623,2,#fc8d62,car
148662,9,1,62,0,2016,10,15,5,3,2,7,0,0,0,1,0,0,0,0,690219.9986,5333757.5457,11.556472218,48.128624814,2,#fc8d62,car
148666,9,1,86,143,2016,11,8,4,3,5,3,0,1,1,1,0,0,0,0,685360.7916,5378024.4564,11.510698506,48.527933328,1,#66c2a5,bicycle
148667,9,7,61,0,2016,10,14,6,2,5,2,0,0,0,1,0,1,0,0,639102.7125,5359233.9022,10.878303053,48.370934115,2,#fc8d62,car
148670,9,1,62,0,2016,10,14,5,3,5,3,0,0,1,1,0,0,0,0,688018.4573,5339139.0328,11.529292058,48.17764866,1,#66c2a5,bicycle
148673,9,7,61,0,2016,10,13,6,3,5,3,0,0,0,1,0,0,0,0,641949.7613,5360634108.0,10.91719741,48.382890208,2,#fc8d62,car
148675,9,1,62,0,2016,10,8,2,3,5,3,0,1,0,1,0,0,0,1,682441.5169,5338703.3598,11.454154544,48.175358226,2,#fc8d62,car
148679,9,1,62,0,2016,10,18,2,3,2,6,2,0,0,1,0,0,0,0,685954902.0,5337629.1394,11.50089957,48.164684449,2,#fc8d62,car
148682,9,1,62,0,2016,11,12,3,3,2,6,0,0,0,1,0,0,0,0,695843.2688,5338468.9995,11.634132435,48.169263574,2,#fc8d62,car
148686,9,1,62,0,2016,10,3,5,3,0,7,2,0,1,0,0,0,0,0,692382.7759,5337507.4163,11.587202802,48.161677872,1,#66c2a5,bicycle
148689,9,7,72,125,2016,10,13,6,3,5,1,0,0,1,1,0,0,0,0,635045528.0,5349411781.0,10.820401164,48.28349367,1,#66c2a5,bicycle
148691,9,1,62,0,2016,10,15,2,3,5,3,0,0,1,1,0,0,0,0,688517.7746,5334747215.0,11.534056311,48.138026531,1,#66c2a5,bicycle
148695,9,1,90,138,2016,10,13,2,3,3,6,0,0,1,1,0,0,0,0,662873.5279,5308223.5652,11.179546316,47.906644619,1,#66c2a5,bicycle
148696,9,1,84,145,2016,10,15,5,2,4,3,0,0,1,0,0,0,0,1,697544.3316,5325401.0241,11.650935193,48.051290735,1,#66c2a5,bicycle
148702,9,1,62,0,2016,10,6,5,3,5,3,2,0,1,1,0,0,0,0,686248.6348,5339836.1897,11.505813073,48.184436099,1,#66c2a5,bicycle
148704,9,7,61,0,2016,10,13,6,3,3,7,0,0,1,1,0,0,0,0,639824.6327,5359041.9577,10.887981824,48.369048674,1,#66c2a5,bicycle
148705,9,2,61,0,2016,10,15,5,2,6,2,0,0,0,0,1,0,1,0,731988.9984,5381346.5193,12.143232713,48.542279765,3,#8da0cb,toilet
148708,9,1,62,0,2016,10,15,5,2,0,3,0,0,1,1,0,0,0,0,690591.9081,5341308.9804,11.564848883,48.196385249,1,#66c2a5,bicycle
148711,9,1,63,0,2016,11,16,4,3,5,3,1,1,0,1,0,1,0,0,733655.6829,5304071.4426,12.123260018,47.847474804,2,#fc8d62,car
148712,9,7,61,0,2016,10,7,6,3,3,7,0,0,1,1,0,0,0,0,640179.9415,5358602.1571,10.892630077,48.365015306,1,#66c2a5,bicycle
148716,9,1,84,127,2016,10,17,5,3,0,5,0,0,1,1,0,0,0,0,702629.5364,5321368.9734,11.717190168,48.013460665,1,#66c2a5,bicycle
148717,9,1,62,0,2016,10,17,2,2,6,4,2,0,1,0,1,0,0,0,689650.0422,5332639.6843,11.548322778,48.118747449,1,#66c2a5,bicycle
148718,9,1,87,117,2016,11,13,3,3,5,3,0,0,0,1,0,0,0,0,726451.4762,5305736.9051,12.027974978,47.865016716,2,#fc8d62,car
148719,9,1,79,121,2016,11,10,4,3,4,2,0,1,0,1,0,0,0,0,665991.2035,5337871.4449,11.232727454,48.172389401,2,#fc8d62,car
148723,9,1,62,0,2016,10,22,5,3,5,3,2,1,1,1,0,0,0,0,687517.3516,5332200.2546,11.519501524,48.115429344,1,#66c2a5,bicycle
148727,9,1,62,0,2016,10,18,5,3,6,4,2,0,1,0,1,0,0,0,691965.0021,5336206.8735,11.581003701,48.150115122,1,#66c2a5,bicycle
148732,9,1,62,0,2016,10,11,2,3,0,5,0,0,0,0,1,0,0,1,693272.7833,5334475.4508,11.597782538,48.134157588,3,#8da0cb,toilet
148734,9,1,85,158,2016,11,1,3,3,6,7,2,1,0,1,1,0,0,0,667086.2375,5381214.5014,11.264662987,48.561740401,2,#fc8d62,car
148742,9,1,73,118,2016,10,7,5,2,6,7,0,0,0,0,1,0,0,1,694103.5077,5303137.1775,11.594767227,47.852239174,3,#8da0cb,toilet
148746,9,1,62,0,2016,10,18,2,3,4,6,2,0,0,1,0,0,0,0,690463.5502,5338653.4277,11.561932839,48.172555947,2,#fc8d62,car
148747,9,1,75,132,2016,10,20,7,3,0,7,2,0,1,0,0,0,0,0,707549.6928,5331176.5407,11.787845552,48.100017186,1,#66c2a5,bicycle
148749,9,1,79,134,2016,10,17,2,3,0,1,1,0,1,0,0,0,0,0,670177.0671,5342256.7726,11.290742231,48.21070512,1,#66c2a5,bicycle
148752,9,1,77,117,2016,10,18,7,3,0,1,1,1,0,0,0,1,0,0,715133.9781,5354735.3122,11.901527955,48.309186103,4,#e78ac3,marker
148755,9,1,88,139,2016,10,14,5,3,5,3,0,1,1,0,0,0,0,0,676052.4546,5318432.4774,11.359932778,47.994937627,1,#66c2a5,bicycle
148757,9,1,88,121,2016,10,17,2,3,5,3,2,0,1,1,0,0,0,0,670396.4883,5329746.3259,11.288683742,48.09818056,1,#66c2a5,bicycle
148759,9,1,74,111,2016,10,12,2,3,8,1,0,0,0,1,0,0,0,0,666561664.0,5361491016.0,11.249702752,48.384576188,2,#fc8d62,car
148761,9,1,88,139,2016,10,9,5,3,4,2,0,0,0,0,0,0,1,1,675591.9132,5319263.2452,11.35410467,48.002532507,5,#a6d854,bus
148762,9,1,62,0,2016,10,14,6,3,2,6,0,0,0,1,0,0,0,1,689059.48,5341528339.0,11.544345441,48.198814912,2,#fc8d62,car
148769,9,1,79,134,2016,10,19,5,3,4,2,2,0,0,1,0,1,0,0,670852.6132,5342742.7188,11.300023855,48.214892091,2,#fc8d62,car
148770,9,1,62,0,2016,10,19,2,3,4,2,2,0,0,1,0,0,0,0,684743.9764,5333743.5221,11.482943567,48.130111656,2,#fc8d62,car
148771,9,1,81,130,2016,11,11,3,3,0,7,0,0,1,0,0,0,0,0,638695.4365,5324896.0084,10.861575542,48.06225524,1,#66c2a5,bicycle
148772,9,1,78,124,2016,11,17,4,2,6,4,2,1,0,1,1,0,0,0,704487.0167,5363490.5984,11.762361529,48.39139415,2,#fc8d62,car
148773,9,1,81,130,2016,10,16,5,3,0,7,0,1,1,0,0,0,0,0,639509.2507,5324326.7716,10.872306883,48.056959051,1,#66c2a5,bicycle
148774,9,1,62,0,2016,10,13,6,3,0,7,0,0,0,0,0,0,0,1,691932.9392,5332216.0084,11.578775285,48.114255502,6,#ffd92f,circle
148775,9,1,79,121,2016,11,19,3,3,6,4,2,0,0,1,1,0,0,0,667514.5337,5339758.3533,11.253945086,48.188952897,2,#fc8d62,car
148779,9,1,78,124,2016,10,10,2,3,5,3,0,0,1,1,0,0,0,0,702624.2181,5364959.2265,11.737936112,48.405192803,1,#66c2a5,bicycle
148780,9,7,61,0,2016,10,16,5,3,6,4,0,0,0,1,1,0,0,0,643009753.0,5359428.2119,10.931095146,48.371808018,2,#fc8d62,car
148784,9,1,77,117,2016,10,6,5,3,5,3,2,0,0,1,0,1,0,0,714239619.0,5355367462.0,11.889802617,48.315169641,2,#fc8d62,car
148785,9,1,84,145,2016,10,10,2,1,5,2,0,0,1,0,0,0,1,0,694242.1497,5325544.2316,11.606734678,48.05359133,1,#66c2a5,bicycle
148786,9,1,62,0,2016,10,9,6,3,5,3,0,0,0,1,0,0,0,0,691504.4271,5337259226.0,11.575291269,48.159712337,2,#fc8d62,car
148789,9,1,62,0,2016,10,13,1,3,5,3,0,0,0,1,0,0,0,0,686251.4881,5333288.5668,11.502985592,48.125583011,2,#fc8d62,car
148793,9,1,62,0,2016,10,15,1,2,6,6,0,0,1,0,1,0,0,0,687769.9587,5336764.6793,11.524904151,48.156381032,1,#66c2a5,bicycle
148796,9,1,88,113,2016,10,12,1,2,0,1,0,0,1,0,0,0,0,0,679033987.0,5311659.8041,11.397043353,47.933227943,1,#66c2a5,bicycle