OBJECTID,ULAND,UREGBEZ,UKREIS,UGEMEINDE,UJAHR,UMONAT,USTUNDE,UWOCHENTAG,UKATEGORIE,UART,UTYP1,ULICHTVERH,STRZUSTAND,IstRad,IstPKW,IstFuss,IstKrad,IstGkfz,IstSonstig,LINREFX,LINREFY,XGCSWGS84,YGCSWGS84,Teilnehmer,color,symbol
148798,9,1,62,0,2016,10,11,4,3,5,2,0,0,0,1,0,0,0,0,691658.2224,5332789.8688,11.575346034,48.119496036,2,#fc8d62,car
148799,9,1,62,0,2016,10,20,2,3,1,6,2,0,0,1,0,0,0,0,690720.9046,5340315.9804,11.566137073,48.187421586,2,#fc8d62,car
148800,9,1,62,0,2016,10,16,6,3,6,4,0,0,0,1,1,0,0,0,682599439.0,5337430.07,11.455730027,48.16386772,2,#fc8d62,car
148802,9,1,62,0,2016,10,15,1,3,5,2,0,0,1,1,0,0,0,0,681466.5462,5334652.8769,11.43932432,48.139228516,1,#66c2a5,bicycle
148804,9,1,62,0,2016,10,21,4,3,4,2,2,0,0,1,0,0,0,0,691445.1721,5335445.1601,11.573679287,48.143425612,2,#fc8d62,car
148805,9,1,62,0,2016,10,16,6,2,0,7,0,0,1,0,0,0,0,0,692569.0355,5335116.0576,11.588623094,48.140128546,1,#66c2a5,bicycle
148806,9,1,74,115,2016,11,2,3,3,0,1,2,0,1,0,0,0,0,0,681120.8841,5348834957.0,11.440734495,48.266805683,1,#66c2a5,bicycle
148807,9,1,74,113,2016,10,16,1,2,8,1,0,0,0,0,0,1,0,0,675313.8108,5346536.2136,11.361597821,48.247775769,4,#e78ac3,marker
148810,9,1,62,0,2016,10,18,4,2,0,6,1,0,1,0,0,0,0,0,679591052.0,5336909216.0,11.415088748,48.160042755,1,#66c2a5,bicycle
148811,9,1,62,0,2016,10,8,6,3,6,7,0,0,0,1,1,0,0,0,690894.2802,5335017.3506,11.566089355,48.13974602,2,#fc8d62,car
148813,9,1,62,0,2016,10,14,4,3,5,7,0,1,0,1,0,0,1,0,679456.8073,5334565.9109,11.412297175,48.139016771,2,#fc8d62,car
148814,9,1,62,0,2016,10,14,2,3,0,7,0,0,1,0,0,0,0,0,687819.6361,5329710.0585,11.522462902,48.092957659,1,#66c2a5,bicycle
148815,9,1,62,0,2016,10,12,6,3,6,4,0,0,0,1,1,0,0,0,680156.5251,5335388.8708,11.422042419,48.146216562,2,#fc8d62,car
148816,9,1,62,0,2016,10,10,1,3,3,2,0,0,0,1,0,1,0,0,685955.6241,5337618.9475,11.500904816,48.164592629,2,#fc8d62,car
148818,9,1,62,0,2016,10,12,4,3,5,3,0,0,0,1,0,0,0,0,686754.4949,5330261.9218,11.508413466,48.098231031,2,#fc8d62,car
148819,9,1,62,0,2016,10,7,6,2,5,3,1,0,1,1,0,0,0,0,693500959.0,5335539391.0,11.601329542,48.143650616,1,#66c2a5,bicycle
148823,9,1,78,124,2016,10,17,1,3,5,3,2,0,1,1,0,0,0,0,701589.9304,5364094.3489,11.723561636,48.397752249,1,#66c2a5,bicycle
148825,9,1,62,0,2016,10,17,1,3,0,5,2,0,1,1,0,0,0,0,692219.3599,5337096.2995,11.584821719,48.158032273,1,#66c2a5,bicycle
148827,9,1,78,124,2016,11,13,3,3,3,6,0,0,0,1,0,0,0,0,704486.7074,5359248453.0,11.760294617,48.35327373,2,#fc8d62,car
148828,9,1,86,143,2016,11,13,4,3,0,1,0,1,1,0,0,0,0,0,684650.9694,5378080.2043,11.501118266,48.528643578,1,#66c2a5,bicycle
148831,9,1,62,0,2016,10,19,1,3,5,3,2,0,1,1,0,0,0,0,691922281.0,5338005869.0,11.581241417,48.166297026,1,#66c2a5,bicycle
148833,9,1,62,0,2016,10,9,7,2,9,1,0,0,0,1,0,0,0,0,686700.6456,5338421.6639,11.511267034,48.171589309,2,#fc8d62,car
148834,9,1,62,0,2016,10,11,7,3,5,3,0,1,0,1,0,1,0,0,688445.4801,5339645483.0,11.535255275,48.182074189,2,#fc8d62,car
148836,9,1,62,0,2016,10,17,4,3,0,2,1,0,1,1,0,0,0,0,689532.9885,5336058.9948,11.548272763,48.149515311,1,#66c2a5,bicycle
148837,9,1,84,146,2016,10,12,2,3,5,3,0,0,0,1,0,1,0,0,697930.0119,5328185.0753,11.657393539,48.076192646,2,#fc8d62,car
148838,9,1,62,0,2016,10,17,6,3,5,3,0,0,1,0,0,0,1,0,693967163.0,5342327293.0,11.610687438,48.204515428,1,#66c2a5,bicycle
148840,9,1,62,0,2016,10,19,7,3,2,6,1,0,0,1,0,0,0,0,692327.4254,5337771.2113,11.5865785,48.164065541,2,#fc8d62,car
148842,9,1,62,0,2016,10,12,4,3,4,2,0,0,1,1,0,0,0,0,685016.5846,5329001.0664,11.484547044,48.08740472,1,#66c2a5,bicycle
148843,9,1,62,0,2016,10,10,2,3,5,2,0,0,1,1,0,0,0,0,695504.9873,5336029.3117,11.6284664,48.14744112,1,#66c2a5,bicycle
148844,9,1,62,0,2016,10,22,6,3,4,2,2,0,0,1,0,0,0,0,690713.9453,5340290.6966,11.566032182,48.187196428,2,#fc8d62,car
148845,9,1,62,0,2016,10,13,2,3,5,3,0,0,1,1,0,0,0,0,688091.9594,5330760218.0,11.526579321,48.102316475,1,#66c2a5,bicycle
148846,9,1,84,114,2016,11,12,3,2,4,2,0,0,1,1,0,0,0,0,699555.5125,5322866.1288,11.676712497,48.02788329,1,#66c2a5,bicycle
148852,9,1,62,0,2016,10,14,7,3,6,4,0,0,0,1,1,0,0,0,686729.7349,5337705927.0,11.511343614,48.165147528,2,#fc8d62,car
148853,9,1,84,129,2016,10,13,7,3,2,6,0,1,1,0,0,0,0,1,699653.2938,5326405.5559,11.679673136,48.059662535,1,#66c2a5,bicycle
148855,9,1,62,0,2016,10,16,4,3,2,6,0,0,1,1,0,0,0,0,687366.1139,5339008.4816,11.520467773,48.17666792,1,#66c2a5,bicycle
148856,9,1,62,0,2016,10,18,2,3,2,6,2,0,0,1,0,0,0,0,689047.1199,5333348.8599,11.540544088,48.125300903,2,#fc8d62,car
148857,9,1,62,0,2016,10,8,6,2,0,5,0,0,1,0,0,0,0,1,697628.8801,5331841.6941,11.655047483,48.109149445,1,#66c2a5,bicycle
148864,9,1,62,0,2016,10,18,4,3,1,7,1,0,1,1,0,0,0,1,693591887.0,5333667.3225,11.601699883,48.126797393,1,#66c2a5,bicycle
148865,9,1,62,0,2016,10,13,6,3,5,3,0,0,1,1,0,0,0,0,693781.3504,5336054.6314,11.605329455,48.148196076,1,#66c2a5,bicycle
148867,9,1,62,0,2016,10,15,4,3,5,3,0,0,1,1,0,0,0,0,692544.9693,5339200.6305,11.590148427,48.176846911,1,#66c2a5,bicycle
148868,9,1,62,0,2016,10,17,6,3,3,6,1,0,1,0,0,0,0,0,686620.7259,5332261.5262,11.507493179,48.116243457,1,#66c2a5,bicycle
148869,9,7,77,121,2016,10,16,1,3,5,3,0,0,0,1,0,1,0,0,627783585.0,5321715454.0,10.714237364,48.035931432,2,#fc8d62,car
148871,9,1,62,0,2016,10,14,4,3,0,6,0,0,0,0,0,0,0,1,680826.3759,5335746.1945,11.43119135,48.149238436,6,#ffd92f,circle
148872,9,1,62,0,2016,10,12,6,3,5,3,0,0,1,0,0,0,0,0,689494983.0,5334907.8537,11.547249989,48.139180113,1,#66c2a5,bicycle
148873,9,1,62,0,2016,10,11,2,3,5,3,0,0,0,1,0,0,0,0,686138.8964,5339953.6201,11.504389554,48.185523759,2,#fc8d62,car
148874,9,1,87,122,2016,11,5,4,3,5,3,2,0,0,1,0,1,0,0,718896.2887,5307525.6018,11.927996307,47.883707821,2,#fc8d62,car
148875,9,1,62,0,2016,10,9,4,3,1,7,0,1,1,0,0,0,0,1,693709.6619,5332224.3547,11.602625371,48.113792601,1,#66c2a5,bicycle
148876,9,1,62,0,2016,10,14,6,3,0,6,0,0,0,1,0,1,0,0,690949.0306,5334345.7901,11.566523526,48.133693651,2,#fc8d62,car
148878,9,1,73,147,2016,11,9,4,3,6,4,0,0,0,1,1,0,0,0,681233.74,5309462068.0,11.425543881,47.912853701,2,#fc8d62,car
148881,9,1,62,0,2016,10,14,4,3,5,3,0,0,0,1,0,0,0,0,691011.8649,5332283.4304,11.566443005,48.115138406,2,#fc8d62,car
148882,9,1,77,133,2016,11,11,4,3,6,7,0,0,0,1,1,0,0,0,706696.2137,5359554.5019,11.790233673,48.355304681,2,#fc8d62,car
148885,9,1,88,127,2016,11,18,5,2,5,2,2,0,1,1,0,0,0,0,679582907.0,5329722.5962,11.411950867,48.095444567,1,#66c2a5,bicycle
148886,9,1,62,0,2016,11,18,7,3,1,6,2,1,0,1,0,0,0,0,693430.3822,5341905182.0,11.603278056,48.200885446,2,#fc8d62,car
148887,9,1,62,0,2016,11,15,7,3,2,6,0,0,0,1,0,1,0,0,683454.5372,5337557.1777,11.467273799,48.164764066,2,#fc8d62,car
148890,9,7,61,0,2016,11,10,4,3,6,4,0,1,1,0,1,0,0,0,640650794.0,5359269.9853,10.89920698,48.370915452,1,#66c2a5,bicycle
148891,9,1,62,0,2016,11,10,2,3,4,2,0,1,0,1,0,0,0,0,696580.1441,5334327.5786,11.642119989,48.131815653,2,#fc8d62,car
148892,9,7,61,0,2016,11,16,6,3,0,1,1,1,1,0,0,0,0,0,640471.6875,5358051.2834,10.896382884,48.359997169,1,#66c2a5,bicycle
148893,9,7,61,0,2016,11,9,2,3,5,3,0,0,0,1,0,0,0,0,641409.3106,5359219947.0,10.909426499,48.370296028,2,#fc8d62,car
148894,9,2,61,0,2016,11,14,2,3,1,6,0,0,0,1,0,0,0,0,731501313.0,5381725818.0,12.136846113,48.545867048,2,#fc8d62,car
148895,9,1,62,0,2016,11,9,5,3,7,1,0,1,1,0,0,0,0,0,687511.0982,5339601.4492,11.522677793,48.181954853,1,#66c2a5,bicycle
148897,9,1,62,0,2016,11,8,4,2,5,3,0,1,1,1,0,0,0,0,687921.3627,5330798.5079,11.524306918,48.102710975,1,#66c2a5,bicycle
148898,9,1,62,0,2016,11,11,7,2,6,4,0,0,0,1,1,0,0,0,686109.8893,5334855.7279,11.501769139,48.139710684,2,#fc8d62,car
148899,9,1,62,0,2016,11,12,7,3,3,7,0,1,0,1,0,0,0,0,691266.6878,5339617.4484,11.573158406,48.180979217,2,#fc8d62,car
148900,9,1,79,149,2016,11,18,5,3,6,4,2,0,0,1,1,0,0,0,654697.0949,5330062.7715,11.078082839,48.105031005,2,#fc8d62,car
148903,9,1,62,0,2016,11,18,2,2,6,3,2,1,0,1,1,0,0,0,693961.5289,5333693.5593,11.606674149,48.126920684,2,#fc8d62,car
148907,9,1,62,0,2016,11,16,5,3,5,3,1,0,0,1,0,0,0,0,680590744.0,5339902711.0,11.429791509,48.186667595,2,#fc8d62,car
148911,9,1,62,0,2016,11,8,7,3,0,3,0,1,1,0,0,0,0,0,685918.2536,5332247.4787,11.498057742,48.116322665,1,#66c2a5,bicycle
148914,9,1,63,0,2016,11,20,2,3,5,3,2,1,1,1,0,0,0,0,733957.5189,5305107.4085,12.127848607,47.856672156,1,#66c2a5,bicycle
148918,9,1,87,130,2016,11,15,2,3,0,2,0,0,0,1,0,0,0,0,712691.7206,5309831.5053,11.846246592,47.906514611,2,#fc8d62,car
148919,9,1,62,0,2016,11,12,5,3,5,3,0,0,1,1,0,0,0,0,686628.8494,5330299.9414,11.506744143,48.098609579,1,#66c2a5,bicycle
148922,9,1,62,0,2016,11,13,7,3,1,5,0,1,1,1,0,0,0,0,696135.3477,5335940.9903,11.636891294,48.1464533,1,#66c2a5,bicycle
148925,9,1,62,0,2016,11,9,5,3,0,5,0,1,1,1,0,0,0,0,690108.4722,5333912.4948,11.555044026,48.130050818,1,#66c2a5,bicycle
148926,9,1,62,0,2016,11,18,7,3,0,5,2,1,1,1,0,0,0,0,690690.6599,5336218.2611,11.5638929,48.150600788,1,#66c2a5,bicycle
148927,9,1,62,0,2016,11,16,5,3,1,6,1,0,1,1,0,0,0,0,692096.7042,5335710.1165,11.582548436,48.145610607,1,#66c2a5,bicycle
148928,9,1,62,0,2016,11,12,7,3,0,7,0,1,1,0,0,0,0,0,691608.6606,5335003.6126,11.575676161,48.139407828,1,#66c2a5,bicycle
148933,9,1,62,0,2016,11,17,5,3,6,4,2,0,1,0,1,0,0,0,690414.7816,5335515.5099,11.559873147,48.144367134,1,#66c2a5,bicycle
148936,9,1,63,0,2016,11,8,3,3,4,2,0,0,1,1,0,0,0,0,733379.2955,5303020.9208,12.119004869,47.838137214,1,#66c2a5,bicycle
148940,9,1,85,158,2016,11,18,2,3,1,7,2,0,0,1,0,0,0,0,666225.0459,5380581.6345,11.252747196,48.556280262,2,#fc8d62,car
148941,9,1,62,0,2016,11,16,5,3,2,6,0,0,0,1,0,0,0,0,690946.0479,5334296.7217,11.566461485,48.133253522,2,#fc8d62,car
148942,9,1,62,0,2016,11,13,7,3,2,6,0,1,1,1,0,0,0,0,691576.4939,5335354.0234,11.575401851,48.142566959,1,#66c2a5,bicycle
148944,9,1,63,0,2016,11,16,5,3,5,3,0,0,0,0,0,1,0,1,731089747.0,5304158842.0,12.089059816,47.849187464,4,#e78ac3,marker
148947,9,1,62,0,2016,11,11,2,3,0,7,0,1,1,1,0,0,0,0,692542619.0,5335231.3205,11.588320476,48.141172497,1,#66c2a5,bicycle
148951,9,1,62,0,2016,11,18,2,3,5,3,2,0,1,1,0,0,0,0,693801.6007,5340293.0319,11.60753297,48.186282968,1,#66c2a5,bicycle
148957,9,1,81,130,2016,11,7,2,3,1,6,0,2,0,1,0,0,0,0,638892.5765,5322659.5672,10.86349413,48.042101513,2,#fc8d62,car
148961,9,1,62,0,2016,11,16,4,3,5,3,0,1,0,1,0,0,0,0,694593659.0,5336063958.0,11.616243166,48.14803193,2,#fc8d62,car
148964,9,1,62,0,2016,11,17,2,3,6,7,2,1,0,1,1,0,0,0,683868.8466,5335941.4084,11.472142199,48.150120946,2,#fc8d62,car
148967,9,1,79,121,2016,11,5,2,3,5,3,2,1,0,1,0,0,0,0,666503.0516,5337758.5258,11.239562585,48.171240363,2,#fc8d62,car
148973,9,1,74,115,2016,11,8,2,3,1,6,0,1,0,1,0,0,0,1,680703.6198,5347196721.0,11.434417168,48.252199325,2,#fc8d62,car
148976,9,1,84,147,2016,11,11,4,3,4,2,0,1,1,1,0,0,0,0,696042.8857,5340310.2147,11.637663636,48.185749718,1,#66c2a5,bicycle
148980,9,1,78,124,2016,11,14,2,2,9,1,0,1,1,0,0,0,0,0,701709.5272,5364892.3656,11.725558911,48.404885277,1,#66c2a5,bicycle
148981,9,7,71,142,2016,11,14,5,3,5,3,0,0,0,1,0,1,0,0,646616125.0,5351892.55,10.977140392,48.303225204,2,#fc8d62,car
148985,9,1,79,142,2016,11,6,7,3,2,6,1,1,0,1,0,0,1,0,678309.8988,5342012.4159,11.400017615,48.206276009,2,#fc8d62,car
148986,9,7,72,184,2016,11,18,4,3,3,6,2,0,0,1,0,0,0,1,634944.1511,5361639908.0,10.822952643,48.393471896,2,#fc8d62,car
148987,9,1,77,133,2016,11,11,7,3,5,3,0,0,0,1,0,0,1,0,706347.8619,5359269.4788,11.785397271,48.352857378,2,#fc8d62,car
148988,9,1,62,0,2016,11,16,1,3,3,6,1,1,0,1,0,0,0,0,692698.5966,5335402.3944,11.590492449,48.142662849,2,#fc8d62,car
148989,9,7,61,0,2016,11,16,5,3,1,7,1,0,0,1,0,0,0,0,637503.3779,5359470.2094,10.856796388,48.373409446,2,#fc8d62,car
148990,9,1,62,0,2016,11,18,2,3,5,3,2,1,1,1,0,0,0,0,693659.7862,5331115.6137,11.601452664,48.103842704,1,#66c2a5,bicycle
148991,9,1,81,140,2016,11,12,3,3,2,5,0,0,0,1,0,0,0,0,643728.3795,5323476.9448,10.928612161,48.048380982,2,#fc8d62,car
148992,9,7,72,125,2016,11,3,4,3,8,1,2,0,0,1,0,0,0,0,636840.7592,5348490.9986,10.844289622,48.274828398,2,#fc8d62,car
148995,9,1,62,0,2016,11,18,1,2,6,4,2,1,0,1,1,0,0,0,690622.9623,5335501.3372,11.562662612,48.144177408,2,#fc8d62,car
148996,9,7,61,0,2016,11,6,5,3,0,7,2,1,1,0,0,0,0,0,642998.2381,5360038.5133,10.931147334,48.377298142,1,#66c2a5,bicycle
148997,9,7,72,151,2016,11,11,7,3,9,1,0,1,0,1,0,0,0,0,628536.0709,5343613.0612,10.730935272,48.232702971,2,#fc8d62,car
148998,9,7,61,0,2016,11,8,7,3,5,3,0,1,1,1,0,0,0,0,639147.9951,5359224.2689,10.878910974,48.370837513,1,#66c2a5,bicycle
149000,9,1,62,0,2016,11,17,1,3,1,6,2,1,0,1,0,0,0,0,692908.6173,5335345.4247,11.593287,48.142087177,2,#fc8d62,car
149001,9,7,61,0,2016,11,8,5,3,2,2,0,0,1,1,0,0,0,0,640546.56,5359275.0011,10.897801988,48.370983774,1,#66c2a5,bicycle
149002,9,7,61,0,2016,11,19,7,3,0,1,2,1,1,0,0,0,0,0,639730136.0,5360820.6712,10.887297865,48.385063276,1,#66c2a5,bicycle
149003,9,7,61,0,2016,11,13,7,3,2,1,0,0,0,1,0,0,0,1,640790.8304,5357219.0685,10.900410467,48.352443078,2,#fc8d62,car
149005,9,1,62,0,2016,11,15,6,3,5,3,0,0,1,1,0,0,0,0,686413.0485,5328853.2604,11.503216858,48.085669336,1,#66c2a5,bicycle
149007,9,1,62,0,2016,11,18,2,3,5,3,2,0,1,1,0,0,0,0,691294.9809,5332060.7368,11.570143111,48.11305187,1,#66c2a5,bicycle
149009,9,1,79,145,2016,11,13,3,3,0,3,0,1,1,0,0,0,0,1,676350.9909,5339165.8844,11.372492485,48.181235311,1,#66c2a5,bicycle
149010,9,1,62,0,2016,11,18,6,3,0,7,1,0,0,1,0,0,0,1,692082.4496,5333701.2709,11.581451147,48.127559755,2,#fc8d62,car
149013,9,7,72,200,2016,11,6,1,3,9,1,0,1,0,1,0,0,0,0,630322638.0,5339173.7563,10.753618472,48.192417305,2,#fc8d62,car
149014,9,7,61,0,2016,11,17,5,3,6,4,2,0,0,1,1,0,0,0,640250951.0,5359147196.0,10.893770019,48.369900353,2,#fc8d62,car
149015,9,7,61,0,2016,11,15,7,3,0,1,0,1,1,0,0,0,0,0,640510.6891,5358046.5407,10.896907526,48.359945845,1,#66c2a5,bicycle
149016,9,1,62,0,2016,11,16,4,3,5,3,0,1,1,1,0,0,0,0,689464.4281,5335418.6609,11.547066943,48.14378038,1,#66c2a5,bicycle
149017,9,1,62,0,2016,11,17,6,3,0,7,2,1,0,1,0,0,0,0,690640.6192,5335217.6088,11.562772713,48.14162198,2,#fc8d62,car
149020,9,1,62,0,2016,11,14,6,3,3,6,0,0,0,1,0,0,0,0,697846.2025,5330657.6239,11.657414884,48.09844035,2,#fc8d62,car
149022,9,1,62,0,2016,11,13,2,3,5,2,0,0,1,1,0,0,0,0,694442.0937,5333020.4716,11.612818536,48.120724623,1,#66c2a5,bicycle
149025,9,7,61,0,2016,11,11,1,3,1,5,0,1,0,1,0,0,0,0,643883.9008,5357889973.0,10.942365772,48.357778349,2,#fc8d62,car
149030,9,1,62,0,2016,11,17,6,3,0,3,1,0,0,1,0,0,0,1,686593.3027,5329820.1438,11.506057446,48.094307367,2,#fc8d62,car
149032,9,7,61,0,2016,11,10,1,3,0,1,0,1,1,0,0,0,0,0,641155384.0,5359192022.0,10.905990372,48.37010178,1,#66c2a5,bicycle
149040,9,7,61,0,2016,11,13,4,3,5,3,0,1,0,1,0,0,1,0,638324.5558,5362386.5371,10.868839327,48.399452989,2,#fc8d62,car
149041,9,1,62,0,2016,11,12,6,3,8,2,0,0,0,1,0,0,0,0,694485.7368,5334203.1773,11.613944036,48.131341,2,#fc8d62,car
149045,9,1,62,0,2016,11,7,6,3,6,2,0,0,0,1,1,0,0,0,686175.7797,5338551738.0,11.504271154,48.172912415,2,#fc8d62,car
149047,9,1,62,0,2016,11,16,2,3,3,6,0,0,0,1,0,0,0,1,688855.3414,5332408.8875,11.537553065,48.1169092,2,#fc8d62,car
149048,9,1,78,124,2016,11,17,3,3,5,3,2,0,1,1,0,0,0,0,703025.0426,5365425.8928,11.743571479,48.409257422,1,#66c2a5,bicycle
149049,9,7,61,0,2016,11,10,4,3,6,4,0,1,0,1,1,0,0,0,638234058.0,5355520.6224,10.865360498,48.337735713,2,#fc8d62,car
149051,9,2,61,0,2016,11,21,6,3,4,2,2,1,0,1,0,0,0,0,731660548.0,5382221947.0,12.139276292,48.550264908,2,#fc8d62,car
149052,9,1,62,0,2016,11,15,2,3,2,6,0,0,0,1,0,0,0,0,691201.95,5335821782.0,11.570582096,48.146883791,2,#fc8d62,car
149053,9,7,61,0,2016,11,12,4,3,0,1,0,0,0,0,0,1,0,0,639120.8577,5356889.0589,10.877772585,48.349845798,4,#e78ac3,marker
149054,9,1,62,0,2016,11,5,6,3,5,2,2,0,1,1,0,0,0,0,683810.6813,5340830.7794,11.473474883,48.194086016,1,#66c2a5,bicycle
149061,9,1,62,0,2016,11,17,6,3,5,7,2,0,0,1,0,1,0,0,692974.4246,5332333.6537,11.592806905,48.114998155,2,#fc8d62,car
149063,9,1,62,0,2016,11,13,2,3,5,3,0,1,0,1,0,0,0,0,690657.9215,5333428.2379,11.562204293,48.125533988,2,#fc8d62,car
149070,9,1,90,157,2016,11,15,3,2,0,5,0,0,0,1,0,0,0,1,659956529.0,5301824.5685,11.138170307,47.849844659,2,#fc8d62,car
149075,9,1,78,124,2016,11,17,5,2,5,3,2,0,0,1,0,1,0,0,704433.7126,5365170984.0,11.762460392,48.406511532,2,#fc8d62,car
149076,9,1,62,0,2016,11,13,6,3,5,2,0,0,1,1,0,0,0,0,688848.7972,5334507.9993,11.538395335,48.135778276,1,#66c2a5,bicycle
149078,9,1,62,0,2016,11,8,2,3,1,7,0,0,0,1,0,0,0,0,690981.6277,5336610.6982,11.567977076,48.154040677,2,#fc8d62,car
149079,9,1,63,0,2016,11,8,6,2,6,4,0,0,0,1,1,0,0,0,732473.0598,5304614.3047,12.107767725,47.852780688,2,#fc8d62,car
149084,9,1,87,150,2016,11,10,6,3,1,6,0,0,0,1,0,0,1,0,729607.0908,5304153.9812,12.069267533,47.849675048,2,#fc8d62,car
149085,9,1,62,0,2016,11,15,2,2,5,3,0,0,0,1,0,0,0,1,691926986.0,5332208.0169,11.578691787,48.11418547,2,#fc8d62,car
149087,9,7,61,0,2016,11,14,4,3,0,7,0,1,1,0,0,0,0,0,640215.2418,5357222.7082,10.892646736,48.352603865,1,#66c2a5,bicycle
149088,9,1,62,0,2016,11,20,6,3,6,4,2,0,1,0,1,0,0,0,690507.7129,5335026.2961,11.56090233,48.139942276,1,#66c2a5,bicycle
149090,9,1,87,117,2016,11,14,6,3,0,1,0,0,0,0,0,1,0,0,722909591.0,5305882.3352,11.980756771,47.867562039,4,#e78ac3,marker
149091,9,1,62,0,2016,11,16,4,3,5,3,0,1,1,1,0,0,0,0,680627807.0,5338474212.0,11.429682508,48.173816562,1,#66c2a5,bicycle
149092,9,7,78,203,2016,11,6,6,3,8,1,1,1,0,1,0,0,0,0,623505.8857,5323521.8128,10.657397854,48.053018418,2,#fc8d62,car
149094,9,7,62,0,2016,11,12,2,3,4,6,0,1,1,1,0,0,0,0,621685.2322,5303018.6195,10.627173256,47.868970631,1,#66c2a5,bicycle
149100,9,7,61,0,2016,11,12,4,3,3,6,0,0,0,1,0,0,0,1,639368.3405,5357293.9726,10.881245156,48.35343213,2,#fc8d62,car
149101,9,7,62,0,2016,11,13,6,2,5,3,0,0,1,1,0,0,0,0,619500.0369,5303073.2073,10.597979811,47.869871909,1,#66c2a5,bicycle
149107,9,1,62,0,2016,11,13,2,3,1,5,0,0,0,1,0,0,0,0,695754.9293,5333981.1265,11.630881749,48.128956252,2,#fc8d62,car
149108,9,7,61,0,2016,11,17,4,3,2,4,2,1,0,1,1,0,0,0,641414.1193,5359241.2767,10.909498566,48.370486738,2,#fc8d62,car
149116,9,7,61,0,2016,11,15,6,3,0,7,0,1,1,0,0,0,0,0,641891.3557,5357510.0333,10.915354974,48.354813007,1,#66c2a5,bicycle
149119,9,1,79,119,2016,11,3,6,3,9,1,2,1,0,1,0,0,0,0,669412.3603,5339537.1245,11.279371671,48.186460758,2,#fc8d62,car
149122,9,1,73,126,2016,11,7,5,3,6,3,0,0,0,1,1,0,0,0,685993.5008,5303255.6347,11.486511801,47.855702171,2,#fc8d62,car
149123,9,7,61,0,2016,11,18,6,3,0,5,2,0,0,1,0,0,0,1,639064.9667,5360257.5056,10.878132265,48.380146428,2,#fc8d62,car
149125,9,7,72,200,2016,11,12,2,3,0,5,0,0,1,1,0,0,0,0,630657.2726,5338005452.0,10.75775971,48.181842388,1,#66c2a5,bicycle
149126,9,1,78,124,2016,11,12,6,3,5,3,0,0,0,1,0,1,0,0,703385927.0,5364781.96,11.748130439,48.403354589,2,#fc8d62,car
149127,9,1,62,0,2016,11,8,2,3,5,2,0,1,1,1,0,0,1,0,684602554.0,5335029299.0,11.481601923,48.141709927,1,#66c2a5,bicycle
149128,9,7,61,0,2016,11,14,4,3,2,6,0,1,0,1,0,0,0,0,639739725.0,5358971.8155,10.886812698,48.368436779,2,#fc8d62,car
149129,9,7,61,0,2016,11,7,6,3,4,2,0,0,1,1,0,0,0,0,638916.6922,5359318.8262,10.875820679,48.371738706,1,#66c2a5,bicycle
149136,9,1,62,0,2016,11,10,4,3,2,6,0,1,0,1,0,0,0,0,691769.9247,5330145.8617,11.575656975,48.095698301,2,#fc8d62,car
149137,9,7,61,0,2016,11,13,6,3,6,7,0,0,0,0,1,0,0,1,638888.5518,5358508.3037,10.875173232,48.364456857,3,#8da0cb,toilet
149139,9,7,72,202,2016,11,18,2,3,6,2,2,1,0,1,1,0,0,0,636424.8815,5359985.8361,10.842407955,48.37828001,2,#fc8d62,car
149140,9,1,62,0,2016,11,6,5,3,2,6,0,0,0,1,0,0,0,0,688807858.0,5334952.12,11.538042483,48.13978224,2,#fc8d62,car
149144,9,2,74,132,2016,11,17,2,3,0,1,1,1,0,0,0,1,0,0,723207.1684,5385956.2656,12.026895908,48.586877894,4,#e78ac3,marker
149145,9,1,62,0,2016,11,23,7,3,6,2,2,1,0,1,1,0,0,0,693015458.0,5333838.4131,11.594038932,48.128510146,2,#fc8d62,car
149148,9,1,62,0,2016,11,12,5,3,6,4,0,0,1,0,1,0,0,0,691813.4174,5335639.8284,11.578712266,48.145064346,1,#66c2a5,bicycle
149149,9,1,62,0,2016,11,19,4,3,5,3,2,1,0,0,0,1,0,1,698269.8596,5333618.5294,11.664475237,48.124919153,4,#e78ac3,marker
149150,9,7,61,0,2016,11,13,6,3,2,6,0,0,0,1,0,0,0,1,638666.4411,5362311.5113,10.873431036,48.398703275,2,#fc8d62,car
149152,9,1,62,0,2016,11,17,5,3,6,4,2,0,0,0,1,0,0,1,688466.3378,5334254276.0,11.533147508,48.133611147,3,#8da0cb,toilet
149153,9,1,62,0,2016,11,20,7,3,5,3,2,1,0,1,0,0,0,0,695654.8587,5337178.2513,11.631007326,48.157721083,2,#fc8d62,car
149156,9,1,62,0,2016,11,16,5,3,5,3,0,0,1,1,0,0,0,0,690769.0688,5338904.8762,11.566150947,48.174724309,1,#66c2a5,bicycle
149157,9,1,62,0,2016,11,17,2,3,6,4,2,0,1,0,1,0,0,0,683152.0679,5336014.4458,11.46254569,48.150984251,1,#66c2a5,bicycle
149158,9,7,61,0,2016,11,12,4,3,0,1,0,1,1,0,0,0,0,0,640412319.0,5358783522.0,10.895826267,48.366594434,1,#66c2a5,bicycle