OBJECTID,ULAND,UREGBEZ,UKREIS,UGEMEINDE,UJAHR,UMONAT,USTUNDE,UWOCHENTAG,UKATEGORIE,UART,UTYP1,ULICHTVERH,STRZUSTAND,IstRad,IstPKW,IstFuss,IstKrad,IstGkfz,IstSonstig,LINREFX,LINREFY,XGCSWGS84,YGCSWGS84,Teilnehmer,color,symbol
149160,9,1,62,0,2016,11,18,5,3,0,6,2,0,1,0,0,0,0,1,700403.7783,5332001.7009,11.692359669,48.109720502,1,#66c2a5,bicycle
149162,9,7,61,0,2016,11,13,4,3,2,6,0,1,0,1,0,0,0,0,640888.5984,5359237.6118,10.902405365,48.370571319,2,#fc8d62,car
149163,9,7,61,0,2016,11,12,6,3,0,4,0,0,1,0,1,0,0,0,639449.1813,5359848.7646,10.883182732,48.376386335,1,#66c2a5,bicycle
149168,9,1,62,0,2016,11,6,6,3,6,2,2,1,0,1,1,0,0,0,698766584.0,5333259.8924,11.670975796,48.121541123,2,#fc8d62,car
149172,9,1,84,114,2016,11,18,3,2,9,1,2,1,0,1,0,0,0,0,701969.2799,5316699.4027,11.706149924,47.971703546,2,#fc8d62,car
149174,9,1,62,0,2016,11,9,4,3,5,3,0,0,0,1,0,0,0,0,695494263.0,5336031864.0,11.628323546,48.147467354,2,#fc8d62,car
149175,9,7,71,130,2016,11,9,7,2,0,1,0,1,1,0,0,0,0,0,647185.4401,5357554.8169,10.986790251,48.354003918,1,#66c2a5,bicycle
149177,9,2,74,185,2016,11,10,7,3,5,3,0,1,0,1,0,0,0,0,732788719.0,5371840.9215,12.148753137,48.456596914,2,#fc8d62,car
149178,9,1,84,149,2016,11,18,6,3,5,7,2,1,0,1,0,0,0,0,692153.1089,5349711.2022,11.589646624,48.271430872,2,#fc8d62,car
149181,9,1,62,0,2016,11,12,3,3,5,2,0,0,1,1,0,0,0,0,688576.8542,5334756.4321,11.534853734,48.13809187,1,#66c2a5,bicycle
149184,9,1,62,0,2016,11,7,3,3,4,2,0,0,0,1,0,0,0,0,687691.5546,5334312.2042,11.522769777,48.134360783,2,#fc8d62,car
149186,9,1,84,132,2016,11,16,4,2,6,4,1,0,1,0,1,0,0,0,682780032.0,5329476.2627,11.454745011,48.092321379,1,#66c2a5,bicycle
149187,9,7,61,0,2016,11,12,7,3,6,3,0,0,0,1,1,0,0,0,639484.5996,5362383.3753,10.884502311,48.399168984,2,#fc8d62,car
149190,9,1,62,0,2016,11,13,6,3,0,7,0,0,1,0,0,0,0,0,686093808.0,5337777.27,11.502830679,48.165975251,1,#66c2a5,bicycle
149192,9,1,62,0,2016,11,7,4,3,5,3,0,2,0,1,0,0,0,0,683802518.0,5337929345.0,11.472110118,48.168008795,2,#fc8d62,car
149196,9,1,62,0,2016,11,17,4,3,1,6,1,1,0,1,0,0,0,0,682651058.0,5341501981.0,11.458173964,48.200453739,2,#fc8d62,car
149197,9,1,62,0,2016,11,7,6,2,6,4,0,1,0,1,1,0,0,0,689967.1825,5336565.4861,11.554330561,48.153938131,2,#fc8d62,car
149199,9,1,62,0,2016,11,10,4,3,1,7,0,0,0,1,0,0,0,0,684300.9068,5342619.7805,11.480842086,48.210024253,2,#fc8d62,car
149201,9,1,84,139,2016,11,14,6,3,0,3,0,1,0,1,0,0,0,0,686665.1441,5323913152.0,11.504442474,48.04119153,2,#fc8d62,car
149203,9,1,62,0,2016,11,11,4,3,5,3,0,0,1,1,0,0,1,0,693243.5317,5331695.4434,11.596129643,48.109180474,1,#66c2a5,bicycle
149206,9,1,62,0,2016,11,12,3,3,2,2,0,0,0,1,0,0,0,1,689900922.0,5337310.0347,11.553772834,48.160649918,2,#fc8d62,car
149212,9,1,62,0,2016,11,14,3,3,1,6,0,0,0,1,0,0,0,0,684239.0235,5331845.5777,11.475343372,48.113198178,2,#fc8d62,car
149214,9,1,62,0,2016,11,18,4,3,2,6,2,0,0,1,0,0,0,0,694020.9692,5332928.0495,11.607123692,48.120022424,2,#fc8d62,car
149215,9,1,62,0,2016,11,12,6,3,5,2,0,1,1,1,0,0,0,0,686747.0107,5330264.8832,11.508314337,48.098259843,1,#66c2a5,bicycle
149217,9,1,62,0,2016,11,15,4,3,1,6,0,0,0,1,0,0,0,1,688289.7022,5332378.7044,11.529947227,48.116805405,2,#fc8d62,car
149219,9,1,62,0,2016,11,12,3,3,2,6,0,0,0,1,0,0,0,0,690729.9873,5340251.4933,11.566230199,48.186839258,2,#fc8d62,car
149222,9,1,62,0,2016,11,7,6,3,5,2,0,1,0,1,0,0,0,0,688620431.0,5331723.88,11.534096945,48.11082184,2,#fc8d62,car
149226,9,1,62,0,2016,11,7,3,3,0,1,0,1,1,0,0,0,0,0,696627.1874,5329688.7764,11.640613314,48.090110171,1,#66c2a5,bicycle
149228,9,1,62,0,2016,11,11,4,3,5,3,0,0,1,1,0,0,0,0,691877424.0,5334636228.0,11.579119688,48.136024846,1,#66c2a5,bicycle
149229,9,7,61,0,2016,11,10,7,3,1,5,0,1,0,1,0,0,0,0,639904.9616,5359238.8829,10.889131368,48.370801567,2,#fc8d62,car
149233,9,7,61,0,2016,11,13,5,3,0,7,0,1,1,0,0,0,0,0,637429634.0,5360784.7135,10.856230937,48.385245353,1,#66c2a5,bicycle
149234,9,1,62,0,2016,11,22,3,3,6,2,2,1,0,1,1,0,0,0,689175.8273,5332582.9628,11.541932109,48.118378688,2,#fc8d62,car
149235,9,1,74,115,2016,11,12,7,3,3,6,0,0,0,1,0,0,0,0,682812383.0,5347749.6764,11.463037914,48.25656481,2,#fc8d62,car
149236,9,1,62,0,2016,11,18,6,3,2,6,2,1,1,1,0,0,0,0,691800605.0,5335596367.0,11.578520621,48.144677584,1,#66c2a5,bicycle
149238,9,2,74,113,2016,11,18,6,3,5,3,2,1,1,1,0,0,0,0,729337242.0,5381921209.0,12.107675639,48.548417006,1,#66c2a5,bicycle
149239,9,2,74,126,2016,11,15,6,3,5,3,0,1,1,1,0,0,0,0,734154.7572,5384886.7419,12.174521103,48.573275413,1,#66c2a5,bicycle
149240,9,1,62,0,2016,11,17,3,3,3,6,2,0,0,1,0,0,0,0,690164.9828,5333886.8371,11.55579129,48.129803326,2,#fc8d62,car
149244,9,7,61,0,2016,11,19,5,3,2,6,2,1,0,1,0,0,0,1,637425.5817,5360785.21,10.856176395,48.385250701,2,#fc8d62,car
149245,9,1,77,117,2016,11,15,7,3,1,6,0,0,0,1,0,0,0,0,714451962.0,5354174761.0,11.892056931,48.304380992,2,#fc8d62,car
149247,9,2,61,0,2016,11,8,4,3,0,1,0,0,1,0,0,0,0,0,731199.1902,5382690.3616,12.133294141,48.554642806,1,#66c2a5,bicycle
149249,9,7,61,0,2016,11,16,5,3,6,4,0,0,0,1,1,0,0,0,641432.6884,5362704.4729,10.910914955,48.40162216,2,#fc8d62,car
149250,9,2,61,0,2016,11,5,6,3,5,3,2,1,1,1,0,0,0,0,732784.4598,5382169.1346,12.154453127,48.549374478,1,#66c2a5,bicycle
149252,9,1,90,157,2016,11,8,4,2,0,1,0,2,1,0,0,0,0,0,660657.7545,5302075.1998,11.147630012,47.851923208,1,#66c2a5,bicycle
149253,9,7,61,0,2016,11,16,5,3,0,7,1,1,1,0,0,0,0,0,641865.9415,5361179.5266,10.916250141,48.387813218,1,#66c2a5,bicycle
149254,9,1,62,0,2016,11,8,3,3,7,7,0,0,1,0,1,0,0,0,690795.1785,5334677.3962,11.564606286,48.136720251,1,#66c2a5,bicycle
149257,9,7,61,0,2016,11,8,5,3,6,4,0,0,0,1,1,0,0,0,640306.3882,5358272.1831,10.894226262,48.362020188,2,#fc8d62,car
149261,9,7,61,0,2016,11,18,5,3,2,6,2,1,0,1,0,0,0,0,640822.1038,5359127.5466,10.901471151,48.369596492,2,#fc8d62,car
149270,9,1,62,0,2016,11,10,6,3,2,6,0,1,0,1,0,0,0,0,688670.4583,5337887.0294,11.537498484,48.166202305,2,#fc8d62,car
149275,9,7,61,0,2016,11,14,3,3,1,6,0,0,0,1,0,0,0,0,638366.3416,5359338.0635,10.868399629,48.372032589,2,#fc8d62,car
149277,9,1,63,0,2016,11,10,4,3,5,7,0,0,1,1,0,0,0,0,732768.5001,5304881.3283,12.111854907,47.855072747,1,#66c2a5,bicycle
149280,9,7,61,0,2016,11,8,3,3,0,1,0,1,1,0,0,0,0,0,641222.6929,5359481.2343,10.906995839,48.372687208,1,#66c2a5,bicycle
149281,9,1,63,0,2016,11,12,5,3,2,6,0,0,0,1,0,0,0,0,733541.0624,5304878.1055,12.122165634,47.854763551,2,#fc8d62,car
149286,9,1,62,0,2016,11,15,6,3,5,2,0,1,1,1,0,0,0,0,690167.3258,5336320.6952,11.556909562,48.151678143,1,#66c2a5,bicycle
149288,9,1,63,0,2016,11,18,4,3,5,3,2,0,1,1,0,0,0,0,731771.3011,5304542.2799,12.09836203,47.852387014,1,#66c2a5,bicycle
149289,9,1,79,121,2016,11,15,6,3,5,3,0,1,1,1,0,0,0,0,667614.7362,5339142.7337,11.255049335,48.183392094,1,#66c2a5,bicycle
149292,9,7,62,0,2016,11,12,4,3,5,3,0,0,1,1,0,0,0,0,621722589.0,5304222.0897,10.628011673,47.87978726,1,#66c2a5,bicycle
149295,9,7,77,145,2016,11,7,4,3,4,6,0,1,0,1,0,0,0,0,631684.9814,5327177.9282,10.768231732,48.08426173,2,#fc8d62,car
149298,9,1,62,0,2016,11,14,6,3,2,1,0,1,0,1,0,0,0,0,688890.1048,5337645.4696,11.540342296,48.163965923,2,#fc8d62,car
149299,9,7,72,149,2016,11,8,6,2,9,1,0,1,0,1,0,0,0,0,636846794.0,5338049386.0,10.840999191,48.180934336,2,#fc8d62,car
149300,9,1,87,117,2016,11,7,4,3,5,2,0,0,1,1,0,0,0,0,724420556.0,5305885.1205,12.000934346,47.867061034,1,#66c2a5,bicycle
149303,9,1,74,126,2016,11,6,6,3,6,2,2,1,0,1,1,0,0,0,684248.1408,5344658.4924,11.48101833,48.228364331,2,#fc8d62,car
149304,9,1,79,142,2016,11,18,5,3,6,2,2,1,0,1,1,0,0,0,672413.4093,5342702.3888,11.321001136,48.214107423,2,#fc8d62,car
149305,9,7,61,0,2016,11,11,4,3,5,3,0,0,1,1,0,0,0,0,639148.2358,5359224.2176,10.878914205,48.370836998,1,#66c2a5,bicycle
149306,9,7,72,163,2016,11,18,6,3,1,6,2,1,0,1,0,0,0,0,640179.5964,5348347.7063,10.88921662,48.272809616,2,#fc8d62,car
149307,9,7,61,0,2016,11,16,6,3,2,6,1,1,0,1,0,0,0,0,638686.2448,5358376.9466,10.87240004,48.363320199,2,#fc8d62,car
149309,9,7,61,0,2016,11,12,6,3,1,6,0,1,0,1,0,0,0,0,638343.4588,5357991.9651,10.867648058,48.359933725,2,#fc8d62,car
149311,9,7,61,0,2016,11,13,4,3,6,4,0,0,0,1,1,0,0,0,640664.1687,5350773.7558,10.896551248,48.294516739,2,#fc8d62,car
149313,9,1,78,124,2016,11,9,6,3,8,1,0,1,0,1,0,0,0,0,703811138.0,5362344.2511,11.752686244,48.381311613,2,#fc8d62,car
149315,9,1,79,142,2016,11,12,5,3,1,1,0,1,0,1,0,0,0,0,673002.78,5342986976.0,11.329044441,48.216505301,2,#fc8d62,car
149317,9,1,88,141,2016,11,9,4,2,0,7,0,2,0,1,0,0,0,0,670613.2214,5309603.0153,11.283580267,47.917034291,2,#fc8d62,car
149319,9,1,81,130,2016,11,7,5,3,0,7,1,1,1,0,0,0,0,1,638820.9835,5323233.8824,10.862720367,48.047281532,1,#66c2a5,bicycle
149320,9,7,71,113,2016,11,15,4,3,5,3,0,0,1,1,0,0,0,0,658347295.0,5369610.5635,11.14190223,48.459688286,1,#66c2a5,bicycle
149322,9,1,62,0,2016,11,14,7,3,6,4,0,0,0,1,1,0,0,0,692948093.0,5340989.3658,11.596377909,48.192801171,2,#fc8d62,car
149326,9,1,62,0,2016,11,3,7,2,6,4,2,1,0,1,1,0,0,0,690202815.0,5335433657.0,11.55698992,48.143694847,2,#fc8d62,car
149328,9,1,81,128,2016,11,10,5,3,0,7,0,0,1,0,0,0,0,0,638110.4824,5327348.2427,10.854521,48.084433509,1,#66c2a5,bicycle
149329,9,1,62,0,2016,11,12,6,3,5,3,0,1,0,1,0,0,0,0,693278.5607,5339150.3636,11.599983445,48.176172439,2,#fc8d62,car
149330,9,7,61,0,2016,11,17,6,3,5,3,1,1,1,1,0,0,0,0,640635.54,5359271975.0,10.899001788,48.370936742,1,#66c2a5,bicycle
149331,9,1,79,142,2016,11,18,4,3,5,3,2,1,0,1,0,0,0,0,673385264.0,5343792756.0,11.334518685,48.22364436,2,#fc8d62,car
149332,9,1,62,0,2016,11,17,5,3,6,7,2,1,0,1,1,0,0,0,699181.9191,5332290.6373,11.676097926,48.112700466,2,#fc8d62,car
149333,9,1,62,0,2016,11,10,5,3,5,3,0,1,1,1,0,0,0,0,690463.7908,5340143.9275,11.562604076,48.185952336,1,#66c2a5,bicycle
149335,9,1,81,122,2016,11,7,5,3,8,7,0,1,0,1,0,0,0,0,649511237.0,5335385585.0,11.010332963,48.154129075,2,#fc8d62,car
149339,9,1,62,0,2016,11,8,6,3,5,3,0,1,0,1,0,0,0,0,694397.1009,5334970.6282,11.613104232,48.138265625,2,#fc8d62,car
149341,9,1,79,142,2016,11,7,4,3,8,1,0,2,0,1,0,0,0,0,676497.7778,5343130.1214,11.376113724,48.216829608,2,#fc8d62,car
149342,9,1,62,0,2016,11,14,6,2,5,3,0,1,0,1,0,1,0,0,698642.2636,5333344.5116,11.669346518,48.122340411,2,#fc8d62,car
149344,9,1,79,123,2016,11,9,4,3,5,2,0,1,1,1,0,0,0,0,675331.7994,5332890.8859,11.356207822,48.125109407,1,#66c2a5,bicycle
149345,9,1,62,0,2016,11,9,5,3,3,2,0,1,1,1,0,0,0,0,690136972.0,5335245.3424,11.556021588,48.142021956,1,#66c2a5,bicycle
149346,9,1,62,0,2016,11,17,5,3,0,3,2,1,0,0,1,1,0,0,697777766.0,5331759515.0,11.657007366,48.108364666,3,#8da0cb,toilet
149348,9,1,79,119,2016,11,7,5,3,5,3,0,1,1,1,0,0,0,0,669406232.0,5338885.4344,11.279029428,48.180603847,1,#66c2a5,bicycle
149352,9,1,62,0,2016,11,16,6,2,6,4,2,1,0,1,1,0,0,0,701099.8268,5334677.9401,11.702962477,48.133552442,2,#fc8d62,car
149354,9,1,74,131,2016,11,10,4,3,4,2,0,0,0,1,0,0,0,0,676234356.0,5357615981.0,11.378611763,48.347116235,2,#fc8d62,car
149357,9,1,62,0,2016,11,14,7,3,5,3,0,0,1,1,0,0,0,0,682152.4316,5335325423.0,11.448823157,48.14507788,1,#66c2a5,bicycle
149358,9,1,62,0,2016,11,10,5,3,5,3,0,1,1,1,0,0,0,0,689587.7268,5337310.3549,11.549565481,48.160746258,1,#66c2a5,bicycle
149360,9,1,74,115,2016,11,17,5,3,0,6,2,1,0,1,0,0,0,1,682320298.0,5347988.1065,11.456517103,48.258849707,2,#fc8d62,car
149364,9,1,78,124,2016,11,9,5,2,6,2,0,1,0,1,1,0,0,0,702899.5508,5364558.0443,11.741458196,48.401499134,2,#fc8d62,car
149369,9,1,74,115,2016,11,7,4,3,6,1,0,0,1,0,1,0,0,0,682058373.0,5346843072.0,11.452498843,48.248632834,1,#66c2a5,bicycle
149373,9,1,77,133,2016,11,14,5,3,5,2,0,1,0,1,0,0,0,0,709885.7374,5358318.0404,11.832619084,48.343142423,2,#fc8d62,car
149374,9,1,75,132,2016,11,21,4,2,8,1,2,1,0,0,0,0,1,0,704905.9318,5336625796.0,11.754996403,48.149843023,5,#a6d854,bus
149375,9,1,62,0,2016,11,18,5,3,1,7,2,1,0,1,0,1,0,0,691283.2424,5339514.2294,11.573334424,48.18004652,2,#fc8d62,car
149378,9,1,78,143,2016,11,8,4,2,5,3,0,1,1,1,0,0,0,0,716594.2308,5372550.2593,11.930379259,48.468752161,1,#66c2a5,bicycle
149379,9,1,62,0,2016,11,11,7,3,1,5,0,0,1,1,0,0,0,0,690059.9387,5333404.2395,11.554165744,48.125497095,1,#66c2a5,bicycle
149381,9,1,62,0,2016,11,22,4,3,5,3,2,1,0,1,0,1,0,0,691201.4258,5340506.0857,11.57268127,48.188985769,2,#fc8d62,car
149382,9,1,62,0,2016,11,19,6,2,5,3,2,1,1,0,0,1,0,0,691223.3931,5334401.2358,11.570232241,48.134109617,1,#66c2a5,bicycle
149384,9,1,78,143,2016,11,7,4,3,5,3,0,1,1,0,0,0,0,1,716726.1375,5372739.1471,11.932259298,48.470403824,1,#66c2a5,bicycle
149385,9,1,62,0,2016,11,9,5,3,2,6,0,1,0,1,0,0,0,0,686695.3914,5339479.1923,11.511660944,48.181096189,2,#fc8d62,car
149386,9,1,62,0,2016,11,20,5,3,5,2,2,1,0,1,0,0,0,0,686763177.0,5336992682.0,11.511479776,48.15872686,2,#fc8d62,car
149388,9,1,62,0,2016,11,12,4,3,1,2,0,0,0,1,0,0,0,0,691550.7881,5336972.5122,11.57578498,48.157121436,2,#fc8d62,car
149392,9,1,78,138,2016,11,7,4,3,8,3,0,1,0,1,0,0,0,0,710640.1649,5368416.6214,11.847850333,48.433631876,2,#fc8d62,car
149393,9,1,62,0,2016,11,17,5,3,4,2,2,0,1,1,0,0,0,0,692197.7701,5331130.2016,11.581840568,48.104416548,1,#66c2a5,bicycle
149395,9,1,62,0,2016,11,9,4,3,5,3,0,1,0,1,0,0,0,0,691917.1165,5338093.8994,11.581211757,48.167089784,2,#fc8d62,car
149399,9,1,62,0,2016,11,23,7,3,5,3,2,0,0,1,0,0,0,0,691989.4305,5334729.9976,11.580665902,48.136833851,2,#fc8d62,car
149401,9,1,62,0,2016,11,17,4,3,1,5,2,0,0,0,0,1,0,1,685104.4546,5333753.1301,11.487787806,48.130093288,4,#e78ac3,marker
149402,9,1,62,0,2016,11,19,6,3,5,2,2,1,0,1,0,0,0,0,685454.0612,5339100.19,11.494812098,48.178053111,2,#fc8d62,car
149404,9,1,77,117,2016,11,13,4,2,0,7,0,0,1,0,0,0,0,0,715718.2621,5354418472.0,11.909235748,48.306140296,1,#66c2a5,bicycle
149405,9,1,62,0,2016,11,13,5,3,5,3,0,1,0,1,0,0,0,0,693885.6187,5331336.6198,11.604583468,48.105760359,2,#fc8d62,car
149406,9,1,62,0,2016,11,12,5,3,1,5,0,1,1,0,0,0,0,1,693073.8808,5334441.1771,11.5950964,48.133909917,1,#66c2a5,bicycle
149408,9,1,62,0,2016,11,9,4,3,1,1,0,1,0,1,1,0,0,0,685114.9606,5334997.3064,11.48846954,48.141273487,2,#fc8d62,car
149412,9,1,62,0,2016,11,13,6,3,6,4,0,0,0,1,1,0,0,0,686333553.0,5337577823.0,11.5059645,48.164112334,2,#fc8d62,car
149414,9,1,77,117,2016,11,15,4,3,8,1,0,1,0,0,0,1,0,0,715772.5582,5355709.1766,11.910627053,48.317718862,4,#e78ac3,marker
149415,9,1,62,0,2016,11,20,6,3,1,6,2,1,0,1,0,0,0,1,688766335.0,5332406.1336,11.536357128,48.116910837,2,#fc8d62,car
149417,9,1,77,117,2016,11,8,4,3,5,2,0,0,0,1,0,0,0,0,715082968.0,5352932854.0,11.899922649,48.293008048,2,#fc8d62,car
149421,9,1,62,0,2016,11,13,4,3,0,6,0,0,0,1,0,1,0,0,689520287.0,5330982647.0,11.54584481,48.103892434,2,#fc8d62,car
149425,9,1,84,145,2016,11,14,3,3,5,3,0,0,0,1,0,0,0,0,695898.9168,5325114.5398,11.628747692,48.049223047,2,#fc8d62,car
149432,9,1,62,0,2016,11,14,5,3,6,4,0,1,1,0,1,0,0,0,689611.4509,5333226.4651,11.548065739,48.12403298,1,#66c2a5,bicycle
149434,9,1,84,145,2016,11,14,4,3,6,7,0,1,0,0,1,0,0,1,693668417.0,5325244.4366,11.598907711,48.051071177,3,#8da0cb,toilet
149435,9,1,62,0,2016,11,17,3,3,1,7,2,0,1,1,0,0,0,0,687914205.0,5339975961.0,11.528261151,48.18520192,1,#66c2a5,bicycle
149439,9,1,62,0,2016,11,7,4,3,5,3,0,1,0,1,0,0,0,0,685256207.0,5337677.6335,11.491533209,48.165324319,2,#fc8d62,car
149440,9,1,62,0,2016,11,18,3,2,1,5,2,1,1,1,0,0,0,0,698856.8395,5332256.6542,11.671719421,48.11249663,1,#66c2a5,bicycle
149441,9,1,62,0,2016,11,6,3,3,5,2,1,0,0,1,0,0,0,0,679974.1961,5338523.2183,11.420919486,48.174442504,2,#fc8d62,car
149445,9,1,62,0,2016,11,18,2,3,5,3,2,0,0,1,0,0,0,0,686852827.0,5333917652.0,11.511334624,48.131061224,2,#fc8d62,car
149448,9,7,71,146,2016,11,16,3,3,6,1,0,0,0,1,1,0,0,0,647762.6225,5347945.1611,10.991210793,48.267466312,2,#fc8d62,car
149452,9,1,62,0,2016,11,18,5,3,5,2,2,0,1,0,0,1,0,0,692306.6837,5338133.7476,11.586463773,48.167330201,1,#66c2a5,bicycle
149457,9,1,62,0,2016,11,20,2,3,5,3,2,0,1,1,0,0,0,0,690329.9199,5335778.8184,11.558851184,48.146759137,1,#66c2a5,bicycle
149459,9,7,72,177,2016,11,21,5,3,1,5,2,0,0,1,0,0,0,1,636278.5499,5378549932.0,10.846479318,48.545236252,2,#fc8d62,car
149461,9,1,78,124,2016,11,10,1,3,0,1,0,0,0,0,0,1,0,0,703327.8,5364699108.0,11.747305847,48.402628812,4,#e78ac3,marker
149465,9,1,62,0,2016,11,17,4,3,4,2,2,1,0,1,0,0,0,0,692950356.0,5332321415.0,11.592478325,48.114895449,2,#fc8d62,car
149468,9,1,84,114,2016,11,18,7,3,2,6,2,0,0,1,0,0,0,0,698371.6198,5324335.0443,11.661530573,48.041453781,2,#fc8d62,car
149469,9,1,62,0,2016,11,15,5,3,0,6,0,1,1,1,0,0,0,0,698642.0362,5328881.0789,11.667265956,48.082226458,1,#66c2a5,bicycle
149475,9,1,62,0,2016,11,18,4,3,2,6,2,1,0,1,0,0,0,0,695121613.0,5336710.8921,11.62363018,48.153684535,2,#fc8d62,car
149476,9,1,75,132,2016,11,19,4,2,6,4,2,1,0,1,1,0,0,0,707450.0374,5330929.7402,11.786388663,48.097831793,2,#fc8d62,car
149477,9,1,62,0,2016,11,17,3,2,6,4,2,1,0,1,1,0,0,0,689046.5011,5332481.1473,11.540151,48.117501962,2,#fc8d62,car
149479,9,1,62,0,2016,11,10,5,3,6,4,0,1,0,1,1,0,0,0,696833.6845,5329275.2861,11.643192856,48.086330211,2,#fc8d62,car
149481,9,1,62,0,2016,11,19,4,3,3,2,2,1,1,1,0,0,0,0,689070.6023,5331670.7193,11.540115234,48.110210554,1,#66c2a5,bicycle
149483,9,1,85,158,2016,11,16,3,2,6,4,1,1,0,1,1,0,0,0,667184.4956,5380925.5448,11.265877602,48.559116701,2,#fc8d62,car
149486,9,1,62,0,2016,11,7,4,3,2,1,2,1,0,1,0,0,0,0,693904.7164,5331188.9633,11.604772645,48.104427452,2,#fc8d62,car
149487,9,1,62,0,2016,11,15,3,3,3,5,0,0,1,1,0,0,0,0,687908.2174,5328308.0588,11.523034578,48.080329933,1,#66c2a5,bicycle
149488,9,1,62,0,2016,11,17,5,3,1,7,2,1,1,1,0,0,0,0,688972.0846,5332573.2383,11.539192924,48.118351778,1,#66c2a5,bicycle
149489,9,1,62,0,2016,11,8,3,3,1,5,0,0,1,1,0,0,0,0,685897.8329,5335082.8966,11.499020564,48.141814555,1,#66c2a5,bicycle
149493,9,1,62,0,2016,11,13,2,3,6,4,0,0,0,1,1,0,0,0,690453.1313,5334745.6369,11.560043876,48.137436057,2,#fc8d62,car
149494,9,7,71,146,2016,11,14,2,3,6,4,0,0,0,1,1,0,0,0,646677.2002,5348707.2275,10.976857373,48.274570638,2,#fc8d62,car
149496,9,2,74,113,2016,11,14,2,3,4,6,0,0,0,1,0,1,0,0,728905.6654,5383193.4507,12.102535792,48.560003315,2,#fc8d62,car
149497,9,1,74,115,2016,11,10,3,3,2,6,0,0,0,1,0,0,0,0,679947214.0,5347459.1246,11.424348018,48.254773209,2,#fc8d62,car
149498,9,1,87,137,2016,11,17,3,3,2,6,2,0,0,1,0,0,0,0,729909.4972,5308455.0382,12.075591525,47.888209497,2,#fc8d62,car
149499,9,7,61,0,2016,11,11,2,3,6,7,0,0,0,0,1,0,0,1,641319.8507,5358365.4924,10.90793214,48.362633138,3,#8da0cb,toilet
149501,9,1,62,0,2016,11,12,5,3,0,1,0,1,0,0,0,1,0,0,691271.1639,5334157.7665,11.570764354,48.131906982,4,#e78ac3,marker
149503,9,1,73,147,2016,11,7,2,3,5,3,1,0,1,1,0,0,0,0,681807543.0,5309352898.0,11.433170195,47.911709946,1,#66c2a5,bicycle
149507,9,1,62,0,2016,11,11,7,3,6,7,0,0,0,1,1,0,0,0,700029.1486,5334648.5907,11.688574296,48.133626074,2,#fc8d62,car
149508,9,1,62,0,2016,11,17,5,3,6,4,2,0,0,1,1,0,0,0,699529.4697,5332718.4091,11.680962257,48.116436132,2,#fc8d62,car
149510,9,7,61,0,2016,11,20,5,3,5,2,2,0,1,1,0,0,0,0,639684.1146,5357500.2169,10.885573644,48.355216858,1,#66c2a5,bicycle
149512,9,7,61,0,2016,11,13,4,3,0,1,0,1,1,0,0,0,0,0,641156.2085,5354560.4975,10.904448584,48.328456512,1,#66c2a5,bicycle
149514,9,7,61,0,2016,11,17,3,3,5,3,2,1,1,1,0,0,0,0,638497.3206,5359321.1978,10.870161741,48.371852205,1,#66c2a5,bicycle
149516,9,1,63,0,2016,11,15,2,3,6,4,0,0,0,1,1,0,0,0,733572.4989,5304926.2621,12.122611258,47.855184768,2,#fc8d62,car
149518,9,7,61,0,2016,11,13,3,3,5,1,0,0,1,1,0,0,0,0,640715.3763,5355452.8927,10.898802378,48.336578977,1,#66c2a5,bicycle
149520,9,1,88,127,2016,11,11,5,3,2,6,0,1,1,0,0,0,0,1,678835.7674,5330143.4322,11.402101622,48.099437618,1,#66c2a5,bicycle
149522,9,1,79,142,2016,11,13,5,3,4,6,0,1,0,1,0,0,0,0,670799.4819,5340843.1971,11.298544599,48.197830431,2,#fc8d62,car
149523,9,1,87,117,2016,11,10,2,3,2,6,0,0,0,1,0,0,0,0,724834697.0,5305195.0152,12.00610548,47.860715637,2,#fc8d62,car
149526,9,1,62,0,2016,11,18,4,1,6,4,2,1,0,1,1,0,0,0,693103.9581,5333616.8861,11.595126692,48.126492277,2,#fc8d62,car
149531,9,1,62,0,2016,11,13,4,3,0,7,0,1,0,0,0,1,0,1,686016.1515,5334849.3129,11.500507519,48.139680433,4,#e78ac3,marker
149534,9,1,62,0,2016,11,15,4,3,5,2,0,1,1,1,0,0,0,0,691419.7402,5337027.8731,11.574049529,48.157658472,1,#66c2a5,bicycle
149536,9,1,74,115,2016,11,7,2,2,5,3,0,0,0,1,0,0,0,0,682090507.0,5347783.9605,11.453336083,48.257080811,2,#fc8d62,car
149539,9,7,61,0,2016,11,10,2,2,0,1,0,1,1,0,0,0,0,0,640467.1446,5356018.4164,10.895643252,48.341719242,1,#66c2a5,bicycle
149541,9,7,78,209,2016,11,7,4,3,4,6,0,1,0,1,0,0,0,0,619456.4388,5323026.9542,10.602940209,48.049338782,2,#fc8d62,car
149542,9,1,62,0,2016,11,8,5,3,0,6,1,1,1,0,0,0,0,0,692584.7894,5338037.6142,11.590156709,48.16638199,1,#66c2a5,bicycle