OBJECTID,ULAND,UREGBEZ,UKREIS,UGEMEINDE,UJAHR,UMONAT,USTUNDE,UWOCHENTAG,UKATEGORIE,UART,UTYP1,ULICHTVERH,STRZUSTAND,IstRad,IstPKW,IstFuss,IstKrad,IstGkfz,IstSonstig,LINREFX,LINREFY,XGCSWGS84,YGCSWGS84,Teilnehmer,color,symbol
149543,9,1,62,0,2016,11,11,3,3,0,6,0,0,1,1,0,0,0,0,689026.0245,5332575.5925,11.539918012,48.118356928,1,#66c2a5,bicycle
149544,9,1,74,115,2016,11,17,2,2,0,6,2,0,1,1,0,0,0,0,681228.0069,5347872532.0,11.441764393,48.258124198,1,#66c2a5,bicycle
149545,9,1,62,0,2016,11,19,3,3,5,3,2,1,0,1,0,0,0,0,689632.2077,5342600.6412,11.552524349,48.208281911,2,#fc8d62,car
149546,9,1,62,0,2016,11,10,3,2,6,2,0,0,0,1,1,0,0,0,690483317.0,5342239.4989,11.563806624,48.204781196,2,#fc8d62,car
149547,9,1,75,122,2016,11,9,2,2,0,1,0,0,1,0,0,0,0,0,721186.6679,5325295.0015,11.967729977,48.042584526,1,#66c2a5,bicycle
149549,9,1,78,130,2016,11,17,3,3,5,3,2,1,0,1,0,0,0,0,702746945.0,5356837.6499,11.735677726,48.332170211,2,#fc8d62,car
149550,9,7,61,0,2016,11,18,2,3,5,3,2,0,0,1,0,1,0,0,640616.5383,5357709.7714,10.898223144,48.356894157,2,#fc8d62,car
149551,9,7,61,0,2016,11,15,4,3,9,7,0,1,1,0,0,0,0,0,641947.2381,5360227.2967,10.917025948,48.379232913,1,#66c2a5,bicycle
149554,9,1,62,0,2016,11,20,1,2,1,6,2,1,0,1,0,0,0,0,689164.6664,5332978.0663,11.541957598,48.121933246,2,#fc8d62,car
149559,9,1,62,0,2016,11,10,2,3,3,2,0,0,0,0,0,0,1,1,688689.8158,5337859.1274,11.537746186,48.165945774,5,#a6d854,bus
149563,9,1,77,117,2016,11,10,1,3,0,7,0,0,1,0,0,0,0,0,715448.0958,5354982.9517,11.90588526,48.311304272,1,#66c2a5,bicycle
149568,9,1,62,0,2016,11,17,5,3,4,3,2,1,0,1,0,0,0,0,690486.4749,5342102.5413,11.563787612,48.203549294,2,#fc8d62,car
149570,9,1,62,0,2016,11,18,5,2,6,4,2,0,0,1,1,0,0,0,688607.7929,5332618.1323,11.534322813,48.118863298,2,#fc8d62,car
149572,9,7,71,113,2016,11,7,5,3,5,3,0,0,1,1,0,0,0,0,657633.6945,5369999.2364,11.13240303,48.463361731,1,#66c2a5,bicycle
149574,9,1,62,0,2016,11,11,1,3,4,6,0,0,0,1,0,0,0,0,691664175.0,5334454.1266,11.576174378,48.134452403,2,#fc8d62,car
149577,9,1,62,0,2016,11,7,4,2,0,3,0,1,1,1,0,0,0,0,684985.4203,5337787.1341,11.487942561,48.166387409,1,#66c2a5,bicycle
149578,9,1,81,130,2016,11,9,4,2,4,1,0,1,0,1,0,0,0,0,638363.4653,5326080.4536,10.857505588,48.072978271,2,#fc8d62,car
149579,9,1,62,0,2016,11,7,3,3,5,3,0,0,1,1,0,0,0,0,692868.2025,5335485.1974,11.592807585,48.14335567,1,#66c2a5,bicycle
149581,9,1,62,0,2016,11,13,1,3,0,7,0,0,1,0,0,0,0,0,691711.2042,5333739.5757,11.576484341,48.128015945,1,#66c2a5,bicycle
149583,9,1,62,0,2016,11,10,1,3,5,3,0,0,0,1,0,0,0,0,700885945.0,5334446.1455,11.699981738,48.131536852,2,#fc8d62,car
149584,9,1,79,126,2016,11,16,3,2,1,6,0,0,1,1,0,0,0,0,677300.4133,5339905.5126,11.385562509,48.187619666,1,#66c2a5,bicycle
149585,9,1,78,124,2016,11,16,5,3,5,3,1,0,0,1,0,0,0,0,704492.6989,5359120.1188,11.76031306,48.352118556,2,#fc8d62,car
149586,9,1,62,0,2016,11,19,1,3,2,6,2,0,0,1,0,0,0,0,692021.4329,5338101.4869,11.582616721,48.167126477,2,#fc8d62,car
149590,9,1,62,0,2016,11,17,4,3,1,6,2,1,0,1,0,0,0,0,683514.1155,5338979.6468,11.468688289,48.177532818,2,#fc8d62,car
149591,9,1,62,0,2016,11,9,3,3,1,6,0,0,0,1,0,0,0,0,688610.1045,5335674.4162,11.535706826,48.146332989,2,#fc8d62,car
149592,9,1,62,0,2016,11,11,3,3,6,4,0,0,0,1,1,0,0,0,687737702.0,5335953.2797,11.524112909,48.14909753,2,#fc8d62,car
149596,9,1,62,0,2016,11,18,2,3,0,7,2,0,0,0,0,0,0,1,692293.8993,5338203.1983,11.586323414,48.167958273,6,#ffd92f,circle
149602,9,1,62,0,2016,11,9,5,3,5,3,0,1,1,1,0,0,0,0,692156.8117,5335217.8081,11.583133504,48.141167682,1,#66c2a5,bicycle
149604,9,7,61,0,2016,11,19,1,3,2,6,2,0,0,1,0,0,0,0,640934.1248,5357195.9484,10.902335822,48.352203227,2,#fc8d62,car
149607,9,1,62,0,2016,11,6,2,3,1,7,2,0,1,1,0,0,0,0,693081.8608,5333980.9508,11.594994988,48.129771101,1,#66c2a5,bicycle
149609,9,7,71,146,2016,11,19,5,3,5,3,2,0,0,1,0,0,0,1,646583.0586,5348767.0654,10.975610103,48.275130464,2,#fc8d62,car
149613,9,7,72,163,2016,11,13,3,3,2,6,0,1,0,1,0,0,0,0,640729.9847,5350375.0022,10.897305244,48.290916598,2,#fc8d62,car
149618,9,7,61,0,2016,11,15,3,3,5,3,0,0,1,1,0,0,0,0,638490.5723,5359337.5972,10.870076069,48.372001146,1,#66c2a5,bicycle
149620,9,1,62,0,2016,11,17,5,3,6,4,2,1,1,0,1,0,0,0,690955.4341,5332352.0854,11.565716328,48.115772398,1,#66c2a5,bicycle
149626,9,1,62,0,2016,11,16,4,3,5,3,2,1,1,1,0,0,0,0,693624.1306,5342105.7813,11.605974322,48.202629291,1,#66c2a5,bicycle
149627,9,1,77,117,2016,11,19,4,3,4,6,2,1,0,1,0,0,0,0,715939.2534,5354069065.0,11.912033356,48.30292546,2,#fc8d62,car
149628,9,1,62,0,2016,11,9,3,3,4,7,0,0,0,1,0,0,0,0,690477904.0,5335678.1843,11.560793641,48.14581035,2,#fc8d62,car
149631,9,1,62,0,2016,11,8,4,3,5,3,0,1,1,1,0,0,0,0,686477.5639,5334229.2471,11.506432413,48.133972007,1,#66c2a5,bicycle
149632,9,1,63,0,2016,11,18,4,3,5,3,2,1,1,1,0,0,0,0,732425.7305,5304375.9722,12.107007947,47.850656582,1,#66c2a5,bicycle
149633,9,1,62,0,2016,11,8,5,3,5,2,0,1,1,1,0,0,0,0,693814898.0,5332524962.0,11.604174393,48.116462353,1,#66c2a5,bicycle
149635,9,1,62,0,2016,11,7,4,3,3,2,0,1,0,1,0,0,0,0,690487.8623,5333145.2925,11.55979483,48.123041781,2,#fc8d62,car
149640,9,1,62,0,2016,11,6,4,3,3,3,2,1,1,1,0,0,0,0,691130275.0,5335539114.0,11.569492584,48.144364738,1,#66c2a5,bicycle
149641,9,1,62,0,2016,11,22,5,3,5,3,2,0,1,0,0,0,0,0,689576.2009,5333526.3696,11.547725915,48.126739044,1,#66c2a5,bicycle
149642,9,1,62,0,2016,11,18,3,3,6,4,2,1,0,1,1,0,0,0,694680.7095,5335425.6417,11.617120399,48.142268389,2,#fc8d62,car
149649,9,1,78,145,2016,11,22,3,2,0,3,2,1,0,1,0,0,0,0,699656.7204,5356446.9258,11.693844316,48.32964259,2,#fc8d62,car
149651,9,7,73,182,2016,11,15,4,3,2,6,0,1,0,1,0,0,0,0,623929.9521,5380002.4702,10.679675466,48.560859529,2,#fc8d62,car
149653,9,7,77,164,2016,11,19,3,3,1,1,2,1,1,0,0,0,1,0,622845.1619,5312068.7024,10.645255637,47.950142829,1,#66c2a5,bicycle
149659,9,1,62,0,2016,11,8,5,3,6,4,0,1,0,1,1,0,0,0,693891.1322,5340292297.0,11.608735955,48.186249044,2,#fc8d62,car
149661,9,1,84,123,2016,11,15,2,3,5,2,0,0,0,1,0,0,1,0,704048.9653,5332858.9225,11.741684047,48.116266888,2,#fc8d62,car
149662,9,7,61,0,2016,11,9,4,2,1,1,0,1,1,0,0,0,0,1,640571.4104,5358855.1825,10.897997021,48.367203371,1,#66c2a5,bicycle
149663,9,7,77,121,2016,11,16,5,3,5,3,0,0,0,1,0,0,0,0,627271.9705,5322354.9986,10.707567241,48.041785121,2,#fc8d62,car
149668,9,7,61,0,2016,11,16,3,3,4,2,2,1,1,1,0,0,0,0,640586.9516,5358035.6205,10.897932841,48.359830677,1,#66c2a5,bicycle
149670,9,1,62,0,2016,11,16,5,3,0,7,1,1,0,1,0,0,0,0,688367.1764,5339919.1288,11.534324203,48.184556961,2,#fc8d62,car
149672,9,1,74,115,2016,11,18,5,3,2,6,2,1,0,1,0,0,0,0,681831.4951,5347798.9986,11.449856149,48.257290356,2,#fc8d62,car
149674,9,7,61,0,2016,11,10,5,3,0,1,0,1,1,0,0,0,0,0,640630.5821,5359272.6227,10.898935096,48.370943671,1,#66c2a5,bicycle
149676,9,1,88,113,2016,11,1,1,3,1,5,2,0,0,1,0,0,0,0,676663835.0,5313114596.0,11.365935103,47.946963685,2,#fc8d62,car
149679,9,1,62,0,2016,11,18,4,3,4,3,2,1,1,1,0,0,0,0,690674.0779,5338386.1666,11.564641853,48.170090709,1,#66c2a5,bicycle
149680,9,1,86,143,2016,11,15,4,3,8,1,0,1,0,1,0,0,0,0,685663.8755,5379448.2558,11.515433866,48.540640397,2,#fc8d62,car
149681,9,1,62,0,2016,11,6,3,3,5,3,1,0,1,1,0,0,0,0,685994732.0,5328501557.0,11.497451969,48.082630235,1,#66c2a5,bicycle
149684,9,1,62,0,2016,11,0,7,3,6,4,2,1,0,1,1,0,0,0,692645.7159,5333428.2217,11.588889623,48.124935436,2,#fc8d62,car
149686,9,2,61,0,2016,11,7,3,3,6,7,0,0,0,1,1,0,0,0,731061616.0,5382576938.0,12.131369651,48.553674631,2,#fc8d62,car
149690,9,1,74,115,2016,11,9,2,3,5,3,0,0,0,1,0,0,0,0,681466787.0,5346832546.0,11.444532652,48.248707856,2,#fc8d62,car
149691,9,2,74,194,2016,11,1,1,3,8,1,2,1,0,1,0,0,0,0,724566.7601,5382684.0516,12.043539759,48.556995868,2,#fc8d62,car
149692,9,1,87,150,2016,11,18,7,3,5,3,2,0,1,1,0,0,0,0,729483.9085,5304172.1887,12.067632993,47.849882618,1,#66c2a5,bicycle
149693,9,1,62,0,2016,11,16,2,3,6,2,0,0,0,1,1,0,0,0,687655.39,5329173.7026,11.520023552,48.088185096,2,#fc8d62,car
149695,9,1,62,0,2016,11,8,3,3,4,2,0,0,1,1,0,0,0,0,695617.1334,5330939.6267,11.627636724,48.101663046,1,#66c2a5,bicycle
149698,9,1,86,143,2016,11,13,6,3,0,7,0,1,0,1,0,1,0,0,685439.7046,5377705076.0,11.511624272,48.525039524,2,#fc8d62,car
149699,9,1,62,0,2016,11,10,7,3,6,4,0,1,0,1,1,0,0,0,690582.1182,5329298.7119,11.559342023,48.088440398,2,#fc8d62,car
149703,9,1,62,0,2016,11,17,3,3,3,2,2,0,0,1,0,1,0,0,696629.9205,5338084.4137,11.644523568,48.165564327,2,#fc8d62,car
149705,9,7,62,0,2016,11,13,6,3,3,2,0,0,1,0,0,0,0,0,622659.2899,5305309.4977,10.640843457,47.889388772,1,#66c2a5,bicycle
149706,9,1,62,0,2016,11,15,3,2,6,4,0,0,0,1,1,0,0,1,689376246.0,5334621.5975,11.54552825,48.136642568,2,#fc8d62,car
149710,9,7,61,0,2016,11,10,2,3,0,3,0,0,0,1,0,0,0,0,641423.9245,5364775.8959,10.911494813,48.420249389,2,#fc8d62,car
149713,9,7,62,0,2016,11,15,6,3,2,6,0,0,0,1,0,0,0,0,622062598.0,5305257.6661,10.632850068,47.889036379,2,#fc8d62,car
149714,9,7,72,223,2016,11,7,3,3,5,2,1,0,0,1,0,1,0,0,617779.1531,5363973.6133,10.591826478,48.417898896,2,#fc8d62,car
149717,9,1,88,121,2016,11,3,7,3,0,7,2,1,1,0,0,0,0,0,670190.6938,5331910.0521,11.286785093,48.117687124,1,#66c2a5,bicycle
149718,9,1,84,138,2016,11,18,2,3,0,6,2,0,1,0,0,0,0,1,683289239.0,5331547.48,11.462466696,48.110792719,1,#66c2a5,bicycle
149719,9,1,79,121,2016,11,8,3,2,8,1,0,1,0,1,0,0,0,0,668141.6393,5337605.2776,11.261524204,48.169431296,2,#fc8d62,car
149720,9,1,62,0,2016,11,13,7,3,5,3,0,0,0,1,0,0,0,0,689305.8583,5332584.1084,11.543678044,48.118350341,2,#fc8d62,car
149721,9,1,63,0,2016,11,9,4,2,6,7,0,0,0,1,1,0,0,0,733915.4043,5304756.3021,12.12709658,47.853533146,2,#fc8d62,car
149722,9,1,62,0,2016,11,10,7,3,1,6,0,1,0,1,0,0,1,0,693790.7965,5331144.6751,11.603223855,48.104064064,2,#fc8d62,car
149724,9,2,61,0,2016,11,19,3,3,4,2,2,0,1,1,0,0,0,0,737422.2694,5384487.1342,12.218519568,48.568457055,1,#66c2a5,bicycle
149725,9,7,61,0,2016,11,14,6,3,5,3,0,0,0,1,0,0,0,0,638411348.0,5362795.5281,10.870146135,48.403111489,2,#fc8d62,car
149726,9,1,79,125,2016,11,6,2,2,0,7,2,0,1,0,0,0,0,0,659851.4744,5333024.0553,11.148383431,48.130382399,1,#66c2a5,bicycle
149728,9,1,88,121,2016,11,18,7,3,0,7,2,1,0,1,1,0,0,0,671314473.0,5330815745.0,11.30143272,48.107548236,2,#fc8d62,car
149729,9,1,62,0,2016,11,7,2,3,3,6,0,0,1,0,0,0,0,1,682651058.0,5341501981.0,11.458173964,48.200453739,1,#66c2a5,bicycle
149730,9,1,77,133,2016,11,15,4,3,3,6,0,0,0,1,0,0,0,1,707930.4623,5355654.8711,11.804949895,48.319858021,2,#fc8d62,car
149731,9,7,72,147,2016,11,19,6,3,5,3,2,1,0,1,0,0,0,0,638513.0521,5366166.4208,10.872632816,48.433399279,2,#fc8d62,car
149733,9,1,62,0,2016,11,15,7,3,2,6,0,1,0,1,0,0,0,1,694105.5434,5334204.6307,11.60884029,48.131470119,2,#fc8d62,car
149735,9,1,63,0,2016,11,9,3,3,0,7,0,0,0,0,1,0,0,1,733329.7979,5304419.9167,12.119098508,47.850723877,3,#8da0cb,toilet
149736,9,7,61,0,2016,11,13,6,3,6,4,0,0,0,1,1,0,0,0,640384.1687,5358536.6797,10.895364017,48.364381168,2,#fc8d62,car
149738,9,1,62,0,2016,11,18,1,3,5,7,2,0,1,1,0,0,0,0,689869.6037,5331492.4722,11.550759272,48.108370784,1,#66c2a5,bicycle
149740,9,1,79,132,2016,11,13,7,2,5,7,0,1,1,1,0,0,0,0,661470209.0,5336850875.0,11.171574499,48.164378772,1,#66c2a5,bicycle
149741,9,7,62,0,2016,11,17,2,3,9,7,2,0,0,1,0,0,0,0,622401.1443,5304553.0579,10.637177182,47.882634874,2,#fc8d62,car
149742,9,7,61,0,2016,11,7,3,3,4,2,0,0,1,1,0,0,0,0,640157.5651,5358338.7241,10.892240363,48.362651564,1,#66c2a5,bicycle
149744,9,1,62,0,2016,11,8,3,3,5,3,0,0,1,1,0,0,0,0,694168.0622,5336421.8392,11.610690583,48.151378473,1,#66c2a5,bicycle
149752,9,1,81,130,2016,11,16,6,2,4,6,1,0,0,1,0,1,0,0,641035.9021,5319282.8807,10.891123102,48.011267641,2,#fc8d62,car
149753,9,1,75,132,2016,11,12,7,2,0,7,0,1,1,0,0,0,0,0,707504.3428,5331128.7242,11.787213905,48.099602258,1,#66c2a5,bicycle
149756,9,1,62,0,2016,11,8,3,3,3,6,0,0,1,1,0,0,0,0,690112.1034,5342184.2685,11.558790717,48.204396061,1,#66c2a5,bicycle
149759,9,1,62,0,2016,11,13,7,3,5,2,0,1,1,1,0,0,0,0,688541.0657,5336942.5223,11.535341365,48.157751358,1,#66c2a5,bicycle
149761,9,1,62,0,2016,11,8,7,3,2,6,0,0,0,1,0,0,0,0,694084.0745,5334725.0991,11.608789155,48.136154449,2,#fc8d62,car
149765,9,1,62,0,2016,11,23,7,3,1,5,2,0,0,1,0,0,0,0,688342.5909,5334713.4287,11.531688937,48.137774728,2,#fc8d62,car
149770,9,1,62,0,2016,11,20,3,3,0,3,2,0,0,1,0,0,0,0,691532094.0,5332859.8118,11.573684418,48.120162629,2,#fc8d62,car
149772,9,1,78,124,2016,11,14,3,3,5,3,0,0,0,1,0,0,0,0,704769.3939,5359559.6356,11.764257264,48.355978479,2,#fc8d62,car
149774,9,1,62,0,2016,11,11,7,3,0,1,0,1,1,0,0,0,0,0,691242243.0,5334042585.0,11.570324354,48.13088043,1,#66c2a5,bicycle
149778,9,1,74,122,2016,11,7,2,3,9,1,1,1,0,1,0,0,0,0,681482.6727,5352920.2944,11.447360007,48.303423307,2,#fc8d62,car
149780,9,1,77,117,2016,11,0,7,3,6,7,2,0,0,1,1,0,0,0,715395.2698,5354445.3432,11.904899321,48.306491783,2,#fc8d62,car
149782,9,7,61,0,2016,11,17,3,3,1,5,2,0,1,1,0,0,0,0,640458.7743,5358351.6913,10.896308947,48.362701215,1,#66c2a5,bicycle
149783,9,1,86,143,2016,11,17,2,3,5,3,2,0,0,1,0,0,0,0,683777.9633,5377717.4354,11.48914506,48.525639263,2,#fc8d62,car
149785,9,1,62,0,2016,11,13,6,3,0,7,0,0,1,1,0,0,0,0,700948.6516,5332884.2412,11.700087251,48.117480245,1,#66c2a5,bicycle
149786,9,1,84,135,2016,11,8,2,3,3,6,0,0,1,1,0,0,0,0,689403.2581,5348133206.0,11.551918792,48.258076376,1,#66c2a5,bicycle
149793,9,1,62,0,2016,11,4,1,3,9,1,2,1,0,1,0,0,0,0,696474.0501,5330772.2223,11.639057605,48.099894845,2,#fc8d62,car
149794,9,1,74,115,2016,11,6,6,3,1,6,1,1,0,1,0,0,0,0,682936.2113,5348419.3158,11.46499418,48.262548092,2,#fc8d62,car
149795,9,1,79,111,2016,11,1,1,3,0,7,2,0,0,1,0,0,0,0,657998962.0,5338668.0654,11.125599648,48.181588856,2,#fc8d62,car
149796,9,1,62,0,2016,11,10,6,3,3,6,0,0,0,1,0,1,0,0,693052.3973,5333806.3514,11.594520327,48.128210782,2,#fc8d62,car
149799,9,1,62,0,2016,11,17,2,2,6,2,2,0,0,1,1,0,0,0,689725316.0,5330656409.0,11.548451125,48.100899146,2,#fc8d62,car
149800,9,1,62,0,2016,11,8,3,3,0,6,0,0,0,1,0,0,0,1,696397.1878,5336149.3504,11.640503782,48.148245133,2,#fc8d62,car
149804,9,1,77,133,2016,11,14,6,3,3,6,0,0,0,1,0,0,1,0,707124.3876,5360096.7305,11.796273371,48.360036819,2,#fc8d62,car
149805,9,1,62,0,2016,11,15,7,3,0,7,0,1,0,0,0,1,0,0,687799.5665,5334198.0359,11.524169781,48.133302748,4,#e78ac3,marker
149806,9,1,62,0,2016,11,8,6,3,3,2,0,0,1,1,0,0,0,0,697305.1559,5332250.3716,11.650892267,48.112922735,1,#66c2a5,bicycle
149809,9,1,84,118,2016,11,8,3,3,5,3,0,0,1,0,0,0,1,0,703811.8582,5336853.5292,11.740412936,48.152241068,1,#66c2a5,bicycle
149810,9,1,88,126,2016,11,22,3,2,8,1,2,0,0,1,0,0,0,0,659731.9682,5327125.4039,11.14457027,48.077379354,2,#fc8d62,car
149811,9,1,62,0,2016,11,18,3,2,5,3,2,0,1,1,0,0,0,0,693634.5988,5332520.8957,11.601752566,48.116480654,1,#66c2a5,bicycle
149814,9,1,62,0,2016,11,13,7,3,0,1,0,1,1,0,0,0,0,0,692141.0455,5332553.9568,11.581720686,48.117230186,1,#66c2a5,bicycle
149815,9,7,61,0,2016,11,14,2,3,5,5,0,0,1,1,0,0,0,0,638366216.0,5358569.2014,10.868144968,48.365119148,1,#66c2a5,bicycle
149819,9,1,62,0,2016,11,8,3,3,5,3,0,0,1,0,0,0,0,0,689486.8646,5333950.2345,11.546715021,48.130575377,1,#66c2a5,bicycle
149822,9,1,62,0,2016,11,19,2,3,1,5,2,0,1,1,0,0,0,0,692279.0542,5336786.6568,11.585483672,48.155231229,1,#66c2a5,bicycle
149823,9,1,86,146,2016,11,5,4,3,0,1,2,1,1,0,0,0,0,0,681983.7016,5368090.4934,11.460675037,48.439633972,1,#66c2a5,bicycle
149826,9,1,87,142,2016,11,9,4,3,5,3,0,0,0,1,0,0,0,1,733740.9832,5314520235.0,12.130056197,47.941315091,2,#fc8d62,car
149827,9,7,72,184,2016,11,12,7,3,6,7,0,1,0,1,1,0,0,0,636071.4082,5361434.8871,10.838106153,48.391386132,2,#fc8d62,car
149830,9,2,61,0,2016,11,22,3,3,1,7,2,0,1,1,0,0,0,0,733278.5524,5381943.7114,12.161011709,48.547166059,1,#66c2a5,bicycle
149832,9,1,81,127,2016,11,13,2,3,9,1,0,0,0,0,0,1,0,0,632712378.0,5323986.24,10.781029529,48.055346693,4,#e78ac3,marker
149834,9,1,62,0,2016,11,13,6,3,1,7,0,0,1,1,0,0,0,0,691479.7765,5337116.2048,11.574895754,48.158434309,1,#66c2a5,bicycle
149835,9,1,62,0,2016,11,20,2,3,6,4,2,0,1,0,1,0,0,0,686364.7008,5339088839.0,11.507045317,48.177684666,1,#66c2a5,bicycle
149836,9,1,75,118,2016,11,19,4,2,6,6,2,0,0,1,1,0,0,0,715129513.0,5338213.99,11.893079674,48.160738546,2,#fc8d62,car
149845,9,1,75,135,2016,11,15,2,3,5,7,0,0,0,1,0,0,0,0,707982.7411,5338489.5314,11.79722488,48.165592412,2,#fc8d62,car
149847,9,1,62,0,2016,11,20,6,3,5,3,2,0,1,1,0,0,0,0,686357.2892,5334131.4043,11.504774613,48.13312779,1,#66c2a5,bicycle
149848,9,1,62,0,2016,11,8,2,3,5,2,0,0,1,1,0,0,0,0,692671.1606,5334187.3441,11.589574409,48.131750566,1,#66c2a5,bicycle
149850,9,1,62,0,2016,11,14,3,2,3,2,0,0,1,1,0,0,0,0,692999.5478,5332051.6008,11.593016468,48.112455512,1,#66c2a5,bicycle
149853,9,1,62,0,2016,11,8,5,3,5,3,0,1,0,1,0,0,0,0,691073.1232,5342282.4868,11.571756176,48.204990325,2,#fc8d62,car
149854,9,1,62,0,2016,11,13,7,3,5,3,0,1,0,1,1,0,0,0,690714.1621,5336277.4606,11.564235091,48.151125823,2,#fc8d62,car
149856,9,1,62,0,2016,11,17,1,3,0,7,2,0,0,1,0,0,0,0,690434.2616,5335566.6878,11.560157649,48.144821288,2,#fc8d62,car
149857,9,1,84,138,2016,11,15,5,3,6,4,0,1,0,1,1,0,0,0,679709.5608,5330797.6721,11.41410305,48.105072758,2,#fc8d62,car
149858,9,1,62,0,2016,11,16,6,2,6,3,1,0,0,0,1,0,0,1,686214.1239,5334837.5258,11.503160961,48.139516581,3,#8da0cb,toilet
149861,9,1,62,0,2016,11,12,3,3,3,2,0,0,1,0,0,0,0,1,683459534.0,5336369168.0,11.466828623,48.154084096,1,#66c2a5,bicycle
149863,9,2,61,0,2016,11,18,2,3,2,6,2,0,0,1,0,0,0,0,731719444.0,5381814568.0,12.139846534,48.546583752,2,#fc8d62,car
149865,9,7,61,0,2016,11,19,2,3,5,3,2,0,1,1,0,0,0,0,640455.3286,5357157.8119,10.895863966,48.351966985,1,#66c2a5,bicycle
149869,9,7,61,0,2016,11,7,3,3,4,6,0,1,1,0,0,0,0,0,639601.4278,5357426.8811,10.88443377,48.354575726,1,#66c2a5,bicycle
149872,9,1,62,0,2016,11,20,3,3,2,6,2,0,0,1,0,1,0,0,693506.32,5335185.6875,11.60124081,48.140470012,2,#fc8d62,car
149875,9,1,74,115,2016,11,9,3,3,2,6,0,0,0,1,0,1,0,0,679779.2639,5347796.2645,11.42223063,48.257851337,2,#fc8d62,car
149876,9,1,63,0,2016,11,15,4,3,1,5,0,0,1,1,0,0,0,0,733869006.0,5304815.3914,12.126509202,47.854080887,1,#66c2a5,bicycle
149877,9,7,61,0,2016,11,3,7,2,8,1,2,1,0,1,0,0,0,0,637898151.0,5357083.9436,10.861342135,48.351866331,2,#fc8d62,car
149881,9,1,74,115,2016,11,13,2,2,5,3,0,0,1,1,0,0,0,0,682484.7368,5348123.8933,11.458789137,48.260022889,1,#66c2a5,bicycle
149883,9,1,62,0,2016,11,8,6,3,5,3,0,0,1,1,0,0,0,0,692047.4622,5340949.8342,11.584253649,48.192718838,1,#66c2a5,bicycle
149884,9,1,62,0,2016,11,19,2,3,2,6,2,0,0,1,0,0,0,0,686399.1573,5333352.8236,11.504996216,48.126117355,2,#fc8d62,car
149885,9,1,62,0,2016,11,16,3,3,4,2,0,0,1,1,0,0,0,0,687383.3502,5340071.7315,11.52116828,48.186219522,1,#66c2a5,bicycle
149886,9,1,63,0,2016,11,20,2,3,8,1,2,0,0,1,0,0,0,0,734448.1898,5305232.5593,12.134466228,47.857617705,2,#fc8d62,car
149888,9,1,62,0,2016,11,18,6,3,5,2,2,0,1,1,0,0,0,0,688994.5373,5336199.2844,11.541102969,48.15093646,1,#66c2a5,bicycle
149889,9,1,62,0,2016,11,10,2,1,5,3,0,0,0,1,1,0,0,1,691487.1943,5336544.8587,11.574738289,48.153296904,2,#fc8d62,car
149891,9,7,61,0,2016,11,19,7,2,5,4,2,1,0,1,1,0,0,0,641725.9137,5359991.9167,10.913959288,48.377166233,2,#fc8d62,car
149896,9,1,62,0,2016,11,16,1,3,2,6,1,1,0,1,0,0,0,0,684982268.0,5334732.2471,11.486572389,48.138929597,2,#fc8d62,car
149897,9,1,88,124,2016,11,14,1,2,5,5,0,0,1,1,0,0,0,0,661932.5132,5318196.9052,11.170716936,47.996551267,1,#66c2a5,bicycle
149898,9,1,62,0,2016,11,17,6,3,5,3,1,0,1,1,0,0,0,0,685809091.0,5328668.8153,11.495034468,48.084187769,1,#66c2a5,bicycle
149899,9,7,61,0,2016,11,18,3,3,0,6,2,0,0,1,0,0,0,1,640743.8617,5359244.2192,10.90045433,48.370663024,2,#fc8d62,car
149901,9,1,62,0,2016,11,16,3,3,5,3,2,0,1,1,0,0,0,0,687945.9817,5328337.5216,11.523554088,48.080583624,1,#66c2a5,bicycle
149902,9,1,87,182,2016,11,3,7,3,8,1,2,0,0,1,0,0,0,0,738399.7073,5328701.5343,12.200220714,48.066991925,2,#fc8d62,car
149904,9,1,63,0,2016,11,1,7,3,0,1,2,0,1,0,0,0,0,0,734028.5896,5305220.1526,12.128858307,47.857659173,1,#66c2a5,bicycle
149905,9,1,73,118,2016,11,18,6,3,9,1,2,1,0,1,0,0,0,0,690070703.0,5301969.5384,11.540399353,47.84294906,2,#fc8d62,car
149907,9,1,62,0,2016,11,8,5,2,6,4,0,0,0,1,1,0,0,0,688389.6594,5338214.7257,11.533870926,48.169230952,2,#fc8d62,car
149908,9,1,62,0,2016,11,15,6,3,4,2,1,0,1,1,0,0,0,0,690281.8856,5335639.4851,11.558143791,48.145521182,1,#66c2a5,bicycle
149911,9,1,62,0,2016,11,15,3,3,0,3,0,0,1,1,0,0,0,0,690560.1444,5341556.4202,11.564532937,48.198618734,1,#66c2a5,bicycle
149912,9,1,63,0,2016,11,12,7,3,6,7,0,0,0,0,1,0,0,1,732314.5292,5305862.4181,12.10632205,47.864051271,3,#8da0cb,toilet
149914,9,1,79,118,2016,11,17,3,3,1,7,2,1,1,0,0,0,0,1,672166.0446,5337001.7843,11.315363262,48.162928832,1,#66c2a5,bicycle
149919,9,1,62,0,2016,11,9,7,3,1,7,0,1,0,1,0,0,1,0,689372.6371,5336100.5982,11.546137556,48.149937004,2,#fc8d62,car