OBJECTID,ULAND,UREGBEZ,UKREIS,UGEMEINDE,UJAHR,UMONAT,USTUNDE,UWOCHENTAG,UKATEGORIE,UART,UTYP1,ULICHTVERH,STRZUSTAND,IstRad,IstPKW,IstFuss,IstKrad,IstGkfz,IstSonstig,LINREFX,LINREFY,XGCSWGS84,YGCSWGS84,Teilnehmer,color,symbol
149924,9,1,62,0,2016,11,22,3,3,5,3,2,0,1,1,0,0,0,0,688541.0547,5334407.0612,11.534218366,48.134962276,1,#66c2a5,bicycle
149926,9,7,61,0,2016,11,12,1,3,5,3,0,0,1,1,0,0,0,0,641558.6283,5353231.4218,10.90942857,48.316415891,1,#66c2a5,bicycle
149927,9,1,62,0,2016,11,15,2,3,0,4,0,0,1,0,1,0,0,0,687103.9869,5339178.9209,11.517020181,48.178277097,1,#66c2a5,bicycle
149928,9,1,86,143,2016,11,13,4,2,8,1,0,0,1,0,0,0,0,0,683897.9739,5378059.9957,11.490920004,48.528682999,1,#66c2a5,bicycle
149936,9,1,88,139,2016,11,11,2,3,0,7,0,0,0,1,0,0,0,1,673170.4243,5316772.9574,11.320663829,47.980805783,2,#fc8d62,car
149939,9,1,62,0,2016,11,19,2,3,5,3,2,0,0,1,0,0,1,0,679502742.0,5334396.66,11.41284274,48.137482421,2,#fc8d62,car
149940,9,1,78,130,2016,11,16,4,3,5,3,1,0,0,1,0,0,0,1,702447.0124,5356887.5411,11.731659465,48.332714691,2,#fc8d62,car
149942,9,1,63,0,2016,11,17,7,3,0,1,2,0,1,0,0,0,0,0,731757.5799,5303505.3237,12.097623565,47.843075676,1,#66c2a5,bicycle
149945,9,1,62,0,2016,11,13,1,3,0,1,0,1,1,0,0,0,0,0,689091.2214,5338266.1717,11.543320297,48.169485041,1,#66c2a5,bicycle
149946,9,1,62,0,2016,11,17,5,3,1,5,2,0,0,1,0,0,1,0,688913.4795,5335604.9803,11.539750488,48.145618873,2,#fc8d62,car
149947,9,1,77,143,2016,11,19,1,3,5,3,2,0,0,1,0,0,0,0,720878989.0,5365461059.0,11.984531867,48.40357112,2,#fc8d62,car
149948,9,1,62,0,2016,11,18,6,3,1,5,1,0,1,1,0,0,0,0,688849318.0,5332408.6849,11.537472124,48.116909165,1,#66c2a5,bicycle
149949,9,2,61,0,2016,11,6,6,3,5,3,2,0,1,1,0,0,0,0,732402.0226,5381715.2619,12.149025684,48.545439252,1,#66c2a5,bicycle
149950,9,1,62,0,2016,11,15,5,3,5,2,0,0,1,1,0,0,0,0,689263037.0,5336140.9674,11.544683427,48.150332466,1,#66c2a5,bicycle
149953,9,1,81,128,2016,11,14,5,3,5,3,0,0,1,1,0,0,0,0,638283.0997,5327587.6787,10.856915134,48.086549172,1,#66c2a5,bicycle
149954,9,7,72,177,2016,11,14,6,3,9,7,0,0,0,1,0,0,0,0,636350.8895,5378556.3111,10.847461026,48.54527789,2,#fc8d62,car
149960,9,1,62,0,2016,11,20,4,3,5,2,2,0,1,1,0,0,0,0,689654.4098,5332702.9113,11.548409529,48.119314438,1,#66c2a5,bicycle
149961,9,1,62,0,2016,11,12,2,3,3,5,0,0,1,1,0,0,0,0,693320.5348,5334866.4395,11.598601121,48.137657178,1,#66c2a5,bicycle
149963,9,1,62,0,2016,11,7,4,3,5,3,0,0,1,1,0,0,0,0,689573.1059,5333531.9728,11.547686856,48.126790328,1,#66c2a5,bicycle
149964,9,7,72,202,2016,11,23,6,3,6,3,2,0,0,1,1,0,0,0,636047.2163,5359876.4537,10.837274942,48.377377995,2,#fc8d62,car
149970,9,1,62,0,2016,11,16,4,2,6,4,0,0,0,1,1,0,0,0,693824.0443,5334522011.0,11.605205296,48.134408411,2,#fc8d62,car
149971,9,1,62,0,2016,11,14,6,3,1,6,0,0,0,1,0,0,0,0,691447.2184,5335466.0134,11.573716144,48.143612423,2,#fc8d62,car
149973,9,1,62,0,2016,11,16,5,3,1,5,2,0,0,1,0,0,0,0,699158.0136,5331804.6296,11.675550207,48.108340097,2,#fc8d62,car
149974,9,1,78,124,2016,11,6,2,3,5,2,2,1,0,1,0,0,0,0,704443277.0,5359467.6654,11.759815536,48.355257672,2,#fc8d62,car
149975,9,1,73,147,2016,11,20,2,2,6,4,2,0,0,1,1,0,0,0,681583.8735,5308786.9874,11.429941282,47.906686211,2,#fc8d62,car
149982,9,1,62,0,2016,11,23,4,3,5,2,2,0,1,1,0,0,0,0,689436.4263,5337148794.0,11.547460946,48.159339238,1,#66c2a5,bicycle
149983,9,1,62,0,2016,11,11,6,3,5,3,0,0,1,1,0,0,0,0,692167.3185,5330390.3569,11.581098812,48.097776093,1,#66c2a5,bicycle
149985,9,1,62,0,2016,11,13,5,2,5,3,0,0,0,1,0,0,0,0,696801.1172,5331190.3914,11.643638785,48.103552184,2,#fc8d62,car
149987,9,1,62,0,2016,11,16,7,3,5,3,2,1,0,1,0,0,0,0,689800.7756,5333426.6102,11.550696462,48.125775483,2,#fc8d62,car
149988,9,1,62,0,2016,11,13,4,3,1,5,0,0,1,1,0,0,0,0,691776.9758,5337305.4245,11.578973395,48.160045418,1,#66c2a5,bicycle
149989,9,1,88,139,2016,11,19,5,3,1,7,2,1,0,1,0,0,0,1,673644.9775,5320297.0787,11.328443684,48.012358166,2,#fc8d62,car
149990,9,1,62,0,2016,11,11,7,3,5,3,0,0,0,1,0,0,0,1,686099.7256,5339627.6596,11.503720276,48.182605405,2,#fc8d62,car
149993,9,1,62,0,2016,11,6,2,3,4,6,2,0,0,1,0,0,0,1,688789.9934,5330548.3873,11.53585258,48.100206045,2,#fc8d62,car
149994,9,1,63,0,2016,11,14,5,3,0,1,0,0,1,0,0,0,0,0,733163.7992,5304991.5654,12.117190952,47.85591985,1,#66c2a5,bicycle
149996,9,1,62,0,2016,11,7,4,3,5,2,0,0,1,0,0,0,1,0,691322.5343,5334091961.0,11.571424524,48.131300088,1,#66c2a5,bicycle
149997,9,1,84,135,2016,11,7,6,3,4,6,1,1,1,0,0,0,0,0,690568.6249,5348355.2444,11.567704,48.25972261,1,#66c2a5,bicycle
149999,9,1,62,0,2016,11,21,5,3,4,2,2,0,1,1,0,0,0,0,690141516.0,5335251594.0,11.556085401,48.142076787,1,#66c2a5,bicycle
150001,9,1,62,0,2016,11,8,2,3,5,2,0,0,1,1,0,0,0,0,683452.7514,5336218.7845,11.466672683,48.152734316,1,#66c2a5,bicycle
150004,9,7,61,0,2016,11,5,6,2,6,4,2,0,0,1,1,0,0,0,639291.7618,5361766088.0,10.881693679,48.393661151,2,#fc8d62,car
150006,9,7,61,0,2016,11,7,6,2,5,3,0,0,1,1,0,0,0,0,640925892.0,5357196269.0,10.902224866,48.352207947,1,#66c2a5,bicycle
150014,9,7,61,0,2016,11,7,6,3,2,6,0,0,0,1,0,0,0,0,639437623.0,5358446.4148,10.882561729,48.363779322,2,#fc8d62,car
150018,9,7,61,0,2016,11,11,7,3,4,2,0,1,0,1,0,0,0,0,641576.9459,5353254.2979,10.909683185,48.316617485,2,#fc8d62,car
150024,9,7,61,0,2016,11,21,2,3,4,2,2,0,1,1,0,0,0,0,639366.0837,5358671.5509,10.881671003,48.365819488,1,#66c2a5,bicycle
150027,9,7,71,130,2016,11,4,4,3,4,5,2,1,1,1,0,0,0,0,648519.2562,5357693.1988,11.00483226,48.354935839,1,#66c2a5,bicycle
150028,9,1,88,120,2016,11,18,6,3,4,2,2,0,1,1,0,0,0,0,677818.8555,5326271.1292,11.386843138,48.064913176,1,#66c2a5,bicycle
150030,9,1,79,145,2016,11,17,1,2,5,2,2,0,1,1,0,0,0,0,675139.4406,5337685.3121,11.355597507,48.168261132,1,#66c2a5,bicycle
150035,9,7,61,0,2016,11,13,4,3,6,4,0,0,0,1,1,0,0,0,641753.1917,5358204.5315,10.913724971,48.361088688,2,#fc8d62,car
150036,9,1,84,119,2016,11,16,6,2,4,2,1,0,0,1,0,0,0,0,696251.2519,5349038.5002,11.644504657,48.264128704,2,#fc8d62,car
150037,9,1,79,121,2016,11,12,6,3,5,3,0,0,1,1,0,0,0,0,666964.7292,5338680.1269,11.246129498,48.179404432,1,#66c2a5,bicycle
150039,9,7,61,0,2016,11,22,4,3,6,2,2,0,0,1,1,0,0,0,638797.9443,5356947.3134,10.873435719,48.35044066,2,#fc8d62,car
150040,9,1,62,0,2016,11,15,6,3,0,7,0,0,1,0,0,0,0,0,693544.6635,5336131.9237,11.602185822,48.14896281,1,#66c2a5,bicycle
150041,9,1,79,149,2016,11,20,6,2,0,7,2,1,1,0,0,0,0,0,656836.2842,5329639.0728,11.106643343,48.100698475,1,#66c2a5,bicycle
150044,9,1,62,0,2016,11,15,7,3,5,2,0,0,0,1,0,0,0,0,692654.5286,5332353.9165,11.588522484,48.115277124,2,#fc8d62,car
150046,9,1,62,0,2016,11,14,2,3,5,3,0,0,1,1,0,0,0,0,682685.0314,5335503.3316,11.456052855,48.146524325,1,#66c2a5,bicycle
150049,9,7,61,0,2016,11,21,6,3,1,5,2,0,0,1,0,0,0,1,639488.3933,5360073.2133,10.883786452,48.378395849,2,#fc8d62,car
150051,9,1,62,0,2016,11,19,6,3,2,2,2,0,0,1,0,0,0,0,687473.4408,5338923.0114,11.521872396,48.175868044,2,#fc8d62,car
150053,9,1,74,115,2016,11,19,6,3,8,1,2,0,0,1,0,0,0,0,680039686.0,5347394599.0,11.425565244,48.254166943,2,#fc8d62,car
150054,9,7,77,152,2016,11,14,5,2,8,1,0,0,1,0,0,0,0,0,624354.7826,5307190.4931,10.664056788,47.90597931,1,#66c2a5,bicycle
150055,9,1,62,0,2016,11,7,2,3,5,2,0,1,0,1,0,0,0,0,685340.0592,5334455.6169,11.491256813,48.136339006,2,#fc8d62,car
150062,9,7,61,0,2016,11,1,6,3,1,5,0,0,1,1,0,0,0,0,639531.7839,5360066.5151,10.884369887,48.378326026,1,#66c2a5,bicycle
150063,9,2,61,0,2016,11,14,4,3,0,1,0,0,1,0,0,0,0,0,732826.7357,5379314.7214,12.15343068,48.523718461,1,#66c2a5,bicycle
150070,9,7,61,0,2016,11,18,6,2,6,4,2,1,0,1,1,0,0,0,639421.6313,5360083033.0,10.882888597,48.378498901,2,#fc8d62,car
150073,9,7,71,113,2016,11,12,2,2,6,4,0,0,0,1,1,0,0,0,656070.1797,5368118.8583,11.110566357,48.446846288,2,#fc8d62,car
150077,9,1,74,115,2016,11,22,7,3,0,1,2,1,1,0,0,0,0,0,681257.0896,5347816.3921,11.44213182,48.257611261,1,#66c2a5,bicycle
150078,9,1,74,115,2016,11,13,6,3,0,4,0,0,0,1,1,0,0,0,682084.0004,5348746.0963,11.453662597,48.265730856,2,#fc8d62,car
150079,9,1,88,139,2016,11,6,2,3,5,3,1,0,1,1,0,0,0,0,675110986.0,5319521012.0,11.347767854,48.004981638,1,#66c2a5,bicycle
150080,9,1,74,115,2016,11,17,1,3,5,2,2,0,1,1,0,0,0,0,682285993.0,5347790184.0,11.455970068,48.257080549,1,#66c2a5,bicycle
150083,9,1,62,0,2016,11,21,2,3,6,2,2,0,0,1,1,0,0,0,682965.1966,5342796.5512,11.462955872,48.211999594,2,#fc8d62,car
150084,9,1,63,0,2016,11,15,5,3,0,7,0,0,0,0,1,0,1,0,733860.3549,5304712.9099,12.12633833,47.85316334,3,#8da0cb,toilet
150092,9,1,62,0,2016,11,8,6,3,5,2,0,0,1,1,0,0,0,0,690051.6076,5335492.4028,11.554985483,48.144268041,1,#66c2a5,bicycle
150093,9,1,77,119,2016,11,16,6,3,0,1,2,0,0,0,0,1,0,0,717554.2145,5341351.4203,11.927248919,48.188103965,4,#e78ac3,marker
150094,9,7,72,147,2016,11,17,5,3,6,2,2,0,0,1,1,0,0,0,639061.4398,5364880968.0,10.879616192,48.421720056,2,#fc8d62,car
150096,9,1,62,0,2016,11,19,7,3,4,2,2,0,0,1,0,0,0,0,686214.5,5334378499.0,11.502965332,48.135390565,2,#fc8d62,car
150097,9,1,63,0,2016,11,15,7,3,4,2,0,0,0,1,0,0,0,0,733899.2577,5304503.5039,12.126744393,47.851267881,2,#fc8d62,car
150099,9,1,87,179,2016,11,17,5,3,3,7,2,0,0,1,0,1,0,0,725608.7916,5313462.1891,12.020762127,47.93472363,2,#fc8d62,car
150104,9,1,62,0,2016,11,20,6,3,4,2,2,0,0,1,0,1,0,0,683334.0419,5336153.6569,11.465050014,48.152183139,2,#fc8d62,car
150105,9,1,78,130,2016,11,21,6,3,0,1,2,0,1,0,0,0,0,0,702895.9714,5354903.7426,11.736755604,48.314743525,1,#66c2a5,bicycle
150106,9,7,71,142,2016,11,8,5,3,0,1,0,1,1,0,0,0,0,0,645565306.0,5352555.5456,10.963207317,48.309429145,1,#66c2a5,bicycle
150117,9,7,61,0,2016,11,18,5,3,5,3,2,0,0,1,0,1,0,0,641565.8977,5362573.9474,10.912669705,48.400418637,2,#fc8d62,car
150118,9,1,62,0,2016,11,17,2,3,2,6,2,0,0,1,0,0,0,0,689098.8143,5332936.4887,11.54105515,48.121579103,2,#fc8d62,car
150123,9,7,61,0,2016,11,14,7,2,6,7,0,0,0,1,1,0,0,0,641792.6023,5360249.2157,10.914946169,48.37946477,2,#fc8d62,car
150131,9,1,78,124,2016,11,7,6,3,5,3,0,0,1,1,0,0,0,0,702594.9793,5364451.5418,11.737296507,48.400640006,1,#66c2a5,bicycle
150133,9,1,81,130,2016,11,0,1,3,7,1,2,1,0,1,0,0,0,0,639046.5142,5324960.0473,10.866305956,48.062754673,2,#fc8d62,car
150139,9,1,62,0,2016,11,14,6,3,0,5,0,0,1,1,0,0,0,1,691055981.0,5336011.2695,11.568706729,48.148630742,1,#66c2a5,bicycle
150140,9,1,62,0,2016,11,16,5,3,1,5,1,0,1,1,0,0,0,0,690204.5334,5333702.2837,11.556239923,48.128132739,1,#66c2a5,bicycle
150141,9,7,61,0,2016,11,12,5,3,5,3,0,0,1,1,0,0,0,0,639737.4326,5356436.2653,10.885939797,48.345638269,1,#66c2a5,bicycle
150144,9,1,62,0,2016,11,19,7,3,5,2,2,0,0,1,0,0,0,1,690363.1856,5333814.5279,11.558420054,48.129094166,2,#fc8d62,car
150145,9,1,62,0,2016,11,21,6,3,3,3,2,0,0,1,0,0,0,0,692339.8205,5334262.6847,11.585159787,48.132527927,2,#fc8d62,car
150146,9,1,62,0,2016,11,14,5,3,4,6,0,0,0,1,0,0,0,0,689498.7892,5334243.1283,11.54700539,48.13320438,2,#fc8d62,car
150147,9,7,61,0,2016,11,8,5,3,8,1,0,1,0,0,0,1,0,0,641107.2887,5359384.8606,10.905406036,48.371846467,4,#e78ac3,marker
150149,9,1,62,0,2016,11,19,7,3,2,6,2,1,0,1,0,0,0,0,690596.7604,5335983.4256,11.562526553,48.148518244,2,#fc8d62,car
150152,9,1,84,149,2016,11,18,2,3,0,1,2,0,1,0,0,0,0,0,691736.8252,5350192.1074,11.584260394,48.275879206,1,#66c2a5,bicycle
150153,9,1,63,0,2016,11,20,5,3,2,6,2,0,0,1,0,0,0,0,733254445.0,5304220488.0,12.11798525,47.848959538,2,#fc8d62,car
150156,9,1,62,0,2016,11,8,6,3,5,3,0,0,1,1,0,0,0,0,683088579.0,5335368174.0,11.461414915,48.145193424,1,#66c2a5,bicycle
150157,9,1,62,0,2016,11,0,5,3,1,1,2,0,1,1,0,0,0,0,691533.7928,5333886.7558,11.574168685,48.12939219,1,#66c2a5,bicycle
150158,9,7,61,0,2016,11,5,5,3,4,2,2,1,0,1,0,0,0,0,639971.3203,5359175.7627,10.89000589,48.370219295,2,#fc8d62,car
150159,9,1,62,0,2016,11,19,2,3,6,4,2,1,0,1,1,0,0,0,689628.8226,5342584.7078,11.55247171,48.208139714,2,#fc8d62,car
150164,9,1,88,139,2016,11,18,5,3,1,5,2,0,0,1,0,0,0,0,674772.3581,5319351.8215,11.343162776,48.003553343,2,#fc8d62,car
150173,9,2,74,126,2016,11,6,2,3,5,2,1,1,0,1,0,0,0,0,733403.2663,5382642.3352,12.163090445,48.553395135,2,#fc8d62,car
150176,9,7,61,0,2016,11,9,7,3,0,1,0,1,1,0,0,0,0,0,640826.6878,5358279.8544,10.901249194,48.361973316,1,#66c2a5,bicycle
150178,9,7,78,111,2016,11,23,7,3,6,1,2,0,0,1,1,0,0,0,625609.0504,5323761.3578,10.685679233,48.054762177,2,#fc8d62,car
150179,9,7,71,156,2016,11,12,2,3,0,7,0,0,1,0,0,0,0,0,653578513.0,5383024.6075,11.082381141,48.581468477,1,#66c2a5,bicycle
150184,9,1,62,0,2016,11,13,5,3,6,7,0,0,0,1,1,0,0,0,690657.4905,5340475.5183,11.565356337,48.188874527,2,#fc8d62,car
150185,9,1,85,158,2016,11,15,2,3,0,1,0,0,1,0,0,0,0,0,667101.2931,5380763.4011,11.264685769,48.557681326,1,#66c2a5,bicycle
150186,9,1,88,120,2016,11,19,1,3,8,1,2,0,0,1,0,0,0,0,673331.4443,5327142.6008,11.327014593,48.073982457,2,#fc8d62,car
150196,9,1,62,0,2016,11,7,6,3,1,6,1,1,1,0,0,0,0,1,682403.5606,5336304.3443,11.452615571,48.153805157,1,#66c2a5,bicycle
150197,9,1,62,0,2016,11,20,5,3,5,2,2,0,1,1,0,0,0,0,689835403.0,5337397.1,11.5529315,48.161452024,1,#66c2a5,bicycle
150200,9,1,62,0,2016,11,21,7,2,5,3,2,1,0,1,0,0,0,0,691984.0482,5332316.4551,11.579506472,48.115142901,2,#fc8d62,car
150202,9,1,87,117,2016,11,15,5,3,5,3,0,0,0,1,0,1,0,0,725266.3388,5306370304.0,12.012480802,47.871124381,2,#fc8d62,car
150205,9,1,62,0,2016,11,16,6,3,5,3,2,0,1,1,0,0,0,0,693409.5247,5333061.6074,11.59897688,48.121408823,1,#66c2a5,bicycle
150207,9,1,62,0,2016,11,11,4,3,1,5,0,0,0,1,0,0,0,0,684524.7045,5332174.1763,11.479320095,48.116069105,2,#fc8d62,car
150208,9,1,63,0,2016,12,15,5,3,7,1,0,0,1,0,0,0,0,0,730416.8118,5303848.7759,12.079912816,47.846643247,1,#66c2a5,bicycle
150210,9,1,62,0,2016,11,17,3,3,5,3,2,0,0,1,0,0,0,0,695281324.0,5336085.1599,11.625488254,48.148011754,2,#fc8d62,car
150211,9,7,61,0,2016,11,5,4,2,6,7,2,0,0,1,1,0,0,0,642019.9984,5359574.3337,10.91778742,48.37334539,2,#fc8d62,car
150214,9,1,81,130,2016,12,19,6,2,4,2,2,1,0,1,0,0,0,0,639054.3305,5324965.6258,10.866412624,48.062803133,2,#fc8d62,car
150215,9,1,84,135,2016,12,8,5,3,5,3,0,2,1,1,0,0,0,0,689606.7369,5348134445.0,11.554658084,48.258026661,1,#66c2a5,bicycle
150217,9,7,71,113,2016,11,15,4,3,5,3,0,0,0,1,0,0,0,0,658048489.0,5369073.9729,11.137660698,48.45493936,2,#fc8d62,car
150222,9,1,62,0,2016,12,9,7,3,4,2,0,0,0,1,0,0,0,0,696009.3443,5338798.8606,11.636515798,48.172176973,2,#fc8d62,car
150232,9,1,62,0,2016,11,2,4,3,5,7,2,0,1,1,0,0,0,0,685505.9517,5329436.8936,11.491301531,48.091179946,1,#66c2a5,bicycle
150233,9,1,85,158,2016,12,17,5,3,6,4,2,0,0,0,1,1,0,0,667005.6908,5381535.3924,11.263700943,48.564646439,3,#8da0cb,toilet
150234,9,1,62,0,2016,12,20,6,3,0,4,2,1,0,1,1,0,0,0,692894.0752,5335256.7403,11.593051547,48.141294514,2,#fc8d62,car
150235,9,1,74,115,2016,11,16,4,3,5,2,2,0,1,0,0,1,0,0,683390464.0,5348243.4234,11.471032907,48.260835778,1,#66c2a5,bicycle
150239,9,1,62,0,2016,12,14,5,3,5,2,0,0,0,1,0,0,1,0,691606.7124,5332679695.0,11.574605099,48.118521307,2,#fc8d62,car
150246,9,1,62,0,2016,11,15,4,3,6,4,0,0,0,1,1,0,0,0,693954.7903,5331149.9116,11.60542683,48.104061224,2,#fc8d62,car
150247,9,1,86,143,2016,12,2,5,3,7,1,2,0,0,1,0,0,0,0,683740.4456,5378503.2294,11.488983718,48.53271285,2,#fc8d62,car
150248,9,1,62,0,2016,12,12,6,3,1,1,0,0,0,1,0,0,0,0,692083.9909,5336610.8413,11.582784157,48.153709981,2,#fc8d62,car
150249,9,1,62,0,2016,11,14,3,3,5,2,0,0,1,1,0,0,0,0,684402.2925,5332452.2308,11.477797179,48.118603878,1,#66c2a5,bicycle
150254,9,1,62,0,2016,12,8,5,3,4,2,0,0,1,1,0,0,0,0,690448681.0,5335315.11,11.560238776,48.142555799,1,#66c2a5,bicycle
150258,9,1,90,138,2016,12,23,7,2,9,7,2,0,0,1,0,0,0,0,664982.0874,5309479.3356,11.208221674,47.917395942,2,#fc8d62,car
150260,9,1,62,0,2016,11,7,4,3,1,7,0,0,1,1,0,0,0,0,687735.2565,5331882.5432,11.522286522,48.112509466,1,#66c2a5,bicycle
150263,9,1,62,0,2016,11,12,3,3,5,3,0,0,0,1,0,0,0,0,692580.9137,5335228.6346,11.588833506,48.141136768,2,#fc8d62,car
150267,9,1,79,145,2016,12,18,6,3,6,4,2,1,0,1,1,0,0,0,675047.1806,5337810.0028,11.354409045,48.16940743,2,#fc8d62,car
150270,9,1,62,0,2016,12,23,5,3,8,1,2,0,0,1,0,0,0,0,691508.4722,5335681263.0,11.574635561,48.145528623,2,#fc8d62,car
150271,9,1,79,118,2016,12,17,5,3,5,3,2,1,1,1,0,0,0,0,672430742.0,5337132429.0,11.31897297,48.164031533,1,#66c2a5,bicycle
150272,9,7,61,0,2016,11,17,3,3,2,6,2,0,0,1,0,1,0,0,639147.7929,5361440.9846,10.879642184,48.390769695,2,#fc8d62,car
150274,9,7,72,177,2016,12,10,7,2,6,7,0,1,0,0,1,0,0,1,637050.4208,5381652.4625,10.857953592,48.572964721,3,#8da0cb,toilet
150278,9,7,61,0,2016,12,14,6,3,3,6,0,0,0,1,0,1,0,0,642869.0957,5358299.6507,10.928813582,48.361692412,2,#fc8d62,car
150279,9,1,62,0,2016,12,13,5,3,0,2,0,0,0,1,0,1,0,0,692295.9249,5338141.2592,11.586322621,48.167400968,2,#fc8d62,car
150292,9,1,62,0,2016,11,18,4,3,5,2,2,0,1,1,0,0,0,0,692498.9512,5337474.1588,11.588748447,48.1613438,1,#66c2a5,bicycle
150293,9,1,81,114,2016,12,19,7,3,1,1,2,0,0,1,0,0,0,0,657249.6649,5313119.4238,11.106129511,47.952067718,2,#fc8d62,car
150295,9,7,62,0,2016,12,7,5,3,5,3,0,0,0,1,0,0,0,0,622534.8871,5305926.3354,10.639355125,47.894960171,2,#fc8d62,car
150301,9,1,81,128,2016,12,11,5,2,5,3,0,0,1,1,0,0,0,0,637571.0424,5326998.6268,10.847168814,48.08140628,1,#66c2a5,bicycle
150304,9,1,74,115,2016,12,15,5,3,6,4,0,0,0,0,1,0,0,1,681345693.0,5347491.1763,11.44318511,48.254662678,3,#8da0cb,toilet
150305,9,1,62,0,2016,12,7,6,3,5,3,0,0,0,1,0,0,0,0,691280.8156,5334159308.0,11.570894634,48.131917936,2,#fc8d62,car
150306,9,1,62,0,2016,11,10,3,3,6,4,0,0,0,1,1,0,0,0,693150025.0,5334676415.0,11.596225417,48.136001067,2,#fc8d62,car
150311,9,1,86,143,2016,12,11,7,3,6,7,0,0,0,1,1,0,0,0,684690.3549,5377574.5732,11.501427262,48.524087492,2,#fc8d62,car
150314,9,1,62,0,2016,12,12,5,3,5,3,0,0,1,1,0,0,0,0,686142.1483,5339955.3144,11.504434005,48.185538035,1,#66c2a5,bicycle
150316,9,1,62,0,2016,11,20,4,3,0,7,2,0,0,1,0,0,0,0,688715379.0,5331880.4012,11.535440516,48.112200559,2,#fc8d62,car
150319,9,1,84,114,2016,12,8,7,2,0,7,0,2,1,0,0,0,0,0,699388.0782,5321886.1916,11.674013308,48.019128544,1,#66c2a5,bicycle
150320,9,1,73,126,2016,11,5,3,3,5,3,2,1,0,1,0,0,0,0,683777.5369,5306192.9626,11.458164366,47.882743667,2,#fc8d62,car
150322,9,1,62,0,2016,11,16,3,3,2,6,2,0,0,1,0,0,0,0,694081.3527,5335017.4281,11.608885807,48.138782625,2,#fc8d62,car
150327,9,1,62,0,2016,12,23,5,3,6,4,2,0,1,0,1,0,0,0,689970.7262,5335291.5372,11.553809648,48.142486814,1,#66c2a5,bicycle
150328,9,7,72,200,2016,12,6,5,3,5,2,2,0,1,1,0,0,0,0,630667.6389,5337695.1356,10.757803667,48.179049685,1,#66c2a5,bicycle
150329,9,1,62,0,2016,11,7,4,3,5,3,0,0,1,1,0,0,0,0,690743.7347,5334067.1387,11.563642284,48.131250703,1,#66c2a5,bicycle
150333,9,1,63,0,2016,11,13,3,3,5,3,0,0,0,1,0,0,0,0,730792.8854,5304283.6629,12.085164086,47.850415543,2,#fc8d62,car
150336,9,7,72,147,2016,12,6,5,2,4,2,2,0,0,1,0,1,0,0,638503.9794,5366159.3103,10.872507876,48.433337339,2,#fc8d62,car
150342,9,1,63,0,2016,11,9,3,3,0,1,0,0,1,0,0,0,0,0,733267.4812,5306270.7506,12.119264978,47.867374505,1,#66c2a5,bicycle
150343,9,7,78,203,2016,11,7,4,3,5,3,1,0,0,1,0,1,0,0,621899.2378,5324104.2859,10.636012457,48.058565786,2,#fc8d62,car
150344,9,1,62,0,2016,12,10,6,3,4,2,0,0,1,1,0,0,0,0,689820.3033,5337403.8474,11.552731657,48.161517178,1,#66c2a5,bicycle
150345,9,1,81,130,2016,11,6,4,3,5,3,2,0,1,1,0,0,0,0,639428.5973,5324316653.0,10.871221761,48.056885691,1,#66c2a5,bicycle
150347,9,7,71,142,2016,12,17,5,3,1,5,2,1,0,1,0,0,0,0,645989.4653,5352238.6703,10.968814721,48.306482234,2,#fc8d62,car
150352,9,7,61,0,2016,12,18,5,3,1,6,2,1,0,1,0,0,0,0,642891.9447,5359666156.0,10.929586156,48.373974176,2,#fc8d62,car
150360,9,1,62,0,2016,11,9,4,3,2,6,0,0,0,1,0,0,0,0,686413.9025,5339694.5665,11.507972258,48.183114679,2,#fc8d62,car
150361,9,1,62,0,2016,12,7,6,3,6,2,2,0,0,1,1,0,0,0,689487.0172,5334929.9144,11.547152835,48.139380768,2,#fc8d62,car
150362,9,1,84,138,2016,11,17,3,3,5,3,2,0,1,1,0,0,0,0,680891.6848,5331271651.0,11.430169148,48.108998752,1,#66c2a5,bicycle
150369,9,1,90,157,2016,12,16,7,2,2,6,0,0,1,0,0,0,0,1,658303.6363,5303026288.0,11.1165313,47.861058886,1,#66c2a5,bicycle
150372,9,1,62,0,2016,11,20,4,3,9,7,2,0,0,1,0,0,0,0,684210.3102,5339366.6547,11.478212396,48.180809995,2,#fc8d62,car
150373,9,7,62,0,2016,12,9,6,3,5,3,0,0,0,1,0,0,0,0,621715.5305,5305127.9206,10.628172651,47.8879354,2,#fc8d62,car
150374,9,1,62,0,2016,11,8,3,3,6,7,0,0,0,1,1,0,0,0,692658.2836,5334055.0566,11.589341707,48.130565493,2,#fc8d62,car
150378,9,1,62,0,2016,12,18,5,3,3,5,2,0,1,1,0,0,0,0,691395.4181,5332987.1786,11.571906955,48.121348489,1,#66c2a5,bicycle
150379,9,7,61,0,2016,12,17,5,2,4,2,2,0,0,1,0,0,0,0,640348.1985,5355464.6583,10.893854447,48.336766433,2,#fc8d62,car
150382,9,1,62,0,2016,12,17,5,3,6,7,2,0,0,1,1,0,0,0,688289.7012,5332493.8258,11.529998047,48.117840142,2,#fc8d62,car