OBJECTID,ULAND,UREGBEZ,UKREIS,UGEMEINDE,UJAHR,UMONAT,USTUNDE,UWOCHENTAG,UKATEGORIE,UART,UTYP1,ULICHTVERH,STRZUSTAND,IstRad,IstPKW,IstFuss,IstKrad,IstGkfz,IstSonstig,LINREFX,LINREFY,XGCSWGS84,YGCSWGS84,Teilnehmer,color,symbol
150383,9,1,62,0,2016,11,8,4,3,5,7,0,0,0,1,0,1,0,0,690942.6594,5337021.8171,11.567638127,48.157747472,2,#fc8d62,car
150387,9,1,79,111,2016,11,19,3,3,1,5,2,0,0,1,0,0,0,0,657304.4258,5339069.7268,11.11641123,48.185372442,2,#fc8d62,car
150388,9,2,74,113,2016,12,11,5,3,5,3,0,0,0,1,0,0,0,0,728417.2769,5381598.3402,12.095051437,48.545852237,2,#fc8d62,car
150389,9,7,72,202,2016,12,18,6,3,5,3,2,1,1,1,0,0,0,0,637535.5833,5358575.3545,10.856938375,48.365356005,1,#66c2a5,bicycle
150395,9,1,74,115,2016,11,7,3,3,6,4,1,0,0,1,1,0,0,0,682838886.0,5348453.4354,11.463698766,48.262882868,2,#fc8d62,car
150398,9,1,75,135,2016,11,19,3,3,2,6,2,0,0,1,0,0,0,0,708582.6725,5339104.1266,11.805584974,48.170918701,2,#fc8d62,car
150399,9,1,90,144,2016,12,14,5,2,7,7,0,0,1,0,0,0,0,1,658361485.0,5308231.7594,11.11921326,47.90784813,1,#66c2a5,bicycle
150401,9,1,81,130,2016,12,12,7,3,5,3,0,0,1,1,0,0,0,0,639526.0219,5324325.9225,10.872531562,48.056947748,1,#66c2a5,bicycle
150405,9,2,61,0,2016,11,16,4,3,0,7,1,0,1,0,0,0,0,0,731765.8127,5380517.4928,12.139752467,48.534915242,1,#66c2a5,bicycle
150407,9,1,78,145,2016,11,8,3,3,2,6,0,0,0,1,0,0,0,0,697810161.0,5355489.6671,11.668508925,48.321620346,2,#fc8d62,car
150408,9,7,77,177,2016,11,18,4,2,9,1,2,2,0,1,0,0,0,0,634913.2033,5320320.0151,10.809394776,48.021916152,2,#fc8d62,car
150409,9,1,62,0,2016,11,7,4,3,6,4,0,0,0,1,1,0,0,0,695898.7766,5338338.8749,11.63481826,48.168076988,2,#fc8d62,car
150410,9,1,62,0,2016,12,7,6,3,5,3,2,0,0,1,0,0,0,0,691009.93,5335895563.0,11.568036311,48.147604613,2,#fc8d62,car
150411,9,1,62,0,2016,11,17,3,3,5,2,2,0,1,1,0,0,0,0,687192.8145,5327601.4927,11.513128989,48.074189465,1,#66c2a5,bicycle
150414,9,7,72,216,2016,11,13,4,2,1,7,0,0,0,1,0,0,0,0,622712.1844,5368977.5803,10.659935479,48.461956705,2,#fc8d62,car
150415,9,1,62,0,2016,11,21,4,3,5,3,2,0,0,1,0,0,0,0,686430.0104,5330291.4612,11.504072338,48.098591561,2,#fc8d62,car
150416,9,1,62,0,2016,12,11,6,3,0,2,0,0,1,1,0,0,0,0,692151.2312,5334403.4983,11.582691217,48.133850498,1,#66c2a5,bicycle
150417,9,1,62,0,2016,11,6,3,3,4,6,0,0,1,0,0,0,0,0,692211.3868,5338934.9226,11.58554561,48.174559781,1,#66c2a5,bicycle
150424,9,1,78,124,2016,11,10,3,2,5,3,0,0,0,1,0,0,0,0,704519.2302,5363454.2526,11.762778472,48.391057099,2,#fc8d62,car
150425,9,7,72,184,2016,11,7,4,3,8,5,0,0,1,1,0,0,0,0,634954201.0,5361858.8684,10.8231587,48.395438639,1,#66c2a5,bicycle
150426,9,1,62,0,2016,11,18,4,3,2,6,2,0,0,1,0,0,0,0,688933.7041,5334130.7011,11.539368116,48.13236187,2,#fc8d62,car
150427,9,1,62,0,2016,11,17,3,3,4,3,2,0,1,0,0,0,0,0,691678.6713,5334618.4722,11.576442967,48.135925153,1,#66c2a5,bicycle
150429,9,1,77,117,2016,11,17,3,3,0,5,1,0,0,1,0,0,0,0,715817478.0,5353152163.0,11.909924722,48.294728551,2,#fc8d62,car
150431,9,1,77,117,2016,11,17,3,3,2,6,1,0,0,1,0,0,0,0,714453.7727,5353043.2217,11.891506607,48.294213221,2,#fc8d62,car
150434,9,1,75,124,2016,11,17,3,3,1,5,2,0,0,1,0,0,0,0,716011.4131,5328152.7574,11.899827961,48.070034881,2,#fc8d62,car
150435,9,1,62,0,2016,12,12,5,3,5,2,0,0,0,1,0,0,0,0,686405.9234,5337529.5458,11.506915672,48.163657188,2,#fc8d62,car
150436,9,1,62,0,2016,11,7,4,3,3,6,1,0,0,1,0,0,0,0,689592684.0,5335390.0703,11.548776654,48.143485199,2,#fc8d62,car
150437,9,7,61,0,2016,11,9,3,3,2,6,0,0,0,1,0,0,0,0,640938.2165,5357198.7961,10.902391974,48.352227919,2,#fc8d62,car
150439,9,7,61,0,2016,12,1,7,3,5,3,2,1,0,1,0,0,0,0,640729.4468,5355561.4039,10.899028385,48.337551544,2,#fc8d62,car
150440,9,1,62,0,2016,11,16,2,3,5,2,2,0,1,1,0,0,0,0,690848.2646,5334229834.0,11.565118607,48.132681667,1,#66c2a5,bicycle
150443,9,7,61,0,2016,12,17,6,3,4,2,2,1,0,1,0,0,0,0,640785.3463,5359239381.0,10.901012553,48.370610268,2,#fc8d62,car
150453,9,1,62,0,2016,11,12,2,3,5,7,0,0,1,1,0,0,0,0,691662.2081,5336180.6226,11.576925037,48.149970493,1,#66c2a5,bicycle
150454,9,7,72,147,2016,11,7,4,3,4,6,1,0,0,1,0,0,1,0,638052.8262,5365029.8947,10.866039906,48.423280998,2,#fc8d62,car
150455,9,1,62,0,2016,12,15,6,3,1,7,0,0,0,1,0,0,0,0,693093.0507,5332698981.0,11.594564497,48.118245677,2,#fc8d62,car
150459,9,1,85,158,2016,11,13,4,3,5,7,0,0,1,1,0,0,0,0,667157.3246,5381176.1724,11.265610311,48.561376903,1,#66c2a5,bicycle
150461,9,1,62,0,2016,11,12,2,3,1,6,0,0,0,1,0,0,0,0,690174.5782,5332168.7602,11.555153679,48.114358323,2,#fc8d62,car
150465,9,1,62,0,2016,11,18,2,3,1,6,2,0,0,1,0,0,0,0,693006.7836,5335883.2213,11.594849036,48.146890974,2,#fc8d62,car
150466,9,7,61,0,2016,11,6,4,2,6,4,2,0,0,1,1,0,0,0,641604.9125,5361053537.0,10.912683879,48.386739032,2,#fc8d62,car
150467,9,1,62,0,2016,11,6,4,3,0,6,2,0,0,0,0,1,0,1,690630.7151,5339285.6183,11.564462565,48.178187891,4,#e78ac3,marker
150468,9,1,62,0,2016,12,9,6,3,5,7,0,0,1,1,0,0,0,0,689451.2862,5333494.7549,11.546034845,48.126492075,1,#66c2a5,bicycle
150469,9,1,62,0,2016,11,8,3,3,0,6,0,0,0,1,0,0,0,1,686549.0031,5338304.5464,11.509177969,48.17058115,2,#fc8d62,car
150471,9,2,61,0,2016,12,14,6,2,6,4,0,1,1,0,1,0,0,0,732890.5066,5380534.2231,12.154974139,48.534649236,1,#66c2a5,bicycle
150472,9,1,88,139,2016,11,13,4,2,6,4,0,0,0,1,1,0,0,0,674653512.0,5319201.2246,11.341509489,48.002232007,2,#fc8d62,car
150473,9,1,63,0,2016,12,12,5,3,6,4,0,0,0,1,1,0,0,0,733838.0072,5305579.9518,12.12650876,47.860960978,2,#fc8d62,car
150474,9,1,62,0,2016,11,18,2,3,1,6,2,0,0,1,0,0,0,1,696995.3659,5331694.4599,11.646477973,48.108022425,2,#fc8d62,car
150478,9,1,74,115,2016,12,13,5,3,5,3,0,1,0,1,0,0,0,1,680969.2294,5345203.6674,11.437140369,48.234208672,2,#fc8d62,car
150481,9,1,62,0,2016,12,17,3,3,1,5,2,0,1,1,0,0,0,0,691531.3182,5336230.2932,11.575189399,48.15045635,1,#66c2a5,bicycle
150482,9,1,62,0,2016,12,12,2,3,5,3,0,0,0,1,0,0,1,0,686406.9863,5339699.9371,11.507881657,48.183164981,2,#fc8d62,car
150483,9,7,61,0,2016,12,7,2,3,6,7,1,1,0,1,1,0,0,0,640829.8813,5357046604.0,10.900879579,48.350883625,2,#fc8d62,car
150499,9,7,72,200,2016,12,13,3,3,5,3,0,0,1,1,0,0,0,0,629484331.0,5337064636.0,10.741700806,48.173622028,1,#66c2a5,bicycle
150500,9,1,74,121,2016,12,16,6,3,1,1,2,1,0,1,0,0,0,1,689456.3826,5354775.4411,11.555612581,48.317759476,2,#fc8d62,car
150504,9,1,77,133,2016,12,21,5,3,0,7,2,1,0,1,1,0,0,0,706698.9505,5359554918.0,11.790270776,48.355307525,2,#fc8d62,car
150505,9,7,72,147,2016,12,7,5,3,5,3,1,2,1,1,0,0,0,0,638960178.0,5365610209.0,10.878489963,48.4282995,1,#66c2a5,bicycle
150511,9,7,61,0,2016,12,7,3,3,0,2,0,0,0,1,0,0,0,1,642170.8314,5360357.7594,10.920087989,48.380355629,2,#fc8d62,car
150512,9,1,62,0,2016,12,19,5,3,5,3,2,1,0,1,0,0,0,0,692911.3459,5338313.0912,11.594669009,48.16875888,2,#fc8d62,car
150514,9,1,73,126,2016,12,10,2,2,5,3,0,0,1,0,0,0,1,0,684572.5075,5305969.7024,11.468692106,47.880508729,1,#66c2a5,bicycle
150515,9,7,72,149,2016,12,13,4,3,6,6,0,0,0,1,1,0,0,0,636984.5002,5338389.4634,10.842960411,48.183962717,2,#fc8d62,car
150516,9,1,78,145,2016,12,12,5,3,5,3,0,0,1,1,0,0,0,0,697336.4706,5354674.5783,11.661744545,48.314443185,1,#66c2a5,bicycle
150517,9,7,61,0,2016,12,14,5,3,5,3,0,0,0,1,0,0,0,0,640246.3733,5358598.8725,10.893525398,48.364971016,2,#fc8d62,car
150519,9,1,75,135,2016,12,7,3,2,3,7,2,0,1,1,0,0,0,0,706855.3118,5338412.9979,11.782043105,48.165272484,1,#66c2a5,bicycle
150520,9,7,61,0,2016,12,15,2,3,5,2,0,0,1,1,0,0,0,0,639343.4876,5358750.3289,10.881392189,48.366532829,1,#66c2a5,bicycle
150521,9,1,83,119,2016,12,16,2,2,6,4,2,1,0,1,1,0,0,0,735660.9621,5339305.0676,12.169373558,48.163263603,2,#fc8d62,car
150522,9,7,61,0,2016,12,17,3,3,0,7,2,1,0,0,0,1,0,0,641168.4749,5358981.0328,10.906096207,48.368201717,4,#e78ac3,marker
150526,9,1,62,0,2016,12,11,5,3,2,6,0,0,0,1,0,0,0,0,685605.1016,5338994.5949,11.496795846,48.177059886,2,#fc8d62,car
150527,9,1,63,0,2016,12,15,2,3,5,3,0,0,1,1,0,0,0,0,732178.9253,5304591.4061,12.10382933,47.852681271,1,#66c2a5,bicycle
150529,9,7,61,0,2016,12,13,4,3,5,3,0,1,1,1,0,0,0,0,637156061.0,5360808.1901,10.852545523,48.385515996,1,#66c2a5,bicycle
150530,9,1,62,0,2016,12,21,4,3,2,6,2,1,0,1,0,0,0,0,687947043.0,5330743229.0,11.524627183,48.102206538,2,#fc8d62,car
150534,9,1,62,0,2016,12,17,2,3,6,4,2,0,0,1,1,0,0,0,695693.0701,5332850.5122,11.629532242,48.118813871,2,#fc8d62,car
150540,9,1,88,139,2016,12,15,2,3,1,7,0,0,1,1,0,0,0,0,675186.8902,5319106.8511,11.348615533,48.001237695,1,#66c2a5,bicycle
150541,9,1,73,147,2016,12,8,6,2,6,4,0,2,0,1,1,0,0,0,680852.6098,5309668.1826,11.420534194,47.914814113,2,#fc8d62,car
150543,9,1,62,0,2016,12,0,4,3,5,3,2,0,0,1,0,1,0,0,688016.7347,5331922.5058,11.526082085,48.112785629,2,#fc8d62,car
150546,9,7,77,152,2016,12,6,2,3,1,7,2,1,0,1,0,0,0,0,624905.83,5305853637.0,10.671040347,47.893849205,2,#fc8d62,car
150548,9,1,79,142,2016,12,20,2,3,5,3,2,2,0,1,0,0,0,0,673828.5741,5342408.0545,11.33991481,48.211075508,2,#fc8d62,car
150554,9,1,62,0,2016,12,18,5,3,5,3,2,0,0,1,0,0,0,0,692365.8361,5335350.5289,11.586000372,48.142297389,2,#fc8d62,car
150559,9,1,86,143,2016,12,12,6,3,0,1,0,1,0,0,0,1,0,0,684379559.0,5378619.1065,11.497683974,48.533566901,4,#e78ac3,marker
150561,9,1,81,130,2016,12,9,2,3,1,6,0,0,0,1,0,1,0,0,639418.3376,5323237.7191,10.870732584,48.047185833,2,#fc8d62,car
150566,9,1,62,0,2016,12,18,5,3,6,7,1,0,0,1,1,0,0,0,691345.8068,5334728.4089,11.572022843,48.137013423,2,#fc8d62,car
150567,9,1,88,121,2016,12,15,2,3,5,2,0,0,1,1,0,0,0,0,670816848.0,5330167.4338,11.294493666,48.101853689,1,#66c2a5,bicycle
150570,9,1,62,0,2016,12,17,4,3,2,6,2,1,0,1,0,0,0,0,689511.2368,5340118.3026,11.549789666,48.186006893,2,#fc8d62,car
150571,9,1,62,0,2016,12,11,1,3,5,7,0,0,0,1,0,0,0,0,693188.5691,5333693.0654,11.596297101,48.127151286,2,#fc8d62,car
150573,9,1,62,0,2016,12,8,4,3,0,1,0,0,1,0,0,0,0,0,690600.6922,5335768.7717,11.562483254,48.146587768,1,#66c2a5,bicycle
150574,9,7,61,0,2016,12,11,5,3,5,3,0,1,0,1,0,0,0,0,640347.4418,5355465.0674,10.893844378,48.33677028,2,#fc8d62,car
150578,9,1,84,131,2016,12,16,5,3,5,3,0,0,0,1,0,0,0,0,703809.8887,5339314.6754,11.741565725,48.174359093,2,#fc8d62,car
150580,9,1,62,0,2016,12,10,1,3,5,2,0,0,0,1,0,0,0,1,685994476.0,5334847487.0,11.500215638,48.139670358,2,#fc8d62,car
150584,9,1,62,0,2016,12,17,4,3,4,6,2,0,1,1,0,0,0,0,684892.0234,5337494.6193,11.48656049,48.163785327,1,#66c2a5,bicycle
150585,9,1,63,0,2016,12,7,4,3,3,6,0,1,1,0,0,0,0,0,733629.9908,5305783.2253,12.123841593,47.862862851,1,#66c2a5,bicycle
150589,9,1,62,0,2016,12,3,1,3,1,6,2,0,0,1,0,0,0,0,689846.8894,5334906463.0,11.55197494,48.139062719,2,#fc8d62,car
150591,9,1,87,117,2016,12,15,4,3,0,1,0,2,1,0,0,0,0,0,725089.6583,5305748.3014,12.009797548,47.865597644,1,#66c2a5,bicycle
150593,9,1,62,0,2016,12,21,2,3,5,3,2,1,1,1,0,0,0,0,691884.6318,5333237.1841,11.57858648,48.123448263,1,#66c2a5,bicycle
150594,9,7,61,0,2016,12,11,2,3,2,6,0,0,0,1,0,0,0,0,637503.7095,5360776.2267,10.857228134,48.385152898,2,#fc8d62,car
150595,9,7,71,146,2016,12,2,1,3,5,3,2,1,0,1,0,0,0,0,647616.8051,5348179.5048,10.989328834,48.269607375,2,#fc8d62,car
150600,9,1,62,0,2016,12,12,4,3,6,2,0,0,0,1,1,0,0,0,684430.8107,5333632.6539,11.478690749,48.129205929,2,#fc8d62,car
150601,9,1,88,141,2016,12,5,4,3,9,1,2,2,0,1,0,0,0,0,669235.9714,5306518.5016,11.263951252,47.889668549,2,#fc8d62,car
150603,9,7,71,146,2016,12,11,2,3,1,2,0,0,0,1,0,0,0,0,647365.2224,5346748.0119,10.985441822,48.256794888,2,#fc8d62,car
150605,9,7,72,202,2016,12,13,1,3,1,1,0,0,0,1,0,0,0,0,637000.7504,5358423.1461,10.849671668,48.364103665,2,#fc8d62,car
150609,9,1,79,142,2016,12,16,4,3,6,4,1,1,0,1,1,0,0,0,673365.2857,5342279.9382,11.333631484,48.210050537,2,#fc8d62,car
150611,9,1,81,130,2016,12,12,6,3,0,7,0,0,1,0,0,0,0,0,639074326.0,5322377.4414,10.865839643,48.039524971,1,#66c2a5,bicycle
150615,9,7,72,147,2016,12,18,5,3,5,3,2,1,0,1,0,0,0,0,638254209.0,5363423.9222,10.868231131,48.408796341,2,#fc8d62,car
150616,9,1,81,146,2016,12,9,4,2,4,1,0,2,0,1,0,0,0,0,653858894.0,5323551.2662,11.064486256,48.046687676,2,#fc8d62,car
150618,9,1,78,145,2016,12,13,4,3,5,3,0,0,0,1,0,0,0,1,697288.5425,5355138.9874,11.66131601,48.31863177,2,#fc8d62,car
150621,9,1,62,0,2016,12,14,3,2,6,4,0,1,0,1,1,0,0,0,694049.3202,5336358.1672,11.609066725,48.150842451,2,#fc8d62,car
150623,9,1,62,0,2016,12,17,5,3,2,6,2,0,0,1,0,0,0,0,693751.0696,5334650.0146,11.604283705,48.135581085,2,#fc8d62,car
150627,9,1,62,0,2016,12,14,4,3,1,5,0,0,1,1,0,0,0,0,686341.3939,5339349.9926,11.506846604,48.180038823,1,#66c2a5,bicycle
150628,9,7,61,0,2016,12,22,5,3,5,3,2,1,0,1,0,0,0,0,638652666.0,5355545038.0,10.871014196,48.337863533,2,#fc8d62,car
150629,9,1,62,0,2016,12,12,3,3,6,4,0,0,0,1,1,0,0,0,692280.3617,5338376.6469,11.586219959,48.16952128,2,#fc8d62,car
150634,9,1,62,0,2016,12,14,5,3,4,2,0,0,1,1,0,0,0,0,688016.1761,5339628.7872,11.529478085,48.182051309,1,#66c2a5,bicycle
150638,9,1,62,0,2016,12,9,4,3,5,2,0,1,1,1,0,0,0,0,688011674.0,5339235.2028,11.529243442,48.178515055,1,#66c2a5,bicycle
150640,9,1,62,0,2016,12,9,3,3,5,3,0,1,0,1,0,0,0,0,691478.5477,5331035.8496,11.57214685,48.103785086,2,#fc8d62,car
150642,9,1,62,0,2016,12,7,2,3,4,6,0,1,1,1,0,0,0,0,690241.3509,5337409.2954,11.558390554,48.161440305,1,#66c2a5,bicycle
150643,9,7,61,0,2016,12,22,2,3,5,3,2,1,1,1,0,0,0,0,640627.6252,5358778.96,10.898730115,48.366505482,1,#66c2a5,bicycle
150648,9,1,62,0,2016,12,14,3,3,5,2,0,0,1,1,0,0,0,0,693299.4536,5333370.9946,11.597639646,48.12422294,1,#66c2a5,bicycle
150649,9,2,61,0,2016,12,16,3,3,4,1,1,1,1,1,0,0,0,0,732537945.0,5378821952.0,12.149250741,48.519399044,1,#66c2a5,bicycle
150650,9,2,74,113,2016,12,12,6,3,6,7,0,0,0,1,1,0,0,0,729451.8728,5382781.7192,12.109700693,48.556105104,2,#fc8d62,car
150652,9,1,62,0,2016,12,9,4,3,0,7,0,1,1,1,0,0,0,0,693905.4674,5335235.8478,11.6066235,48.140799324,1,#66c2a5,bicycle
150653,9,1,62,0,2016,12,8,3,3,2,6,0,0,0,1,0,0,0,0,686659.2253,5338225.44,11.510624308,48.169837761,2,#fc8d62,car
150658,9,1,63,0,2016,12,19,5,3,2,6,2,0,0,1,0,0,0,0,733029.1913,5304595.4162,12.115180732,47.852409622,2,#fc8d62,car
150659,9,1,84,130,2016,12,7,3,2,5,3,2,2,1,1,0,0,0,0,698553.9672,5344775.9721,11.673500509,48.225103949,1,#66c2a5,bicycle
150661,9,1,62,0,2016,12,17,5,3,6,4,2,0,0,1,1,0,0,0,679446.3332,5336803.9552,11.413100003,48.159137431,2,#fc8d62,car
150664,9,1,86,143,2016,12,19,6,3,5,3,2,0,0,1,0,0,0,0,683913.8147,5378141.1208,11.491170145,48.529407498,2,#fc8d62,car
150667,9,1,87,117,2016,12,13,5,3,0,7,0,0,0,0,0,0,0,1,724464567.0,5305193772.0,12.001163114,47.860833863,6,#ffd92f,circle
150672,9,1,62,0,2016,12,11,5,3,4,2,0,0,1,1,0,0,0,0,686411.77,5337530738.0,11.506994745,48.16366619,1,#66c2a5,bicycle
150676,9,1,62,0,2016,12,14,4,3,6,4,0,0,0,1,1,0,0,0,693271.8766,5335007.6175,11.59801182,48.138940825,2,#fc8d62,car
150678,9,1,62,0,2016,12,8,3,3,6,4,0,0,0,1,1,0,0,0,682820.8081,5341143.7356,11.460302046,48.197184771,2,#fc8d62,car
150680,9,1,62,0,2016,12,17,2,3,6,7,2,0,0,1,1,0,0,0,691583.4289,5336507.0569,11.576013887,48.152928166,2,#fc8d62,car
150682,9,1,62,0,2016,12,11,4,3,2,6,0,0,0,1,0,0,0,0,693714.2146,5332470.1123,11.602798103,48.116000015,2,#fc8d62,car
150683,9,7,61,0,2016,12,6,5,3,5,3,1,0,1,1,0,0,0,0,640990.9378,5361123.6631,10.904419118,48.387507116,1,#66c2a5,bicycle
150684,9,1,62,0,2016,12,16,3,3,5,2,1,0,1,1,0,0,0,0,693596.5095,5333366.0161,11.601625083,48.124087934,1,#66c2a5,bicycle
150686,9,1,62,0,2016,12,8,3,3,3,2,0,0,1,0,0,0,0,1,690454.0783,5340243.2248,11.562518052,48.186847721,1,#66c2a5,bicycle
150688,9,1,62,0,2016,12,21,5,3,5,2,2,0,1,1,0,0,0,0,690291.2999,5336164.0259,11.558504698,48.150232926,1,#66c2a5,bicycle
150692,9,1,62,0,2016,12,10,4,3,5,7,0,1,0,0,0,1,1,0,687288.9838,5332472.2081,11.516555667,48.117940949,4,#e78ac3,marker
150693,9,1,62,0,2016,12,12,3,3,3,2,0,0,1,1,0,0,0,0,687947125.0,5341561.4331,11.529405305,48.199442579,1,#66c2a5,bicycle
150695,9,1,62,0,2016,12,17,2,3,6,4,2,0,1,1,1,0,0,0,691946.5307,5333460249.0,11.579517866,48.125434482,1,#66c2a5,bicycle
150697,9,1,88,139,2016,12,12,5,3,0,1,0,2,0,0,0,1,0,0,673196.9583,5320078305.0,11.32235286,48.01051301,4,#e78ac3,marker
150698,9,7,61,0,2016,12,6,2,3,2,6,0,1,0,1,0,0,1,0,637730.7773,5359428.1334,10.859851644,48.372981515,2,#fc8d62,car
150701,9,1,81,114,2016,12,18,5,3,1,5,2,0,0,1,0,0,0,0,657129.6492,5312393.8623,11.10425825,47.945573512,2,#fc8d62,car
150706,9,1,84,141,2016,12,7,3,3,6,4,2,1,0,1,1,0,0,0,698875362.0,5316621.1288,11.664705636,47.971968866,2,#fc8d62,car
150708,9,7,72,184,2016,12,8,2,3,2,6,0,0,0,1,0,0,0,0,634973.1625,5362132.6542,10.823502731,48.397896463,2,#fc8d62,car
150711,9,1,74,141,2016,12,15,5,3,0,1,0,1,0,1,0,0,0,0,682213.8852,5355585.3281,11.458362473,48.327167535,2,#fc8d62,car
150712,9,1,62,0,2016,12,18,5,3,5,7,2,1,1,1,0,0,0,0,689651.2354,5332596725.0,11.548319686,48.118360971,1,#66c2a5,bicycle
150714,9,1,62,0,2016,12,2,3,3,9,1,2,0,0,1,0,0,0,0,701207993.0,5334666.11,11.704409061,48.13341194,2,#fc8d62,car
150716,9,1,62,0,2016,12,14,3,3,5,3,0,0,1,1,0,0,0,0,690135.2235,5334162.8113,11.55551489,48.132292678,1,#66c2a5,bicycle
150725,9,1,62,0,2016,12,17,5,3,2,6,2,0,1,1,0,0,0,0,690361.5692,5333501.4777,11.55825852,48.126280952,1,#66c2a5,bicycle
150727,9,1,79,123,2016,12,20,3,3,1,6,2,0,0,1,0,0,0,0,675882092.0,5332865.1433,11.363585826,48.124726201,2,#fc8d62,car
150728,9,1,84,112,2016,12,6,5,3,6,2,1,1,0,1,1,0,0,0,702960.9648,5338380737.0,11.729714034,48.166237736,2,#fc8d62,car
150730,9,1,62,0,2016,12,12,7,3,0,7,0,1,0,1,0,0,0,1,681909.5296,5337000.8553,11.446276858,48.160207408,2,#fc8d62,car
150733,9,7,61,0,2016,12,9,5,3,0,1,0,1,1,0,0,0,0,0,641119.2426,5351853889.0,10.9030445,48.304127704,1,#66c2a5,bicycle
150734,9,1,62,0,2016,12,12,3,3,4,2,0,0,0,1,0,0,0,1,690826.8566,5337643.4432,11.566361372,48.163369347,2,#fc8d62,car
150735,9,1,77,133,2016,12,7,3,3,3,6,1,0,0,1,0,0,0,1,706526687.0,5359016.0235,11.787683851,48.350521389,2,#fc8d62,car
150736,9,1,74,115,2016,12,8,5,3,0,2,0,1,1,1,0,0,0,0,681285.8235,5347750401.0,11.442490324,48.257009874,1,#66c2a5,bicycle
150737,9,1,62,0,2016,12,18,7,3,2,6,2,0,0,1,0,0,0,0,690897.6457,5340318.4125,11.568513727,48.187390358,2,#fc8d62,car
150739,9,7,78,203,2016,12,21,1,3,8,1,2,1,0,1,0,0,0,0,620517.8771,5321284.8985,10.616686975,48.033471985,2,#fc8d62,car
150740,9,1,75,123,2016,12,7,3,3,9,1,0,2,0,1,0,0,0,0,723533.5378,5337573.3532,12.005602885,48.152084196,2,#fc8d62,car
150746,9,1,62,0,2016,12,20,6,3,1,7,2,0,0,1,0,0,0,1,691465.3175,5337566452.0,11.574904165,48.162485412,2,#fc8d62,car
150747,9,1,63,0,2016,12,9,2,3,5,3,0,0,1,0,0,0,0,1,732474.3212,5305031.6395,12.108008829,47.856529636,1,#66c2a5,bicycle
150750,9,7,61,0,2016,12,12,3,3,1,6,0,0,0,1,0,0,0,0,641419775.0,5359255114.0,10.909579544,48.37060989,2,#fc8d62,car
150755,9,1,62,0,2016,12,9,6,2,6,7,0,0,1,0,1,0,0,0,691750.7862,5332736.0995,11.576564345,48.118984896,1,#66c2a5,bicycle
150756,9,1,81,130,2016,12,11,1,3,3,6,0,1,1,1,0,0,0,0,639779.8976,5324179.0676,10.875888865,48.055571623,1,#66c2a5,bicycle
150759,9,1,62,0,2016,12,1,6,2,6,4,2,0,0,1,1,0,0,0,692074.3944,5334359.7896,11.581639841,48.133480845,2,#fc8d62,car
150760,9,1,88,139,2016,12,8,2,3,6,7,1,1,0,1,1,0,0,0,674797.2277,5319495.2413,11.343554346,48.004835837,2,#fc8d62,car
150762,9,7,72,171,2016,12,16,2,3,5,3,1,0,1,1,0,0,0,0,637180.3035,5371825.6635,10.856479724,48.484577465,1,#66c2a5,bicycle
150763,9,1,79,119,2016,12,16,4,3,0,1,0,0,1,0,0,0,0,0,669557616.0,5338746967.0,11.281009078,48.179318676,1,#66c2a5,bicycle
150764,9,1,62,0,2016,12,4,7,3,0,7,2,0,1,0,0,0,0,0,692271.4182,5338130.2954,11.585988404,48.16730984,1,#66c2a5,bicycle
150766,9,1,62,0,2016,12,13,6,3,7,7,0,0,1,0,1,0,0,0,687947.0504,5338571201.0,11.528081366,48.17256603,1,#66c2a5,bicycle
150767,9,1,62,0,2016,12,18,1,3,4,1,2,1,0,1,0,0,0,0,688260.4543,5336767.3362,11.531494251,48.156259897,2,#fc8d62,car
150770,9,7,72,202,2016,12,7,2,3,5,3,2,1,0,1,0,0,0,0,636049.2382,5359881.3557,10.83730382,48.377421638,2,#fc8d62,car
150771,9,1,78,143,2016,12,6,2,3,5,3,2,1,1,1,0,0,0,0,717190.2878,5372256326.0,11.938279911,48.465905784,1,#66c2a5,bicycle
150773,9,7,61,0,2016,12,6,3,3,0,1,2,2,1,0,0,0,0,0,641458.9294,5360793.9646,10.910625807,48.384437824,1,#66c2a5,bicycle
150774,9,7,61,0,2016,12,8,2,3,5,3,0,1,1,1,0,0,0,0,637867.7924,5357457.9123,10.861055078,48.355235641,1,#66c2a5,bicycle
150775,9,1,62,0,2016,12,15,3,3,0,7,0,2,1,0,0,0,0,0,700430606.0,5331195.51,11.69234098,48.102466763,1,#66c2a5,bicycle
150776,9,1,62,0,2016,12,18,7,3,5,2,2,0,0,1,0,0,0,0,688481.8179,5334242.1668,11.533350006,48.133497724,2,#fc8d62,car
150778,9,1,62,0,2016,12,13,6,3,6,4,0,0,0,1,1,0,0,0,686189.7854,5334855.7967,11.502842105,48.139687928,2,#fc8d62,car
150779,9,1,62,0,2016,12,16,2,3,2,6,2,1,0,1,0,0,0,1,697925.3478,5330946.7917,11.658610844,48.10101462,2,#fc8d62,car
150781,9,7,61,0,2016,12,1,2,3,0,7,2,1,0,0,0,1,0,0,638149023.0,5360749163.0,10.865930527,48.384768548,4,#e78ac3,marker