OBJECTID,ULAND,UREGBEZ,UKREIS,UGEMEINDE,UJAHR,UMONAT,USTUNDE,UWOCHENTAG,UKATEGORIE,UART,UTYP1,ULICHTVERH,STRZUSTAND,IstRad,IstPKW,IstFuss,IstKrad,IstGkfz,IstSonstig,LINREFX,LINREFY,XGCSWGS84,YGCSWGS84,Teilnehmer,color,symbol
150785,9,1,62,0,2016,12,11,6,3,5,3,0,0,1,1,0,0,0,0,697492454.0,5332399.3482,11.653474895,48.114203591,1,#66c2a5,bicycle
150786,9,1,62,0,2016,12,16,7,3,5,3,2,0,1,1,0,0,0,0,690305.5573,5332748.7792,11.557170529,48.119532428,1,#66c2a5,bicycle
150788,9,7,61,0,2016,12,11,2,2,5,7,0,0,0,0,0,0,0,1,641816.1863,5360324513.0,10.915289899,48.38013651,6,#ffd92f,circle
150789,9,1,62,0,2016,12,16,3,3,6,4,0,0,0,1,1,0,0,0,691705.6213,5334653.8424,11.576820753,48.136234938,2,#fc8d62,car
150790,9,1,62,0,2016,12,12,7,3,5,3,0,0,1,1,0,0,0,0,691280.8807,5334477.3139,11.571038284,48.134776125,1,#66c2a5,bicycle
150791,9,1,62,0,2016,12,9,6,3,5,3,0,0,1,1,0,0,0,0,694803.4377,5334965.0083,11.618557768,48.138090855,1,#66c2a5,bicycle
150793,9,1,84,147,2016,12,10,2,3,0,3,0,1,1,1,0,0,0,0,695674.2156,5339563.5447,11.632364946,48.17915276,1,#66c2a5,bicycle
150795,9,7,61,0,2016,12,11,2,3,6,4,0,0,0,1,1,0,0,0,641767.5309,5360151.4557,10.914574796,48.378591389,2,#fc8d62,car
150796,9,1,62,0,2016,12,14,7,3,5,2,0,0,1,1,0,0,0,0,698715.9026,5332874.4868,11.670115893,48.118093218,1,#66c2a5,bicycle
150799,9,1,62,0,2016,12,15,6,3,0,1,0,0,1,0,0,0,0,0,693641283.0,5332503.8001,11.601834519,48.116324971,1,#66c2a5,bicycle
150800,9,1,85,158,2016,12,16,2,3,5,3,2,0,1,1,0,0,0,0,667184854.0,5381423.7272,11.26608259,48.563594897,1,#66c2a5,bicycle
150802,9,7,72,131,2016,12,7,3,3,9,1,0,2,0,1,0,0,0,0,619901017.0,5357516.9438,10.618649468,48.359433985,2,#fc8d62,car
150805,9,1,62,0,2016,12,15,6,3,0,1,0,0,1,0,0,0,0,0,690148232.0,5335276.3207,11.556186633,48.142297024,1,#66c2a5,bicycle
150807,9,7,72,125,2016,12,17,3,2,6,4,2,0,0,1,1,0,0,0,636454.7683,5347348.1917,10.838721355,48.264635433,2,#fc8d62,car
150809,9,7,61,0,2016,12,13,2,2,9,7,0,0,0,1,0,0,0,0,635440899.0,5355165.0783,10.827574836,48.335143559,2,#fc8d62,car
150811,9,1,62,0,2016,12,16,7,3,5,1,0,0,1,1,0,0,0,0,690822.1196,5334963.2963,11.565096129,48.139281827,1,#66c2a5,bicycle
150814,9,1,62,0,2016,12,9,6,3,5,2,0,0,0,1,0,0,0,0,689987.4122,5334917.8269,11.553867011,48.139122917,2,#fc8d62,car
150815,9,1,79,142,2016,12,11,2,2,0,6,0,0,1,1,0,0,0,0,672901685.0,5341956331.0,11.327264532,48.207267951,1,#66c2a5,bicycle
150819,9,7,61,0,2016,12,15,2,3,5,3,0,1,1,1,0,0,0,0,641535.2614,5359508417.0,10.911223308,48.372861599,1,#66c2a5,bicycle
150820,9,1,62,0,2016,12,19,3,3,2,6,2,1,0,1,0,0,0,0,686293.8012,5333274.6964,11.503547602,48.125445957,2,#fc8d62,car
150821,9,1,62,0,2016,12,14,7,3,0,7,0,0,0,1,0,0,0,0,687039868.0,5328717.3767,11.511566132,48.084264362,2,#fc8d62,car
150826,9,1,62,0,2016,12,9,7,2,6,2,0,0,0,1,1,0,0,0,683358.8425,5340333.0832,11.46718562,48.18974307,2,#fc8d62,car
150828,9,1,62,0,2016,12,19,6,3,1,5,2,0,1,1,0,0,0,0,691681.7544,5337311643.0,11.577697026,48.160130021,1,#66c2a5,bicycle
150829,9,1,62,0,2016,12,20,1,3,5,2,2,1,0,1,0,0,0,1,684603.3541,5335023.9366,11.481610344,48.141661495,2,#fc8d62,car
150830,9,1,62,0,2016,12,9,2,3,5,3,0,1,0,1,0,0,0,0,688272.0653,5330418.1614,11.528845293,48.099188787,2,#fc8d62,car
150832,9,1,62,0,2016,12,9,3,3,6,4,0,0,0,1,1,0,0,0,688966.5662,5330508.3623,11.538204198,48.099793951,2,#fc8d62,car
150833,9,1,62,0,2016,12,13,7,3,6,4,0,0,0,1,1,0,0,0,684741.5397,5329834.9498,11.481217888,48.094979933,2,#fc8d62,car
150836,9,1,62,0,2016,12,17,2,2,6,4,2,0,0,0,1,0,1,0,694902.5726,5335034.3602,11.619920635,48.138683804,3,#8da0cb,toilet
150839,9,1,62,0,2016,12,14,1,3,3,6,0,1,0,1,0,1,0,0,689660.0639,5334605.9588,11.549332352,48.136417483,2,#fc8d62,car
150840,9,1,62,0,2016,12,14,2,3,5,3,0,0,1,1,0,0,0,0,683270.4558,5337552031.0,11.464798254,48.164770898,1,#66c2a5,bicycle
150845,9,1,62,0,2016,12,15,7,3,2,6,0,0,0,1,0,0,0,0,697512.8225,5333613584.0,11.654310747,48.125110019,2,#fc8d62,car
150849,9,7,61,0,2016,12,16,3,3,0,7,1,0,1,1,0,0,0,0,638779.2702,5358417.9698,10.873668809,48.363668628,1,#66c2a5,bicycle
150850,9,1,62,0,2016,12,11,2,2,6,4,0,1,0,1,1,0,0,0,689638955.0,5331898277.0,11.547844259,48.112086909,2,#fc8d62,car
150853,9,1,62,0,2016,12,8,7,3,3,6,0,0,0,1,0,0,0,0,694593.4865,5336056.2362,11.61623732,48.147962583,2,#fc8d62,car
150856,9,7,72,147,2016,12,8,6,3,5,3,0,0,0,1,0,0,0,0,638589.4731,5365786.2009,10.873539686,48.429963645,2,#fc8d62,car
150858,9,1,62,0,2016,12,8,7,3,3,2,0,0,1,1,0,0,0,0,691009.93,5335895563.0,11.568036311,48.147604613,1,#66c2a5,bicycle
150861,9,7,71,130,2016,12,22,6,3,5,3,2,0,0,1,0,0,0,0,645645.3492,5357475.6372,10.965986648,48.35364907,2,#fc8d62,car
150865,9,7,61,0,2016,12,7,3,3,0,1,1,2,0,0,0,1,0,0,638361466.0,5359292.5328,10.868318847,48.371624255,4,#e78ac3,marker
150867,9,1,85,158,2016,12,11,3,3,5,1,0,0,1,0,0,0,0,1,667986.9541,5381420385.0,11.276944264,48.563350439,1,#66c2a5,bicycle
150869,9,2,61,0,2016,12,12,4,3,0,1,0,0,1,0,0,0,0,0,732306.9241,5382281.92,12.148055152,48.550564608,1,#66c2a5,bicycle
150870,9,1,62,0,2016,12,12,7,3,4,6,1,0,1,0,0,0,0,0,690848.5543,5334846.9139,11.565398954,48.138227861,1,#66c2a5,bicycle
150873,9,7,61,0,2016,12,12,6,3,5,3,0,0,1,0,0,0,1,0,639146.8066,5359224.5217,10.878895018,48.370840048,1,#66c2a5,bicycle
150874,9,1,74,126,2016,12,7,2,3,5,3,0,1,0,1,0,1,0,0,682178194.0,5344200968.0,11.452975211,48.224849708,2,#fc8d62,car
150879,9,1,79,145,2016,12,16,4,3,6,7,2,0,0,1,1,0,0,0,675661.9976,5338095.1569,11.362788953,48.17180114,2,#fc8d62,car
150880,9,1,62,0,2016,12,13,7,3,6,4,0,0,0,0,1,1,0,0,691215.4943,5334397.4969,11.570124506,48.134078385,3,#8da0cb,toilet
150882,9,7,61,0,2016,12,6,6,3,4,2,2,1,0,1,0,1,0,0,637441375.0,5360783275.0,10.856388963,48.385229861,2,#fc8d62,car
150883,9,1,62,0,2016,12,18,1,3,1,1,2,1,0,1,0,1,0,0,687051.3808,5336307.8032,11.515050436,48.152486276,2,#fc8d62,car
150884,9,1,62,0,2016,12,7,2,3,6,4,1,1,0,1,1,0,0,0,690143.1475,5335230.8122,11.556098032,48.141889513,2,#fc8d62,car
150888,9,1,62,0,2016,12,7,3,3,6,4,1,0,0,1,1,0,0,0,682478.6987,5340834989.0,11.455569824,48.19450797,2,#fc8d62,car
150892,9,1,62,0,2016,12,18,3,2,6,4,2,0,0,1,1,0,0,0,690983.0118,5342275.4527,11.57054142,48.204954218,2,#fc8d62,car
150895,9,7,61,0,2016,12,5,6,3,0,2,2,1,0,1,0,1,0,0,644067.7022,5356872.0079,10.944497093,48.348583462,2,#fc8d62,car
150896,9,1,62,0,2016,12,16,2,3,6,2,1,1,0,1,1,0,0,0,691656.7288,5338370.5204,11.577837999,48.169654557,2,#fc8d62,car
150897,9,1,81,127,2016,12,17,3,3,8,1,2,0,0,1,0,0,0,0,635362.4736,5324864.5755,10.816854032,48.062688506,2,#fc8d62,car
150900,9,7,61,0,2016,12,11,6,3,4,2,0,0,0,1,0,1,0,0,640785.1034,5359241.5752,10.901010009,48.370630052,2,#fc8d62,car
150904,9,7,61,0,2016,12,1,6,2,6,4,2,1,0,1,1,0,0,1,639634.9482,5359538.3111,10.885586881,48.373553742,2,#fc8d62,car
150908,9,1,79,145,2016,12,17,3,2,6,4,2,0,0,1,1,0,0,0,674792.8676,5338366.2848,11.351220208,48.17447802,2,#fc8d62,car
150916,9,7,61,0,2016,12,12,3,3,1,6,0,0,0,1,0,1,0,0,642959.8173,5357949498.0,10.929918679,48.358523474,2,#fc8d62,car
150919,9,1,73,126,2016,12,20,4,2,6,2,2,1,0,1,1,0,0,0,685612.1085,5303606.5722,11.481568607,47.858967007,2,#fc8d62,car
150920,9,7,71,142,2016,12,19,7,2,1,7,2,0,0,1,0,0,1,0,645596.5063,5351183.5313,10.963154552,48.297085604,2,#fc8d62,car
150922,9,7,61,0,2016,12,16,3,3,2,6,1,0,0,1,0,0,0,0,639728.0189,5357089.7555,10.886029704,48.351516378,2,#fc8d62,car
150923,9,1,79,123,2016,12,21,3,3,0,7,2,1,1,0,0,0,0,0,676006118.0,5333405838.0,11.365474379,48.129552396,1,#66c2a5,bicycle
150926,9,7,72,125,2016,12,15,7,3,0,1,0,0,1,0,0,0,0,0,636522.5837,5347299869.0,10.839619077,48.264186297,1,#66c2a5,bicycle
150930,9,1,79,142,2016,12,16,2,3,1,6,2,1,0,1,0,0,0,0,672695.2154,5342379348.0,11.324660006,48.211126844,2,#fc8d62,car
150931,9,2,61,0,2016,12,16,3,3,2,6,1,1,0,1,0,0,0,0,732913.0658,5381878.8473,12.156030797,48.546719192,2,#fc8d62,car
150933,9,1,78,124,2016,12,16,4,3,6,4,1,0,0,1,1,0,0,0,702802.1851,5364696.6765,11.740211177,48.402776241,2,#fc8d62,car
150934,9,7,61,0,2016,12,17,7,3,1,6,2,1,0,1,0,1,0,0,639094.3335,5362773.9109,10.879361984,48.402766787,2,#fc8d62,car
150937,9,1,62,0,2016,12,18,1,3,7,3,2,1,0,1,0,0,0,0,696636.6575,5333200.1385,11.642358549,48.121665433,2,#fc8d62,car
150938,9,2,61,0,2016,12,16,7,3,2,6,1,2,0,1,0,0,0,0,732209.1551,5379343.2604,12.145095133,48.524203509,2,#fc8d62,car
150940,9,1,62,0,2016,12,12,1,3,0,7,0,0,1,0,1,0,0,0,690676.7893,5335622.0985,11.563439572,48.145246674,1,#66c2a5,bicycle
150944,9,1,62,0,2016,12,9,3,3,6,7,0,0,0,1,1,0,0,0,694099.4775,5333838.4196,11.608592042,48.128180593,2,#fc8d62,car
150945,9,7,61,0,2016,12,15,7,3,8,1,0,0,0,1,0,0,0,0,642623.3166,5358724.6904,10.925641482,48.365569742,2,#fc8d62,car
150949,9,1,88,121,2016,12,16,3,3,5,7,0,0,1,1,0,0,0,0,670282.4106,5329598.7522,11.287093899,48.096884389,1,#66c2a5,bicycle
150951,9,7,71,113,2016,12,10,7,3,2,2,0,1,0,1,0,0,0,0,657139.9489,5369050.5128,11.125372397,48.454955977,2,#fc8d62,car
150954,9,1,79,121,2016,12,16,3,3,2,6,0,0,0,1,0,0,0,0,668173.9003,5340414.7098,11.263069773,48.194679214,2,#fc8d62,car
150958,9,1,62,0,2016,12,7,3,3,6,4,1,0,0,1,1,0,0,0,687525.1083,5338112.2452,11.522209098,48.168565482,2,#fc8d62,car
150963,9,1,74,115,2016,12,17,3,2,0,5,2,1,1,0,0,0,0,1,681169.5802,5346242.2521,11.440280193,48.243486938,1,#66c2a5,bicycle
150974,9,1,73,126,2016,12,7,2,3,2,6,0,1,0,1,0,0,0,1,685155.5638,5304432.43,11.475824343,47.866522355,2,#fc8d62,car
150978,9,7,61,0,2016,12,8,3,3,6,7,0,0,0,1,1,0,0,0,642154.7216,5358817.7323,10.919349848,48.366512037,2,#fc8d62,car
150979,9,1,78,145,2016,12,11,3,3,5,3,0,0,1,1,0,0,0,0,697537.7855,5355242.0846,11.664722674,48.319480489,1,#66c2a5,bicycle
150981,9,2,61,0,2016,12,17,4,3,0,1,2,1,1,0,0,0,0,0,730820.0177,5382649.3125,12.128140692,48.554413713,1,#66c2a5,bicycle
150984,9,1,79,126,2016,12,11,7,3,6,2,0,1,0,1,1,0,0,0,676455807.0,5340291652.0,11.374368977,48.191325916,2,#fc8d62,car
150986,9,1,81,130,2016,12,7,2,3,5,6,1,1,0,1,0,0,0,0,640310.9852,5323569.7359,10.882812417,48.049975806,2,#fc8d62,car
150987,9,1,90,157,2016,12,6,3,2,0,7,2,2,1,0,0,0,0,0,660630.0165,5301650.8584,11.14710193,47.848114846,1,#66c2a5,bicycle
150990,9,1,62,0,2016,12,9,3,3,4,7,0,0,1,0,0,0,0,0,690621.9762,5336043.0526,11.562891922,48.149046612,1,#66c2a5,bicycle
150995,9,1,74,115,2016,12,9,7,3,0,1,0,1,0,1,0,0,0,0,679526.4524,5350081369.0,11.419797608,48.278463212,2,#fc8d62,car
150997,9,1,62,0,2016,12,17,1,3,5,6,2,1,0,1,0,0,0,1,692266.6101,5338373.2209,11.586033643,48.169494648,2,#fc8d62,car
151000,9,1,62,0,2016,12,8,3,2,6,7,0,0,1,0,1,0,0,0,691547.6945,5332850.9508,11.573889848,48.120078294,1,#66c2a5,bicycle
151004,9,1,78,124,2016,12,13,7,3,0,1,0,0,0,1,0,0,0,0,702402.3199,5364393.8544,11.73466873,48.40018348,2,#fc8d62,car
151008,9,1,77,114,2016,12,8,3,3,0,1,0,0,0,1,0,0,0,0,722503.5904,5343070.5836,11.994651504,48.201835815,2,#fc8d62,car
151017,9,7,72,131,2016,12,17,2,3,5,3,2,1,0,1,0,0,0,1,616143.4479,5357594.3781,10.567964179,48.360832826,2,#fc8d62,car
151018,9,1,74,126,2016,12,12,2,3,0,1,0,0,1,0,0,0,0,0,682966.5263,5343222.6568,11.463157558,48.215829273,1,#66c2a5,bicycle
151020,9,1,62,0,2016,12,17,5,3,2,6,2,0,0,1,0,0,0,0,700071.0083,5335198.2647,11.689394446,48.138552865,2,#fc8d62,car
151021,9,1,62,0,2016,12,6,5,3,2,2,2,1,0,1,0,0,0,0,688620431.0,5331723.88,11.534096945,48.11082184,2,#fc8d62,car
151022,9,1,62,0,2016,12,13,4,3,5,3,0,0,0,1,0,0,0,1,691908.9638,5331957.6869,11.578337263,48.111940962,2,#fc8d62,car
151024,9,1,62,0,2016,12,22,2,3,0,7,2,1,0,1,1,0,0,0,691560.0215,5333641.1418,11.574410419,48.127176745,2,#fc8d62,car
151027,9,1,78,130,2016,12,8,2,3,5,3,0,0,0,1,0,0,0,0,702456993.0,5356965667.0,11.731831508,48.333413567,2,#fc8d62,car
151030,9,1,62,0,2016,12,8,5,3,5,3,0,0,0,1,0,0,0,0,691917.5619,5338099.4958,11.581220267,48.167139948,2,#fc8d62,car
151031,9,1,62,0,2016,12,9,4,3,2,6,0,2,0,1,0,0,0,0,693988.8745,5331232.0683,11.605921547,48.104789247,2,#fc8d62,car
151033,9,1,62,0,2016,12,16,5,3,5,3,2,0,1,1,0,0,0,0,692785.3391,5335264.8868,11.59159506,48.141400688,1,#66c2a5,bicycle
151037,9,1,62,0,2016,12,16,2,3,5,3,1,0,1,1,0,0,0,0,688863.3961,5336244.0423,11.539361384,48.151377702,1,#66c2a5,bicycle
151038,9,1,62,0,2016,12,17,1,3,5,3,2,0,0,1,0,0,0,0,692208.2251,5337056.7798,11.584654291,48.157680445,2,#fc8d62,car
151045,9,7,72,151,2016,12,18,2,3,2,3,2,0,0,1,0,0,0,0,631647.0089,5343064.8662,10.772637934,48.227135136,2,#fc8d62,car
151046,9,1,62,0,2016,12,18,1,3,4,2,2,1,0,1,0,0,0,0,697925.8644,5330959.4094,11.658623627,48.101127859,2,#fc8d62,car
151049,9,1,62,0,2016,12,13,1,3,5,3,0,1,1,1,0,0,0,0,683996.8952,5339477.2542,11.475391961,48.181865956,1,#66c2a5,bicycle
151053,9,7,78,116,2016,12,14,4,3,5,2,0,0,1,1,0,0,0,0,619319.5771,5318438.0198,10.599826321,48.008093218,1,#66c2a5,bicycle
151055,9,7,72,184,2016,12,17,2,2,5,2,2,1,0,1,0,0,0,0,636155.6503,5363080.6992,10.839777246,48.406166957,2,#fc8d62,car
151056,9,1,62,0,2016,12,21,1,3,8,1,2,1,0,1,0,0,0,0,688046955.0,5339655.3544,11.529903508,48.18228099,2,#fc8d62,car
151064,9,1,62,0,2016,12,17,1,3,0,7,2,1,1,0,0,0,0,0,687133.5195,5336463.9527,11.516222412,48.153865626,1,#66c2a5,bicycle
151067,9,7,61,0,2016,12,11,4,3,5,3,0,0,0,1,0,0,1,0,636965.2133,5360749528.0,10.849950048,48.385029982,2,#fc8d62,car
151070,9,7,72,147,2016,12,19,2,3,5,3,2,0,0,1,0,0,0,0,637538.1665,5366433.9273,10.859547864,48.436018311,2,#fc8d62,car
151071,9,1,62,0,2016,12,18,1,3,6,4,2,2,0,1,1,0,0,0,688155767.0,5333829077.0,11.528789625,48.129881264,2,#fc8d62,car
151073,9,7,72,177,2016,12,14,5,2,6,4,0,0,0,1,1,0,0,0,636726.9396,5378152.7296,10.852421003,48.541567182,2,#fc8d62,car
151074,9,7,72,163,2016,12,11,5,3,2,1,0,1,0,1,0,0,0,0,640448.2375,5349311.6717,10.8931554,48.281417911,2,#fc8d62,car
151075,9,7,61,0,2016,12,14,4,3,3,2,0,0,1,1,0,0,0,0,643591.3378,5357487.5307,10.938281346,48.354226402,1,#66c2a5,bicycle
151077,9,1,62,0,2016,12,14,2,3,5,3,0,0,0,1,0,0,0,1,688390.1636,5336522.0828,11.533128076,48.154017113,2,#fc8d62,car
151080,9,1,62,0,2016,12,8,2,3,6,4,0,1,0,1,1,0,0,0,688401.1156,5338191.0746,11.534014378,48.169014978,2,#fc8d62,car
151081,9,7,71,169,2016,12,20,4,3,8,1,2,1,0,1,0,0,0,0,642088.2848,5377588.9255,10.924824079,48.535306531,2,#fc8d62,car
151084,9,7,61,0,2016,12,13,2,3,5,3,0,0,0,1,0,1,0,0,641895.8155,5360654.4514,10.916476102,48.383085263,2,#fc8d62,car
151085,9,1,62,0,2016,12,17,1,3,5,3,2,1,1,1,0,0,0,0,689702.2081,5334565.1701,11.549880091,48.136038311,1,#66c2a5,bicycle
151088,9,7,72,163,2016,12,8,5,2,5,3,0,1,1,1,0,0,0,0,640109.5929,5347259.1486,10.887913033,48.263036933,1,#66c2a5,bicycle
151089,9,7,72,163,2016,12,7,5,3,5,3,0,1,1,1,0,0,0,0,640016.8405,5347351.8297,10.886694621,48.263890818,1,#66c2a5,bicycle
151092,9,1,62,0,2016,12,7,2,3,8,7,0,1,0,1,0,0,0,0,692581201.0,5338032.1652,11.590106031,48.166334102,2,#fc8d62,car
151097,9,7,61,0,2016,12,20,5,3,0,7,2,0,1,0,0,0,0,0,640336.6704,5357921.6399,10.894517935,48.35886148,1,#66c2a5,bicycle
151107,9,1,73,130,2016,12,15,5,3,8,1,0,1,0,0,0,1,0,0,680017223.0,5312136.6977,11.410394994,47.937239468,4,#e78ac3,marker
151112,9,7,61,0,2016,12,11,2,3,5,3,0,0,0,1,0,0,0,0,641603.8063,5361059.2051,10.912670856,48.386790245,2,#fc8d62,car
151121,9,1,62,0,2016,12,16,2,3,6,6,0,0,1,0,1,0,0,0,692201.8513,5340950.8344,11.586329416,48.192681126,1,#66c2a5,bicycle
151138,9,1,75,133,2016,12,23,7,3,2,7,2,1,0,1,0,0,0,0,708999.9218,5341894.7439,11.812562896,48.195858281,2,#fc8d62,car
151139,9,1,62,0,2016,12,9,2,3,0,7,0,0,1,0,0,0,0,0,686105.8479,5334855.5953,11.501714809,48.139710674,1,#66c2a5,bicycle
151140,9,1,62,0,2016,12,15,6,3,4,2,0,0,0,1,0,0,0,0,688316.7858,5338278.7827,11.532920129,48.169828298,2,#fc8d62,car
151142,9,1,73,147,2016,12,7,3,3,5,3,1,0,1,0,0,1,0,0,681779.0059,5309168.7834,11.432711019,47.91006299,1,#66c2a5,bicycle
151150,9,1,62,0,2016,12,12,6,3,3,6,0,0,0,1,0,0,0,0,686215905.0,5334648.4029,11.503102191,48.137816152,2,#fc8d62,car
151151,9,1,62,0,2016,12,12,6,3,5,3,0,0,1,0,0,0,0,1,689901379.0,5336638578.0,11.553479284,48.154614733,1,#66c2a5,bicycle
151152,9,1,62,0,2016,12,20,2,3,0,1,2,0,1,0,0,0,0,0,685765.8867,5334644.7059,11.497057428,48.137914454,1,#66c2a5,bicycle
151155,9,1,63,0,2016,12,11,5,3,0,1,0,1,1,0,0,0,0,0,733650.0392,5304072.4241,12.123185225,47.847485673,1,#66c2a5,bicycle
151159,9,1,62,0,2016,12,20,6,3,5,3,2,0,0,1,0,0,0,0,694726701.0,5332188936.0,11.616259101,48.113164129,2,#fc8d62,car
151161,9,1,74,131,2016,12,22,1,3,9,1,2,1,0,1,0,0,0,0,676027.1489,5358136.7721,11.376035355,48.351855345,2,#fc8d62,car
151163,9,1,74,126,2016,12,20,1,3,9,1,2,1,0,1,0,0,0,0,682191.4108,5344156.1916,11.453133758,48.224443436,2,#fc8d62,car
151164,9,1,87,117,2016,12,7,5,3,0,1,0,2,1,0,0,0,0,0,724192.0734,5305193.2305,11.997524666,47.860924124,1,#66c2a5,bicycle
151166,9,1,87,117,2016,12,12,3,3,5,3,0,0,1,1,0,0,0,0,725280.4769,5305376.0544,12.012151493,47.862186143,1,#66c2a5,bicycle
151167,9,1,62,0,2016,12,12,7,3,5,3,0,0,1,1,0,0,0,0,692666.2022,5332564.4128,11.588774268,48.117165494,1,#66c2a5,bicycle
151168,9,1,87,117,2016,12,15,5,3,1,5,0,0,1,1,0,0,0,0,724364.0255,5304760.5888,11.999596026,47.856976796,1,#66c2a5,bicycle
151169,9,2,61,0,2016,12,13,6,3,5,3,0,0,0,0,0,1,0,1,730791161.0,5380752134.0,12.126699214,48.537382139,4,#e78ac3,marker
151174,9,1,62,0,2016,12,18,7,3,3,6,2,0,0,1,0,0,0,0,690940.3206,5335094.7228,11.566742297,48.140427622,2,#fc8d62,car
151178,9,2,74,126,2016,12,18,6,3,5,3,2,1,0,1,0,1,0,0,732983.3186,5384230.3643,12.158297124,48.567815927,2,#fc8d62,car
151179,9,1,62,0,2016,12,11,6,3,5,5,0,0,0,1,0,0,0,0,691602.5188,5337040.3698,11.576510431,48.157715745,2,#fc8d62,car
151180,9,1,84,145,2016,12,16,2,2,0,1,0,1,1,0,0,0,0,0,695726.6497,5324471.9103,11.626144745,48.043500162,1,#66c2a5,bicycle
151183,9,1,62,0,2016,12,16,6,3,5,3,2,1,1,1,0,0,0,0,692863.9552,5338449.7322,11.594094256,48.170001347,1,#66c2a5,bicycle
151186,9,1,62,0,2016,12,16,7,3,5,2,1,0,0,1,0,0,0,1,690250.7156,5337408.6157,11.558516058,48.161431394,2,#fc8d62,car
151192,9,1,62,0,2016,12,13,2,3,3,5,0,1,1,1,0,0,0,0,691587.0523,5338058.6148,11.576761286,48.166872212,1,#66c2a5,bicycle
151195,9,1,62,0,2016,12,14,7,3,0,7,0,0,0,1,1,0,0,0,691449.5686,5334587.2908,11.5733527,48.135713862,2,#fc8d62,car
151196,9,1,79,126,2016,12,7,5,3,2,6,0,0,0,1,0,0,0,0,677471.7114,5339268.9252,11.387599303,48.181849499,2,#fc8d62,car
151201,9,1,62,0,2016,12,21,7,3,4,2,2,0,0,1,0,0,0,0,691470.8139,5334339.6313,11.573526658,48.133481534,2,#fc8d62,car
151202,9,1,62,0,2016,12,9,4,3,5,3,0,0,1,0,0,0,1,0,683073.8924,5335672.3045,11.461348444,48.147931372,1,#66c2a5,bicycle
151207,9,7,72,131,2016,12,10,6,3,0,7,0,0,1,0,0,0,0,0,617948.1249,5355904.3543,10.591844436,48.345299587,1,#66c2a5,bicycle
151209,9,1,84,145,2016,12,20,7,3,5,3,2,1,0,1,0,1,0,0,694142.8236,5325292.4067,11.605288898,48.051358202,2,#fc8d62,car
151210,9,1,62,0,2016,12,13,4,3,6,2,0,0,0,1,1,0,0,0,696397.7432,5336068.3432,11.640473869,48.147516918,2,#fc8d62,car
151214,9,7,72,184,2016,12,13,6,3,5,3,0,0,1,1,0,0,0,0,634962.5447,5361877649.0,10.823277395,48.395605729,1,#66c2a5,bicycle
151217,9,7,72,217,2016,12,14,6,3,5,3,0,0,0,1,0,0,0,0,636741.2732,5379947.8081,10.85320458,48.557704709,2,#fc8d62,car
151219,9,1,83,119,2016,12,9,2,3,2,6,0,1,0,1,0,0,0,1,735994.6783,5339323.5109,12.173864756,48.163305518,2,#fc8d62,car
151220,9,1,86,143,2016,12,17,3,3,5,3,2,0,0,1,0,0,0,0,685259111.0,5380077.6488,11.510235368,48.546416825,2,#fc8d62,car
151221,9,1,62,0,2016,12,10,4,3,0,6,0,1,0,1,0,1,0,0,696314.6746,5330644.9713,11.636860684,48.098800299,2,#fc8d62,car
151222,9,1,81,131,2016,12,17,6,2,4,2,2,0,0,1,0,0,0,0,636327.6393,5333956.1225,10.832706652,48.144238018,2,#fc8d62,car
151224,9,7,61,0,2016,12,8,6,3,0,6,0,1,1,0,0,1,0,0,638043.7411,5358484742.0,10.863765769,48.364430306,1,#66c2a5,bicycle
151225,9,1,63,0,2016,12,7,2,3,3,2,2,1,1,1,0,0,0,0,732728.0184,5304870.6143,12.111308773,47.85499115,1,#66c2a5,bicycle
151227,9,1,62,0,2016,12,9,7,3,2,6,0,0,0,1,0,0,0,0,692306.1069,5330498.8256,11.583009855,48.098709128,2,#fc8d62,car
151229,9,1,81,130,2016,12,11,6,3,2,6,0,0,0,1,0,0,0,0,638820.1816,5323224.6151,10.862706607,48.047198372,2,#fc8d62,car
151233,9,1,62,0,2016,12,9,7,3,6,7,0,0,1,0,1,0,0,0,690851.1555,5334872.5277,11.56544536,48.138457297,1,#66c2a5,bicycle
151234,9,1,81,114,2016,12,15,3,3,1,6,0,0,0,1,0,0,0,0,656295.5156,5312389.9303,11.093093957,47.945742227,2,#fc8d62,car
151236,9,1,62,0,2016,12,11,4,3,5,3,0,0,0,1,0,0,0,0,690340.5971,5343131.4902,11.562287837,48.212841088,2,#fc8d62,car
151237,9,1,81,114,2016,12,9,6,2,0,1,0,1,0,0,0,1,0,0,656787.2459,5313634.0598,11.100127972,47.956808292,4,#e78ac3,marker
151239,9,7,61,0,2016,12,12,6,3,0,1,0,0,1,0,0,0,0,0,639216.0466,5359418.0473,10.879893515,48.372564913,1,#66c2a5,bicycle
151240,9,1,81,127,2016,12,19,2,3,8,1,2,0,0,1,0,0,0,0,635318.6919,5328788.0865,10.817509466,48.097980092,2,#fc8d62,car
151242,9,7,62,0,2016,12,13,7,3,5,3,0,0,0,1,0,0,0,0,622534.8871,5305926.3354,10.639355125,47.894960171,2,#fc8d62,car